OBJECTID,LAND,BEZ,LOR,STRASSE,UJAHR,UMONAT,USTUNDE,UWOCHENTAG,UKATEGORIE,UART,UTYP1,ULICHTVERH,IstRad,IstPKW,IstFuss,IstKrad,IstGkfz,IstSonstige,USTRZUSTAND,LINREFX,LINREFY,XGCSWGS84,YGCSWGS84
50340,11,7,7040401,Neu-Tempelhof,2019,11,21,7,3,1,5,2,0,1,0,0,0,0,0,797820,8737,5822905,175
50341,11,7,7040401,Neu-Tempelhof,2019,8,20,6,2,0,1,2,1,0,0,0,0,0,0,797793,8998,5823466,41
50342,11,7,7030303,Grazer Platz,2019,5,2,6,2,9,1,2,0,1,0,0,0,0,0,796186,6996,5822718,695
50343,11,3,3061131,Falkplatz,2019,10,17,2,3,2,6,1,0,1,0,0,0,1,0,799177,5455,5831060,621
50344,11,1,1033203,Humboldthain Nordwest,2019,9,6,5,3,5,2,0,1,1,0,0,0,0,0,796316,1864,5830076,215
50346,11,7,7020203,Kaiser-Wilhelm-Platz,2019,6,11,5,3,1,5,0,0,1,0,0,0,1,0,795933,7504,5824415,61
50347,11,6,6040701,Wannsee,2019,8,19,6,2,0,1,0,1,0,0,0,0,0,0,782617,4543,5815791,127
50348,11,9,9010101,Elsenstra�e,2019,5,8,6,3,0,2,0,0,1,0,0,0,1,0,802583,6044,5825070,236
50349,11,2,2050602,Samariterviertel,2019,6,9,2,3,5,2,0,1,1,0,0,0,0,0,802594,1864,5827701,306
50350,11,7,7050502,Fritz-Werner-Stra�e,2019,9,16,4,3,5,2,0,1,1,0,0,0,0,0,798181,752,5818924,81
50351,11,7,7030303,Grazer Platz,2019,12,7,3,3,2,6,0,0,1,0,0,0,0,1,795691,1645,5822605,382
50352,11,1,1033203,Humboldthain Nordwest,2019,6,16,5,3,5,2,0,0,1,0,0,0,0,1,796324,9932,5830068,247
50353,11,1,1044201,Reinickendorfer Stra�e,2019,8,20,6,3,2,6,0,0,1,0,0,0,0,0,796044,9898,5831371,579
50354,11,6,6030605,Botanischer Garten,2019,5,13,5,3,2,6,0,0,1,0,0,0,0,0,792399,7592,5819711,293
50355,11,3,3071639,B�tzowstra�e,2019,11,18,3,3,3,6,2,0,1,0,1,0,0,1,800574,2207,5829844,64
50356,11,3,3061332,Helmholtzplatz,2019,11,3,7,3,5,3,2,1,1,0,0,0,0,0,799297,9475,5830349,813
50357,11,7,7030303,Grazer Platz,2019,8,20,6,3,0,1,0,0,0,0,1,0,0,0,795311,7436,5822564,488
50358,11,7,7030303,Grazer Platz,2019,5,13,5,3,5,2,0,0,1,0,0,0,1,0,795639,552,5823234,884
50359,11,7,7050502,Fritz-Werner-Stra�e,2019,5,13,5,2,3,6,0,0,1,0,0,1,0,0,798085,3354,5819031,515
50360,11,7,7070701,Kettinger Stra�e/Schillerstra�e,2019,11,17,3,2,2,6,2,0,1,0,0,0,1,0,799182,5125,5816440,864
50361,11,6,6040703,Nikolassee,2019,6,14,4,3,2,6,0,0,1,0,0,0,0,0,785262,8671,5816291,817
50362,11,1,1011303,Alexanderplatzviertel,2019,12,1,1,2,0,1,2,0,0,0,0,0,1,0,799469,374,5828080,256
50363,11,2,2020203,Viktoriapark,2019,8,23,6,3,0,7,2,1,0,0,0,0,0,0,797753,6242,5824436,376
50364,11,6,6040703,Nikolassee,2019,5,16,5,2,2,6,0,0,1,0,0,0,1,0,786196,6066,5816802,99
50365,11,3,3040818,Pankow S�d,2019,10,17,3,2,5,3,0,1,1,0,0,0,0,0,800161,8722,5832359,312
50366,11,12,12103115,Breitkopfbecken,2019,9,13,4,3,2,6,0,0,1,0,0,0,0,0,795451,155,5833483,258
50368,11,7,7050502,Fritz-Werner-Stra�e,2019,8,12,6,3,0,7,0,0,1,0,0,0,0,0,798266,17,5818640,255
50369,11,3,3020209,Niedersch�nhausen,2019,5,11,5,3,0,7,0,1,0,0,0,0,0,0,798144,5544,5835933,659
50370,11,4,4030417,Schlo�stra�e,2019,9,14,7,3,5,2,0,1,1,0,0,0,0,1,791294,8726,5826501,352
50371,11,1,1033203,Humboldthain Nordwest,2019,6,7,3,3,5,2,0,1,1,0,0,0,0,0,796198,646,5830206,42
50372,11,3,3061228,Erich-Weinert-Stra�e,2019,9,10,3,3,6,6,0,1,0,1,0,0,0,0,800168,971,5830827,39
50373,11,2,2020202,Rathaus Yorckstra�e,2019,12,18,4,3,3,6,2,0,1,0,1,0,0,0,797499,2085,5825541,468
50374,11,4,4020310,Park Ruhwald,2019,6,9,4,3,3,6,0,0,1,0,0,0,0,0,790478,5666,5828451,839
50375,11,5,5020524,Weinmeisterhornweg,2019,8,9,6,3,6,4,0,0,1,1,0,0,0,0,783462,8478,5826655,738
50376,11,12,12103117,Letteplatz,2019,5,12,5,3,5,3,0,1,1,0,0,0,0,0,795811,274,5832439,708
50377,11,1,1011204,Leipziger Stra�e,2019,11,18,4,2,6,4,2,0,1,1,0,0,0,1,798236,104,5826933,624
50378,11,8,8010510,Gewerbegebiet K�llnische Heide,2019,11,13,7,3,2,2,0,0,1,0,0,0,0,0,802646,9424,5822050,831
50379,11,4,4030417,Schlo�stra�e,2019,8,8,6,3,6,4,0,0,1,1,0,0,0,0,791397,1873,5826517,22
50380,11,7,7030303,Grazer Platz,2019,5,12,5,3,5,2,0,0,1,0,1,0,0,0,795636,3426,5823238,493
50381,11,2,2050602,Samariterviertel,2019,10,10,4,3,6,4,0,0,1,1,0,0,0,1,802354,5384,5827709,98
50382,11,1,1011303,Alexanderplatzviertel,2019,9,9,3,3,6,4,0,0,1,1,0,0,0,1,799795,5565,5828617,967
50384,11,1,1044201,Reinickendorfer Stra�e,2019,6,15,4,3,1,5,0,1,0,0,0,0,1,0,796206,9153,5830826,654
50385,11,4,4020208,Kranzallee,2019,8,15,6,2,5,3,0,1,1,0,0,0,0,0,788939,73,5826125,888
50386,11,3,3050925,Komponistenviertel Wei�ensee,2019,5,10,5,3,0,1,0,1,0,0,0,0,0,0,802522,8567,5831672,899
50387,11,12,12103218,Teichstra�e,2019,11,12,6,3,5,2,0,1,1,0,0,0,0,0,794461,1322,5834349,299
50388,11,7,7040405,Rathaus Tempelhof,2019,6,5,5,3,2,6,0,0,1,0,0,0,0,0,798205,4461,5822270,411
50389,11,9,9010101,Elsenstra�e,2019,9,18,3,2,6,4,0,1,0,1,0,0,0,1,802615,9638,5825142,127
50390,11,9,9010101,Elsenstra�e,2019,12,12,3,3,2,6,0,0,1,0,0,1,0,0,802853,3455,5825484,367
50391,11,11,11030721,R�digerstra�e,2019,6,16,3,3,3,6,0,0,1,0,0,0,0,0,804866,149,5827449,455
50392,11,7,7040403,Manteuffelstra�e,2019,8,14,6,3,2,6,0,0,1,0,0,0,0,0,797846,1,5821267,217
50393,11,4,4020208,Kranzallee,2019,10,16,5,3,2,6,2,0,1,0,0,0,0,0,787757,6201,5825935,15
50394,11,3,3020209,Niedersch�nhausen,2019,8,13,6,3,2,6,0,0,1,0,0,0,0,0,798035,148,5834113,488
50395,11,7,7020203,Kaiser-Wilhelm-Platz,2019,9,13,6,3,0,2,0,0,1,0,0,0,1,1,795787,1541,5824110,239
50396,11,1,1011303,Alexanderplatzviertel,2019,5,8,5,3,1,5,0,1,0,0,0,0,1,0,799013,963,5828214,173
50397,11,4,4041134,Bismarckallee,2019,10,22,4,3,3,6,2,0,1,0,0,0,1,1,790977,9056,5824665,896
50398,11,2,2050602,Samariterviertel,2019,9,14,3,3,6,4,0,0,1,1,0,0,0,1,802661,383,5827678,74
50400,11,7,7040403,Manteuffelstra�e,2019,6,10,3,3,6,7,0,0,0,1,0,0,1,0,797836,8693,5821305,696
50401,11,2,2020202,Rathaus Yorckstra�e,2019,8,17,5,3,5,2,0,1,1,0,0,0,0,0,797898,3103,5825432,668
50402,11,2,2050602,Samariterviertel,2019,5,22,4,3,0,6,2,1,0,1,0,0,0,0,802045,249,5828039,686
50403,11,6,6030503,Zehlendorf Mitte,2019,11,17,7,3,6,2,2,0,1,1,0,0,0,0,791054,1063,5818813,331
50404,11,3,3020209,Niedersch�nhausen,2019,6,19,7,2,5,3,0,0,1,0,1,0,0,0,798165,7503,5836122,447
50405,11,3,3071633,Th�lmannpark,2019,12,8,4,3,0,4,0,0,0,1,0,0,1,0,800013,2022,5830341,627
50406,11,3,3061126,Arnimplatz,2019,8,17,5,3,5,2,0,1,0,0,0,0,1,0,799216,4496,5832076,54
50407,11,3,3040818,Pankow S�d,2019,5,18,4,2,5,3,0,1,1,0,0,0,0,0,800040,4483,5832914,222
50408,11,1,1011303,Alexanderplatzviertel,2019,10,13,7,3,3,6,0,1,0,0,0,0,0,0,799727,6727,5828567,224
50409,11,11,11030721,R�digerstra�e,2019,9,14,3,3,5,3,0,1,1,0,0,0,0,1,804068,2978,5827550,295
50410,11,3,3020203,Blankenfelde,2019,8,16,5,3,5,2,0,1,1,0,0,0,0,0,796447,267,5840400,385
50411,11,4,4030417,Schlo�stra�e,2019,5,17,4,3,2,7,0,1,1,0,0,0,0,0,791790,4806,5826582,608
50412,11,4,4041137,Flinsberger Platz,2019,10,10,4,3,2,6,0,0,1,0,0,0,0,1,791395,6192,5824511,645
50413,11,4,4020310,Park Ruhwald,2019,6,7,5,3,3,6,0,0,1,0,0,1,0,1,790456,508,5828429,423
50414,11,4,4041239,Stadion Wilmersdorf,2019,9,9,3,3,2,6,0,0,1,0,0,0,0,0,791999,872,5823923,308
50415,11,6,6030501,Berlepschstra�e,2019,12,8,6,3,5,3,0,1,1,0,0,0,0,0,788208,388,5817684,25
50416,11,2,2050602,Samariterviertel,2019,6,15,3,3,5,2,0,1,1,0,0,0,0,0,802144,468,5827754,513
50417,11,1,1011303,Alexanderplatzviertel,2019,5,5,4,3,0,1,1,0,1,0,0,0,1,1,798685,3383,5827893,499
50418,11,1,1011202,Unter den Linden Nord,2019,11,10,1,3,0,6,0,1,0,0,0,0,1,0,798289,2418,5827697,44
50419,11,4,4020209,Eichkamp,2019,6,16,3,3,2,6,0,0,1,0,0,0,0,0,788960,5002,5826129,464
50420,11,12,12302212,Rollbergesiedlung,2019,11,19,5,3,5,3,2,0,1,0,0,0,1,1,792782,7115,5837343,271
50421,11,12,12214125,Waldidyll/Flughafensee,2019,8,15,5,3,2,6,0,0,1,0,0,0,0,0,792172,5691,5832086,587
50422,11,4,4020311,Reichsstra�e,2019,5,15,4,3,2,6,0,0,1,0,0,0,0,0,789164,2116,5826160,9
50423,11,1,1044203,Leopoldplatz,2019,10,20,1,3,2,6,2,0,1,0,0,0,0,0,796030,741,5831374,83
50424,11,11,11030721,R�digerstra�e,2019,9,7,3,3,5,2,0,1,1,0,1,0,0,0,804904,3765,5827465,101
50426,11,2,2040503,Richard-Sorge-Viertel,2019,6,8,3,2,3,6,0,1,0,0,0,0,0,0,801872,535,5827776,15
50427,11,3,3050923,Wei�enseer Spitze,2019,8,15,5,3,2,6,0,0,1,0,1,0,0,0,800269,3317,5831879,704
50428,11,7,7040401,Neu-Tempelhof,2019,5,15,4,3,3,6,0,0,1,0,1,0,0,0,797760,121,5823856,895
50429,11,4,4030622,Richard-Wagner-Stra�e,2019,6,18,1,3,6,2,0,0,1,1,0,0,0,0,792092,3965,5826654,735
50430,11,4,4030417,Schlo�stra�e,2019,9,15,3,3,6,4,0,0,1,1,0,0,0,1,791667,2657,5826561,829
50431,11,7,7050502,Fritz-Werner-Stra�e,2019,12,17,2,3,5,2,2,0,1,0,0,0,0,1,797474,4017,5817965,558
50432,11,7,7070701,Kettinger Stra�e/Schillerstra�e,2019,6,9,3,2,1,5,0,0,1,0,0,0,0,0,799154,8331,5816563,445
50433,11,1,1011105,N�rdlicher Landwehrkanal,2019,8,15,5,3,5,2,0,1,1,0,0,0,0,0,796420,8654,5826329,938
50434,11,1,1011105,N�rdlicher Landwehrkanal,2019,4,18,3,3,2,6,0,0,1,0,0,0,0,0,796763,643,5826668,491
50435,11,1,1011204,Leipziger Stra�e,2019,11,15,2,3,0,6,0,1,0,0,0,1,1,1,797750,895,5826848,821
50436,11,7,7010104,Dennewitzplatz,2019,8,11,5,3,3,6,0,0,1,0,1,0,0,0,796011,5686,5825166,15
50437,11,9,9010202,K�penicker Landstra�e,2019,4,13,3,3,5,3,0,1,1,0,0,0,0,0,804104,6469,5824365,95
50438,11,6,6040703,Nikolassee,2019,10,3,2,3,0,7,2,0,1,0,0,0,0,0,787036,8903,5820675,25
50439,11,12,12304314,Ziekowstra�e/Freie Scholle,2019,9,8,2,3,2,6,0,0,1,0,0,0,0,0,790110,385,5836039,91
50441,11,2,2050602,Samariterviertel,2019,6,8,3,3,5,2,0,1,0,0,0,0,1,0,802124,7546,5828063,409
50442,11,4,4020310,Park Ruhwald,2019,8,10,5,3,2,6,0,0,1,0,0,0,0,0,790498,7548,5827507,75
50443,11,4,4010102,Pl�tzensee,2019,4,7,3,3,2,6,0,0,1,0,0,0,0,0,792846,9745,5829535,83
50444,11,2,2050602,Samariterviertel,2019,11,15,4,3,5,2,1,1,1,0,0,0,1,1,802581,6369,5827686,702
50445,11,11,11030721,R�digerstra�e,2019,6,15,4,2,5,2,0,1,0,0,0,1,0,0,803742,834,5827568,253
50446,11,12,12103219,Sch�fersee,2019,9,21,2,2,6,4,2,0,1,1,0,0,0,0,795759,1873,5832650,13
50447,11,7,7020202,Volkspark (Rudolf-Wilde-Park),2019,12,8,2,3,2,6,0,0,1,0,0,1,1,0,794782,4018,5823140,125
50448,11,12,12103115,Breitkopfbecken,2019,8,8,5,3,5,2,0,0,1,0,1,0,0,0,795410,8555,5833589,954
50449,11,6,6030605,Botanischer Garten,2019,10,12,4,3,2,6,0,0,1,0,0,0,0,0,792751,243,5819955,205
50450,11,11,11030721,R�digerstra�e,2019,9,20,2,2,0,1,2,0,0,0,1,0,0,0,803721,1963,5827570,169
50451,11,2,2050602,Samariterviertel,2019,8,7,5,3,5,3,0,1,1,0,0,0,0,0,802972,4485,5827662,85
50452,11,2,2020203,Viktoriapark,2019,4,7,3,3,0,2,0,1,1,0,0,0,0,0,797759,2269,5824125,584
50453,11,6,6030605,Botanischer Garten,2019,10,13,3,3,2,6,0,0,1,0,0,1,0,1,791071,6917,5818846,719
50454,11,3,2040501,Barnimkiez,2019,9,16,2,3,3,6,0,1,1,0,0,0,0,0,799983,857,5828905,997
50456,11,12,12103218,Teichstra�e,2019,6,19,3,3,5,3,1,0,1,0,0,0,0,0,794478,1859,5834318,183
50457,11,3,3061332,Helmholtzplatz,2019,8,19,4,2,6,4,0,1,0,1,0,0,0,0,799950,3511,5830206,136
50458,11,3,3061435,Conrad-Blenkle-Stra�e,2019,4,17,3,3,5,2,0,1,1,0,0,0,0,0,801518,4407,5829102,62
50459,11,10,10010204,Wuhletalstra�e,2019,11,5,6,2,5,3,2,0,1,0,0,0,0,0,808897,3951,5833398,142
50460,11,4,4041134,Bismarckallee,2019,10,11,3,2,0,1,0,0,0,0,1,0,0,0,791014,3052,5824659,463
50461,11,7,7070701,Kettinger Stra�e/Schillerstra�e,2019,9,16,2,2,5,3,0,0,1,0,1,0,0,1,799678,1367,5815247,722
50463,11,4,4020208,Kranzallee,2019,6,7,2,3,2,6,0,0,1,0,0,0,0,0,788346,774,5826030,168
50464,11,7,7070701,Kettinger Stra�e/Schillerstra�e,2019,8,14,4,3,2,6,0,0,1,0,0,0,0,1,799229,4992,5816329,158
50465,11,5,5020628,Graetschelsteig,2019,4,19,3,3,2,7,0,1,1,0,0,0,0,0,784035,3235,5826575,963
50466,11,2,2050602,Samariterviertel,2019,11,17,4,3,6,4,2,0,1,1,0,0,0,1,802685,7532,5827676,261
50467,11,1,1022202,Heidestra�e,2019,6,9,5,3,2,1,0,0,1,0,0,0,0,0,796317,1383,5828827,802
50468,11,4,4020313,K�nigin-Elisabeth-Stra�e,2019,9,10,2,3,5,2,0,1,0,0,0,1,0,0,790514,274,5826374,665
50469,11,7,7020203,Kaiser-Wilhelm-Platz,2019,12,18,2,3,5,3,2,1,1,0,0,0,0,1,795794,936,5824126,932
50470,11,1,1011202,Unter den Linden Nord,2019,8,9,4,3,3,2,0,0,1,0,1,0,0,0,796917,3784,5827467,61
50471,11,10,10010207,Marzahner Promenade,2019,10,19,4,3,2,7,2,0,1,0,0,0,0,0,807965,934,5831210,966
50472,11,8,8020619,Buschkrugallee Nord,2019,8,6,4,3,3,6,1,0,1,0,1,0,0,0,802276,3871,5821961,769
50473,11,3,3061332,Helmholtzplatz,2019,9,18,6,3,2,6,0,0,1,0,0,0,0,1,799933,929,5830209,502
50474,11,7,7030303,Grazer Platz,2019,4,20,2,3,3,6,1,0,1,0,0,0,0,0,795337,846,5822754,61
50475,11,11,11030721,R�digerstra�e,2019,10,17,3,3,3,6,1,0,1,0,0,1,0,1,804316,1011,5827510,343
50476,11,4,4010101,Jungfernheide,2019,9,13,2,3,8,1,0,0,1,0,0,0,0,0,790973,9418,5828992,753
50478,11,1,1011104,K�rnerstra�e,2019,6,21,2,3,0,1,2,1,0,0,0,0,0,0,796247,997,5825925,559
50479,11,1,1011105,N�rdlicher Landwehrkanal,2019,8,15,4,3,5,2,0,1,1,0,0,0,0,0,796420,2339,5826327,806
50480,11,3,3050923,Wei�enseer Spitze,2019,4,18,2,3,6,4,0,1,0,1,0,0,0,0,800301,2907,5831678,598
50481,11,2,2050602,Samariterviertel,2019,11,1,7,3,5,3,2,0,1,0,0,0,0,0,802148,9601,5827734,648
50482,11,5,5020524,Weinmeisterhornweg,2019,6,19,2,3,2,6,0,0,1,0,0,0,0,0,782197,9865,5824998,343
50483,11,1,1011102,Gro�er Tiergarten,2019,9,9,2,2,5,2,0,1,1,0,0,0,0,1,796450,2777,5827390,273
50484,11,4,4010102,Pl�tzensee,2019,12,15,4,3,2,6,0,0,1,0,0,0,0,0,793456,2688,5829747,198
50485,11,7,7040401,Neu-Tempelhof,2019,8,12,3,3,2,6,0,0,1,0,0,0,1,0,797827,869,5822414,179
50486,11,3,3061332,Helmholtzplatz,2019,4,9,2,3,0,2,0,0,1,0,0,0,1,1,799975,225,5830201,53
50487,11,7,7040402,Lindenhofsiedlung,2019,10,19,6,3,2,6,2,0,1,0,0,0,0,0,796472,6164,5822575,939
50488,11,10,10010309,Springpfuhl,2019,9,11,1,3,3,6,0,1,1,0,0,0,0,0,807653,7135,5829957,125
50489,11,2,2040701,Andreasviertel,2019,8,9,3,3,3,2,0,0,0,0,1,1,0,0,800456,741,5827947,485
50490,11,1,1011303,Alexanderplatzviertel,2019,4,11,2,3,5,3,0,1,0,0,0,1,0,1,799123,2126,5827663,403
50491,11,7,7030303,Grazer Platz,2019,10,13,3,3,5,7,0,0,1,0,0,0,0,1,795679,7813,5823173,24
50492,11,2,2050602,Samariterviertel,2019,6,17,4,2,3,6,0,1,0,0,0,0,0,0,803373,2976,5827605,844
50493,11,4,4020209,Eichkamp,2019,9,16,1,3,2,6,0,0,1,0,0,0,0,0,789745,425,5824735,361
50494,11,1,1033203,Humboldthain Nordwest,2019,12,22,4,3,6,4,2,0,1,1,0,0,0,0,796342,4704,5830079,197
50495,11,3,3061429,Greifswalder Stra�e,2019,6,23,2,3,5,3,2,1,1,0,0,0,0,1,800953,387,5830502,712
50496,11,8,8020619,Buschkrugallee Nord,2019,4,11,2,3,3,6,0,0,1,0,0,0,1,1,802157,563,5821904,716
50497,11,2,2020202,Rathaus Yorckstra�e,2019,11,15,7,3,3,6,0,0,1,0,1,0,0,1,797901,634,5825143,822
50498,11,2,2050602,Samariterviertel,2019,6,13,2,2,6,4,0,1,0,1,0,0,0,0,802842,211,5827675,87
50499,11,1,1011102,Gro�er Tiergarten,2019,11,18,4,3,5,3,2,1,0,0,1,0,0,1,795800,8619,5827269,446
50500,11,7,7060601,Marienfelder Allee Nordwest,2019,8,7,3,3,5,3,0,1,1,0,0,0,0,0,796913,2353,5816488,94
50501,11,12,12103218,Teichstra�e,2019,4,22,7,2,5,2,2,0,1,0,1,0,0,0,794559,293,5833808,298
50502,11,3,3061126,Arnimplatz,2019,10,18,7,2,5,2,2,0,1,0,1,0,0,0,799196,5186,5831441,779
50503,11,7,7040401,Neu-Tempelhof,2019,9,14,1,3,3,6,0,0,1,0,0,0,0,0,797794,4614,5823140,95
50505,11,12,12103115,Breitkopfbecken,2019,6,16,2,3,1,5,0,1,1,0,0,0,1,0,795372,3246,5833713,12
50506,11,3,3061429,Greifswalder Stra�e,2019,8,15,3,3,5,3,0,1,1,0,0,0,0,0,801175,255,5830811,222
50507,11,7,7070701,Kettinger Stra�e/Schillerstra�e,2019,4,17,7,3,2,6,0,0,1,0,0,0,0,0,799461,4034,5815770,561
50508,11,3,3061131,Falkplatz,2019,6,15,7,3,0,1,0,1,0,0,0,0,0,0,799197,8984,5831042,543
50509,11,1,1011304,Karl-Marx-Allee,2019,9,23,1,3,6,4,2,0,1,1,0,0,0,1,800020,7,5828096,834
50510,11,4,4010101,Jungfernheide,2019,12,12,1,2,2,6,0,0,1,0,0,0,0,1,790876,6417,5828953,21
50511,11,4,4020311,Reichsstra�e,2019,6,9,2,2,5,3,0,1,0,0,0,1,0,0,789801,7343,5826261,233
50512,11,4,4020313,K�nigin-Elisabeth-Stra�e,2019,8,15,3,3,5,2,0,0,1,0,0,0,0,0,790523,7956,5826394,917
50513,11,4,4030622,Richard-Wagner-Stra�e,2019,11,10,2,3,6,7,0,0,1,1,0,0,0,1,792073,963,5826651,419
50514,11,11,11030721,R�digerstra�e,2019,8,15,3,3,5,2,0,1,0,0,0,1,0,0,803737,2933,5827585,98
50515,11,3,3040818,Pankow S�d,2019,4,11,6,3,5,3,0,1,1,0,0,0,0,0,799131,138,5832326,271
50516,11,10,10010204,Wuhletalstra�e,2019,10,11,1,2,5,3,0,0,1,0,0,0,1,0,808903,9273,5833413,708
50517,11,4,4020310,Park Ruhwald,2019,9,14,7,3,2,6,0,0,1,0,0,0,0,0,790401,1975,5827910,807
50519,11,2,2050601,Hausburgviertel,2019,6,8,2,3,5,2,0,1,0,0,0,1,0,0,801641,132,5828895,333
50520,11,7,7040401,Neu-Tempelhof,2019,8,15,2,3,0,7,0,1,0,0,0,0,0,0,797777,7283,5823819,948
50521,11,4,4020311,Reichsstra�e,2019,4,19,6,2,6,4,0,1,0,1,0,0,0,0,789859,7965,5826230,244
50522,11,2,2050602,Samariterviertel,2019,11,10,3,3,5,2,0,1,1,0,0,0,0,0,802592,568,5827701,53
50523,11,1,1011202,Unter den Linden Nord,2019,6,18,3,3,0,6,0,1,0,0,0,0,1,0,797244,8936,5827533,792
50524,11,3,3071639,B�tzowstra�e,2019,9,12,7,3,2,6,0,0,1,0,0,0,1,0,800442,5103,5829678,583
50525,11,2,2010101,Askanischer Platz,2019,12,1,7,3,2,6,2,0,1,0,0,0,0,1,797087,661,5825778,259
50526,11,7,7020203,Kaiser-Wilhelm-Platz,2019,8,19,2,3,0,6,0,0,1,0,1,0,0,0,795661,398,5823954,139
50527,11,2,2020202,Rathaus Yorckstra�e,2019,10,10,3,3,2,2,0,1,0,0,0,0,1,0,797899,2026,5825428,51
50528,11,4,4020310,Park Ruhwald,2019,9,12,7,2,2,6,0,0,1,0,0,0,0,0,790485,5766,5828472,748
50529,11,1,1033203,Humboldthain Nordwest,2019,8,15,2,3,5,2,0,1,1,0,0,0,0,0,796285,7975,5830277,485
50530,11,2,2020202,Rathaus Yorckstra�e,2019,4,20,6,3,3,6,1,0,1,0,0,0,0,0,797899,9775,5825342,688
50531,11,4,4041133,G�terbahnhof Grunewald,2019,10,12,2,3,2,6,0,0,1,0,0,0,1,0,790547,7734,5825192,117
50532,11,3,3071639,B�tzowstra�e,2019,6,22,1,3,0,7,2,1,0,0,0,0,0,0,800118,762,5829112,295
50533,11,3,3061332,Helmholtzplatz,2019,9,20,7,3,0,6,1,0,1,0,1,0,0,0,799415,9909,5830332,64
50535,11,10,10040933,Mahlsdorf S�d,2019,6,13,2,3,5,3,0,1,1,0,0,0,0,0,813337,299,5827199,225
50536,11,6,6040701,Wannsee,2019,4,12,6,3,0,5,0,1,1,0,0,0,0,0,782904,5061,5815862,169
50537,11,4,4020310,Park Ruhwald,2019,11,13,5,2,2,6,0,0,1,0,0,0,0,0,790480,2361,5828457,219
50538,11,9,9010101,Elsenstra�e,2019,6,12,1,3,5,2,0,1,1,0,0,0,0,0,802585,186,5825068,876
50539,11,4,4010101,Jungfernheide,2019,12,15,2,3,2,6,1,0,1,0,0,1,0,1,791273,3298,5829906,321
50540,11,10,10010204,Wuhletalstra�e,2019,8,12,2,3,5,3,0,0,1,0,0,0,0,0,808905,8771,5833417,549
50541,11,1,1011102,Gro�er Tiergarten,2019,4,10,5,2,5,2,0,1,0,0,1,0,0,0,796554,3067,5827804,2
50542,11,7,6010209,Feuerbachstra�e,2019,10,14,4,2,0,6,0,0,1,0,0,0,0,0,794458,398,5821624,732
50543,11,10,10030726,Alt-Biesdorf,2019,9,12,7,3,2,6,0,0,1,0,0,0,0,0,809293,6486,5827391,843
50545,11,7,7050502,Fritz-Werner-Stra�e,2019,8,12,2,3,3,6,0,0,1,0,0,1,0,0,797680,6525,5818714,409
50546,11,4,4051551,Brabanter Platz,2019,4,18,5,3,3,6,0,0,1,0,0,1,0,0,792570,1623,5823390,39
50547,11,1,1011303,Alexanderplatzviertel,2019,9,4,1,3,5,3,2,0,1,0,0,0,1,1,799788,8134,5828607,126
50548,11,1,1011202,Unter den Linden Nord,2019,6,9,4,3,3,2,0,0,1,0,1,1,0,0,796920,2823,5827454,628
50549,11,7,7040401,Neu-Tempelhof,2019,9,0,7,3,0,7,2,0,0,0,0,0,1,0,797783,7923,5823705,15
50550,11,3,3040614,Pankow Zentrum,2019,12,9,6,3,1,5,0,0,1,0,0,1,0,0,798635,602,5832999,652
50551,11,6,6040701,Wannsee,2019,6,15,1,3,1,5,0,1,1,0,0,0,0,0,783371,1207,5815994,474
50552,11,1,1011303,Alexanderplatzviertel,2019,8,11,1,3,1,5,0,1,1,0,0,0,0,0,798712,7876,5827925,912
50553,11,3,3050925,Komponistenviertel Wei�ensee,2019,4,17,5,3,1,5,0,1,1,0,0,0,0,0,802044,4813,5831477,616
50554,11,1,1011303,Alexanderplatzviertel,2019,11,23,6,3,5,7,2,0,1,0,0,0,1,1,798698,5888,5827909,145
50555,11,3,3040818,Pankow S�d,2019,9,19,7,3,5,3,1,1,1,0,0,0,0,0,798705,807,5832902,57
50556,11,7,7060601,Marienfelder Allee Nordwest,2019,11,12,3,3,2,2,0,0,1,0,0,0,0,0,796608,831,5815997,411
50557,11,1,1044201,Reinickendorfer Stra�e,2019,8,15,7,3,5,2,0,0,1,0,0,0,0,0,796048,448,5831363,313
50558,11,1,1011105,N�rdlicher Landwehrkanal,2019,4,17,5,3,5,2,0,0,1,0,1,0,0,0,796467,9448,5826422,729
50559,11,11,11040926,Weitlingstra�e,2019,10,7,5,3,0,7,1,1,1,0,0,0,0,1,806431,8442,5827357,94
50560,11,4,4030622,Richard-Wagner-Stra�e,2019,9,16,7,3,5,2,0,0,1,0,0,0,1,0,792272,671,5826684,843
50562,11,4,4030623,Ernst-Reuter-Platz,2019,6,15,1,2,3,6,0,0,1,0,1,0,0,0,793312,1777,5826833,58
50563,11,4,4030417,Schlo�stra�e,2019,6,14,1,3,3,6,0,1,0,0,0,0,0,0,791640,7005,5826578,761
50564,11,7,7030303,Grazer Platz,2019,12,20,3,3,2,6,2,0,1,0,0,0,0,1,795753,515,5823099,571
50565,11,3,3071639,B�tzowstra�e,2019,8,21,7,3,0,7,1,0,0,0,1,0,0,1,800067,3788,5829071,591
50566,11,2,2020202,Rathaus Yorckstra�e,2019,4,15,5,3,5,2,0,1,1,0,0,0,0,0,797898,7256,5825430,732
50567,11,7,7070701,Kettinger Stra�e/Schillerstra�e,2019,10,17,5,2,6,7,0,0,1,1,0,0,0,0,799212,3491,5816424,978
50568,11,4,4030417,Schlo�stra�e,2019,9,15,7,3,6,4,0,1,0,1,0,0,0,0,791841,9591,5826612,732