OBJECTID,LAND,BEZ,LOR,STRASSE,UJAHR,UMONAT,USTUNDE,UWOCHENTAG,UKATEGORIE,UART,UTYP1,ULICHTVERH,IstRad,IstPKW,IstFuss,IstKrad,IstGkfz,IstSonstige,USTRZUSTAND,LINREFX,LINREFY,XGCSWGS84,YGCSWGS84
50570,11,2,2040703,Wriezener Bahnhof/Entwicklungsgebiet,2019,8,3,7,2,0,4,2,0,0,1,1,0,0,1,801878,72,5826540,934
50571,11,4,4030622,Richard-Wagner-Stra�e,2019,4,16,5,2,5,2,0,1,1,0,0,0,0,0,792738,8413,5826741,842
50572,11,2,2050802,Boxhagener Platz,2019,9,18,2,3,3,6,1,1,0,0,0,0,0,0,802027,6343,5826990,444
50573,11,1,1011105,N�rdlicher Landwehrkanal,2019,6,9,4,3,5,3,0,1,1,0,0,0,0,0,796775,2185,5826670,717
50574,11,6,6030503,Zehlendorf Mitte,2019,9,16,6,3,0,2,0,1,1,0,0,0,0,0,789579,521,5817961,39
50575,11,3,3040818,Pankow S�d,2019,12,12,7,3,3,6,0,0,0,0,0,1,1,0,800060,309,5833694,437
50576,11,6,6030503,Zehlendorf Mitte,2019,6,0,1,3,1,1,2,0,1,0,0,0,0,0,789733,66,5817963,408
50577,11,3,3061131,Falkplatz,2019,4,15,5,3,6,4,0,1,0,1,0,0,0,0,799182,6296,5830889,965
50578,11,2,2050602,Samariterviertel,2019,11,23,6,3,5,2,2,1,1,0,0,0,0,1,802149,888,5827727,21
50579,11,3,3071639,B�tzowstra�e,2019,11,17,3,3,2,6,2,0,1,0,0,0,0,0,800556,1758,5829815,705
50580,11,7,7030303,Grazer Platz,2019,8,15,6,3,5,2,0,0,1,0,0,0,0,0,795642,1488,5823232,62
50581,11,10,10010207,Marzahner Promenade,2019,4,9,5,3,6,4,0,0,1,1,0,0,0,0,808298,3701,5832010,787
50582,11,1,1011202,Unter den Linden Nord,2019,10,16,5,3,4,7,0,1,0,0,0,0,1,0,798193,3008,5827681,868
50583,11,4,4030417,Schlo�stra�e,2019,9,14,6,3,5,3,0,0,1,0,0,0,0,0,791746,93,5826596,722
50585,11,3,3071633,Th�lmannpark,2019,6,12,1,2,5,7,0,0,1,0,0,0,1,0,800153,3111,5830148,17
50586,11,11,11030721,R�digerstra�e,2019,8,18,5,3,6,4,0,0,1,1,0,0,0,0,803774,2595,5827581,225
50587,11,2,2010101,Askanischer Platz,2019,4,14,4,3,0,2,0,0,1,1,0,0,0,0,797851,7122,5825505,102
50588,11,4,4030623,Ernst-Reuter-Platz,2019,6,12,6,3,6,7,0,0,1,1,0,0,0,0,792975,4296,5826782,7
50589,11,5,5020629,B�rnicker Stra�e,2019,9,14,6,3,2,6,0,0,1,0,0,0,1,0,785172,6282,5826271,773
50590,11,11,11030721,R�digerstra�e,2019,12,21,7,3,2,6,2,0,1,0,0,0,0,1,804467,5028,5827509,632
50591,11,7,7020203,Kaiser-Wilhelm-Platz,2019,6,19,7,3,1,5,0,1,0,0,0,0,1,0,795820,2005,5824178,934
50592,11,7,7040403,Manteuffelstra�e,2019,8,17,5,3,0,6,0,0,1,0,0,0,1,0,797849,4279,5821462,688
50593,11,2,2050601,Hausburgviertel,2019,4,18,4,3,5,3,0,1,1,0,0,0,0,0,801666,9174,5828906,274
50594,11,4,4030622,Richard-Wagner-Stra�e,2019,11,13,1,3,2,6,0,0,1,0,0,0,1,1,792324,2852,5826672,146
50595,11,2,2040703,Wriezener Bahnhof/Entwicklungsgebiet,2019,8,15,5,3,0,6,0,1,0,1,0,0,0,0,801801,3369,5826330,985
50596,11,6,6040703,Nikolassee,2019,4,18,4,3,5,3,0,1,1,0,0,0,0,0,785697,89,5816404,718
50597,11,4,4041134,Bismarckallee,2019,10,11,6,3,2,6,0,0,1,0,0,0,1,0,790747,295,5824897,191
50598,11,12,12231101,Hermsdorf,2019,9,8,6,3,5,3,0,1,1,0,0,0,0,0,791926,8619,5838837,31
50600,11,7,7040401,Neu-Tempelhof,2019,6,13,7,3,2,6,0,0,1,0,0,0,0,0,797825,78,5822442,527
50601,11,1,1011105,N�rdlicher Landwehrkanal,2019,8,15,5,3,5,3,0,1,1,0,0,0,0,0,796446,5528,5826426,696
50602,11,3,3010104,Lietzengraben,2019,4,17,4,3,2,6,0,0,1,0,0,0,0,0,801131,45,5838302,429
50603,11,10,10010309,Springpfuhl,2019,11,15,2,3,1,5,1,0,1,0,1,0,0,1,807653,7665,5829953,426
50604,11,7,7040401,Neu-Tempelhof,2019,6,20,3,3,1,5,0,1,1,0,0,0,0,0,797807,1694,5822854,121
50605,11,11,11041027,Tierpark,2019,9,16,6,3,3,6,0,0,1,0,1,0,0,0,807467,6172,5827460,198
50606,11,12,12103219,Sch�fersee,2019,12,19,6,3,6,2,2,0,1,1,0,0,0,1,795752,2448,5832687,777
50607,11,1,1033203,Humboldthain Nordwest,2019,8,8,5,3,2,2,0,0,1,0,0,0,0,0,796285,4956,5830276,614
50608,11,7,7040403,Manteuffelstra�e,2019,4,14,4,3,6,4,0,0,1,1,0,0,0,0,797827,7,5820682,442
50609,11,2,2050602,Samariterviertel,2019,10,17,2,3,6,4,2,0,1,1,0,0,0,1,803598,7267,5827581,365
50610,11,7,7040406,Germaniagarten,2019,9,6,5,3,3,6,2,0,1,0,0,1,0,0,799682,6697,5821465,106
50611,11,7,7050502,Fritz-Werner-Stra�e,2019,8,10,5,3,5,3,0,1,1,0,0,0,0,0,797543,6043,5818275,463
50612,11,10,10010102,Havemannstra�e,2019,4,15,4,2,6,4,0,0,1,1,0,0,0,0,809443,4525,5834521,92
50613,11,6,6030605,Botanischer Garten,2019,10,18,7,3,2,6,1,0,1,0,0,0,0,0,792496,1554,5819782,535
50614,11,7,7040405,Rathaus Tempelhof,2019,6,23,7,3,3,6,2,0,1,0,0,0,0,0,798700,9526,5821988,786
50615,11,7,7020202,Volkspark (Rudolf-Wilde-Park),2019,9,16,5,3,2,6,0,0,1,0,0,0,0,0,795229,6658,5823514,1
50617,11,1,1022202,Heidestra�e,2019,6,21,7,3,2,6,1,0,1,0,0,0,0,0,795906,111,5829519,774
50618,11,6,6040701,Wannsee,2019,4,9,4,3,5,2,0,0,1,0,0,0,0,0,783888,8671,5815954,176
50619,11,1,1022202,Heidestra�e,2019,11,7,4,3,2,6,0,0,1,0,0,0,0,0,796333,107,5828828,596
50620,11,12,12214125,Waldidyll/Flughafensee,2019,6,12,7,3,0,7,0,0,1,0,0,0,0,0,791805,9238,5831252,111
50621,11,4,4020310,Park Ruhwald,2019,12,18,1,3,3,6,2,0,1,0,0,1,0,0,790451,5717,5828412,615
50622,11,2,2040701,Andreasviertel,2019,8,7,5,3,1,6,0,0,1,0,0,0,0,0,800349,294,5827946,554
50623,11,2,2050602,Samariterviertel,2019,4,8,4,2,0,2,0,1,1,0,0,0,0,0,802638,1833,5827696,658
50624,11,7,7030303,Grazer Platz,2019,10,8,3,3,2,6,0,0,1,0,1,0,0,0,795196,7046,5822909,55
50625,11,1,1011303,Alexanderplatzviertel,2019,9,15,5,3,3,6,0,0,1,0,0,0,0,0,799323,9245,5827946,396
50627,11,2,2040502,Friedenstra�e,2019,7,11,4,2,0,7,0,1,0,0,0,0,0,0,801101,1608,5827854,875
50628,11,7,7030303,Grazer Platz,2019,4,11,3,2,2,6,0,0,1,0,0,1,0,0,795522,1803,5822676,783
50629,11,4,4051551,Brabanter Platz,2019,9,14,7,3,2,6,0,0,1,0,0,0,0,1,792927,278,5823108,478
50630,11,3,3050925,Komponistenviertel Wei�ensee,2019,6,9,3,3,3,6,0,1,0,0,0,0,1,0,801625,28,5831258,453
50631,11,6,6030605,Botanischer Garten,2019,9,13,5,2,0,7,0,1,0,0,0,0,0,0,791258,3711,5818953,72
50632,11,9,9010301,Baumschulenstra�e,2019,12,14,6,3,3,6,0,0,1,0,0,0,1,1,804585,2809,5823115,895
50633,11,1,1011204,Leipziger Stra�e,2019,6,1,7,3,2,6,2,0,1,0,0,0,0,0,798817,9365,5827216,851
50634,11,1,1011105,N�rdlicher Landwehrkanal,2019,7,22,4,3,5,2,2,1,1,0,0,0,0,1,796420,2339,5826327,806
50635,11,4,4041239,Stadion Wilmersdorf,2019,4,10,3,3,2,6,0,0,1,0,0,0,0,0,792237,8672,5823643,684
50636,11,11,11030721,R�digerstra�e,2019,11,7,4,2,5,2,0,1,1,0,0,0,0,1,804910,9235,5827464,538
50637,11,5,5020524,Weinmeisterhornweg,2019,11,14,1,3,5,3,0,0,1,0,1,0,0,0,783586,991,5826696,289
50638,11,2,2050602,Samariterviertel,2019,7,14,4,3,0,6,0,1,0,0,0,0,0,0,803298,6276,5827613,424
50639,11,3,2040501,Barnimkiez,2019,4,5,3,2,6,7,0,0,1,0,0,0,1,0,799924,4786,5828818,274
50640,11,2,2050602,Samariterviertel,2019,10,10,4,3,6,7,0,0,0,1,0,0,1,1,803535,8601,5827604,205
50641,11,2,2040503,Richard-Sorge-Viertel,2019,9,9,5,3,3,6,0,1,0,0,0,0,0,0,801423,4153,5827821,687
50643,11,7,7050502,Fritz-Werner-Stra�e,2019,5,6,6,3,5,3,0,0,1,0,0,0,0,0,798153,95,5819054,333
50644,11,4,4020313,K�nigin-Elisabeth-Stra�e,2019,7,13,4,3,5,2,0,1,0,0,0,1,0,0,790539,6547,5826379,5
50645,11,6,6030503,Zehlendorf Mitte,2019,4,11,3,3,5,7,0,1,1,0,0,0,0,0,789806,2785,5817997,214
50646,11,9,9010101,Elsenstra�e,2019,6,20,5,3,6,4,0,1,0,1,0,0,0,0,802623,8516,5825153,23
50647,11,7,7040406,Germaniagarten,2019,9,6,5,3,2,6,0,0,1,0,0,0,1,1,799900,908,5821458,253
50648,11,3,3071639,B�tzowstra�e,2019,12,7,4,3,6,2,0,0,1,1,0,0,0,0,800362,7305,5829550,808
50649,11,4,4030622,Richard-Wagner-Stra�e,2019,5,13,6,3,5,2,0,1,1,0,0,0,0,0,792530,1872,5826706,702
50650,11,1,1011303,Alexanderplatzviertel,2019,7,18,3,3,6,6,0,0,0,1,0,0,1,0,799602,4777,5828290,816
50651,11,4,4051551,Brabanter Platz,2019,11,5,6,3,5,2,2,0,1,0,0,0,0,0,793267,3649,5823001,754
50652,11,1,1011105,N�rdlicher Landwehrkanal,2019,7,23,3,3,5,3,2,1,0,0,0,0,1,0,796761,8094,5826668,139
50653,11,1,1044203,Leopoldplatz,2019,9,17,6,3,2,6,0,0,1,0,0,0,0,1,795911,1028,5831794,589
50654,11,1,1011105,N�rdlicher Landwehrkanal,2019,4,11,3,3,2,6,0,0,1,0,1,0,0,0,796696,3823,5826198,215
50655,11,4,4030417,Schlo�stra�e,2019,10,0,5,3,5,3,2,0,1,0,0,0,0,1,791852,3909,5826614,513
50656,11,11,11041022,Rosenfelder Ring,2019,9,5,5,3,2,6,2,0,1,0,0,1,0,1,805670,2008,5827389,169
50658,11,3,3040818,Pankow S�d,2019,5,19,6,2,1,5,1,1,1,0,0,0,0,1,799020,1086,5832456,654
50659,11,3,3040614,Pankow Zentrum,2019,7,22,3,3,3,2,2,0,1,0,1,0,0,0,798366,2622,5833481,99
50660,11,1,1022202,Heidestra�e,2019,4,14,3,3,2,6,0,0,1,0,0,0,1,0,796047,5943,5829313,553
50661,11,7,7040403,Manteuffelstra�e,2019,11,11,1,3,2,2,0,0,1,0,0,0,0,1,797832,5631,5822297,24
50662,11,12,12103218,Teichstra�e,2019,6,23,7,3,2,7,2,0,0,0,0,0,1,0,794965,4817,5833754,585
50663,11,7,7050501,Rathausstra�e,2019,9,11,4,3,2,7,0,0,1,0,1,0,0,0,797753,6946,5818876,23
50664,11,1,1044201,Reinickendorfer Stra�e,2019,12,17,5,3,2,6,2,0,1,0,0,0,1,0,796049,1337,5831335,307
50665,11,3,3061131,Falkplatz,2019,7,10,3,3,5,2,0,1,1,0,0,0,0,0,799165,6544,5830375,764
50666,11,3,3020209,Niedersch�nhausen,2019,4,15,3,3,5,2,0,1,1,0,0,0,0,0,798156,5373,5836034,116
50667,11,12,12103115,Breitkopfbecken,2019,7,12,3,3,9,1,0,0,1,0,0,0,0,0,795351,9093,5833718,23
50668,11,7,7070701,Kettinger Stra�e/Schillerstra�e,2019,4,16,3,3,6,4,0,0,1,1,0,0,0,0,799193,9926,5816469,338
50669,11,1,1011102,Gro�er Tiergarten,2019,6,16,5,3,2,6,0,0,1,0,1,0,0,0,796029,631,5827319,402
50670,11,7,7050501,Rathausstra�e,2019,9,9,4,3,3,6,0,0,1,0,0,1,0,0,797907,3508,5820219,669
50671,11,2,2040701,Andreasviertel,2019,12,6,6,3,2,2,2,1,1,0,0,0,0,2,800965,48,5827869,77
50672,11,12,12103115,Breitkopfbecken,2019,5,19,6,2,9,1,0,0,1,0,0,0,0,1,795348,7113,5833720,231
50673,11,3,3050925,Komponistenviertel Wei�ensee,2019,7,22,2,3,1,5,2,1,1,0,0,0,0,1,801768,2644,5831341,757
50674,11,9,9010302,Sp�thsfelde,2019,11,19,6,2,3,6,2,0,1,0,0,1,0,1,804172,3069,5819873,27
50675,11,1,1011303,Alexanderplatzviertel,2019,7,19,2,3,0,6,0,1,1,0,0,0,0,1,799537,7873,5828290,475
50676,11,4,4010101,Jungfernheide,2019,4,16,3,3,2,6,0,0,1,0,0,0,0,0,790567,3827,5828674,639
50677,11,7,7050502,Fritz-Werner-Stra�e,2019,10,1,6,2,5,3,2,0,1,0,0,0,0,1,797459,2005,5817897,972
50678,11,7,7040402,Lindenhofsiedlung,2019,9,8,4,3,2,6,0,0,1,0,0,0,0,0,796526,9485,5822539,904
50680,11,2,2050602,Samariterviertel,2019,5,12,6,3,5,2,0,1,1,0,0,0,0,0,803090,9533,5827650,824
50681,11,1,1033203,Humboldthain Nordwest,2019,7,19,2,3,5,2,0,1,1,0,0,0,0,1,796270,7976,5830435,403
50682,11,9,9010402,Johannisthal Ost,2019,4,3,2,3,9,1,2,0,1,0,0,0,0,0,806224,7776,5818442,596
50683,11,7,7040405,Rathaus Tempelhof,2019,11,18,2,3,2,6,2,0,1,0,0,0,0,1,798511,2796,5822073,55
50684,11,9,9020601,Schnellerstra�e,2019,6,16,1,3,2,6,0,0,0,0,1,0,0,0,806501,944,5821232,81
50685,11,1,1011204,Leipziger Stra�e,2019,9,7,4,3,2,6,0,0,0,0,1,1,0,0,798660,557,5827051,53
50686,11,7,7030303,Grazer Platz,2019,12,7,6,3,2,6,1,0,1,0,0,0,0,1,795628,9396,5823246,817
50687,11,7,7030303,Grazer Platz,2019,7,19,2,3,5,3,0,0,1,0,0,0,1,1,795173,5391,5822937,231
50688,11,3,3040614,Pankow Zentrum,2019,4,10,7,3,0,2,0,0,1,0,0,0,1,0,798367,724,5833482,413
50689,11,7,7050502,Fritz-Werner-Stra�e,2019,10,6,2,3,0,3,1,1,0,0,0,0,0,1,797517,372,5818159,42
50690,11,9,9010101,Elsenstra�e,2019,9,8,3,3,2,6,0,0,1,0,0,0,0,0,802667,7069,5825212,573
50691,11,6,6030503,Zehlendorf Mitte,2019,7,16,2,3,0,5,0,1,1,0,0,0,0,0,789381,241,5818024,569
50692,11,2,2050602,Samariterviertel,2019,4,12,6,3,6,6,0,1,0,1,0,0,0,0,802379,3853,5827724,511
50693,11,7,7050502,Fritz-Werner-Stra�e,2019,10,17,6,3,5,3,1,0,1,0,0,0,0,1,797577,2551,5818423,189
50694,11,4,4020311,Reichsstra�e,2019,6,15,6,3,5,2,0,0,1,0,0,0,0,0,789823,4338,5826278,803
50695,11,3,3040818,Pankow S�d,2019,9,16,3,3,5,2,0,1,1,0,0,0,0,0,799148,5951,5832225,673
50697,11,4,4020311,Reichsstra�e,2019,5,14,5,3,2,6,0,0,1,0,0,0,0,0,789070,6124,5826145,973
50698,11,4,4020313,K�nigin-Elisabeth-Stra�e,2019,4,10,6,3,2,6,0,0,0,0,1,0,0,0,790514,8098,5826393,411
50699,11,1,1011204,Leipziger Stra�e,2019,11,22,2,3,3,6,2,0,1,0,0,0,0,0,797757,8125,5826850,54
50700,11,1,1011303,Alexanderplatzviertel,2019,5,4,5,3,5,3,1,1,1,0,0,0,0,0,799788,505,5828606,632
50701,11,12,12304314,Ziekowstra�e/Freie Scholle,2019,11,12,7,3,2,6,0,0,1,0,0,0,0,0,790339,1278,5835572,793
50702,11,4,4020310,Park Ruhwald,2019,7,14,2,3,3,6,0,0,1,0,0,0,0,0,790445,9188,5827708,9
50703,11,7,7050502,Fritz-Werner-Stra�e,2019,4,14,6,3,2,2,0,0,0,0,0,0,1,0,797577,8701,5818425,59
50704,11,7,7060601,Marienfelder Allee Nordwest,2019,10,16,3,2,1,5,0,0,1,0,1,0,0,0,796739,4483,5816072,572
50705,11,1,1011105,N�rdlicher Landwehrkanal,2019,9,15,3,3,2,2,0,0,0,0,1,1,0,0,796719,975,5826660,95
50707,11,9,9020601,Schnellerstra�e,2019,7,13,2,3,2,6,0,0,1,0,1,0,0,0,805870,5267,5821880,593
50708,11,5,5020629,B�rnicker Stra�e,2019,4,15,6,3,0,1,0,0,0,0,1,0,0,0,785788,1699,5826107,782
50709,11,1,1011303,Alexanderplatzviertel,2019,9,17,6,2,6,7,0,0,0,1,0,0,1,0,798716,7651,5827910,532
50710,11,2,2050802,Boxhagener Platz,2019,6,19,2,3,1,5,0,1,1,0,0,0,0,0,802050,5554,5827245,4
50711,11,10,10040830,Kaulsdorf S�d,2019,9,11,3,3,0,7,0,0,1,0,0,0,0,0,811396,2318,5827110,197
50712,11,2,2050802,Boxhagener Platz,2019,12,19,3,3,1,5,2,1,1,0,0,0,1,0,802093,3197,5827298,508
50713,11,11,11041022,Rosenfelder Ring,2019,5,20,4,3,2,7,0,0,1,0,0,0,1,0,805508,9502,5827401,898
50714,11,1,1011303,Alexanderplatzviertel,2019,7,10,2,3,5,3,0,0,1,0,0,0,1,0,799243,3114,5827891,124
50715,11,7,7030303,Grazer Platz,2019,4,10,5,3,3,6,0,0,1,0,0,0,0,0,795591,8619,5822927,991
50716,11,1,1011105,N�rdlicher Landwehrkanal,2019,11,12,4,3,5,7,0,0,1,0,0,0,0,1,796471,57,5826435,462
50717,11,7,7050502,Fritz-Werner-Stra�e,2019,11,13,7,2,6,7,0,0,1,1,0,0,0,0,798566,8107,5817919,341
50718,11,6,6010209,Feuerbachstra�e,2019,7,11,2,2,2,7,0,0,1,0,0,0,0,0,794019,9639,5821081,374
50719,11,3,3061126,Arnimplatz,2019,4,20,5,3,0,6,0,0,0,0,0,0,1,0,799195,1632,5831413,187
50720,11,11,11041022,Rosenfelder Ring,2019,10,9,3,3,6,2,0,0,1,1,0,0,0,0,805621,7,5827378,86
50721,11,12,12103219,Sch�fersee,2019,9,9,3,3,1,7,0,0,1,1,0,0,1,0,795737,6391,5832775,984
50723,11,2,2050602,Samariterviertel,2019,5,22,4,3,3,6,2,0,1,0,1,0,0,0,802522,3777,5827692,65
50724,11,7,7040401,Neu-Tempelhof,2019,7,8,2,3,0,7,0,1,0,0,0,0,0,0,797820,982,5822902,835
50725,11,2,2050601,Hausburgviertel,2019,4,22,5,3,5,2,2,0,1,0,0,0,1,0,801649,525,5828882,665
50726,11,7,7070703,John-Locke-Stra�e,2019,11,18,5,3,3,6,2,0,1,0,0,0,0,1,799852,9028,5813577,152
50727,11,7,7040405,Rathaus Tempelhof,2019,6,14,5,3,2,6,0,0,1,0,0,0,0,0,797873,5393,5822329,355
50728,11,4,4020311,Reichsstra�e,2019,9,12,3,3,0,3,0,1,1,0,0,0,0,0,790254,7236,5826331,522
50729,11,4,4030622,Richard-Wagner-Stra�e,2019,12,20,3,3,5,3,2,1,1,0,0,0,0,1,792252,8762,5826682,22
50730,11,10,10010204,Wuhletalstra�e,2019,7,8,1,2,9,1,0,0,1,0,0,0,0,0,808887,1721,5833369,86
50731,11,2,2020203,Viktoriapark,2019,10,4,5,3,8,1,2,0,1,0,0,0,0,0,797756,1273,5824212,571
50732,11,6,6010103,Markelstra�e,2019,7,23,1,3,0,7,2,0,1,0,0,0,0,0,792888,1641,5821605,395
50733,11,2,2020203,Viktoriapark,2019,9,15,6,3,2,6,0,0,1,0,0,0,0,1,797757,786,5824183,643
50734,11,6,6030503,Zehlendorf Mitte,2019,4,18,5,3,0,1,0,0,0,0,1,0,0,0,788314,1793,5817727,135
50735,11,4,4041133,G�terbahnhof Grunewald,2019,10,9,4,3,2,6,0,0,1,0,0,0,0,0,790576,3811,5825143,406
50736,11,4,4020311,Reichsstra�e,2019,9,12,3,3,0,3,0,1,1,0,0,0,0,0,790253,9521,5826331,389
50738,11,1,1044203,Leopoldplatz,2019,5,21,4,3,2,6,0,0,1,0,0,0,1,0,795912,6741,5831785,72
50739,11,2,2050602,Samariterviertel,2019,7,19,1,3,5,2,0,0,1,0,0,0,0,0,802180,3977,5827726,857
50740,11,2,2050601,Hausburgviertel,2019,4,10,5,3,6,4,0,1,0,1,0,0,0,0,801848,5111,5828476,69
50741,11,1,1011105,N�rdlicher Landwehrkanal,2019,11,16,7,2,0,3,1,1,0,0,0,0,1,0,796554,24,5826609,774
50742,11,9,9010102,Am Treptower Park Nord,2019,6,18,7,2,3,6,0,0,1,0,0,0,0,0,803724,8217,5824774,557
50743,11,12,12103117,Letteplatz,2019,12,11,4,3,3,6,0,0,1,0,1,0,0,0,795813,558,5832426,551
50744,11,5,5040936,J�gerallee,2019,7,18,1,2,5,3,0,1,1,0,0,0,0,0,780177,9311,5822275,813
50745,11,2,2020202,Rathaus Yorckstra�e,2019,4,9,5,3,1,5,0,0,1,0,0,0,1,0,797565,4461,5825536,42
50746,11,7,7050502,Fritz-Werner-Stra�e,2019,10,17,6,3,5,3,0,0,1,0,0,0,0,0,797428,4492,5817758,982
50747,11,1,1011104,K�rnerstra�e,2019,9,15,2,3,0,7,0,1,0,0,0,0,0,1,796323,3157,5826085,27
50748,11,4,4020208,Kranzallee,2019,7,23,7,3,5,2,2,0,1,0,1,0,0,0,788931,6399,5826124,422
50749,11,9,9020601,Schnellerstra�e,2019,4,10,5,2,5,3,0,1,1,0,0,0,0,0,806600,3741,5821135,892
50750,11,3,3020209,Niedersch�nhausen,2019,10,8,4,3,2,7,1,1,1,0,0,0,0,1,798195,9765,5835325,318
50751,11,10,10030726,Alt-Biesdorf,2019,6,7,5,2,5,2,0,1,1,0,0,0,0,0,808948,2401,5827441,17
50752,11,1,1033203,Humboldthain Nordwest,2019,9,11,2,3,5,2,0,0,1,0,0,0,0,1,796187,744,5830191,845
50753,11,7,7070703,John-Locke-Stra�e,2019,12,14,5,3,1,5,0,0,1,0,0,0,1,1,799859,2541,5813506,61
50754,11,2,2050602,Samariterviertel,2019,5,10,4,3,2,6,0,0,1,0,1,0,0,0,803518,3622,5827606,266
50755,11,1,1044102,Schillerpark,2019,4,17,5,3,2,6,0,0,1,0,0,0,0,0,795879,5741,5832054,493
50756,11,1,1022202,Heidestra�e,2019,11,5,1,3,8,1,2,0,1,0,0,0,1,1,795965,1762,5829433,598
50757,11,4,4030623,Ernst-Reuter-Platz,2019,5,11,4,3,5,7,0,1,1,0,0,0,0,0,793482,5843,5826888,823
50758,11,3,3040614,Pankow Zentrum,2019,11,18,5,3,5,2,2,1,1,0,0,0,0,1,798367,2917,5833482,288
50759,11,4,4030417,Schlo�stra�e,2019,7,22,7,2,0,1,2,1,0,0,0,0,0,0,791699,87,5826588,62
50760,11,10,10010308,Marzahner Chaussee,2019,4,7,4,2,5,2,0,0,1,0,1,0,1,0,808054,6151,5827457,618
50761,11,3,3020209,Niedersch�nhausen,2019,10,14,1,3,5,2,0,1,1,0,0,0,0,0,798113,3353,5835761,436
50762,11,4,4020314,Messegel�nde,2019,9,23,2,3,9,1,2,0,1,0,0,0,0,1,790478,1635,5825452,627
50764,11,4,4020313,K�nigin-Elisabeth-Stra�e,2019,5,17,4,3,3,6,0,0,1,0,0,0,0,0,790304,672,5826358,429
50765,11,2,2040503,Richard-Sorge-Viertel,2019,7,10,7,3,3,6,0,1,1,0,0,0,0,0,802023,83,5827761,53
50766,11,5,5020524,Weinmeisterhornweg,2019,4,11,4,3,2,6,0,0,1,0,0,0,1,0,783701,118,5826664,788
50767,11,2,2020202,Rathaus Yorckstra�e,2019,10,20,7,3,0,7,2,0,0,0,1,0,0,0,797834,3426,5824980,697
50768,11,7,7030303,Grazer Platz,2019,9,21,2,3,5,3,2,0,1,0,0,1,0,1,796008,6585,5822735,546
50769,11,3,3061126,Arnimplatz,2019,7,10,7,3,2,6,0,0,1,0,1,0,0,0,799196,197,5831434,82
50770,11,4,4020208,Kranzallee,2019,4,12,4,3,2,6,0,0,1,0,0,0,0,0,788070,3675,5825985,465
50771,11,1,1033203,Humboldthain Nordwest,2019,10,6,4,3,2,6,2,0,1,0,0,0,1,1,796236,3585,5829969,632
50772,11,1,1033203,Humboldthain Nordwest,2019,6,8,6,3,5,2,0,1,1,0,0,0,0,0,796318,2849,5830074,317
50773,11,4,4020313,K�nigin-Elisabeth-Stra�e,2019,9,19,2,3,5,3,2,0,1,0,0,1,0,1,790744,2734,5826506,209
50774,11,3,3020209,Niedersch�nhausen,2019,12,7,7,3,4,6,0,0,1,0,0,0,0,0,798141,409,5835428,657
50775,11,3,3040818,Pankow S�d,2019,5,13,4,3,5,2,0,0,1,0,0,0,1,0,799122,8826,5832333,516
50776,11,7,7040405,Rathaus Tempelhof,2019,4,13,4,3,3,6,0,0,1,0,0,1,0,0,799325,1052,5821562,99
50777,11,12,12224230,Heiligensee,2019,11,14,1,3,2,6,0,0,1,0,0,0,0,0,787549,6002,5837851,569
50778,11,7,7040405,Rathaus Tempelhof,2019,5,15,4,2,9,1,0,0,0,0,1,0,0,0,799594,566,5821357,214
50779,11,7,7040403,Manteuffelstra�e,2019,11,13,7,2,0,1,0,0,0,0,1,0,0,1,797691,1569,5822311,706
50780,11,9,9020601,Schnellerstra�e,2019,7,0,7,2,5,3,2,1,0,0,1,0,0,0,806605,4902,5821130,875
50781,11,12,12103219,Sch�fersee,2019,4,14,4,3,0,2,0,1,0,0,0,0,1,0,795766,7536,5832692,731
50782,11,4,4030417,Schlo�stra�e,2019,10,13,2,3,2,6,0,1,1,0,0,0,0,0,791378,94,5826534,643
50783,11,4,4020311,Reichsstra�e,2019,9,15,2,3,4,1,0,0,1,0,0,0,0,1,789057,543,5826144,105
50785,11,7,7050502,Fritz-Werner-Stra�e,2019,5,7,4,3,5,3,0,1,0,0,0,0,0,0,798590,7036,5817920,223
50786,11,1,1011303,Alexanderplatzviertel,2019,7,23,6,2,0,7,2,0,0,0,1,0,1,0,798678,4684,5827875,934
50787,11,1,1011105,N�rdlicher Landwehrkanal,2019,4,15,4,3,2,6,0,0,1,0,0,0,1,0,796695,7199,5826198,656
50788,11,3,3020209,Niedersch�nhausen,2019,6,14,2,2,0,3,0,0,0,0,1,1,0,0,797957,5,5834563,755
50789,11,2,2010101,Askanischer Platz,2019,9,9,2,3,2,6,0,0,1,0,0,0,0,1,797886,552,5825489,672
50790,11,1,1011204,Leipziger Stra�e,2019,12,19,2,3,5,3,2,1,1,0,0,0,0,1,798831,5822,5827234,522
50791,11,2,2050602,Samariterviertel,2019,5,9,4,3,5,2,0,1,0,0,0,0,1,0,802178,5289,5827741,531
50792,11,7,7040401,Neu-Tempelhof,2019,7,12,6,3,1,5,0,0,1,0,0,0,1,0,797815,411,5823023,164
50793,11,4,4030622,Richard-Wagner-Stra�e,2019,4,17,3,3,3,6,0,0,1,0,1,0,0,0,792573,3053,5826713,954
50794,11,6,6030605,Botanischer Garten,2019,11,14,3,3,2,6,0,0,1,0,0,0,0,1,792374,8156,5819694,561
50795,11,1,1033203,Humboldthain Nordwest,2019,11,13,6,2,5,3,0,0,1,0,0,0,0,0,796343,923,5830077,937
50796,11,4,4030417,Schlo�stra�e,2019,7,12,6,3,2,6,0,0,1,0,0,0,0,0,791831,613,5826589,522
50797,11,4,7030301,Friedenau,2019,4,21,3,3,2,6,2,0,1,0,0,0,0,0,794498,6583,5823072,204