OBJECTID,LAND,BEZ,LOR,STRASSE,UJAHR,UMONAT,USTUNDE,UWOCHENTAG,UKATEGORIE,UART,UTYP1,ULICHTVERH,IstRad,IstPKW,IstFuss,IstKrad,IstGkfz,IstSonstige,USTRZUSTAND,LINREFX,LINREFY,XGCSWGS84,YGCSWGS84
50798,11,6,6010101,Fichtenberg,2019,10,15,2,3,5,7,0,0,1,0,0,0,0,0,793108,744,5820189,965
50799,11,9,9010101,Elsenstra�e,2019,9,8,2,3,3,6,0,0,1,0,0,0,1,1,802776,3895,5825334,796
50801,11,4,4020208,Kranzallee,2019,5,7,4,2,5,7,0,0,1,0,1,0,0,0,786958,6726,5825809,561
50802,11,4,4020208,Kranzallee,2019,7,18,6,3,2,6,0,0,1,0,0,0,0,0,786783,131,5825842,369
50803,11,11,11030721,R�digerstra�e,2019,4,20,3,3,1,5,2,0,1,0,1,0,0,0,804015,2677,5827555,826
50804,11,2,2040502,Friedenstra�e,2019,11,21,4,3,3,6,2,0,1,0,0,0,1,0,801127,5477,5827835,843
50805,11,4,4020311,Reichsstra�e,2019,6,13,4,3,5,2,0,0,1,0,0,0,0,0,790257,3477,5826350,577
50806,11,7,7050502,Fritz-Werner-Stra�e,2019,9,14,2,3,2,6,0,0,1,0,1,0,0,1,798224,539,5818774,69
50807,11,4,4041239,Stadion Wilmersdorf,2019,12,17,2,3,2,6,2,0,1,0,0,0,0,1,792128,2643,5823765,982
50808,11,1,1011303,Alexanderplatzviertel,2019,7,20,6,3,0,1,1,0,0,0,0,0,1,0,799322,871,5827972,354
50809,11,9,9010302,Sp�thsfelde,2019,10,18,4,3,2,6,2,0,1,0,0,0,0,0,803738,5056,5820195,2
50810,11,2,2050602,Samariterviertel,2019,9,0,1,3,9,1,2,0,1,0,0,0,0,0,802054,3155,5828002,373
50811,11,4,4010101,Jungfernheide,2019,7,9,6,3,2,6,0,0,1,0,0,0,0,0,790611,3276,5828778,1
50812,11,3,3050920,Wei�er See,2019,4,19,3,3,5,3,0,0,1,0,0,0,0,0,802807,7368,5832172,436
50813,11,5,5020524,Weinmeisterhornweg,2019,10,11,3,3,2,6,0,0,1,0,0,0,0,1,783497,6986,5826692,429
50814,11,7,7050506,Birnhornweg,2019,9,4,1,3,1,1,0,0,1,0,0,0,0,0,798755,3482,5817463,518
50816,11,4,4010103,Paul-Hertz-Siedlung,2019,5,8,4,3,8,1,0,0,0,0,1,0,0,0,791555,1596,5829121,317
50817,11,2,2040503,Richard-Sorge-Viertel,2019,7,2,6,3,3,6,2,0,0,0,0,0,1,0,801877,7814,5827775,571
50818,11,4,4030622,Richard-Wagner-Stra�e,2019,4,18,3,3,5,3,0,1,1,0,0,0,0,0,792758,2877,5826766,69
50819,11,1,1011303,Alexanderplatzviertel,2019,11,4,7,3,0,3,2,0,0,0,0,0,1,1,799190,2375,5828394,367
50820,11,1,1033203,Humboldthain Nordwest,2019,5,9,3,3,5,2,0,1,1,0,0,0,0,0,796184,661,5830195,38
50821,11,2,2050602,Samariterviertel,2019,12,7,3,3,5,2,1,1,1,0,0,0,0,0,802590,2623,5827701,719
50822,11,10,10010204,Wuhletalstra�e,2019,7,11,5,3,5,3,0,0,1,0,0,0,1,0,808903,356,5833412,582
50823,11,9,9010101,Elsenstra�e,2019,4,17,3,3,4,7,0,1,1,0,0,0,0,0,802819,2752,5825432,68
50824,11,2,2050602,Samariterviertel,2019,10,11,6,3,5,2,0,1,0,0,0,0,1,0,802144,1501,5827755,655
50825,11,2,2050602,Samariterviertel,2019,9,20,7,2,6,4,2,0,1,1,0,0,0,0,802567,4021,5827688,131
50826,11,4,4010102,Pl�tzensee,2019,7,23,5,2,3,1,2,0,1,0,0,0,0,0,792233,6238,5829352,6
50827,11,3,3040513,Sch�nholz,2019,4,7,3,3,5,2,0,1,1,0,0,0,0,0,798001,1958,5833659,639
50828,11,1,1011303,Alexanderplatzviertel,2019,10,9,3,3,5,2,0,1,1,0,0,0,0,1,799595,725,5828279,342
50829,11,4,4020313,K�nigin-Elisabeth-Stra�e,2019,6,18,4,3,2,6,0,0,1,0,0,0,0,0,790620,6013,5827200,323
50830,11,7,7020202,Volkspark (Rudolf-Wilde-Park),2019,9,12,7,3,3,6,0,0,1,0,0,0,0,0,794723,4767,5823149,647
50831,11,1,1044201,Reinickendorfer Stra�e,2019,12,16,2,3,6,2,2,0,1,1,0,0,0,0,796042,4921,5831349,744
50832,11,1,1033203,Humboldthain Nordwest,2019,5,8,3,3,5,2,0,1,0,0,0,1,0,0,796184,661,5830195,38
50833,11,2,2040701,Andreasviertel,2019,4,17,3,2,6,4,0,1,0,1,0,0,0,0,800961,2254,5827853,204
50834,11,6,6030503,Zehlendorf Mitte,2019,11,10,7,3,0,2,0,1,1,0,0,0,0,1,791021,6546,5818794,891
50835,11,1,1011303,Alexanderplatzviertel,2019,5,8,3,3,2,2,0,1,0,0,0,0,1,0,799571,12,5828269,929
50836,11,7,7040403,Manteuffelstra�e,2019,11,17,4,3,2,6,2,0,1,0,0,0,0,1,797378,7454,5822327,423
50837,11,3,3061435,Conrad-Blenkle-Stra�e,2019,7,16,5,3,3,6,0,1,1,0,0,0,0,0,801584,3731,5829015,65
50838,11,7,7030303,Grazer Platz,2019,4,17,3,3,5,2,0,0,1,0,1,0,0,0,795640,762,5823234,294
50839,11,12,12301205,Waidmannslust,2019,10,9,6,3,5,3,0,0,1,0,1,0,0,0,792376,7482,5837733,564
50840,11,7,7010104,Dennewitzplatz,2019,9,12,7,3,5,3,0,0,1,0,1,0,0,0,796007,2839,5824868,98
50842,11,1,1044203,Leopoldplatz,2019,5,17,3,3,6,4,0,1,1,1,0,0,0,0,795944,3302,5831686,674
50843,11,3,3040614,Pankow Zentrum,2019,7,13,5,3,2,6,0,0,1,0,0,0,0,0,798390,5097,5833450,388
50844,11,7,7050501,Rathausstra�e,2019,4,12,2,3,5,2,0,0,1,0,0,0,0,0,797869,6447,5820429,477
50845,11,5,5040935,Gro�-Glienicker Weg,2019,6,12,7,3,4,6,0,1,0,0,0,0,0,0,781147,7721,5823608,577
50846,11,2,2020203,Viktoriapark,2019,9,11,7,3,2,6,0,0,1,0,0,0,0,0,797761,1633,5824670,24
50847,11,7,7040403,Manteuffelstra�e,2019,12,3,1,3,5,3,2,0,1,0,0,0,0,1,797832,7128,5822294,185
50848,11,3,3061332,Helmholtzplatz,2019,5,11,3,2,0,2,0,0,1,0,1,0,0,0,799982,3608,5830224,387
50849,11,7,7020202,Volkspark (Rudolf-Wilde-Park),2019,7,8,5,3,2,2,0,1,1,0,0,0,0,0,795230,4544,5823534,838
50850,11,12,12103219,Sch�fersee,2019,11,0,1,2,1,1,2,0,1,0,0,0,0,1,795706,4796,5832855,902
50851,11,2,2050602,Samariterviertel,2019,7,6,5,3,5,2,0,0,1,0,0,0,0,0,802147,322,5827743,728
50852,11,12,12103219,Sch�fersee,2019,4,22,2,3,0,3,2,0,1,0,1,0,0,0,795712,6231,5832840,6
50853,11,7,7050502,Fritz-Werner-Stra�e,2019,10,13,7,3,5,3,0,1,1,0,0,0,0,0,798153,95,5819054,333
50854,11,4,4030417,Schlo�stra�e,2019,9,20,6,3,0,1,2,1,1,0,0,0,0,0,790860,6487,5826431,28
50856,11,7,7060604,Marienfelde S�d,2019,5,10,2,2,0,7,0,1,0,0,0,0,0,0,796423,8577,5815399,872
50857,11,12,12103115,Breitkopfbecken,2019,7,17,4,3,1,5,0,1,1,0,0,0,0,0,795413,5367,5833583,149
50858,11,1,1011303,Alexanderplatzviertel,2019,4,18,2,3,0,5,0,1,0,0,0,0,1,0,798902,6546,5828084,716
50859,11,5,5020629,B�rnicker Stra�e,2019,11,17,3,1,6,4,1,0,1,1,0,0,1,1,785375,764,5826217,721
50860,11,1,1011303,Alexanderplatzviertel,2019,6,11,3,3,5,2,0,1,1,0,0,0,0,0,799761,8956,5828627,234
50861,11,6,6040703,Nikolassee,2019,9,6,6,3,3,6,0,0,1,0,0,0,0,0,785936,5173,5819063,562
50862,11,4,4020310,Park Ruhwald,2019,12,18,6,2,2,6,2,0,1,0,0,0,0,1,790481,2,5828459,686
50863,11,2,2050601,Hausburgviertel,2019,7,15,4,3,0,1,0,1,0,0,0,0,0,0,802030,3993,5828104,722
50864,11,9,9020601,Schnellerstra�e,2019,10,13,3,3,2,6,0,0,1,0,0,0,0,0,806635,9127,5821121,58
50865,11,4,4020314,Messegel�nde,2019,9,13,6,3,3,6,0,0,1,0,0,0,1,0,790463,3745,5825454,988
50866,11,12,12214125,Waldidyll/Flughafensee,2019,6,15,7,3,2,6,0,0,1,0,0,0,0,0,792033,1386,5831711,134
50867,11,12,4010101,Jungfernheide,2019,9,13,6,3,0,6,0,0,0,0,0,0,1,0,791557,862,5830732,139
50868,11,12,12103219,Sch�fersee,2019,12,13,2,3,3,6,0,0,1,0,0,1,0,0,795749,2545,5832703,992
50869,11,2,2020203,Viktoriapark,2019,5,9,2,3,3,6,0,1,1,0,0,0,0,0,797758,56,5824138,596
50870,11,3,3020307,Buchholz,2019,7,19,4,2,2,7,0,0,1,0,0,0,0,0,801220,704,5837679,906
50871,11,5,5020524,Weinmeisterhornweg,2019,4,15,2,3,0,7,0,0,1,0,0,0,1,0,783319,4461,5826476,398
50872,11,7,7050502,Fritz-Werner-Stra�e,2019,11,12,2,3,0,6,0,0,1,0,1,0,0,1,798192,196,5818900,192
50873,11,7,7050501,Rathausstra�e,2019,7,7,4,3,2,6,0,0,1,0,0,0,1,0,798084,3215,5819322,401
50874,11,4,4030417,Schlo�stra�e,2019,4,8,2,3,5,2,0,1,1,0,0,0,0,0,791173,6869,5826482,474
50875,11,7,7040403,Manteuffelstra�e,2019,10,17,1,3,0,7,0,1,1,0,0,0,0,0,797871,8593,5821606,167
50876,11,12,12103115,Breitkopfbecken,2019,9,12,6,3,6,7,0,0,0,1,0,1,0,0,795493,1487,5833372,1
50878,11,4,4030623,Ernst-Reuter-Platz,2019,5,15,1,3,6,4,0,1,0,1,0,0,0,0,792766,7518,5826768,126
50879,11,4,4051551,Brabanter Platz,2019,7,15,4,3,2,6,0,0,1,0,0,1,0,0,793199,5736,5823013,942
50880,11,2,2050602,Samariterviertel,2019,4,8,2,3,5,3,0,1,1,0,0,0,0,0,803308,6414,5827628,703
50881,11,3,3020209,Niedersch�nhausen,2019,11,22,3,3,0,3,2,1,1,0,0,0,0,1,798165,6982,5836121,947
50882,11,3,3061131,Falkplatz,2019,6,7,4,2,5,3,0,1,0,0,0,0,0,0,799162,7604,5830629,884
50883,11,4,4041133,G�terbahnhof Grunewald,2019,9,12,6,3,2,6,0,0,1,0,0,0,0,0,790561,4154,5825168,888
50884,11,2,2050802,Boxhagener Platz,2019,12,13,7,3,1,5,0,1,1,0,0,0,1,0,802041,4204,5827052,417
50885,11,9,9010201,Am Treptower Park S�d,2019,7,16,4,3,5,2,0,0,1,0,0,0,0,0,803117,5809,5824546,14
50886,11,12,12103115,Breitkopfbecken,2019,10,9,4,3,3,6,0,0,1,0,0,0,0,0,795438,7631,5833516,538
50887,11,7,7060601,Marienfelder Allee Nordwest,2019,9,15,6,3,8,7,0,0,1,0,0,0,0,0,796604,224,5816011,462
50888,11,7,7040401,Neu-Tempelhof,2019,7,14,4,3,3,6,0,0,1,0,1,0,1,0,797780,198,5823444,981
50889,11,12,12302212,Rollbergesiedlung,2019,4,0,1,3,5,2,2,1,1,0,0,0,0,0,792728,4084,5837423,794
50890,11,4,4030417,Schlo�stra�e,2019,10,0,3,3,5,2,2,0,1,0,0,0,0,0,791027,762,5826458,485
50891,11,4,4020314,Messegel�nde,2019,6,13,2,3,2,6,0,0,1,0,0,1,0,0,790539,5092,5825848,345
50892,11,11,11030721,R�digerstra�e,2019,9,20,5,3,5,2,2,1,1,0,0,0,0,0,804870,77,5827449,155
50894,11,10,10010204,Wuhletalstra�e,2019,5,2,1,3,6,4,2,0,0,1,0,0,1,0,808704,49,5832916,884
50895,11,10,10030726,Alt-Biesdorf,2019,7,19,4,3,2,6,0,0,1,0,0,0,0,0,809474,7248,5827395,29
50896,11,4,4041239,Stadion Wilmersdorf,2019,4,13,7,3,2,6,0,0,1,0,0,0,0,0,792327,4094,5823539,619
50897,11,5,5040936,J�gerallee,2019,11,7,5,2,4,6,1,1,0,0,0,0,0,0,780347,74,5822457,689
50898,11,4,4010101,Jungfernheide,2019,5,17,1,3,2,6,0,0,1,0,0,0,0,0,791279,7996,5829931,119
50899,11,4,4030417,Schlo�stra�e,2019,12,16,3,3,5,2,2,1,1,0,0,0,0,1,791031,9133,5826459,167
50900,11,2,2040503,Richard-Sorge-Viertel,2019,7,20,3,3,2,6,0,0,1,0,0,0,1,0,801956,6836,5827767,694
50901,11,4,4030417,Schlo�stra�e,2019,4,1,7,3,5,3,2,0,1,0,0,0,0,0,791859,781,5826594,454
50902,11,2,2050602,Samariterviertel,2019,10,8,5,2,0,2,0,1,1,0,0,0,0,1,802589,2812,5827701,822
50903,11,3,3061126,Arnimplatz,2019,9,6,5,3,5,2,1,1,0,0,0,1,0,0,799197,1656,5831456,209
50905,11,3,3061332,Helmholtzplatz,2019,7,18,3,3,1,5,0,1,1,0,0,0,1,0,799244,8305,5830348,479
50906,11,2,2050602,Samariterviertel,2019,4,0,7,3,6,4,2,0,1,1,0,0,0,0,802586,285,5827702,138
50907,11,4,4041342,Schlangenbader Stra�e,2019,9,17,2,3,8,1,0,0,1,0,0,0,0,1,792467,4451,5822711,22
50908,11,2,2040503,Richard-Sorge-Viertel,2019,6,5,4,3,2,6,0,0,1,0,0,0,0,0,801554,8479,5827808,342
50909,11,4,4030417,Schlo�stra�e,2019,9,11,5,3,5,2,0,1,1,0,0,0,0,0,791025,9514,5826476,846
50910,11,1,1011304,Karl-Marx-Allee,2019,12,17,6,3,2,6,2,1,0,0,0,0,0,0,800161,2148,5828007,345
50911,11,4,4020313,K�nigin-Elisabeth-Stra�e,2019,5,0,1,3,0,1,2,1,0,0,0,0,0,0,790487,1164,5826370,173
50912,11,12,12103218,Teichstra�e,2019,7,16,3,3,5,3,0,1,1,0,0,0,0,0,794405,1736,5834451,556
50913,11,2,2050602,Samariterviertel,2019,4,11,7,2,5,3,0,0,1,0,0,0,1,0,802179,9971,5827734,48
50914,11,2,2050602,Samariterviertel,2019,11,9,6,3,6,7,0,1,0,1,0,0,0,0,802971,6255,5827662,934
50915,11,1,1011105,N�rdlicher Landwehrkanal,2019,9,6,5,3,5,2,0,1,1,0,0,0,0,1,796552,495,5826607,731
50916,11,3,3061332,Helmholtzplatz,2019,11,16,3,3,2,2,2,0,1,0,0,0,0,0,799994,5511,5830220,96
50917,11,12,12301203,Wittenau S�d,2019,7,14,3,3,5,3,0,0,1,0,0,0,0,0,794097,8371,5835017,603
50918,11,3,3040818,Pankow S�d,2019,4,15,6,3,5,2,0,0,1,0,0,0,1,0,799144,6965,5832234,253
50919,11,1,1011102,Gro�er Tiergarten,2019,10,17,5,3,6,4,0,1,0,1,0,0,0,0,796020,6913,5827317,977
50920,11,9,9010102,Am Treptower Park Nord,2019,9,16,4,3,6,7,0,0,0,1,0,0,1,0,802700,4524,5825200,286
50922,11,1,1044102,Schillerpark,2019,5,11,7,3,5,3,0,0,1,0,1,0,0,0,795878,9912,5832057,624
50923,11,12,12103219,Sch�fersee,2019,7,14,3,3,6,4,0,1,0,1,0,0,0,0,795607,1064,5833078,747
50924,11,10,10010309,Springpfuhl,2019,4,9,6,3,1,6,0,0,1,0,0,0,1,0,807658,4255,5830125,927
50925,11,12,12301203,Wittenau S�d,2019,6,11,6,3,2,6,0,0,1,0,0,0,1,0,794004,7104,5835187,84
50926,11,7,7040405,Rathaus Tempelhof,2019,9,10,4,3,2,6,0,0,1,0,0,0,0,0,798532,6026,5822076,619
50927,11,6,6040701,Wannsee,2019,12,17,6,3,0,2,2,1,1,0,0,0,0,0,783380,8229,5815986,783
50928,11,3,3040818,Pankow S�d,2019,5,11,7,3,6,6,0,1,0,1,0,0,0,0,799105,4928,5832323,698
50929,11,3,3050925,Komponistenviertel Wei�ensee,2019,7,12,3,3,3,6,0,1,1,0,0,0,0,0,802026,3459,5831470,94
50930,11,12,12103218,Teichstra�e,2019,11,0,7,3,3,2,2,0,1,0,0,0,0,1,794573,263,5833797,856
50931,11,1,1011202,Unter den Linden Nord,2019,7,7,3,2,6,4,0,0,0,1,0,1,0,0,798299,4167,5827699,107
50932,11,9,9010202,K�penicker Landstra�e,2019,4,12,6,3,2,2,0,0,1,0,0,0,0,0,804106,561,5824366,79
50933,11,3,3010104,Lietzengraben,2019,10,7,6,3,0,7,0,0,1,0,0,0,1,0,799610,712,5840103,442
50934,11,2,2050602,Samariterviertel,2019,9,9,4,3,1,5,0,0,1,0,1,0,0,0,802952,9476,5827648,731
50936,11,1,1044203,Leopoldplatz,2019,5,3,7,3,2,6,2,1,1,0,0,0,0,0,795936,764,5831656,853
50937,11,9,9020601,Schnellerstra�e,2019,7,10,3,3,0,1,0,1,0,0,0,0,0,0,805389,6535,5822331,19
50938,11,3,3071639,B�tzowstra�e,2019,4,23,6,3,1,5,2,1,1,0,0,0,1,0,800191,5136,5829229,626
50939,11,3,3061332,Helmholtzplatz,2019,11,14,2,3,1,5,0,1,1,0,0,0,0,1,799476,782,5830320,663
50940,11,12,12304314,Ziekowstra�e/Freie Scholle,2019,6,6,3,3,2,6,0,0,1,0,0,0,0,0,790265,2677,5835720,574
50941,11,12,12103219,Sch�fersee,2019,9,14,4,3,5,2,0,1,1,0,0,0,0,1,795741,5325,5832766,11
50942,11,3,3071639,B�tzowstra�e,2019,12,15,6,3,1,5,1,1,1,0,0,0,1,1,800243,1284,5829312,9
50943,11,1,1044102,Schillerpark,2019,7,16,3,3,0,4,0,1,0,1,0,0,0,0,795880,5776,5832049,104
50944,11,3,3040818,Pankow S�d,2019,4,16,6,3,5,3,0,1,1,0,0,0,0,0,800081,8883,5832712,619
50945,11,1,1011204,Leipziger Stra�e,2019,10,11,2,3,3,6,0,0,1,0,1,0,0,0,797771,665,5826852,17
50946,11,6,6010209,Feuerbachstra�e,2019,9,14,3,2,0,1,0,0,0,0,1,0,0,0,794283,8942,5821479,34
50947,11,4,4020310,Park Ruhwald,2019,7,10,3,3,2,6,0,0,1,0,0,0,0,0,790469,215,5828470,112
50948,11,3,3050923,Wei�enseer Spitze,2019,4,7,6,3,2,6,0,0,1,0,0,0,0,0,800254,4103,5831890,385
50949,11,1,1044102,Schillerpark,2019,10,20,7,3,5,3,2,1,0,0,0,0,1,0,795877,1449,5832069,85
50950,11,2,2050602,Samariterviertel,2019,6,7,7,3,5,2,0,0,1,0,0,0,0,0,802580,986,5827686,767
50951,11,6,6040701,Wannsee,2019,9,17,3,3,5,2,0,1,1,0,0,0,0,0,784010,9845,5815896,449
50953,11,2,2020202,Rathaus Yorckstra�e,2019,5,14,7,2,6,4,0,0,1,1,0,0,0,0,797848,3604,5825020,28
50954,11,10,10010204,Wuhletalstra�e,2019,4,9,5,2,5,3,0,0,1,0,0,0,1,0,808896,7093,5833396,48
50955,11,9,9010102,Am Treptower Park Nord,2019,11,16,3,2,4,6,1,1,0,0,0,0,0,0,802744,1203,5825182,787
50956,11,3,3061126,Arnimplatz,2019,5,23,6,3,5,3,2,1,1,0,0,0,0,0,799218,3272,5832063,732
50957,11,7,7020203,Kaiser-Wilhelm-Platz,2019,12,3,1,3,3,6,2,0,1,0,0,0,0,0,795427,1164,5823727,647
50958,11,3,3020209,Niedersch�nhausen,2019,7,8,3,3,2,6,0,0,1,0,0,1,0,0,797987,5594,5834232,537
50959,11,7,7030303,Grazer Platz,2019,4,8,5,3,2,6,0,0,1,0,0,0,0,0,795882,5403,5822666,93
50960,11,7,7020203,Kaiser-Wilhelm-Platz,2019,10,17,3,2,1,5,1,1,1,0,0,0,0,0,795777,942,5824124,54
50961,11,12,12214125,Waldidyll/Flughafensee,2019,9,17,3,3,9,1,0,0,1,0,0,0,0,0,791725,7868,5831080,545
50963,11,3,3061332,Helmholtzplatz,2019,7,8,3,3,1,5,0,1,1,0,0,0,0,0,799410,266,5830311,447
50964,11,12,12103218,Teichstra�e,2019,4,17,5,2,6,2,0,0,1,1,0,0,0,0,794572,1608,5833819,2
50965,11,7,7030303,Grazer Platz,2019,9,14,7,3,2,6,0,0,1,0,0,0,0,0,795779,9387,5822653,883
50966,11,7,7040405,Rathaus Tempelhof,2019,6,7,3,2,0,1,0,0,0,0,1,0,0,0,798507,583,5822075,571
50967,11,3,3020209,Niedersch�nhausen,2019,9,9,3,3,5,2,0,1,0,0,1,0,0,0,797964,7404,5834379,815
50968,11,7,7040402,Lindenhofsiedlung,2019,12,15,4,3,2,6,1,0,0,0,1,0,1,0,796527,164,5822534,852
50969,11,2,2040503,Richard-Sorge-Viertel,2019,5,19,6,2,6,4,0,0,1,1,0,0,0,0,801720,235,5827775,407
50970,11,2,2050602,Samariterviertel,2019,7,8,3,3,2,6,0,0,1,0,0,0,0,0,802402,8225,5827721,977
50971,11,2,2050602,Samariterviertel,2019,7,19,3,3,3,6,0,0,1,0,0,0,0,0,802240,8521,5827722,524
50972,11,7,7050502,Fritz-Werner-Stra�e,2019,4,17,5,3,6,4,0,0,1,1,0,0,0,0,797488,4024,5818027,404
50973,11,4,4041137,Flinsberger Platz,2019,10,16,1,3,0,1,0,0,1,0,0,0,0,0,791606,3029,5824315,24
50974,11,3,3040513,Sch�nholz,2019,6,17,1,3,1,5,0,1,1,0,0,0,0,0,798036,6879,5833871,54
50975,11,2,2050802,Boxhagener Platz,2019,9,9,3,3,5,2,0,1,1,0,0,0,0,0,802087,2624,5827268,67
50977,11,12,12214527,Alt-Tegel,2019,5,11,6,3,2,6,0,0,1,0,0,0,0,0,790734,878,5834804,238
50978,11,1,1011104,K�rnerstra�e,2019,4,10,4,3,3,6,0,0,1,0,0,0,0,0,796158,5013,5825729,913
50979,11,4,4020314,Messegel�nde,2019,11,18,4,3,2,6,2,0,1,0,0,0,0,0,790538,8206,5825782,939
50980,11,3,3020209,Niedersch�nhausen,2019,5,7,6,2,6,4,0,0,1,1,0,0,0,0,798121,7316,5835643,263
50981,11,11,11030721,R�digerstra�e,2019,12,18,2,2,6,4,2,0,1,1,0,0,0,1,804235,3995,5827533,243
50982,11,12,12103219,Sch�fersee,2019,7,16,2,3,5,2,0,1,1,0,0,0,0,1,795766,1555,5832696,99
50983,11,1,1022202,Heidestra�e,2019,4,13,4,3,3,6,0,0,0,0,1,0,1,0,796257,1944,5829008,332
50984,11,12,12103218,Teichstra�e,2019,10,9,4,3,0,2,0,0,0,0,1,1,0,0,794482,8079,5834309,75
50985,11,2,2020202,Rathaus Yorckstra�e,2019,9,16,3,3,1,5,0,0,1,0,0,0,1,0,797853,8265,5825034,428
50987,11,3,3020307,Buchholz,2019,7,16,2,3,2,7,0,0,0,0,1,1,0,1,799838,101,5839521,122
50988,11,12,12301205,Waidmannslust,2019,4,11,4,3,0,6,0,1,0,1,0,0,0,0,792202,123,5837875,658
50989,11,4,4020208,Kranzallee,2019,9,6,1,2,0,1,1,1,0,0,0,0,0,1,788602,2287,5826071,415
50990,11,3,3061429,Greifswalder Stra�e,2019,6,7,3,2,5,2,0,1,1,0,0,0,0,0,801323,873,5830980,75
50991,11,7,7040401,Neu-Tempelhof,2019,9,10,2,3,6,7,0,0,0,1,1,0,0,0,797802,7459,5822956,91
50992,11,1,1011201,Wilhelmstra�e,2019,12,8,6,3,3,6,0,0,1,0,0,0,1,0,797606,9071,5826825,796
50993,11,10,10030726,Alt-Biesdorf,2019,5,8,6,2,2,6,0,0,1,0,0,0,0,0,808656,95,5827443,155
50994,11,2,2020202,Rathaus Yorckstra�e,2019,7,14,2,3,6,4,0,1,0,1,0,0,0,0,797831,6495,5824972,554
50995,11,3,3061126,Arnimplatz,2019,4,10,4,3,5,3,0,1,1,0,0,0,0,0,799237,637,5831941,674
50996,11,4,4041134,Bismarckallee,2019,11,21,5,3,5,3,2,0,1,0,0,0,0,1,791239,7434,5824612,921
50997,11,4,4020313,K�nigin-Elisabeth-Stra�e,2019,9,20,2,3,5,2,2,0,1,0,1,0,0,0,790652,9678,5826416,509
50998,11,7,7040403,Manteuffelstra�e,2019,11,16,2,3,2,6,2,0,1,0,0,0,0,0,797236,8087,5822344,164
50999,11,7,7050502,Fritz-Werner-Stra�e,2019,7,19,2,3,2,6,0,0,1,0,0,1,0,0,797689,97,5818746,418
51000,11,1,1011303,Alexanderplatzviertel,2019,4,14,4,3,0,4,0,0,0,1,0,0,1,0,799199,2594,5828376,163
51001,11,3,3050923,Wei�enseer Spitze,2019,10,16,4,3,2,6,0,0,1,0,0,0,0,1,800266,2406,5831893,351
51002,11,2,2020202,Rathaus Yorckstra�e,2019,9,19,2,3,3,6,1,0,1,0,1,0,0,0,797907,808,5825155,662
51004,11,7,7060601,Marienfelder Allee Nordwest,2019,5,13,6,2,0,3,0,0,1,0,0,0,1,0,796612,5477,5816012,405
51005,11,11,11030721,R�digerstra�e,2019,7,15,2,3,0,2,0,1,1,0,0,0,0,1,804514,4693,5827504,73
51006,11,1,1011202,Unter den Linden Nord,2019,4,8,4,2,1,5,0,1,1,0,0,0,0,0,798021,4887,5827659,21
51007,11,9,9020601,Schnellerstra�e,2019,6,15,5,3,2,6,0,0,1,0,0,0,0,0,806767,8374,5820992,654
51008,11,1,1011102,Gro�er Tiergarten,2019,9,18,2,3,6,4,0,1,0,1,0,0,0,0,796214,675,5827351,115
51009,11,1,1011303,Alexanderplatzviertel,2019,12,21,5,3,5,7,2,0,1,0,0,0,0,1,799103,263,5827687,45
51010,11,3,3061332,Helmholtzplatz,2019,5,13,6,3,0,7,0,1,1,0,0,0,0,0,799804,7982,5830235,664
51011,11,7,7040406,Germaniagarten,2019,7,13,2,3,0,1,0,0,1,0,0,0,0,0,799731,818,5821397,324
51012,11,3,3020209,Niedersch�nhausen,2019,11,17,6,3,0,6,2,0,1,0,0,0,1,0,797968,8766,5834464,314
51013,11,4,4010101,Jungfernheide,2019,7,0,2,3,3,6,2,0,1,0,0,0,0,0,791183,6949,5829569,331
51014,11,10,11041023,Gensinger Stra�e,2019,9,9,6,2,2,6,0,0,1,0,0,1,0,1,807863,8575,5827447,254
51015,11,9,9010102,Am Treptower Park Nord,2019,4,21,4,3,5,3,2,1,0,0,0,0,0,0,802794,659,5825161,934
51016,11,7,7040402,Lindenhofsiedlung,2019,10,17,5,3,2,6,0,0,1,0,0,0,0,1,796530,1834,5822537,805
51017,11,6,6030501,Berlepschstra�e,2019,9,18,2,3,5,3,0,1,1,0,0,0,0,0,787893,8156,5817567,208
51019,11,7,7040402,Lindenhofsiedlung,2019,5,15,6,3,2,6,0,0,1,0,0,0,0,0,796424,9918,5822607,306
51020,11,2,2040703,Wriezener Bahnhof/Entwicklungsgebiet,2019,7,17,1,3,3,7,0,0,1,0,1,0,0,0,801822,8456,5826380,543
51021,11,12,12103219,Sch�fersee,2019,4,15,4,3,5,7,0,0,1,0,1,0,0,0,795697,559,5832844,843
51022,11,4,4051656,Hildegardstra�e,2019,11,6,2,3,2,6,2,0,1,0,0,0,0,1,793849,2516,5823006,52
51023,11,7,7050501,Rathausstra�e,2019,6,15,7,3,2,6,0,0,1,0,0,0,0,0,797910,8828,5820199,645
51024,11,1,1033203,Humboldthain Nordwest,2019,9,17,2,3,5,2,0,1,1,0,0,0,0,0,796285,6224,5830276,98
51025,11,7,7050502,Fritz-Werner-Stra�e,2019,12,9,5,3,0,6,0,0,1,0,1,0,0,0,797463,1046,5817915,655
51026,11,1,1011102,Gro�er Tiergarten,2019,7,13,1,3,0,7,0,1,0,0,0,0,0,0,796044,4008,5827309,656
51027,11,3,3071633,Th�lmannpark,2019,4,8,4,3,0,6,0,1,0,0,0,0,0,0,800011,4686,5830335,86
51028,11,4,4010101,Jungfernheide,2019,10,18,1,3,2,6,2,0,1,0,0,0,0,0,790652,6353,5828832,269
51029,11,7,7040402,Lindenhofsiedlung,2019,9,9,2,3,2,6,0,0,1,0,0,0,0,0,796549,9771,5822524,956