OBJECTID,LAND,BEZ,LOR,STRASSE,UJAHR,UMONAT,USTUNDE,UWOCHENTAG,UKATEGORIE,UART,UTYP1,ULICHTVERH,IstRad,IstPKW,IstFuss,IstKrad,IstGkfz,IstSonstige,USTRZUSTAND,LINREFX,LINREFY,XGCSWGS84,YGCSWGS84
51030,11,12,12103218,Teichstra�e,2019,7,0,1,3,2,7,2,0,1,0,0,0,1,1,794771,4488,5833773,85
51031,11,2,2050803,Stralauer Kiez,2019,4,6,4,2,1,1,0,0,1,0,0,1,1,0,801827,3317,5826230,764
51032,11,3,3061429,Greifswalder Stra�e,2019,10,0,6,3,0,1,2,0,0,0,0,0,1,0,801077,3742,5830653,499
51033,11,3,3010102,Buch,2019,6,14,6,3,2,6,0,0,1,0,0,0,0,0,804470,5933,5839656,907
51034,11,2,2050602,Samariterviertel,2019,9,8,2,3,2,6,0,0,1,0,0,1,0,0,803524,9446,5827605,491
51036,11,1,1011102,Gro�er Tiergarten,2019,5,16,6,3,5,2,0,0,1,0,0,0,1,0,796455,757,5827391,142
51037,11,4,4030623,Ernst-Reuter-Platz,2019,4,17,3,3,5,2,0,1,1,0,0,0,0,0,793092,5534,5826823,302
51038,11,1,1011202,Unter den Linden Nord,2019,11,5,2,3,8,1,0,1,0,0,0,0,0,0,797926,3962,5827647,242
51039,11,7,7030303,Grazer Platz,2019,5,17,6,3,2,6,0,0,1,0,1,0,0,0,795497,7765,5822691,519
51040,11,4,4030417,Schlo�stra�e,2019,11,5,7,3,0,3,2,0,1,0,0,0,1,0,791578,3933,5826568,226
51041,11,2,3061435,Conrad-Blenkle-Stra�e,2019,7,23,7,3,2,6,2,0,1,0,1,0,0,1,801652,4161,5828924,633
51042,11,1,1022202,Heidestra�e,2019,4,8,3,3,2,6,0,0,1,0,0,0,0,0,796160,7183,5829148,784
51043,11,9,9010101,Elsenstra�e,2019,10,17,2,3,3,6,2,0,1,0,1,0,0,0,802594,1696,5825112,21
51044,11,4,4030622,Richard-Wagner-Stra�e,2019,9,11,2,3,2,7,0,0,1,0,1,0,0,0,792058,22,5826627,717
51046,11,11,11030721,R�digerstra�e,2019,7,22,7,3,5,2,2,1,1,0,0,0,0,1,804236,394,5827518,617
51047,11,8,8020619,Buschkrugallee Nord,2019,4,10,3,3,3,6,0,0,1,0,0,1,0,0,801964,1568,5821841,435
51048,11,1,1011202,Unter den Linden Nord,2019,6,17,2,3,5,3,0,1,1,0,0,0,0,0,798121,516,5827657,628
51049,11,7,7050501,Rathausstra�e,2019,9,11,2,3,5,2,0,0,1,0,0,1,0,0,797707,7723,5818784,224
51050,11,3,3020307,Buchholz,2019,12,4,3,3,8,1,2,0,0,0,0,0,1,1,801214,582,5837883,665
51051,11,7,7040403,Manteuffelstra�e,2019,5,13,5,3,2,6,0,0,1,0,0,0,0,0,796876,3212,5822382,466
51052,11,4,4030417,Schlo�stra�e,2019,7,19,7,3,6,4,0,1,0,1,0,0,0,0,791409,94,5826519,67
51053,11,12,12103218,Teichstra�e,2019,4,11,3,3,2,6,0,0,1,0,0,0,0,0,794556,7707,5833930,942
51054,11,1,1011204,Leipziger Stra�e,2019,11,10,3,3,3,6,0,0,1,0,0,0,0,1,798664,2733,5827054,413
51055,11,12,12302212,Rollbergesiedlung,2019,11,18,7,3,2,2,2,0,1,0,0,0,0,0,792730,962,5837421,634
51056,11,9,9010401,Johannisthal West,2019,7,18,7,3,2,6,0,0,1,0,0,0,0,0,805709,3209,5818826,941
51057,11,3,3061126,Arnimplatz,2019,4,19,3,2,5,2,1,1,1,0,0,0,0,0,799220,5024,5832049,386
51058,11,4,4020313,K�nigin-Elisabeth-Stra�e,2019,10,11,3,2,5,2,0,1,1,0,0,0,0,0,790511,251,5826392,817
51059,11,3,3061434,Anton-Saefkow-Park,2019,9,8,2,3,6,7,0,1,0,1,0,0,0,0,800810,4263,5829758,715
51061,11,3,3071639,B�tzowstra�e,2019,5,11,5,2,2,6,0,0,1,0,0,0,0,0,800574,5294,5829845,134
51062,11,2,2050602,Samariterviertel,2019,7,15,7,2,0,1,0,1,0,0,0,0,0,0,802175,1998,5827755,41
51063,11,11,11030721,R�digerstra�e,2019,4,11,3,2,2,6,0,0,1,0,0,0,0,0,803804,482,5827578,336
51064,11,11,11041022,Rosenfelder Ring,2019,11,18,5,2,2,6,2,0,1,0,0,0,1,1,806053,9238,5827375,202
51065,11,3,3061434,Anton-Saefkow-Park,2019,6,8,5,3,5,3,0,1,1,0,0,0,0,0,800646,3417,5830008,817
51066,11,4,4030622,Richard-Wagner-Stra�e,2019,9,8,2,3,6,4,0,0,1,1,0,0,0,0,792614,555,5826720,811
51067,11,12,12302212,Rollbergesiedlung,2019,12,8,3,2,6,2,0,0,1,1,0,0,0,0,792723,7812,5837429,719
51068,11,12,12103219,Sch�fersee,2019,7,13,7,3,2,2,0,0,1,0,0,0,0,0,795762,217,5832712,264
51069,11,3,3061131,Falkplatz,2019,10,18,5,3,3,6,2,0,1,0,0,0,0,0,799141,3057,5830404,208
51070,11,7,7020203,Kaiser-Wilhelm-Platz,2019,7,9,7,3,1,5,0,1,0,0,0,1,0,0,795252,4277,5823542,355
51071,11,1,1033203,Humboldthain Nordwest,2019,9,8,6,3,5,3,0,1,1,0,0,0,0,0,796193,7143,5830186,924
51072,11,4,4041133,G�terbahnhof Grunewald,2019,4,7,3,2,2,6,0,0,1,0,1,0,0,0,790517,479,5825215,227
51073,11,1,1011202,Unter den Linden Nord,2019,4,16,3,3,1,5,0,1,1,0,0,0,0,0,797616,8856,5827564,842
51074,11,11,11030721,R�digerstra�e,2019,11,4,4,2,6,4,2,0,0,1,1,0,0,1,803727,62,5827569,584
51075,11,4,4051656,Hildegardstra�e,2019,11,23,1,3,3,6,2,0,1,0,0,0,0,0,793547,4273,5822990,759
51076,11,2,2050803,Stralauer Kiez,2019,7,16,6,3,5,3,0,1,0,0,0,0,0,0,802206,757,5826088,724
51077,11,2,2050602,Samariterviertel,2019,4,14,3,3,2,2,0,1,1,0,0,0,0,0,803088,988,5827651,19
51078,11,7,7030303,Grazer Platz,2019,10,17,4,3,2,6,0,0,1,0,0,0,1,1,795896,7724,5822688,5
51079,11,4,4020208,Kranzallee,2019,9,1,1,2,1,5,2,1,1,0,0,0,0,0,786743,8355,5825852,751
51081,11,3,3040818,Pankow S�d,2019,5,19,5,3,1,3,0,1,1,0,0,0,1,0,798890,3049,5832685,15
51082,11,4,4020314,Messegel�nde,2019,7,17,6,2,3,6,0,0,0,0,1,0,1,0,790518,8693,5825333,25
51083,11,7,7030303,Grazer Platz,2019,4,14,3,3,0,6,0,0,1,0,1,0,0,0,795191,7583,5822938,255
51084,11,2,2050602,Samariterviertel,2019,6,15,5,3,2,6,0,0,1,0,0,0,0,0,803177,332,5827625,39
51085,11,7,7050501,Rathausstra�e,2019,9,6,1,3,9,1,0,0,1,0,0,0,0,0,797953,466,5820021,671
51086,11,2,2050602,Samariterviertel,2019,12,13,3,3,5,2,0,1,1,0,0,0,0,0,802578,1957,5827687,47
51087,11,4,4030417,Schlo�stra�e,2019,5,18,5,3,5,2,0,1,1,0,0,0,0,0,791229,5489,5826510,171
51088,11,2,2050602,Samariterviertel,2019,7,9,6,3,5,3,0,1,1,0,0,0,0,0,802577,1314,5827703,128
51089,11,7,7060601,Marienfelder Allee Nordwest,2019,10,17,5,3,5,3,2,0,1,0,1,0,0,0,797055,3579,5816809,694
51090,11,12,12103115,Breitkopfbecken,2019,7,19,5,3,1,1,0,1,1,0,0,0,0,0,795429,449,5833570,571
51091,11,2,2020202,Rathaus Yorckstra�e,2019,9,0,6,3,5,3,2,1,1,0,0,0,0,0,797862,4187,5825448,281
51092,11,3,3050923,Wei�enseer Spitze,2019,4,14,3,3,2,6,0,0,1,0,0,0,1,0,800297,1853,5831697,85
51093,11,3,3040818,Pankow S�d,2019,10,18,4,3,3,6,1,0,1,0,1,0,0,1,799138,228,5832315,269
51094,11,2,2050602,Samariterviertel,2019,8,22,7,2,6,7,2,0,1,1,0,0,0,0,802567,3901,5827688,132
51096,11,2,2040503,Richard-Sorge-Viertel,2019,5,17,5,3,5,2,0,1,1,0,0,0,0,0,801917,677,5827771,612
51097,11,1,1011102,Gro�er Tiergarten,2019,7,13,5,3,0,7,0,1,0,0,0,0,0,0,795417,8655,5827218,214
51098,11,2,2050601,Hausburgviertel,2019,4,20,2,3,5,5,1,1,1,0,0,0,0,0,801799,6064,5828639,69
51099,11,2,2050803,Stralauer Kiez,2019,11,10,1,3,0,7,0,0,0,0,0,0,1,1,801804,6822,5826239,634
51100,11,12,12103219,Sch�fersee,2019,6,21,7,3,0,6,1,0,1,0,1,0,0,0,795749,3705,5832703,363
51101,11,3,3061126,Arnimplatz,2019,12,13,5,3,0,7,0,0,1,0,0,0,0,0,799245,7476,5831882,352
51102,11,1,1011303,Alexanderplatzviertel,2019,7,9,5,3,6,4,0,0,0,1,0,0,1,0,798684,4069,5827892,399
51103,11,1,1044102,Schillerpark,2019,4,17,2,2,5,3,0,1,1,0,0,0,0,0,795878,1192,5832062,307
51104,11,12,12231101,Hermsdorf,2019,10,11,7,3,2,6,0,0,1,0,0,0,1,0,792180,4175,5838398,462
51105,11,7,7040403,Manteuffelstra�e,2019,8,19,7,3,5,7,2,0,1,0,0,0,0,0,797869,7193,5820511,95
51106,11,6,6010209,Feuerbachstra�e,2019,7,11,5,3,5,2,0,0,1,0,0,0,0,0,793968,646,5821061,708
51107,11,2,2020202,Rathaus Yorckstra�e,2019,4,17,2,3,5,2,0,1,1,0,0,0,0,0,797883,9645,5825411,815
51108,11,6,6030503,Zehlendorf Mitte,2019,10,14,4,3,2,6,0,0,1,0,0,0,0,0,790365,7235,5818432,574
51109,11,4,4030622,Richard-Wagner-Stra�e,2019,6,17,5,3,2,2,0,1,1,0,0,0,0,0,792374,6645,5826680,555
51110,11,2,2050602,Samariterviertel,2019,8,20,7,3,5,3,2,0,1,0,0,0,0,0,802797,3836,5827665,67
51111,11,10,10030726,Alt-Biesdorf,2019,12,11,6,3,5,2,0,1,1,0,0,0,0,0,808946,2745,5827441,111
51112,11,3,3020209,Niedersch�nhausen,2019,5,7,5,3,3,6,0,0,1,0,1,0,0,0,798156,851,5836030,424
51113,11,4,4010101,Jungfernheide,2019,4,9,2,2,3,6,0,0,1,0,0,0,0,0,790902,6188,5828964,154
51114,11,7,7050502,Fritz-Werner-Stra�e,2019,11,11,1,3,5,3,0,0,1,0,0,0,0,0,798176,38,5818922,967
51115,11,1,1011303,Alexanderplatzviertel,2019,5,11,5,3,5,3,0,0,1,0,1,0,0,0,799805,5966,5828633,958
51116,11,4,4030623,Ernst-Reuter-Platz,2019,11,14,6,3,3,6,0,0,1,0,0,0,0,0,793545,1128,5826882,179
51117,11,6,6010209,Feuerbachstra�e,2019,7,10,5,2,0,1,0,0,1,0,1,0,0,0,794215,3155,5821402,54
51118,11,1,1044201,Reinickendorfer Stra�e,2019,4,15,2,3,2,6,0,0,1,0,0,0,0,0,796154,3271,5831088,934
51119,11,12,12103117,Letteplatz,2019,10,20,2,2,3,6,2,0,1,0,1,0,0,0,795874,1412,5832087,681
51120,11,6,6030605,Botanischer Garten,2019,8,17,7,2,2,6,0,0,1,0,1,0,0,0,791805,1464,5819301,432
51122,11,8,9010302,Sp�thsfelde,2019,5,15,5,2,0,1,0,0,1,0,0,0,0,0,802925,5661,5821234,665
51123,11,4,4041134,Bismarckallee,2019,7,11,5,3,3,6,0,0,1,0,0,0,0,0,790689,5671,5824985,309
51124,11,3,3020209,Niedersch�nhausen,2019,4,16,2,3,5,3,0,0,0,0,1,0,1,0,798165,874,5836123,633
51125,11,1,1033203,Humboldthain Nordwest,2019,6,21,1,3,2,6,1,0,1,0,0,0,0,0,796312,9449,5830049,484
51126,11,4,4020311,Reichsstra�e,2019,8,13,7,2,2,6,0,0,1,0,0,0,0,0,789176,9918,5826162,83
51127,11,3,3061228,Erich-Weinert-Stra�e,2019,12,5,2,3,5,2,2,1,1,0,0,0,0,0,800204,5773,5831035,234
51128,11,7,7040403,Manteuffelstra�e,2019,5,7,5,3,2,6,0,0,1,0,0,0,0,0,797476,3581,5822327,31
51129,11,2,2020203,Viktoriapark,2019,7,16,4,3,2,6,0,0,1,0,0,0,0,0,797741,9534,5824190,609
51130,11,7,7050502,Fritz-Werner-Stra�e,2019,4,16,2,3,5,2,0,0,1,0,1,0,0,0,797576,926,5818418,302
51131,11,4,4020314,Messegel�nde,2019,11,5,2,3,2,6,2,0,1,0,0,0,0,1,790545,633,5825872,348
51132,11,1,1044201,Reinickendorfer Stra�e,2019,7,23,4,2,5,2,2,0,1,0,0,0,0,0,796044,8009,5831345,95
51133,11,7,7070701,Kettinger Stra�e/Schillerstra�e,2019,4,14,1,3,2,6,0,0,1,0,0,0,0,0,799441,918,5815871,581
51134,11,4,4041239,Stadion Wilmersdorf,2019,10,6,2,3,2,6,2,0,1,0,0,0,0,0,792095,9024,5823821,54
51135,11,10,10010308,Marzahner Chaussee,2019,8,23,6,2,0,7,2,1,0,0,0,0,0,0,808123,4625,5827460,23
51137,11,7,7040405,Rathaus Tempelhof,2019,5,7,5,2,3,6,0,0,1,0,1,0,1,0,798505,1034,5822093,85
51138,11,7,7010104,Dennewitzplatz,2019,7,21,4,3,5,2,1,0,1,0,1,0,0,0,796006,2619,5825068,802
51139,11,3,3061126,Arnimplatz,2019,4,14,1,3,6,4,0,1,0,1,0,0,0,0,799220,9061,5831457,334
51140,11,9,9010302,Sp�thsfelde,2019,11,8,4,3,3,6,0,0,1,0,0,1,0,1,802871,8622,5821359,926
51141,11,1,1011104,K�rnerstra�e,2019,6,13,4,3,5,2,0,0,1,0,1,0,0,0,796161,7805,5825737,154
51142,11,7,7030303,Grazer Platz,2019,8,18,6,3,2,6,0,0,1,0,0,0,0,0,795785,6215,5822628,49
51143,11,4,4030417,Schlo�stra�e,2019,12,11,2,3,3,6,0,0,1,0,0,0,0,0,791565,9551,5826544,852
51144,11,7,7030303,Grazer Platz,2019,7,17,4,3,2,6,0,0,1,0,1,0,0,0,795761,954,5823111,603
51145,11,10,10040933,Mahlsdorf S�d,2019,10,14,4,3,2,6,0,0,1,0,0,0,0,0,812796,8627,5827178,29
51146,11,1,1011104,K�rnerstra�e,2019,8,17,6,3,4,6,0,1,0,0,0,0,1,0,796376,5785,5826159,742
51147,11,7,7020203,Kaiser-Wilhelm-Platz,2019,7,19,3,3,1,5,0,1,1,0,0,0,0,0,795836,5783,5824212,779
51148,11,4,4020314,Messegel�nde,2019,4,11,1,3,3,6,0,0,1,0,0,0,0,0,790511,964,5825608,994
51149,11,1,1011303,Alexanderplatzviertel,2019,10,14,3,3,6,4,0,1,0,1,0,0,0,1,799760,5423,5828624,861
51150,11,3,3050925,Komponistenviertel Wei�ensee,2019,8,9,6,3,2,6,0,0,0,0,0,1,1,0,802180,1511,5831519,278
51152,11,12,12301205,Waidmannslust,2019,5,17,4,3,2,6,0,0,1,0,0,0,0,1,792241,7998,5837848,771
51153,11,1,1011303,Alexanderplatzviertel,2019,7,17,3,3,5,2,0,1,1,0,0,0,0,0,799100,702,5827681,953
51154,11,2,2050803,Stralauer Kiez,2019,4,18,1,3,0,1,0,0,0,0,1,0,0,0,802367,6704,5826025,644
51155,11,7,7060603,Marienfelde Nordost,2019,11,7,6,3,2,7,1,0,1,0,0,0,0,0,797379,3411,5817574,356
51156,11,7,7040403,Manteuffelstra�e,2019,5,17,4,3,2,6,0,0,1,0,0,0,0,0,796859,2086,5822386,656
51157,11,7,7040401,Neu-Tempelhof,2019,12,17,3,3,1,5,2,0,1,0,0,0,0,1,797830,6459,5822692,233
51158,11,12,12103117,Letteplatz,2019,7,17,3,3,0,2,0,1,1,0,0,0,0,0,795872,473,5832096,708
51159,11,4,4030621,Spreestadt,2019,4,18,1,3,0,4,0,1,0,1,0,0,0,0,793989,175,5826974,484
51160,11,12,12214125,Waldidyll/Flughafensee,2019,10,7,6,3,2,6,1,0,1,0,1,0,0,0,791584,3156,5830791,242
51161,11,1,1044102,Schillerpark,2019,8,14,6,3,3,6,0,1,1,0,0,0,1,0,795880,8033,5832047,892
51163,11,12,12214125,Waldidyll/Flughafensee,2019,7,10,3,3,2,6,0,0,1,0,0,0,0,0,791190,8771,5833997,257
51164,11,4,4041133,G�terbahnhof Grunewald,2019,4,18,1,3,2,6,0,0,1,0,0,0,0,0,790533,5975,5825185,881
51165,11,3,3061332,Helmholtzplatz,2019,10,11,3,3,6,4,0,0,0,1,0,0,1,1,799982,7988,5830224,285
51166,11,7,7040403,Manteuffelstra�e,2019,6,22,4,3,2,6,2,0,1,0,0,0,0,0,797850,9232,5821997,633
51167,11,11,11030721,R�digerstra�e,2019,8,12,6,3,5,2,0,1,1,0,0,0,0,0,803718,5201,5827570,413
51168,11,9,9010101,Elsenstra�e,2019,12,19,7,3,2,6,2,0,1,0,0,0,0,0,802683,7818,5825234,869
51169,11,6,6030503,Zehlendorf Mitte,2019,5,10,4,3,5,2,0,1,1,0,0,0,0,1,789585,575,5817974,924
51170,11,7,7050502,Fritz-Werner-Stra�e,2019,4,16,1,3,6,7,0,1,0,1,0,0,0,0,798215,9742,5818805,108
51171,11,9,9020601,Schnellerstra�e,2019,11,18,7,2,5,3,2,1,1,0,0,0,0,1,806054,7022,5821679,956
51172,11,6,6040703,Nikolassee,2019,10,9,3,3,5,2,0,1,0,0,0,0,1,1,786727,1612,5817022,873
51173,11,3,3061332,Helmholtzplatz,2019,8,11,6,3,3,6,0,1,1,0,0,0,0,0,799968,1485,5830202,487
51175,11,4,4030417,Schlo�stra�e,2019,5,12,4,3,2,6,0,0,1,0,1,0,0,1,791548,3472,5826541,838
51176,11,7,7040401,Neu-Tempelhof,2019,7,9,3,3,2,6,0,0,1,0,0,0,0,0,797832,7569,5822646,221
51177,11,11,11041022,Rosenfelder Ring,2019,4,15,1,3,0,2,0,0,1,0,1,0,0,0,805676,326,5827388,921
51178,11,12,12103218,Teichstra�e,2019,11,14,7,3,5,3,0,0,1,0,0,0,0,1,794470,9714,5834331,347
51179,11,2,2050602,Samariterviertel,2019,5,12,4,3,2,2,0,0,1,0,0,0,0,0,803462,4879,5827596,732
51180,11,2,2050602,Samariterviertel,2019,8,10,6,3,6,4,0,1,0,1,0,0,0,0,803079,8166,5827651,944
51181,11,4,4010101,Jungfernheide,2019,12,6,4,3,2,6,2,0,1,0,0,0,0,0,791384,4449,5830310,428
51182,11,11,2050602,Samariterviertel,2019,7,9,3,3,3,6,0,0,1,0,0,1,0,0,803618,1179,5827594,883
51183,11,4,4020313,K�nigin-Elisabeth-Stra�e,2019,4,12,7,2,6,4,0,1,0,1,0,0,0,0,790456,7607,5826365,105
51184,11,7,7030303,Grazer Platz,2019,10,20,6,3,2,6,2,0,1,0,0,0,0,0,794749,6785,5822037,534
51185,11,11,11030721,R�digerstra�e,2019,8,9,6,3,5,2,0,1,0,0,0,0,1,0,804248,295,5827531,967
51186,11,7,7040401,Neu-Tempelhof,2019,7,8,3,2,3,6,0,1,1,0,0,1,0,0,797757,3127,5823903,83
51187,11,4,4020313,K�nigin-Elisabeth-Stra�e,2019,4,12,7,2,6,4,0,1,0,1,0,0,0,0,790456,7607,5826365,105
51188,11,4,4030724,Lietzensee,2019,10,15,3,3,2,6,0,0,1,0,0,0,0,1,790734,9739,5826273,994
51189,11,7,7040403,Manteuffelstra�e,2019,6,16,5,3,2,6,0,0,1,0,0,0,1,1,796848,267,5822389,394
51190,11,3,3071639,B�tzowstra�e,2019,8,6,5,3,3,6,1,1,0,0,0,0,0,0,800498,5,5829767,663
51191,11,3,3061429,Greifswalder Stra�e,2019,12,21,5,3,0,3,2,1,0,0,0,0,1,1,800986,7256,5830506,252
51192,11,1,1011105,N�rdlicher Landwehrkanal,2019,5,13,4,3,6,4,0,0,1,1,0,0,0,0,796759,385,5826667,672
51193,11,7,7040403,Manteuffelstra�e,2019,4,23,7,3,2,6,2,0,1,0,0,0,0,0,796845,6976,5822389,964
51194,11,3,3061131,Falkplatz,2019,11,0,1,3,6,7,2,1,0,1,0,0,0,0,799180,9421,5830873,102
51195,11,10,10010204,Wuhletalstra�e,2019,5,14,3,3,5,3,0,0,1,0,0,1,0,0,808897,2271,5833397,735
51196,11,12,12301203,Wittenau S�d,2019,11,8,5,3,0,2,0,1,1,0,0,0,0,1,794093,9168,5835024,909
51197,11,6,6010101,Fichtenberg,2019,7,18,3,3,8,1,0,0,1,0,0,0,0,0,793152,7605,5820216,118
51198,11,1,1011201,Wilhelmstra�e,2019,4,23,7,3,2,6,2,0,1,0,0,0,0,0,797658,2267,5826834,99
51199,11,7,7070701,Kettinger Stra�e/Schillerstra�e,2019,10,18,7,2,2,6,2,0,1,0,1,0,0,0,799523,994,5815623,211
51200,11,1,1011201,Wilhelmstra�e,2019,8,22,5,3,5,2,2,1,0,0,1,0,0,0,796966,731,5826707,264
51202,11,2,2050602,Samariterviertel,2019,5,18,3,2,6,7,0,1,0,1,0,0,0,0,802422,234,5827702,723
51203,11,2,2040703,Wriezener Bahnhof/Entwicklungsgebiet,2019,7,3,3,3,6,7,2,0,0,1,0,0,1,0,801904,1193,5826621,215
51204,11,3,3061332,Helmholtzplatz,2019,4,13,7,3,3,6,0,0,1,0,1,0,0,0,799192,1287,5830358,66
51205,11,1,1011105,N�rdlicher Landwehrkanal,2019,6,15,7,2,5,3,0,0,1,0,1,0,0,0,796438,4944,5826320,124
51206,11,12,12301205,Waidmannslust,2019,8,20,5,3,0,1,2,1,0,0,0,0,0,0,792650,2794,5837493,802
51207,11,7,7050502,Fritz-Werner-Stra�e,2019,12,12,1,3,5,2,0,0,1,0,0,0,0,1,797841,9927,5818949,221
51208,11,4,4010101,Jungfernheide,2019,5,21,3,2,8,1,2,0,0,0,1,0,0,1,790989,3802,5829001,855
51209,11,3,3020209,Niedersch�nhausen,2019,7,15,3,3,0,1,0,1,0,0,0,0,0,0,797952,43,5834558,36
51210,11,4,4030622,Richard-Wagner-Stra�e,2019,11,10,2,3,5,2,0,1,1,0,0,0,0,1,792734,8139,5826741,163
51211,11,10,10040933,Mahlsdorf S�d,2019,7,15,3,3,2,6,0,0,1,0,1,0,0,0,812736,8524,5827175,302
51212,11,3,3061131,Falkplatz,2019,4,0,7,3,4,6,2,1,0,0,0,0,0,0,799179,6864,5831080,741
51213,11,4,4030622,Richard-Wagner-Stra�e,2019,10,13,1,3,2,2,0,0,1,0,0,0,0,0,792111,5463,5826636,737
51214,11,4,4020313,K�nigin-Elisabeth-Stra�e,2019,8,17,5,3,3,6,0,0,1,0,1,0,0,0,790589,886,5826405,881
51216,11,3,3061126,Arnimplatz,2019,5,10,3,3,5,2,0,1,1,0,0,0,0,0,799197,1656,5831456,209
51217,11,6,6030605,Botanischer Garten,2019,7,2,3,3,3,6,2,0,1,0,0,0,1,0,792928,5864,5820077,22
51218,11,6,6040701,Wannsee,2019,4,15,7,2,5,7,0,0,1,0,1,0,0,0,781838,5869,5815614,26
51219,11,4,4020313,K�nigin-Elisabeth-Stra�e,2019,11,13,3,3,2,6,0,0,1,0,0,0,0,0,790523,4578,5826376,255
51220,11,1,1011304,Karl-Marx-Allee,2019,6,8,4,3,6,4,0,0,0,1,1,0,0,0,800022,4265,5828095,788
51221,11,1,1011304,Karl-Marx-Allee,2019,8,15,5,3,0,7,0,1,0,0,0,0,0,0,799788,5207,5828166,408
51222,11,3,3020209,Niedersch�nhausen,2019,12,21,7,3,0,6,2,0,1,0,0,0,0,1,798340,5187,5834789,53
51223,11,2,2050602,Samariterviertel,2019,7,14,2,3,3,2,0,0,1,0,1,0,0,0,803498,3546,5827608,623
51224,11,3,3061435,Conrad-Blenkle-Stra�e,2019,10,16,3,3,2,6,1,0,1,0,0,0,0,0,801399,3683,5829219,87
51225,11,4,4051655,Babelsberger Stra�e,2019,8,13,5,3,2,6,0,0,1,0,0,0,0,0,794052,6739,5823007,573
51226,11,2,2050602,Samariterviertel,2019,7,15,2,3,2,2,0,1,0,0,0,0,0,0,802769,3897,5827667,874
51227,11,1,1011303,Alexanderplatzviertel,2019,4,11,7,3,2,6,0,0,1,0,0,0,0,0,799252,3911,5827861,695
51228,11,7,7040403,Manteuffelstra�e,2019,10,12,2,3,2,6,0,0,1,0,0,0,0,0,797376,4581,5822340,351
51229,11,11,11041027,Tierpark,2019,6,9,2,3,6,6,0,1,0,1,0,0,0,0,806962,6278,5827389,403
51230,11,7,7070701,Kettinger Stra�e/Schillerstra�e,2019,8,12,5,3,1,5,0,0,1,0,0,0,1,0,799288,612,5816185,571
51232,11,4,4020314,Messegel�nde,2019,5,6,3,3,2,6,0,0,1,0,0,0,0,0,790306,4232,5825486,828
51233,11,4,4041134,Bismarckallee,2019,4,13,7,3,2,6,0,0,1,0,0,0,1,0,790771,743,5824852,817
51234,11,1,1011201,Wilhelmstra�e,2019,11,17,5,3,5,2,2,1,1,0,0,0,0,0,797680,7469,5826837,742
51235,11,10,10040933,Mahlsdorf S�d,2019,5,18,2,3,5,7,0,0,1,0,0,0,0,1,813543,92,5827174,346
51236,11,3,3040513,Sch�nholz,2019,12,21,3,3,2,6,2,0,1,0,0,0,1,1,798004,2628,5833674,868
51237,11,4,4020208,Kranzallee,2019,7,23,1,3,6,4,2,0,1,1,0,0,0,0,787898,8461,5825957,738
51238,11,4,4030417,Schlo�stra�e,2019,4,15,6,3,3,6,0,0,1,0,1,0,0,0,790800,1478,5826479,343
51239,11,6,6040703,Nikolassee,2019,10,10,4,3,5,3,0,0,1,0,0,0,0,0,786515,8398,5816928,98
51240,11,4,4020209,Eichkamp,2019,8,17,5,2,2,6,0,0,1,0,0,0,0,0,789824,189,5824849,867
51242,11,9,9010101,Elsenstra�e,2019,7,21,1,2,5,2,2,0,1,0,1,0,0,0,802673,8828,5825221,99
51243,11,7,7050501,Rathausstra�e,2019,4,12,6,2,6,2,0,0,1,1,0,0,0,0,797790,813,5818931,747
51244,11,4,4041134,Bismarckallee,2019,9,5,2,3,3,6,2,0,1,0,0,0,0,1,790772,1305,5824850,846
51245,11,11,11030721,R�digerstra�e,2019,6,11,4,3,2,6,0,0,1,0,0,0,0,0,804055,3557,5827536,823
51246,11,7,7040402,Lindenhofsiedlung,2019,8,12,5,2,2,6,0,0,1,0,0,0,1,0,796822,9132,5822395,543
51247,11,4,7030303,Grazer Platz,2019,12,17,6,3,2,6,2,0,1,0,0,0,0,1,795144,9778,5822973,611
51248,11,4,4041133,G�terbahnhof Grunewald,2019,5,17,2,3,2,6,0,0,1,0,0,0,0,1,790560,2504,5825137,137
51249,11,3,3061332,Helmholtzplatz,2019,7,22,7,3,5,2,2,0,1,0,0,0,0,1,799988,741,5830196,777
51250,11,12,12103219,Sch�fersee,2019,4,9,6,3,0,1,0,0,0,0,1,0,0,0,795707,5875,5832819,407
51251,11,9,9020601,Schnellerstra�e,2019,11,8,6,2,5,2,0,1,0,0,0,0,0,0,806307,6364,5821444,292
51252,11,7,7020203,Kaiser-Wilhelm-Platz,2019,8,11,5,3,1,5,0,1,0,0,0,0,1,0,795306,4422,5823638,728
51253,11,7,7050501,Rathausstra�e,2019,11,13,3,3,1,5,0,0,1,0,0,0,0,0,798063,2555,5819356,789
51254,11,7,7040401,Neu-Tempelhof,2019,7,18,7,3,2,6,0,0,1,0,0,0,0,0,797778,468,5823813,919
51255,11,1,1011303,Alexanderplatzviertel,2019,4,9,6,3,0,7,0,1,0,0,0,1,0,0,799329,4072,5827978,554
51256,11,4,4041137,Flinsberger Platz,2019,10,13,5,3,2,6,0,0,1,0,0,1,0,0,791759,6284,5824177,686
51257,11,7,7020202,Volkspark (Rudolf-Wilde-Park),2019,8,16,4,3,6,4,0,0,0,1,1,0,0,0,795341,8289,5823442,188
51259,11,6,6040701,Wannsee,2019,5,21,2,2,5,2,1,1,1,0,0,0,0,1,783889,7379,5815936,8
51260,11,1,1022202,Heidestra�e,2019,7,15,7,3,2,6,0,0,1,0,1,0,0,1,795884,4406,5829550,897