OBJECTID,LAND,BEZ,LOR,STRASSE,UJAHR,UMONAT,USTUNDE,UWOCHENTAG,UKATEGORIE,UART,UTYP1,ULICHTVERH,IstRad,IstPKW,IstFuss,IstKrad,IstGkfz,IstSonstige,USTRZUSTAND,LINREFX,LINREFY,XGCSWGS84,YGCSWGS84
51261,11,7,7040401,Neu-Tempelhof,2019,4,20,6,3,1,5,1,0,1,0,0,0,0,0,797803,9875,5822926,65
51262,11,4,4030417,Schlo�stra�e,2019,6,18,6,3,0,1,0,1,0,0,0,0,0,0,791686,6024,5826565,63
51263,11,11,11030721,R�digerstra�e,2019,8,16,4,3,5,2,0,0,1,1,0,0,0,0,803720,838,5827586,525
51264,11,7,7040405,Rathaus Tempelhof,2019,12,10,6,3,2,6,0,0,1,0,0,1,0,0,798145,6072,5822274,338
51265,11,4,4041137,Flinsberger Platz,2019,5,19,2,2,0,1,0,0,0,0,1,0,0,1,791262,177,5824599,15
51266,11,4,4020209,Eichkamp,2019,7,14,7,3,2,6,0,0,1,0,0,0,0,0,789936,373,5824993,838
51267,11,3,3061434,Anton-Saefkow-Park,2019,11,21,6,2,6,4,2,0,1,1,0,0,0,1,800915,2005,5829686,33
51268,11,3,3061332,Helmholtzplatz,2019,7,18,6,3,6,7,0,0,0,1,0,0,1,0,799218,6642,5830353,534
51269,11,2,2050602,Samariterviertel,2019,4,21,6,2,6,4,2,0,1,1,0,0,0,0,802887,6635,5827671,462
51270,11,7,7040405,Rathaus Tempelhof,2019,10,16,6,3,2,6,0,0,1,0,0,0,0,0,798519,8191,5822084,629
51271,11,3,3071633,Th�lmannpark,2019,8,8,4,3,5,3,0,1,0,0,0,0,0,0,800305,6534,5830074,187
51273,11,10,10010206,Ringkolonnaden,2019,5,15,2,2,5,3,0,1,1,0,0,0,0,0,808587,4371,5832617,592
51274,11,1,1011303,Alexanderplatzviertel,2019,8,17,3,3,3,2,0,1,1,0,0,0,0,0,799760,5323,5828624,843
51275,11,1,1033203,Humboldthain Nordwest,2019,11,9,4,3,5,3,0,1,1,0,0,0,0,0,796197,723,5830205,585
51276,11,6,6030503,Zehlendorf Mitte,2019,7,9,6,2,0,4,0,1,0,1,0,0,0,0,789190,7198,5817994,927
51277,11,3,3020209,Niedersch�nhausen,2019,4,21,5,3,2,6,2,0,1,0,0,0,0,0,797962,4342,5834550,83
51278,11,4,4020313,K�nigin-Elisabeth-Stra�e,2019,10,14,6,3,2,6,0,0,1,0,1,0,0,0,790661,8532,5826399,274
51279,11,3,3040818,Pankow S�d,2019,8,17,3,3,2,6,0,0,1,0,0,0,0,0,800046,5772,5833714,748
51281,11,4,4010101,Jungfernheide,2019,5,7,2,3,2,6,0,0,1,0,0,1,0,0,790679,3432,5828859,441
51282,11,1,1033203,Humboldthain Nordwest,2019,7,21,6,3,5,3,1,0,1,0,0,0,0,0,796248,2138,5829982,307
51283,11,3,3061131,Falkplatz,2019,4,18,5,3,3,6,0,1,0,0,0,0,0,0,799162,5329,5830671,427
51284,11,7,7050501,Rathausstra�e,2019,6,13,6,3,6,7,0,0,1,1,0,0,0,0,797898,4907,5820269,106
51285,11,2,2040703,Wriezener Bahnhof/Entwicklungsgebiet,2019,8,15,3,3,3,6,0,1,0,0,0,0,1,0,801833,7485,5826409,226
51286,11,3,3061332,Helmholtzplatz,2019,12,2,7,3,0,1,2,0,0,0,1,0,0,1,799256,9428,5830346,139
51287,11,9,9010302,Sp�thsfelde,2019,5,7,2,3,0,7,0,0,0,0,0,0,1,0,803176,3054,5820757,156
51288,11,7,7020203,Kaiser-Wilhelm-Platz,2019,7,20,6,3,0,7,1,1,1,0,0,0,0,0,795900,4905,5824346,81
51289,11,3,3071638,Winsstra�e,2019,4,15,5,2,2,2,0,1,0,0,1,0,0,0,800032,5132,5828977,109
51290,11,4,4041137,Flinsberger Platz,2019,11,12,1,3,0,7,0,0,0,0,1,0,0,1,791423,6509,5824487,905
51291,11,1,1011201,Wilhelmstra�e,2019,7,18,6,3,4,7,0,1,0,0,0,0,1,0,796947,9663,5826723,715
51292,11,1,1011102,Gro�er Tiergarten,2019,4,15,5,3,0,1,0,1,0,0,0,0,0,0,794461,4601,5827039,688
51293,11,6,6030503,Zehlendorf Mitte,2019,10,0,7,2,5,2,2,1,1,0,0,0,0,0,791047,9857,5818810,87
51294,11,3,3061429,Greifswalder Stra�e,2019,8,13,3,3,6,4,0,1,0,1,0,0,0,0,800964,8492,5830471,871
51296,11,1,1033203,Humboldthain Nordwest,2019,5,9,2,3,2,6,0,0,1,0,1,0,0,0,796209,4331,5830216,175
51297,11,4,4051656,Hildegardstra�e,2019,7,13,6,3,2,6,0,0,1,0,0,0,0,0,793657,8858,5822996,356
51298,11,4,4020314,Messegel�nde,2019,4,10,5,3,3,6,0,0,1,0,0,0,0,0,790524,9899,5825555,495
51299,11,10,10040933,Mahlsdorf S�d,2019,11,16,2,3,6,2,1,0,1,1,0,0,0,1,813535,5481,5827175,354
51300,11,6,6030605,Botanischer Garten,2019,6,18,3,3,2,6,0,0,1,0,1,0,0,0,791486,9933,5819087,176
51301,11,4,4030417,Schlo�stra�e,2019,8,8,3,3,6,4,0,0,0,1,0,0,1,0,791225,584,5826509,518
51302,11,4,4041239,Stadion Wilmersdorf,2019,12,21,6,3,3,6,2,0,1,0,0,1,0,1,792322,6885,5823565,338
51303,11,8,8010510,Gewerbegebiet K�llnische Heide,2019,7,13,6,3,2,6,0,0,1,0,1,0,0,1,802701,2285,5821622,715
51304,11,6,6040701,Wannsee,2019,4,17,4,3,5,7,0,0,1,0,1,0,0,0,782691,7981,5815809,605
51305,11,7,7020203,Kaiser-Wilhelm-Platz,2019,10,22,2,3,1,5,2,1,1,0,0,0,0,0,795609,6256,5823904,827
51306,11,9,9020601,Schnellerstra�e,2019,8,8,3,3,5,2,0,1,0,0,0,1,0,0,806755,264,5821005,241
51307,11,4,4030622,Richard-Wagner-Stra�e,2019,7,12,6,3,0,6,0,0,1,0,1,0,0,1,792307,2882,5826690,76
51308,11,9,9010402,Johannisthal Ost,2019,4,16,4,3,2,6,0,0,1,0,0,0,0,0,806237,1678,5818433,814
51309,11,4,4041137,Flinsberger Platz,2019,10,7,1,3,2,6,0,0,1,0,0,0,0,0,791554,328,5824359,977
51310,11,5,5040936,J�gerallee,2019,6,10,7,3,0,3,0,1,1,0,0,0,0,0,780179,2403,5822276,784
51311,11,7,7030303,Grazer Platz,2019,8,19,3,2,0,6,0,0,1,0,1,0,0,0,795295,7511,5822728,85
51313,11,3,3061126,Arnimplatz,2019,5,9,2,3,5,2,0,1,1,0,0,0,0,0,799197,1111,5831455,217
51314,11,1,1022202,Heidestra�e,2019,4,16,4,3,2,6,0,0,1,0,0,0,0,0,796186,446,5829111,311
51315,11,1,1011304,Karl-Marx-Allee,2019,11,9,4,3,5,3,0,1,1,0,0,0,0,0,800017,9531,5828097,722
51316,11,2,2050602,Samariterviertel,2019,5,13,1,3,5,3,0,0,1,0,1,0,0,0,802179,5497,5827722,558
51317,11,11,11041022,Rosenfelder Ring,2019,12,8,2,3,2,6,1,0,1,0,0,0,1,0,806222,5356,5827368,213
51318,11,1,1011303,Alexanderplatzviertel,2019,7,16,6,3,1,5,0,1,1,0,0,0,0,0,799641,7331,5828421,185
51319,11,3,3071638,Winsstra�e,2019,4,8,4,3,5,2,0,1,1,0,0,0,0,0,800024,305,5829000,649
51320,11,4,4041134,Bismarckallee,2019,10,19,3,3,9,1,2,0,1,0,0,0,0,0,790984,3289,5824647,66
51321,11,1,1011303,Alexanderplatzviertel,2019,8,12,3,3,2,2,0,1,0,0,0,1,0,0,799552,2964,5828281,397
51323,11,1,1011202,Unter den Linden Nord,2019,7,9,6,3,0,7,0,0,1,0,1,0,0,1,796932,132,5827450,9
51324,11,3,3020209,Niedersch�nhausen,2019,4,8,4,3,5,3,0,0,1,0,0,0,0,0,798165,6306,5836121,299
51325,11,4,4041342,Schlangenbader Stra�e,2019,9,16,7,3,0,6,0,0,0,0,1,1,0,1,792468,6074,5822720,802
51326,11,2,2050602,Samariterviertel,2019,6,16,3,3,2,6,0,1,1,0,0,0,0,0,803173,4013,5827625,779
51327,11,9,9020601,Schnellerstra�e,2019,8,15,2,3,3,6,0,0,1,0,0,0,0,0,806704,6885,5821033,604
51328,11,3,3040513,Sch�nholz,2019,12,16,6,3,5,3,2,0,1,0,0,0,1,1,798042,2336,5833911,476
51329,11,4,4030622,Richard-Wagner-Stra�e,2019,5,11,1,2,1,5,0,1,1,0,0,0,0,0,792532,2514,5826707,5
51330,11,3,3051017,Rennbahnstra�e,2019,7,8,6,3,2,6,0,0,1,0,0,0,0,1,802794,5225,5832859,632
51331,11,6,6040701,Wannsee,2019,4,17,3,2,5,7,0,0,1,0,1,0,0,0,783794,359,5815996,405
51332,11,10,10040933,Mahlsdorf S�d,2019,11,8,5,3,2,6,0,0,1,0,0,0,0,1,813259,4902,5827202,624
51333,11,5,5020629,B�rnicker Stra�e,2019,11,7,2,3,2,6,0,0,1,0,0,0,0,1,785343,595,5826226,64
51334,11,4,4020311,Reichsstra�e,2019,7,7,6,3,5,2,0,1,0,0,0,0,1,1,790174,4191,5826317,71
51335,11,4,4010101,Jungfernheide,2019,4,20,3,3,2,6,2,0,1,0,0,0,0,0,791186,979,5829532,788
51336,11,1,1011303,Alexanderplatzviertel,2019,10,12,4,3,5,5,0,0,1,0,0,0,0,1,799212,98,5827854,357
51337,11,1,1011201,Wilhelmstra�e,2019,8,15,2,3,2,6,0,1,0,0,0,0,0,0,797174,2038,5826753,806
51339,11,7,7050501,Rathausstra�e,2019,5,5,1,2,1,5,0,0,1,0,0,0,0,0,797932,7636,5820079,213
51340,11,2,2050601,Hausburgviertel,2019,7,7,6,3,5,2,0,1,1,0,0,0,0,1,801682,241,5828879,222
51341,11,10,10030726,Alt-Biesdorf,2019,4,12,3,3,2,6,0,0,1,0,0,1,0,0,809332,2605,5827392,717
51342,11,2,2050801,Traveplatz,2019,6,1,5,3,5,2,2,1,1,0,0,0,0,1,802133,7895,5827644,818
51343,11,1,1033203,Humboldthain Nordwest,2019,8,11,2,3,5,3,0,1,0,0,0,0,1,0,796274,416,5830256,427
51344,11,1,1044201,Reinickendorfer Stra�e,2019,12,5,5,3,6,2,2,0,1,1,0,0,0,1,796043,6175,5831374,859
51345,11,3,3061434,Anton-Saefkow-Park,2019,5,11,7,3,5,2,0,1,1,0,0,0,0,0,800595,6041,5829932,516
51346,11,7,7070706,Horstwalder Stra�e/Paplitzer Stra�e,2019,7,7,6,3,5,3,0,1,1,0,0,0,0,1,800561,6158,5812278,851
51347,11,12,12103218,Teichstra�e,2019,11,5,6,3,4,6,2,1,0,0,0,0,0,1,794558,9856,5833829,694
51348,11,1,1011303,Alexanderplatzviertel,2019,7,8,5,3,2,6,0,0,1,0,1,0,0,0,799237,7602,5827883,755
51349,11,9,9020601,Schnellerstra�e,2019,9,9,5,3,5,3,0,0,1,0,0,0,1,0,806532,724,5821202,867
51350,11,7,7050502,Fritz-Werner-Stra�e,2019,4,13,3,2,6,6,0,1,0,1,0,0,0,0,798584,3007,5817877,349
51351,11,2,2040703,Wriezener Bahnhof/Entwicklungsgebiet,2019,10,16,5,3,2,7,0,0,1,0,0,0,0,1,801809,1373,5826348,958
51352,11,3,3040614,Pankow Zentrum,2019,8,14,1,3,2,6,0,0,1,0,0,0,0,0,798391,1729,5833449,226
51354,11,11,11030721,R�digerstra�e,2019,5,8,7,3,2,6,0,0,1,0,0,0,1,0,803800,1154,5827578,717
51355,11,1,1044203,Leopoldplatz,2019,7,15,5,3,1,5,0,0,1,0,1,0,0,0,795924,2845,5831801,751
51356,11,9,9010102,Am Treptower Park Nord,2019,4,13,3,3,6,4,0,0,1,1,0,0,0,0,802700,8143,5825200,141
51357,11,3,3010104,Lietzengraben,2019,11,17,1,3,2,6,2,0,1,0,0,0,0,1,800237,7009,5839241,911
51358,11,2,2050602,Samariterviertel,2019,6,8,7,3,6,4,0,0,1,1,0,0,0,0,802144,717,5827753,619
51359,11,7,7040405,Rathaus Tempelhof,2019,12,18,5,3,3,6,2,0,1,0,0,0,0,0,798497,3262,5822081,566
51360,11,4,4020314,Messegel�nde,2019,7,12,5,2,0,1,0,0,0,0,1,0,0,0,790317,999,5825487,61
51361,11,4,4041239,Stadion Wilmersdorf,2019,4,14,3,3,2,6,0,0,1,0,0,0,0,0,792039,8018,5823881,19
51362,11,4,4020311,Reichsstra�e,2019,10,14,7,2,0,7,0,0,1,0,0,0,1,0,790132,9854,5826310,584
51363,11,3,3010104,Lietzengraben,2019,8,13,1,3,2,6,0,0,1,0,0,0,0,0,801012,9513,5838518,953
51364,11,12,12304314,Ziekowstra�e/Freie Scholle,2019,7,17,4,3,8,7,0,0,1,0,0,0,0,0,790150,9857,5836038,866
51365,11,4,4051549,Rathaus Wilmersdorf,2019,4,15,3,3,2,6,0,0,1,0,0,0,0,0,792410,7762,5823666,625
51366,11,1,1011303,Alexanderplatzviertel,2019,10,6,4,3,2,7,2,0,1,0,0,0,0,1,798966,7557,5827456,48
51367,11,5,5020628,Graetschelsteig,2019,6,9,6,3,0,2,0,1,1,0,0,0,0,0,784031,2901,5826577,32
51368,11,7,7030303,Grazer Platz,2019,8,18,1,2,8,1,0,0,1,0,0,0,0,0,795191,3942,5822938,705
51369,11,4,4041137,Flinsberger Platz,2019,12,19,7,3,9,1,2,0,1,0,0,0,0,0,791266,228,5824629,16
51370,11,4,4041137,Flinsberger Platz,2019,5,19,7,3,2,6,0,0,1,0,0,0,0,0,791494,5128,5824411,124
51371,11,8,8020619,Buschkrugallee Nord,2019,4,15,3,3,2,6,0,0,1,0,0,0,0,0,802014,8972,5821840,852
51372,11,4,4020310,Park Ruhwald,2019,11,12,2,3,2,6,0,0,1,0,0,0,0,0,790489,1603,5828482,852
51373,11,12,12214125,Waldidyll/Flughafensee,2019,5,12,7,3,2,6,0,0,1,0,0,0,0,0,791694,8021,5831013,691
51374,11,9,9010301,Baumschulenstra�e,2019,11,18,7,2,6,4,2,0,1,1,0,0,0,0,804561,1628,5823160,994
51375,11,4,4041239,Stadion Wilmersdorf,2019,7,14,4,3,2,6,0,0,1,0,0,0,0,0,792184,6624,5823724,169
51376,11,7,7060604,Marienfelde S�d,2019,4,7,3,3,6,7,0,0,1,1,0,0,0,0,796421,9484,5815395,23
51377,11,4,4051656,Hildegardstra�e,2019,7,17,4,3,2,6,0,0,1,0,0,0,0,0,793771,1756,5822989,36
51378,11,9,9010101,Elsenstra�e,2019,4,7,3,3,6,4,0,0,0,1,1,0,0,0,802773,5847,5825330,393
51379,11,12,12103115,Breitkopfbecken,2019,11,20,2,3,5,2,2,0,1,0,0,0,0,1,795336,6393,5833744,819
51380,11,7,7030303,Grazer Platz,2019,6,11,2,2,0,1,0,0,0,0,1,0,0,0,796165,5893,5822721,456
51381,11,4,4010103,Paul-Hertz-Siedlung,2019,8,16,7,3,2,6,0,0,1,0,0,0,0,0,791133,3228,5829052,233
51382,11,12,4010101,Jungfernheide,2019,12,14,6,3,2,6,0,0,1,0,0,0,0,1,791510,3154,5830620,69
51383,11,3,3020209,Niedersch�nhausen,2019,7,6,4,3,5,2,0,1,0,0,0,0,1,0,798224,7278,5835174,746
51384,11,3,3061434,Anton-Saefkow-Park,2019,4,7,2,3,0,2,0,1,1,0,0,0,1,1,800623,1587,5829919,632
51385,11,11,11030721,R�digerstra�e,2019,10,7,2,3,0,2,0,1,1,0,0,0,0,0,803768,2272,5827581,81
51386,11,10,10030726,Alt-Biesdorf,2019,8,14,7,3,2,6,0,0,1,0,0,0,0,0,809541,719,5827393,515
51387,11,1,1011102,Gro�er Tiergarten,2019,7,6,4,3,3,6,0,0,1,0,0,1,0,0,796573,9925,5827397,241
51388,11,8,8020619,Buschkrugallee Nord,2019,4,6,2,3,5,3,2,0,1,0,0,1,0,0,801657,3445,5821809,108
51389,11,4,4041134,Bismarckallee,2019,10,23,6,2,8,1,2,0,1,0,0,0,0,1,790869,128,5824710,147
51390,11,1,1011303,Alexanderplatzviertel,2019,6,16,6,3,5,3,0,1,0,0,0,0,1,0,798866,1933,5828077,49
51391,11,12,12103219,Sch�fersee,2019,8,13,7,3,5,2,0,1,1,0,0,0,0,0,795677,4113,5832895,943
51393,11,7,7050502,Fritz-Werner-Stra�e,2019,5,12,7,3,4,6,0,1,0,0,0,0,0,0,797552,3199,5818313,943
51394,11,3,3061434,Anton-Saefkow-Park,2019,4,5,2,3,5,3,2,0,1,0,0,0,0,0,800602,7939,5829929,261
51395,11,3,3061332,Helmholtzplatz,2019,11,15,3,3,6,2,0,0,1,1,0,0,0,0,799998,6611,5830219,686
51396,11,10,10040933,Mahlsdorf S�d,2019,5,14,7,3,2,6,0,0,1,0,0,0,0,0,813572,5681,5827170,599
51397,11,12,12214422,Klixstra�e,2019,11,12,7,3,5,3,0,0,1,0,0,0,0,0,792144,2362,5832837,337
51398,11,6,6040703,Nikolassee,2019,7,10,3,3,1,5,0,0,1,0,0,0,0,0,785784,9525,5816470,24
51399,11,4,4020310,Park Ruhwald,2019,4,16,2,3,2,6,0,0,1,0,0,1,0,0,790481,4,5828460,969
51400,11,6,6040701,Wannsee,2019,10,16,3,2,5,2,0,1,1,0,0,0,0,0,782755,7163,5815836,874
51401,11,3,3050925,Komponistenviertel Wei�ensee,2019,8,11,7,3,1,5,0,0,1,0,0,0,0,0,802151,4035,5831524,76
51403,11,1,1011105,N�rdlicher Landwehrkanal,2019,7,17,3,3,2,6,0,0,1,0,0,0,0,0,796454,613,5826462,212
51404,11,9,9010101,Elsenstra�e,2019,4,14,2,3,2,6,0,0,1,0,0,0,0,0,802727,9201,5825296,267
51405,11,1,1044201,Reinickendorfer Stra�e,2019,9,0,7,3,5,3,2,0,1,0,0,0,0,0,796045,4376,5831343,744
51406,11,4,4041137,Flinsberger Platz,2019,6,20,2,3,2,6,0,0,1,0,0,0,1,0,791502,6085,5824421,34
51407,11,10,10040933,Mahlsdorf S�d,2019,8,7,7,3,2,6,0,0,1,0,0,0,0,0,813515,2205,5827163,884
51408,11,4,4010101,Jungfernheide,2019,12,13,4,3,2,6,0,0,1,0,0,0,0,0,791158,9011,5829478,11
51409,11,4,4041137,Flinsberger Platz,2019,5,14,7,2,2,6,0,0,1,0,0,0,0,0,791886,4089,5824043,306
51410,11,4,4020310,Park Ruhwald,2019,7,9,3,3,2,6,0,0,1,0,0,0,1,0,790425,3226,5827781,591
51411,11,7,7070701,Kettinger Stra�e/Schillerstra�e,2019,4,13,2,3,1,1,0,0,1,0,0,0,0,0,799736,3266,5814353,283
51412,11,4,4041137,Flinsberger Platz,2019,11,20,4,3,5,3,2,0,1,0,0,0,0,1,791588,4152,5824351,903
51413,11,2,2010101,Askanischer Platz,2019,11,18,7,3,5,3,2,0,1,0,0,0,0,0,797886,5844,5825489,42
51414,11,2,2020201,Gleisdreieck/Entwicklungsgebiet,2019,7,22,3,3,5,3,2,1,1,0,0,0,0,0,797059,1214,5825704,89
51415,11,9,9010101,Elsenstra�e,2019,4,10,2,3,5,2,0,1,1,0,0,0,0,0,802847,2224,5825474,971
51416,11,4,4030417,Schlo�stra�e,2019,10,10,3,3,3,6,0,0,1,0,0,0,1,0,791543,8409,5826562,29
51417,11,4,4020310,Park Ruhwald,2019,8,12,6,2,2,6,0,0,1,0,0,0,0,0,790548,436,5827364,124
51419,11,7,7050501,Rathausstra�e,2019,5,16,7,3,2,2,0,0,1,0,1,0,0,0,797709,9631,5818788,603
51420,11,7,7050502,Fritz-Werner-Stra�e,2019,7,19,3,3,5,3,0,0,0,0,1,0,1,0,798179,1195,5818923,907
51421,11,3,3071639,B�tzowstra�e,2019,4,9,2,3,3,6,0,1,1,0,0,0,0,0,800195,797,5829281,623
51422,11,4,4010101,Jungfernheide,2019,11,11,6,3,2,6,0,0,1,0,0,0,0,0,791233,4681,5829753,536
51423,11,2,2050802,Boxhagener Platz,2019,6,7,5,3,3,6,0,0,1,0,1,0,0,1,802065,5557,5827317,548
51424,11,7,7040403,Manteuffelstra�e,2019,8,18,6,3,1,5,0,1,1,0,0,0,0,0,797819,532,5821087,593
51425,11,11,11030721,R�digerstra�e,2019,12,8,3,3,5,2,0,1,1,0,0,0,0,1,803718,5201,5827570,413
51426,11,3,3061332,Helmholtzplatz,2019,5,23,6,2,6,4,2,0,1,1,0,0,0,0,799989,7991,5830222,484
51427,11,2,2020202,Rathaus Yorckstra�e,2019,7,19,2,3,2,6,0,0,1,0,0,0,0,0,797854,2235,5825450,756
51428,11,6,6040701,Wannsee,2019,10,14,5,3,5,5,0,0,1,0,0,0,0,0,778592,6746,5814901,627
51429,11,6,6030605,Botanischer Garten,2019,7,22,2,3,0,1,2,1,0,0,0,0,0,0,791863,7567,5819374,803
51430,11,7,7020203,Kaiser-Wilhelm-Platz,2019,9,20,5,3,2,6,2,0,1,0,1,0,0,0,795896,5294,5824376,515
51431,11,4,4030417,Schlo�stra�e,2019,4,9,2,3,5,3,0,0,1,0,1,0,0,0,791868,1615,5826595,799
51432,11,1,1011204,Leipziger Stra�e,2019,10,22,4,3,2,6,2,0,1,0,0,0,0,0,798857,1799,5827294,573
51433,11,7,7040401,Neu-Tempelhof,2019,8,18,6,3,0,7,0,1,0,0,0,0,0,0,797773,6971,5823585,857
51435,11,2,2050803,Stralauer Kiez,2019,5,23,6,3,2,6,2,0,1,0,0,0,0,0,802886,2374,5825795,881
51436,11,7,7020202,Volkspark (Rudolf-Wilde-Park),2019,7,14,2,2,0,1,0,0,0,0,1,0,0,1,794682,5657,5823146,431
51437,11,1,1033203,Humboldthain Nordwest,2019,4,8,2,3,5,3,0,1,1,0,0,0,0,0,796195,46,5830185,826
51438,11,7,7060604,Marienfelde S�d,2019,11,16,7,3,0,3,1,1,1,0,0,0,0,0,796409,5789,5815365,159
51439,11,4,4030622,Richard-Wagner-Stra�e,2019,6,19,7,3,2,6,0,0,1,0,0,0,0,0,792124,1239,5826638,825
51440,11,1,1022202,Heidestra�e,2019,12,11,4,3,5,3,0,0,1,0,0,0,0,0,795868,3151,5829573,989
51441,11,2,2020202,Rathaus Yorckstra�e,2019,7,19,1,3,0,2,0,1,1,0,0,0,0,0,797898,7256,5825430,732
51442,11,3,3020209,Niedersch�nhausen,2019,4,7,2,2,0,7,0,0,1,0,0,0,0,0,797962,5067,5834549,117
51443,11,7,7040402,Lindenhofsiedlung,2019,10,19,6,3,2,6,2,0,1,0,1,0,0,0,796518,8001,5822544,205
51444,11,9,9020601,Schnellerstra�e,2019,8,17,6,2,5,3,0,1,1,0,0,0,0,0,806541,9758,5821193,156
51445,11,7,7010104,Dennewitzplatz,2019,7,23,1,3,0,6,2,0,1,0,0,0,1,0,796007,6436,5824786,695
51446,11,2,2050602,Samariterviertel,2019,3,16,1,3,5,3,0,1,0,0,1,0,0,0,803481,8982,5827610,397
51447,11,1,1011303,Alexanderplatzviertel,2019,10,8,4,2,5,2,0,0,1,0,0,0,0,1,799808,1669,5828638,57
51448,11,7,7040403,Manteuffelstra�e,2019,6,19,5,3,2,6,0,0,1,0,0,0,0,0,797853,916,5820519,74
51449,11,2,2020203,Viktoriapark,2019,8,23,6,3,1,5,2,1,1,0,0,0,1,0,797754,3318,5824624,964
51450,11,2,2050601,Hausburgviertel,2019,12,19,6,3,6,4,1,0,1,1,0,0,0,1,802063,957,5828101,286
51451,11,1,1022202,Heidestra�e,2019,5,17,6,3,2,6,0,0,1,0,0,0,0,0,796044,9139,5829317,457
51452,11,12,12231101,Hermsdorf,2019,3,19,1,3,0,1,1,0,0,0,1,0,0,0,792115,5557,5837979,475
51453,11,2,2050602,Samariterviertel,2019,11,6,1,3,9,1,2,0,1,0,0,0,0,0,802110,7627,5828008,353
51454,11,3,3020209,Niedersch�nhausen,2019,5,10,6,3,3,1,0,1,1,0,0,0,0,0,798175,9465,5836260,259
51455,11,3,3050925,Komponistenviertel Wei�ensee,2019,11,18,5,3,6,2,2,0,1,1,0,0,0,1,801537,831,5831187,986
51456,11,1,1044201,Reinickendorfer Stra�e,2019,7,6,1,3,5,2,0,0,1,0,0,0,0,0,796045,1976,5831344,253
51457,11,4,4010102,Pl�tzensee,2019,3,16,1,2,3,6,0,0,1,0,1,0,0,0,793439,9447,5829759,957
51458,11,1,1033203,Humboldthain Nordwest,2019,10,1,1,2,5,2,2,0,1,0,0,0,0,0,796186,9463,5830196,828
51459,11,7,7040403,Manteuffelstra�e,2019,8,16,6,3,2,6,0,0,1,0,0,0,0,0,797486,7194,5822327,298
51461,11,4,4020314,Messegel�nde,2019,5,16,6,3,3,6,0,0,1,0,0,0,0,0,790489,8396,5825304,797
51462,11,9,9020601,Schnellerstra�e,2019,7,23,7,3,0,4,2,0,0,1,1,0,0,1,806683,3343,5821054,544
51463,11,1,1011303,Alexanderplatzviertel,2019,3,12,7,3,6,4,0,0,1,1,0,0,0,0,799806,638,5828634,703
51464,11,7,7020203,Kaiser-Wilhelm-Platz,2019,6,23,7,3,1,5,2,1,1,0,0,0,0,0,795571,8602,5823898,223
51465,11,3,3061126,Arnimplatz,2019,8,15,6,2,5,2,0,1,0,0,0,0,1,0,799220,4889,5832049,473
51466,11,6,6040703,Nikolassee,2019,12,13,2,3,5,2,0,0,1,0,0,0,0,1,786509,8468,5816949,624
51467,11,1,1011303,Alexanderplatzviertel,2019,5,9,6,3,5,2,0,1,1,0,0,0,0,0,799762,1684,5828627,712
51468,11,7,7060604,Marienfelde S�d,2019,7,16,7,2,5,3,0,0,1,0,0,0,0,0,796422,3304,5815396,159
51469,11,3,3010104,Lietzengraben,2019,3,10,6,3,2,6,0,0,1,0,0,0,0,0,799513,9369,5840900,93
51470,11,9,9010402,Johannisthal Ost,2019,11,17,2,3,2,6,2,0,1,0,0,1,0,0,806610,809,5818274,52
51471,11,12,12231101,Hermsdorf,2019,7,15,7,3,5,3,0,1,1,0,0,0,0,0,791923,4792,5838850,577
51472,11,3,3010102,Buch,2019,3,16,6,2,2,6,0,0,1,0,0,0,0,0,804494,6454,5839633,59
51473,11,3,3061332,Helmholtzplatz,2019,10,19,1,3,5,7,2,1,0,0,0,0,1,1,799432,6979,5830328,934
51474,11,8,8020619,Buschkrugallee Nord,2019,8,15,6,3,2,6,0,0,1,0,0,0,0,0,801666,936,5821775,719
51476,11,7,7040401,Neu-Tempelhof,2019,5,12,6,3,2,7,0,0,1,0,0,0,0,0,797772,5656,5823910,849
51477,11,7,7050502,Fritz-Werner-Stra�e,2019,7,13,7,3,2,2,0,0,1,0,1,0,0,0,797549,84,5818299,703
51478,11,4,4030621,Spreestadt,2019,3,19,6,3,0,1,2,1,0,0,0,0,0,0,794100,7637,5826993,959
51479,11,12,12231101,Hermsdorf,2019,11,13,4,2,6,2,0,0,1,1,0,0,0,0,792117,8192,5837988,879
51480,11,3,3071633,Th�lmannpark,2019,10,14,2,3,6,4,0,1,0,1,0,0,0,0,800003,4076,5830309,45
51481,11,11,11010101,Dorf Malchow,2019,8,11,6,3,5,3,0,1,1,0,0,0,0,0,803673,6053,5835100,264
51483,11,7,7040403,Manteuffelstra�e,2019,5,9,6,2,0,7,0,0,1,0,0,0,0,0,797404,3296,5822340,112
51484,11,7,7050502,Fritz-Werner-Stra�e,2019,7,12,7,3,2,3,0,0,1,0,0,0,0,0,797550,5914,5818306,355
51485,11,9,9010101,Elsenstra�e,2019,3,11,5,3,5,3,0,0,1,0,0,0,1,1,802581,7667,5825080,814
51486,11,6,6030605,Botanischer Garten,2019,6,12,2,3,5,2,0,0,0,0,1,0,0,0,792443,58,5819762,86
51487,11,4,4030623,Ernst-Reuter-Platz,2019,8,12,6,3,2,6,0,0,1,0,1,0,0,0,793155,158,5826843,21
51488,11,12,12301205,Waidmannslust,2019,12,17,2,3,6,2,2,0,0,1,0,0,1,0,792710,759,5837441,599
51489,11,7,7020202,Volkspark (Rudolf-Wilde-Park),2019,5,12,5,3,0,7,0,1,0,0,0,0,1,1,795512,2076,5823337,19