OBJECTID,LAND,BEZ,LOR,STRASSE,UJAHR,UMONAT,USTUNDE,UWOCHENTAG,UKATEGORIE,UART,UTYP1,ULICHTVERH,IstRad,IstPKW,IstFuss,IstKrad,IstGkfz,IstSonstige,USTRZUSTAND,LINREFX,LINREFY,XGCSWGS84,YGCSWGS84
51490,11,1,1044201,Reinickendorfer Stra�e,2019,7,9,6,2,5,2,0,1,0,0,0,1,0,0,796050,878,5831331,178
51491,11,4,4041137,Flinsberger Platz,2019,3,15,5,3,2,6,0,0,1,0,0,0,1,0,791565,842,5824367,873
51492,11,7,7050502,Fritz-Werner-Stra�e,2019,11,16,3,3,0,6,1,0,1,0,0,0,1,0,797569,5101,5818389,405
51493,11,3,3061434,Anton-Saefkow-Park,2019,11,18,6,3,2,6,2,0,1,0,0,0,0,0,800862,173,5829753,835
51494,11,7,7040403,Manteuffelstra�e,2019,7,21,6,3,5,2,2,0,1,0,1,0,0,0,797827,961,5822395,493
51495,11,4,4020313,K�nigin-Elisabeth-Stra�e,2019,3,19,5,3,3,6,2,0,1,0,0,0,0,1,790659,6911,5826398,916
51496,11,1,1011303,Alexanderplatzviertel,2019,10,20,2,3,3,2,2,1,1,0,0,0,0,0,799552,1887,5828281,464
51497,11,3,3061126,Arnimplatz,2019,8,7,6,3,3,6,0,0,1,0,1,0,0,0,799238,9993,5831928,662
51499,11,12,12103218,Teichstra�e,2019,5,10,5,3,0,3,0,1,1,0,0,0,0,1,794392,4571,5834475,202
51500,11,2,2040701,Andreasviertel,2019,7,18,6,3,3,2,0,0,1,0,1,0,0,0,800385,825,5827977,207
51501,11,1,1033203,Humboldthain Nordwest,2019,3,8,4,3,5,2,0,1,1,0,0,0,0,0,796195,9944,5830184,968
51502,11,4,4030417,Schlo�stra�e,2019,11,16,4,3,6,4,2,0,1,1,0,0,0,0,791841,6245,5826612,675
51503,11,10,10040830,Kaulsdorf S�d,2019,6,16,4,2,2,6,0,0,0,0,1,0,1,0,811559,1867,5827117,913
51504,11,1,1011303,Alexanderplatzviertel,2019,8,0,6,3,0,7,2,0,0,0,0,0,1,0,798793,3887,5827981,826
51505,11,3,3071633,Th�lmannpark,2019,12,5,2,3,5,3,2,1,1,0,0,0,0,0,800283,87,5830084,748
51506,11,12,12103218,Teichstra�e,2019,7,12,6,3,0,2,0,1,1,0,0,0,0,0,794572,2536,5833815,936
51507,11,4,4020313,K�nigin-Elisabeth-Stra�e,2019,9,17,5,3,0,5,0,0,1,0,1,0,0,0,790317,511,5826341,942
51508,11,10,10010204,Wuhletalstra�e,2019,10,22,4,3,2,6,2,0,1,0,0,0,0,0,808924,2425,5833401,136
51509,11,4,4030417,Schlo�stra�e,2019,8,18,5,2,5,2,0,1,1,0,0,0,0,0,791847,9988,5826592,407
51510,11,4,4041137,Flinsberger Platz,2019,7,10,6,3,0,7,0,0,0,0,1,0,0,1,791928,8666,5824014,613
51511,11,6,6030503,Zehlendorf Mitte,2019,9,19,5,3,5,2,2,1,1,0,0,0,0,0,789578,884,5817961,217
51512,11,4,4020313,K�nigin-Elisabeth-Stra�e,2019,3,15,4,3,2,6,0,0,1,0,0,0,0,0,790696,6449,5826994,267
51513,11,4,4051551,Brabanter Platz,2019,10,16,3,3,2,6,0,0,1,0,0,0,0,0,793044,6634,5823051,144
51514,11,4,4041137,Flinsberger Platz,2019,8,16,5,3,2,6,0,0,1,0,0,0,1,0,791591,7739,5824344,685
51516,11,3,3010101,Bucher Forst,2019,5,18,5,2,5,3,0,1,1,0,0,0,0,1,800659,3941,5841394,129
51517,11,3,3020203,Blankenfelde,2019,7,6,6,3,6,2,0,0,0,1,0,1,0,0,797154,7106,5838890,646
51518,11,7,7020203,Kaiser-Wilhelm-Platz,2019,3,23,4,2,9,1,2,0,1,0,1,0,0,1,795774,3083,5824115,7
51519,11,1,1044102,Schillerpark,2019,11,9,7,3,5,3,0,0,1,0,0,0,0,1,795861,7403,5832069,84
51520,11,7,7020203,Kaiser-Wilhelm-Platz,2019,5,13,5,3,0,7,0,0,0,0,1,0,0,1,795680,1287,5823993,209
51521,11,1,1011102,Gro�er Tiergarten,2019,8,16,5,3,5,7,0,0,1,0,0,0,0,0,794455,4835,5827038,695
51522,11,10,10010309,Springpfuhl,2019,12,13,4,3,2,6,0,0,1,0,0,1,1,0,807672,894,5830081,394
51523,11,4,4041137,Flinsberger Platz,2019,7,9,6,3,2,6,0,0,1,0,0,0,0,0,791935,907,5824007,83
51524,11,5,5020524,Weinmeisterhornweg,2019,3,8,4,3,2,6,0,0,1,0,0,0,0,1,782998,905,5825977,186
51525,11,4,4030622,Richard-Wagner-Stra�e,2019,10,13,6,3,2,6,0,0,1,0,1,0,0,0,792116,7613,5826637,603
51526,11,12,12103117,Letteplatz,2019,8,16,5,3,5,7,0,1,1,0,0,0,0,0,795807,9021,5832370,438
51527,11,10,10010204,Wuhletalstra�e,2019,7,4,6,2,5,3,1,0,1,0,0,0,1,0,808905,2566,5833416,326
51528,11,3,3061429,Greifswalder Stra�e,2019,3,7,4,2,6,4,0,0,1,1,0,0,0,0,801390,5422,5831069,26
51529,11,10,10030727,Biesdorf S�d,2019,10,11,3,3,0,1,0,0,0,0,1,0,0,1,810344,2105,5827069,588
51530,11,3,3040818,Pankow S�d,2019,6,17,4,3,6,3,0,0,1,1,0,0,0,0,800033,9992,5833416,34
51531,11,12,12214424,Scharnweberstra�e,2019,8,15,5,2,9,1,0,0,0,0,1,0,0,0,792890,776,5832239,124
51532,11,1,1033203,Humboldthain Nordwest,2019,12,21,4,3,2,6,2,0,1,0,0,0,0,1,796288,1909,5830309,407
51533,11,2,2050602,Samariterviertel,2019,5,9,5,3,2,6,0,0,1,0,0,0,0,1,803064,7788,5827636,848
51534,11,7,7040406,Germaniagarten,2019,3,5,4,3,0,7,0,0,1,0,0,0,0,0,800327,4441,5821568,286
51535,11,6,6030503,Zehlendorf Mitte,2019,11,19,7,2,5,3,2,0,1,0,0,0,0,1,790942,7279,5818771,219
51536,11,11,11030721,R�digerstra�e,2019,5,7,5,3,6,7,0,0,1,1,0,0,0,1,804234,9123,5827533,293
51537,11,1,1011204,Leipziger Stra�e,2019,11,17,4,3,3,6,2,1,1,0,0,0,0,1,798178,7519,5826923,824
51538,11,4,4030724,Lietzensee,2019,7,14,5,3,2,6,0,0,1,0,0,0,0,0,790773,915,5826385,425
51539,11,7,7060601,Marienfelder Allee Nordwest,2019,3,17,4,3,6,7,1,1,0,1,0,0,0,1,797120,4574,5816959,251
51540,11,8,8010510,Gewerbegebiet K�llnische Heide,2019,10,14,7,3,2,6,0,0,1,0,0,0,0,0,802673,785,5821698,328
51541,11,12,12103115,Breitkopfbecken,2019,8,18,5,2,0,6,0,0,0,0,1,0,1,0,795377,999,5833673,668
51543,11,4,4051656,Hildegardstra�e,2019,5,7,5,2,2,6,0,0,1,0,0,0,1,1,793782,2994,5823002,66
51544,11,12,12302211,L�barser Stra�e,2019,9,13,5,3,5,7,0,0,1,0,0,0,1,0,793211,3351,5836738,266
51545,11,2,2050803,Stralauer Kiez,2019,7,21,5,2,5,2,1,1,1,0,0,0,0,0,802031,4163,5826155,312
51546,11,3,3061131,Falkplatz,2019,3,15,3,3,6,4,0,0,1,1,0,0,0,0,799141,765,5830376,94
51547,11,1,1011104,K�rnerstra�e,2019,6,20,7,3,2,6,0,0,1,0,0,0,0,0,796302,9257,5826046,765
51548,11,3,3071639,B�tzowstra�e,2019,8,11,5,3,0,4,0,1,0,1,0,0,0,0,800309,3761,5829465,458
51549,11,2,2020202,Rathaus Yorckstra�e,2019,12,12,1,3,1,1,0,0,1,0,0,0,0,0,797901,8585,5825108,909
51550,11,12,12103219,Sch�fersee,2019,5,17,5,3,4,6,0,1,0,0,0,0,0,0,795694,27,5832888,251
51551,11,6,6030503,Zehlendorf Mitte,2019,7,16,5,3,2,2,0,1,0,0,0,0,1,0,789556,5381,5817966,496
51552,11,2,2020202,Rathaus Yorckstra�e,2019,11,3,1,2,6,4,2,0,1,1,0,0,0,1,797897,3028,5825437,364
51553,11,4,4030417,Schlo�stra�e,2019,7,14,5,3,5,2,0,1,1,0,0,0,0,0,791028,1107,5826477,2
51554,11,7,7030303,Grazer Platz,2019,3,9,3,3,2,6,0,0,1,0,0,0,0,0,795225,4375,5822896,663
51555,11,4,4041133,G�terbahnhof Grunewald,2019,10,19,1,3,2,6,2,0,1,0,0,0,0,0,790540,8158,5825172,68
51556,11,1,1011303,Alexanderplatzviertel,2019,8,11,5,3,6,7,0,0,0,1,1,0,0,0,798942,9427,5828148,689
51558,11,7,7070701,Kettinger Stra�e/Schillerstra�e,2019,5,15,4,3,2,6,0,0,1,0,0,0,0,0,799736,4963,5814606,873
51559,11,3,3071638,Winsstra�e,2019,7,14,5,3,5,2,0,1,1,0,0,0,0,0,800047,2787,5828999,183
51560,11,4,4030417,Schlo�stra�e,2019,3,10,3,3,2,6,0,0,1,0,0,0,0,0,791035,1964,5826478,362
51561,11,4,4020313,K�nigin-Elisabeth-Stra�e,2019,11,15,3,3,2,6,0,0,1,0,0,0,1,0,790567,417,5826402,241
51562,11,1,1011303,Alexanderplatzviertel,2019,6,13,3,3,2,6,0,0,1,0,0,0,0,0,799254,845,5827905,447
51563,11,3,3061429,Greifswalder Stra�e,2019,8,11,5,2,5,2,0,1,1,0,0,0,0,0,801348,7145,5831003,317
51564,11,1,1033203,Humboldthain Nordwest,2019,12,19,7,3,2,6,2,0,1,0,0,0,0,1,796210,2608,5829941,731
51565,11,2,2040703,Wriezener Bahnhof/Entwicklungsgebiet,2019,7,14,5,2,1,5,0,1,0,0,1,0,0,0,801878,9939,5826541,829
51566,11,3,3061131,Falkplatz,2019,10,13,3,3,2,6,0,0,1,0,0,0,0,0,799186,152,5831182,81
51567,11,6,6030503,Zehlendorf Mitte,2019,8,9,5,3,5,2,0,1,1,0,0,0,0,0,789559,9922,5817980,314
51568,11,10,10010204,Wuhletalstra�e,2019,7,19,4,3,5,3,0,0,1,0,0,0,0,0,808905,6465,5833417,94
51569,11,4,4020208,Kranzallee,2019,3,18,2,3,5,3,1,0,1,0,0,0,0,0,787161,9085,5825838,962
51570,11,12,12214422,Klixstra�e,2019,10,6,2,3,3,6,2,0,1,0,0,1,0,0,791651,5794,5833559,513
51571,11,3,3020209,Niedersch�nhausen,2019,6,11,1,3,5,2,0,1,1,0,0,0,0,0,798113,4044,5835762,425
51572,11,2,2040701,Andreasviertel,2019,8,19,5,3,6,7,0,0,0,1,0,0,1,0,800630,2555,5827889,775
51574,11,12,12214125,Waldidyll/Flughafensee,2019,5,12,4,3,3,6,0,0,1,0,1,0,0,0,792107,3135,5831888,42
51575,11,10,10030726,Alt-Biesdorf,2019,3,11,2,3,5,2,0,0,1,0,0,0,0,1,808936,8692,5827406,556
51576,11,6,6030503,Zehlendorf Mitte,2019,11,20,4,3,5,2,2,0,1,0,0,0,0,1,789567,884,5817964,126
51577,11,4,4041134,Bismarckallee,2019,5,9,4,2,2,6,0,0,1,0,1,0,0,0,791190,689,5824633,724
51578,11,7,7010104,Dennewitzplatz,2019,12,14,2,3,6,4,0,0,1,1,0,0,0,0,796071,8033,5825476,637
51579,11,3,3061228,Erich-Weinert-Stra�e,2019,7,19,4,3,1,5,0,1,0,0,0,0,1,0,800270,7571,5831439,281
51580,11,7,7040402,Lindenhofsiedlung,2019,3,14,2,2,2,6,0,0,1,0,0,0,0,1,796430,668,5822603,567
51581,11,6,6040703,Nikolassee,2019,10,17,4,2,9,1,2,0,1,0,0,0,0,0,785748,706,5816442,886
51582,11,12,12301204,Wittenau Nord,2019,8,17,4,3,5,3,0,0,1,0,0,0,0,0,793418,6359,5836163,675
51584,11,12,12302212,Rollbergesiedlung,2019,6,10,4,3,5,3,0,1,1,0,0,0,0,0,792784,1119,5837340,844
51585,11,6,6040703,Nikolassee,2019,8,17,4,2,0,7,0,1,0,0,0,0,0,0,786353,2788,5816879,974
51586,11,2,2040703,Wriezener Bahnhof/Entwicklungsgebiet,2019,12,19,1,3,6,6,2,1,0,1,0,0,0,1,801839,8638,5826426,354
51587,11,3,3040818,Pankow S�d,2019,7,16,4,3,5,3,0,1,1,0,0,0,0,0,800037,538,5833451,998
51588,11,6,6040701,Wannsee,2019,9,17,4,3,1,1,0,0,1,0,0,0,0,1,778814,268,5814981,864
51589,11,7,7050501,Rathausstra�e,2019,10,11,4,3,1,5,0,1,1,0,0,0,0,0,797981,3413,5819862,755
51590,11,4,4051656,Hildegardstra�e,2019,8,7,4,2,2,6,0,0,0,0,1,0,1,0,793666,3959,5822996,787
51591,11,1,1011202,Unter den Linden Nord,2019,7,13,4,3,3,6,0,0,1,0,1,0,0,0,798196,169,5827671,8
51592,11,4,4051655,Babelsberger Stra�e,2019,3,15,2,3,2,6,0,0,1,0,0,0,0,0,793967,8945,5823000,84
51593,11,12,12103218,Teichstra�e,2019,10,13,3,3,2,6,0,0,1,0,0,1,0,1,794591,6065,5833807,497
51594,11,4,4020310,Park Ruhwald,2019,8,5,4,3,3,6,1,0,1,0,0,0,0,0,790479,3397,5828454,33
51596,11,3,3061434,Anton-Saefkow-Park,2019,5,9,4,3,2,6,0,0,1,0,1,0,0,0,800659,628,5830030,149
51597,11,2,2050601,Hausburgviertel,2019,7,10,4,3,0,5,0,1,0,0,0,0,1,0,802041,2372,5828082,462
51598,11,6,6030503,Zehlendorf Mitte,2019,3,13,2,2,5,3,0,0,1,0,0,0,0,1,790944,2677,5818772,125
51599,11,2,2050602,Samariterviertel,2019,11,9,5,3,5,3,0,1,1,0,0,0,0,0,802119,8959,5828034,867
51600,11,2,2050602,Samariterviertel,2019,5,8,4,3,5,3,0,1,1,0,0,0,0,0,802576,8721,5827703,156
51601,11,1,1033203,Humboldthain Nordwest,2019,12,18,3,3,2,6,2,0,1,0,0,0,0,1,796277,601,5830013,147
51602,11,4,4051551,Brabanter Platz,2019,7,15,4,3,2,6,0,0,1,0,1,0,0,0,793224,523,5823009,19
51603,11,11,11010101,Dorf Malchow,2019,3,10,1,3,5,2,0,1,1,0,0,0,0,0,803685,612,5835336,13
51604,11,12,12103117,Letteplatz,2019,10,19,5,3,2,6,2,0,1,0,1,0,0,0,795841,4434,5832182,231
51605,11,1,1011303,Alexanderplatzviertel,2019,8,15,4,3,6,6,0,0,0,1,0,0,1,0,799557,908,5828277,886
51607,11,10,10010309,Springpfuhl,2019,7,20,3,3,5,3,0,0,1,0,0,0,0,0,807685,5835,5829675,58
51608,11,3,3061126,Arnimplatz,2019,3,18,1,3,3,6,1,0,1,0,1,0,0,0,799235,117,5831712,909
51609,11,12,12103218,Teichstra�e,2019,9,14,2,3,5,2,0,1,0,0,0,1,0,0,794572,2234,5833816,935
51610,11,9,9010301,Baumschulenstra�e,2019,6,7,4,3,5,2,0,0,1,0,1,0,0,0,805161,2417,5822577,895
51611,11,11,11030721,R�digerstra�e,2019,8,12,4,3,6,4,0,1,0,1,0,0,0,0,803720,4867,5827586,492
51612,11,9,9010101,Elsenstra�e,2019,12,10,7,3,3,6,0,0,1,0,0,0,0,1,802841,4141,5825466,55
51613,11,10,10010308,Marzahner Chaussee,2019,5,22,4,2,0,1,2,1,0,0,0,0,0,0,808205,888,5827481,44
51614,11,12,12103219,Sch�fersee,2019,7,12,3,3,6,4,0,1,0,1,0,0,0,0,795759,6226,5832647,769
51615,11,4,4030622,Richard-Wagner-Stra�e,2019,3,11,7,3,2,6,0,0,1,0,0,0,0,0,791946,7059,5826608,948
51616,11,3,3061332,Helmholtzplatz,2019,11,22,6,2,6,7,2,0,1,1,0,0,0,1,799232,4818,5830360,912
51617,11,7,7010104,Dennewitzplatz,2019,11,16,3,3,3,6,2,0,1,0,1,0,0,0,796002,3744,5824606,71
51618,11,1,1011102,Gro�er Tiergarten,2019,7,18,3,3,5,2,0,1,1,0,0,0,0,0,796448,883,5827390,66
51619,11,4,4010101,Jungfernheide,2019,3,14,7,2,2,6,0,0,1,0,0,0,0,0,790528,39,5828623,17
51620,11,4,4010101,Jungfernheide,2019,10,20,5,3,2,6,2,0,1,0,0,0,0,0,790649,6229,5828805,552
51621,11,10,10040933,Mahlsdorf S�d,2019,8,10,4,3,2,6,0,0,0,0,0,1,1,0,813517,1685,5827163,631
51623,11,2,2050601,Hausburgviertel,2019,5,18,4,3,5,2,0,1,1,0,0,0,0,0,801681,43,5828880,887
51624,11,6,6040703,Nikolassee,2019,9,16,4,3,0,7,0,0,1,0,0,0,0,1,785296,7529,5818126,6
51625,11,2,2040703,Wriezener Bahnhof/Entwicklungsgebiet,2019,7,1,3,3,6,4,2,0,1,1,0,0,0,0,801832,6717,5826406,21
51626,11,10,10010310,Alt-Marzahn,2019,3,16,7,3,2,4,0,0,1,1,0,1,0,0,807741,9955,5830568,99
51627,11,2,2050602,Samariterviertel,2019,6,11,6,3,6,4,0,1,0,1,0,0,0,0,802965,243,5827663,582
51628,11,1,1011105,N�rdlicher Landwehrkanal,2019,8,10,4,2,6,4,0,1,0,1,0,0,0,0,796753,7114,5826688,729
51629,11,7,7050502,Fritz-Werner-Stra�e,2019,12,22,6,3,0,1,2,0,0,0,1,0,0,0,798587,65,5817928,991
51630,11,1,1011102,Gro�er Tiergarten,2019,5,11,3,3,0,7,0,1,0,0,0,0,0,0,796341,9513,5827359,311
51631,11,3,3040818,Pankow S�d,2019,7,17,2,3,2,6,0,0,1,0,0,0,1,0,800068,211,5833964,478
51632,11,6,6040701,Wannsee,2019,3,21,7,3,5,3,2,0,1,0,0,0,1,0,783872,709,5815945,427
51633,11,2,2050602,Samariterviertel,2019,11,3,7,3,5,3,2,0,1,0,0,0,1,1,803314,3808,5827611,864
51634,11,2,2010101,Askanischer Platz,2019,7,17,2,3,2,6,0,0,1,0,0,0,0,0,797289,4801,5825592,967
51635,11,4,4041134,Bismarckallee,2019,3,13,6,3,3,6,0,0,1,0,0,0,1,0,790664,1556,5824993,776
51636,11,2,2050602,Samariterviertel,2019,10,18,6,3,5,2,2,0,1,0,0,0,0,1,802146,9379,5827744,22
51637,11,1,1011202,Unter den Linden Nord,2019,8,10,4,3,3,6,0,1,1,0,0,0,0,0,797799,545,5827595,386
51639,11,3,3061429,Greifswalder Stra�e,2019,5,19,3,3,3,6,1,1,0,0,0,0,0,0,800985,514,5830503,538
51640,11,12,12301203,Wittenau S�d,2019,7,12,2,3,5,3,0,1,1,0,0,0,0,0,793552,5689,5835835,292
51641,11,2,2040501,Barnimkiez,2019,3,7,6,2,3,5,0,1,0,0,0,1,0,0,799825,808,5828730,512
51642,11,5,5020524,Weinmeisterhornweg,2019,11,17,2,2,6,4,2,0,1,1,0,0,0,1,783517,187,5826715,15
51643,11,10,10010206,Ringkolonnaden,2019,6,21,3,2,2,6,2,0,1,0,0,0,0,0,808323,5527,5832068,282
51644,11,11,11030721,R�digerstra�e,2019,8,20,3,3,5,2,1,1,1,0,0,0,0,0,804246,8861,5827532,79
51645,11,2,2010101,Askanischer Platz,2019,12,18,6,3,3,6,2,0,1,0,1,0,0,1,797270,414,5825597,445
51646,11,3,3020209,Niedersch�nhausen,2019,7,10,2,3,1,5,0,1,1,0,0,0,0,0,798256,1563,5834745,759
51647,11,7,7050502,Fritz-Werner-Stra�e,2019,9,12,4,3,0,1,0,0,0,0,1,0,0,1,797480,5118,5817992,549
51648,11,7,7050506,Birnhornweg,2019,3,4,6,3,1,5,2,0,1,0,0,0,0,0,798761,9309,5817448,101
51649,11,11,11030721,R�digerstra�e,2019,10,15,2,3,2,6,0,0,1,0,0,0,0,0,804463,8903,5827510,12
51650,11,4,4041134,Bismarckallee,2019,8,17,3,3,2,6,0,0,1,0,0,0,0,0,790928,519,5824683,9
51651,11,7,7050502,Fritz-Werner-Stra�e,2019,7,11,2,3,5,3,0,0,1,0,0,0,0,0,797550,3388,5818305,246
51652,11,3,3071639,B�tzowstra�e,2019,3,12,6,3,6,4,0,0,1,1,0,0,0,0,800302,4708,5829454,412
51653,11,7,7010104,Dennewitzplatz,2019,10,21,7,2,3,6,2,1,1,0,0,0,0,1,796006,2673,5825100,501
51654,11,9,9020601,Schnellerstra�e,2019,6,12,7,3,2,2,0,0,1,0,0,0,1,0,806743,136,5821017,248
51655,11,4,4010101,Jungfernheide,2019,8,14,3,3,2,6,0,0,1,0,0,0,0,0,791525,3342,5830618,584
51657,11,7,7050502,Fritz-Werner-Stra�e,2019,5,18,3,3,5,2,0,1,1,0,0,0,0,0,797560,1968,5818348,521
51658,11,6,6040702,D�ppel,2019,3,20,5,3,2,6,2,0,1,0,0,0,0,0,785183,4067,5816009,336
51659,11,12,12103115,Breitkopfbecken,2019,11,14,3,3,2,6,0,0,1,0,0,0,0,0,795354,3248,5833735,888
51660,11,3,3061131,Falkplatz,2019,5,17,3,3,0,6,0,0,1,0,0,0,1,0,799147,3902,5830774,18
51661,11,4,4020313,K�nigin-Elisabeth-Stra�e,2019,12,12,1,3,2,6,0,0,1,0,0,0,0,0,790676,1609,5827056,134
51662,11,7,7070706,Horstwalder Stra�e/Paplitzer Stra�e,2019,7,11,2,3,5,3,0,1,0,0,0,0,0,0,800144,919,5813083,223
51663,11,12,12214527,Alt-Tegel,2019,3,15,5,2,2,6,0,0,1,0,0,0,0,0,790688,1414,5834901,369
51664,11,2,2010101,Askanischer Platz,2019,10,18,3,3,5,3,1,1,1,0,0,0,0,0,797033,4452,5825871,963
51665,11,4,4030623,Ernst-Reuter-Platz,2019,8,9,3,3,5,5,0,0,1,0,0,0,0,0,793530,1804,5826879,716
51667,11,12,12301203,Wittenau S�d,2019,9,11,4,3,2,6,0,0,1,0,0,0,1,1,793461,5389,5835935,336
51668,11,1,1044102,Schillerpark,2019,7,9,2,2,5,3,0,1,1,0,0,0,0,0,795877,5628,5832065,929
51669,11,2,2050602,Samariterviertel,2019,3,13,5,3,2,6,0,0,1,0,0,0,0,0,803575,8673,5827599,493
51670,11,1,1011303,Alexanderplatzviertel,2019,9,15,7,3,2,6,0,0,1,0,1,0,0,1,799780,2054,5828593,32
51671,11,2,2050602,Samariterviertel,2019,6,16,3,2,0,6,0,0,1,0,1,0,0,0,803158,3383,5827627,271
51672,11,7,7030303,Grazer Platz,2019,8,18,3,3,2,6,0,0,1,0,0,0,0,0,795695,8197,5823157,98
51673,11,2,2050602,Samariterviertel,2019,12,7,4,3,5,2,2,1,1,0,0,0,0,0,802589,4725,5827701,802
51674,11,4,4020310,Park Ruhwald,2019,5,13,3,3,3,6,0,0,1,0,0,1,0,0,790462,79,5828451,14
51675,11,2,2050803,Stralauer Kiez,2019,7,15,2,3,0,5,0,1,0,0,0,0,1,0,802831,3065,5825819,702
51676,11,7,7020202,Volkspark (Rudolf-Wilde-Park),2019,3,8,5,2,5,2,0,0,1,0,1,0,0,0,795340,4482,5823460,913
51677,11,12,12302212,Rollbergesiedlung,2019,11,6,4,2,6,2,2,0,1,1,0,0,0,0,792726,6964,5837425,986
51678,11,6,6030503,Zehlendorf Mitte,2019,11,13,1,3,5,3,0,0,1,0,0,0,0,0,790163,3678,5818265,487
51679,11,1,1011303,Alexanderplatzviertel,2019,7,14,2,3,0,1,0,1,0,0,0,0,0,0,799164,8063,5828336,733
51680,11,3,3040818,Pankow S�d,2019,3,8,4,3,2,6,0,1,1,0,0,0,0,0,798981,5646,5832525,15
51681,11,3,3010104,Lietzengraben,2019,10,19,4,3,0,7,2,0,1,0,0,0,0,1,800615,2918,5838918,414
51682,11,4,4061757,Forst Grunewald,2019,8,18,3,3,3,6,0,0,1,0,0,0,0,0,788403,4015,5822716,164
51684,11,1,1011102,Gro�er Tiergarten,2019,5,9,3,3,3,6,0,1,0,0,0,0,0,0,796395,1068,5827381,123
51685,11,4,4030724,Lietzensee,2019,9,11,4,3,2,6,0,0,1,0,0,0,0,1,790750,1952,5826318,491
51686,11,3,3061332,Helmholtzplatz,2019,6,18,1,3,5,2,0,1,1,0,0,0,0,0,799969,4387,5830202,222
51687,11,3,3030716,M�rchenland,2019,3,12,4,2,4,6,0,0,1,0,0,0,0,0,803617,9172,5833949,872
51688,11,2,2020202,Rathaus Yorckstra�e,2019,6,18,5,3,3,6,0,0,0,0,1,0,1,0,797888,9733,5825475,97
51689,11,12,12301205,Waidmannslust,2019,8,9,3,2,5,3,0,0,1,0,1,0,0,0,792366,8111,5837742,379
51690,11,3,3061332,Helmholtzplatz,2019,12,16,3,3,1,5,2,1,0,0,0,0,1,1,799408,5844,5830311,762
51691,11,3,3040818,Pankow S�d,2019,5,7,3,3,5,2,0,1,1,0,0,0,0,0,798986,517,5832517,149
51692,11,10,10040830,Kaulsdorf S�d,2019,6,12,1,3,2,6,0,0,1,0,0,0,0,0,810870,4032,5827099,286
51693,11,7,7050502,Fritz-Werner-Stra�e,2019,9,15,4,3,3,6,0,0,0,0,0,1,1,1,797907,708,5818832,246
51694,11,4,4051656,Hildegardstra�e,2019,9,7,3,3,2,6,0,0,1,0,0,0,0,0,793428,49,5822988,127
51695,11,3,3010104,Lietzengraben,2019,6,11,1,3,2,6,0,0,1,0,0,0,0,0,800882,3927,5838672,216
51696,11,2,2050601,Hausburgviertel,2019,3,8,3,3,5,2,0,1,1,0,0,0,0,0,801643,5413,5828891,937
51697,11,4,4020314,Messegel�nde,2019,9,15,1,3,9,1,0,0,1,0,0,0,0,1,790014,486,5825102,82
51698,11,1,1011202,Unter den Linden Nord,2019,6,12,4,3,3,6,0,1,0,0,0,0,1,0,797333,537,5827548,511
51699,11,4,4020313,K�nigin-Elisabeth-Stra�e,2019,8,9,3,3,5,2,0,0,1,0,0,0,0,0,790527,7224,5826395,576
51700,11,7,7050501,Rathausstra�e,2019,12,17,6,3,2,6,2,0,1,0,0,0,0,0,797953,4285,5820021,885
51701,11,1,1011204,Leipziger Stra�e,2019,5,14,3,3,5,3,0,0,1,0,0,0,1,0,798774,4349,5827160,772
51702,11,7,7030303,Grazer Platz,2019,6,1,7,3,8,1,2,0,1,0,0,0,0,0,795712,25,5823161,87
51703,11,2,2020202,Rathaus Yorckstra�e,2019,3,8,3,2,1,5,0,0,1,0,1,0,0,0,797784,3283,5825472,631
51704,11,4,4020314,Messegel�nde,2019,11,23,5,3,3,6,2,0,1,0,0,0,0,0,790535,1799,5825734,4
51705,11,6,6040703,Nikolassee,2019,8,16,2,3,2,6,0,0,1,0,0,0,0,0,787009,4824,5820634,871
51706,11,1,1033203,Humboldthain Nordwest,2019,11,11,3,3,2,2,0,0,1,0,0,1,0,0,796200,2701,5830207,888
51707,11,7,7050506,Birnhornweg,2019,6,23,6,3,3,6,2,0,1,0,1,0,0,0,798862,1628,5817210,354
51708,11,2,2050602,Samariterviertel,2019,3,15,3,3,6,6,0,1,0,1,0,0,0,0,803058,482,5827654,155
51709,11,12,12302212,Rollbergesiedlung,2019,10,11,5,3,2,6,0,0,1,0,0,0,0,0,792815,9013,5837285,75
51710,11,2,2040703,Wriezener Bahnhof/Entwicklungsgebiet,2019,8,17,2,3,4,6,0,1,0,0,0,0,0,0,801840,6426,5826428,535
51712,11,10,10030726,Alt-Biesdorf,2019,5,13,2,3,3,6,0,0,1,0,1,0,0,0,808732,8884,5827423,2
51713,11,7,7050502,Fritz-Werner-Stra�e,2019,9,14,3,3,0,7,0,0,0,1,0,0,1,0,797847,59,5818950,959
51714,11,1,1011303,Alexanderplatzviertel,2019,6,10,6,3,5,2,0,1,1,0,0,0,0,0,799130,5,5827673,989
51715,11,1,1011204,Leipziger Stra�e,2019,3,9,2,2,6,4,0,0,0,1,0,0,1,0,797916,5581,5826875,486
51716,11,1,1011102,Gro�er Tiergarten,2019,6,16,5,3,1,5,0,1,1,0,0,0,0,0,796685,2359,5827430,174
51717,11,9,9010401,Johannisthal West,2019,8,17,2,3,3,6,0,0,1,0,1,0,0,0,805353,342,5819077,259
51718,11,3,3061332,Helmholtzplatz,2019,12,16,6,3,6,2,1,0,1,1,0,0,0,0,799992,4904,5830221,621