OBJECTID,LAND,BEZ,LOR,STRASSE,UJAHR,UMONAT,USTUNDE,UWOCHENTAG,UKATEGORIE,UART,UTYP1,ULICHTVERH,IstRad,IstPKW,IstFuss,IstKrad,IstGkfz,IstSonstige,USTRZUSTAND,LINREFX,LINREFY,XGCSWGS84,YGCSWGS84
51719,11,10,10010207,Marzahner Promenade,2019,5,13,2,3,0,1,0,1,0,0,0,0,0,0,807885,269,5831010,476
51720,11,5,5020629,B�rnicker Stra�e,2019,6,16,6,2,4,6,0,1,0,0,0,0,0,0,785757,176,5826116,78
51721,11,7,7060601,Marienfelder Allee Nordwest,2019,9,12,3,3,5,2,0,0,1,0,1,0,0,0,797116,2149,5816949,5
51722,11,2,2050602,Samariterviertel,2019,11,17,6,3,0,1,2,0,0,0,1,0,0,1,803085,262,5827634,511
51723,11,4,4010101,Jungfernheide,2019,6,16,6,3,2,6,0,0,1,0,0,0,0,0,791368,9245,5830210,337
51724,11,2,2020202,Rathaus Yorckstra�e,2019,9,20,5,3,1,5,2,1,1,0,0,0,0,1,797500,375,5825541,444
51725,11,7,7020203,Kaiser-Wilhelm-Platz,2019,3,15,2,3,2,6,0,0,1,0,0,0,0,1,795242,3605,5823551,714
51726,11,11,11010101,Dorf Malchow,2019,10,20,5,2,0,7,2,1,0,0,0,0,0,1,803674,8878,5835180,18
51727,11,12,12302211,L�barser Stra�e,2019,8,15,2,3,2,6,0,0,1,0,0,0,0,0,793322,431,5836598,829
51729,11,1,1011303,Alexanderplatzviertel,2019,5,6,2,3,2,6,0,0,1,0,0,0,0,0,799764,4811,5828631,767
51730,11,7,7040405,Rathaus Tempelhof,2019,6,7,6,2,3,7,0,0,1,0,0,0,0,0,799348,1321,5821553,96
51731,11,8,8020619,Buschkrugallee Nord,2019,3,7,2,3,2,6,0,0,1,0,0,0,0,0,801823,2025,5821815,812
51732,11,12,12103115,Breitkopfbecken,2019,11,18,2,3,6,2,2,0,1,1,0,0,0,1,795337,5764,5833744,481
51733,11,4,4020208,Kranzallee,2019,6,14,1,2,4,7,0,0,1,0,0,0,0,0,787380,774,5825874,565
51734,11,7,7030303,Grazer Platz,2019,8,15,2,3,8,1,0,0,1,0,0,0,0,0,796247,3251,5822702,136
51735,11,3,3040614,Pankow Zentrum,2019,12,9,5,3,2,6,0,0,1,0,0,0,0,0,798558,4412,5833142,407
51736,11,4,4010102,Pl�tzensee,2019,6,7,6,3,3,6,0,0,1,0,0,0,1,0,793006,6512,5829567,107
51737,11,7,7040405,Rathaus Tempelhof,2019,9,8,2,3,2,6,0,0,1,0,1,0,0,0,799134,7252,5821626,527
51738,11,3,3040818,Pankow S�d,2019,3,6,2,2,5,3,1,1,1,0,0,0,0,0,800091,1576,5834035,624
51739,11,2,2050602,Samariterviertel,2019,10,1,1,3,8,1,2,0,1,0,0,0,0,0,802258,1951,5827720,61
51740,11,4,4020311,Reichsstra�e,2019,8,15,2,3,5,3,0,1,0,0,0,0,0,0,789152,9582,5826158,183
51741,11,2,2040502,Friedenstra�e,2019,6,16,5,1,6,4,0,0,1,1,0,0,0,0,801117,5862,5827836,882
51742,11,4,4020313,K�nigin-Elisabeth-Stra�e,2019,3,10,2,3,5,2,0,0,1,0,0,0,0,0,790530,9694,5826396,121
51743,11,4,4041133,G�terbahnhof Grunewald,2019,10,15,6,3,2,6,0,0,1,0,0,0,0,1,790563,932,5825164,603
51744,11,7,7040406,Germaniagarten,2019,6,14,6,2,2,6,0,0,1,0,0,0,0,0,800160,7262,5821487,491
51745,11,3,3071633,Th�lmannpark,2019,8,14,2,3,3,6,0,0,1,0,0,0,0,0,800244,5434,5830074,533
51747,11,1,1011304,Karl-Marx-Allee,2019,5,20,1,3,5,3,1,1,1,0,0,0,0,0,800021,6778,5828096,112
51748,11,1,1011303,Alexanderplatzviertel,2019,3,12,7,3,2,7,0,1,1,0,0,0,1,0,798920,9609,5828128,171
51749,11,2,2050602,Samariterviertel,2019,11,17,2,2,6,4,2,0,1,1,0,0,0,0,802289,3182,5827717,176
51750,11,7,7040401,Neu-Tempelhof,2019,5,14,1,3,3,6,0,0,1,0,1,0,0,0,797810,7131,5823117,125
51751,11,1,1011105,N�rdlicher Landwehrkanal,2019,11,11,7,3,6,4,0,0,1,1,0,0,0,0,796778,2369,5826693,333
51752,11,4,4030622,Richard-Wagner-Stra�e,2019,6,18,5,3,6,7,0,0,1,1,0,0,0,0,792253,6645,5826682,156
51753,11,5,5020628,Graetschelsteig,2019,3,14,7,3,3,6,0,0,1,0,0,0,0,1,783997,3434,5826585,762
51754,11,10,10030726,Alt-Biesdorf,2019,10,7,2,3,5,7,0,1,1,0,0,0,0,0,808755,6146,5827439,69
51755,11,7,7020203,Kaiser-Wilhelm-Platz,2019,8,19,2,3,1,5,0,1,1,0,0,0,0,0,795580,5488,5823905,614
51757,11,1,1033203,Humboldthain Nordwest,2019,6,10,5,2,5,2,0,1,1,0,0,0,0,0,796343,923,5830077,937
51758,11,11,11030721,R�digerstra�e,2019,3,15,7,2,5,3,0,1,1,0,0,0,0,1,803768,941,5827581,823
51759,11,4,4030622,Richard-Wagner-Stra�e,2019,6,18,2,3,0,7,0,0,0,0,1,0,0,1,792740,2784,5826763,643
51760,11,3,3061434,Anton-Saefkow-Park,2019,8,13,2,3,5,3,0,1,1,0,0,0,0,0,800899,6528,5830368,747
51761,11,7,7040403,Manteuffelstra�e,2019,12,5,3,3,3,6,2,0,1,0,0,1,0,1,797061,5637,5822358,78
51762,11,10,10010308,Marzahner Chaussee,2019,5,14,1,2,2,2,0,0,1,0,1,0,0,0,807973,501,5827458,15
51763,11,2,2020202,Rathaus Yorckstra�e,2019,6,22,5,2,0,7,2,1,0,0,0,0,0,0,797424,2517,5825533,618
51764,11,4,4020310,Park Ruhwald,2019,3,17,7,3,2,6,1,0,1,0,0,0,0,1,790454,6119,5827635,375
51765,11,10,10010102,Havemannstra�e,2019,11,20,3,2,6,7,2,0,0,1,0,0,1,0,809438,1075,5834508,785
51766,11,3,3061228,Erich-Weinert-Stra�e,2019,11,20,7,3,2,7,2,0,1,0,1,0,0,0,800266,5907,5831419,837
51767,11,2,2050602,Samariterviertel,2019,6,7,5,3,3,6,0,1,0,0,0,0,0,0,803398,9906,5827603,219
51768,11,3,3050925,Komponistenviertel Wei�ensee,2019,3,8,6,3,3,6,0,1,1,0,0,0,0,1,801555,4789,5831202,207
51769,11,8,8020619,Buschkrugallee Nord,2019,10,14,3,2,3,6,0,0,1,0,0,1,0,0,802041,149,5821834,953
51770,11,3,3061126,Arnimplatz,2019,8,7,2,3,6,4,0,1,0,1,0,0,0,1,799215,471,5831327,486
51772,11,1,1011304,Karl-Marx-Allee,2019,5,22,7,3,5,3,2,1,1,0,0,0,0,0,800001,1693,5828076,528
51773,11,6,6040703,Nikolassee,2019,6,15,5,2,1,7,0,0,1,0,0,0,0,0,784436,3142,5815847,251
51774,11,12,12103219,Sch�fersee,2019,3,11,6,3,6,7,0,0,1,1,0,0,0,0,795697,9534,5832843,843
51775,11,2,2050801,Traveplatz,2019,11,18,5,3,3,6,2,1,0,0,0,0,1,1,802148,5585,5827565,454
51776,11,7,7040405,Rathaus Tempelhof,2019,6,14,5,3,2,6,0,0,1,0,1,0,0,0,799116,2572,5821698,347
51777,11,9,9010101,Elsenstra�e,2019,8,22,1,3,2,6,2,0,1,0,0,0,0,1,802593,7958,5825111,505
51778,11,1,1033203,Humboldthain Nordwest,2019,12,18,3,3,2,6,2,0,1,0,0,0,0,0,796187,744,5830191,845
51779,11,3,3040818,Pankow S�d,2019,6,8,5,3,2,6,0,0,1,0,1,0,0,0,799029,4043,5832440,163
51780,11,4,4020208,Kranzallee,2019,10,19,5,3,7,7,2,0,1,0,0,0,1,0,788373,205,5826034,533
51781,11,1,1033203,Humboldthain Nordwest,2019,6,23,4,3,5,3,2,0,1,0,0,0,0,0,796200,945,5830200,858
51782,11,9,9020601,Schnellerstra�e,2019,9,16,5,3,0,7,0,1,0,0,0,0,0,0,805667,4643,5822054,261
51783,11,3,3051017,Rennbahnstra�e,2019,3,14,6,3,4,5,0,0,1,0,0,0,1,1,802878,7741,5833097,358
51784,11,1,1011201,Wilhelmstra�e,2019,10,14,4,3,5,2,0,1,0,0,0,0,1,0,796952,4059,5826724,472
51785,11,1,1011303,Alexanderplatzviertel,2019,8,21,1,3,5,3,2,0,1,0,0,0,1,0,798809,356,5827996,493
51787,11,2,2020202,Rathaus Yorckstra�e,2019,5,13,7,3,5,2,0,1,1,0,0,0,0,0,797898,9333,5825429,765
51788,11,12,12103219,Sch�fersee,2019,6,16,4,3,0,5,0,1,0,0,0,0,1,0,795682,4422,5832918,224
51789,11,4,4020313,K�nigin-Elisabeth-Stra�e,2019,3,12,6,3,2,6,0,0,1,0,0,0,1,0,790610,2346,5827223,146
51790,11,1,1011102,Gro�er Tiergarten,2019,11,14,7,3,5,2,0,0,1,0,0,0,0,1,796453,881,5827390,807
51791,11,3,3071639,B�tzowstra�e,2019,6,0,7,3,2,7,2,1,1,0,0,0,0,0,800293,471,5829439,337
51792,11,4,4020208,Kranzallee,2019,12,7,4,3,5,3,0,0,1,0,0,0,0,1,788356,4062,5826031,855
51793,11,3,3020209,Niedersch�nhausen,2019,6,15,4,3,2,6,0,0,1,0,0,0,0,0,797969,9946,5834305,932
51794,11,3,3071639,B�tzowstra�e,2019,3,11,6,3,5,2,0,1,1,0,0,0,0,0,800370,86,5829563,819
51795,11,4,4030417,Schlo�stra�e,2019,10,14,6,3,5,3,0,1,1,0,0,0,0,0,791568,8779,5826566,607
51796,11,3,3040614,Pankow Zentrum,2019,8,8,1,2,0,1,0,1,0,0,0,0,0,1,798627,2403,5833015,72
51797,11,1,1011303,Alexanderplatzviertel,2019,6,14,4,3,6,7,0,0,1,1,0,0,0,0,799196,968,5828373,541
51798,11,2,2050602,Samariterviertel,2019,3,18,5,3,0,6,2,0,1,0,1,0,0,1,802114,3166,5827861,156
51799,11,6,6010102,Schlo�stra�e,2019,10,17,5,3,2,6,2,0,1,0,0,0,0,0,793496,6517,5820406,5
51800,11,12,12301203,Wittenau S�d,2019,6,14,4,3,2,6,0,0,1,0,1,0,0,0,793477,7967,5835916,491
51801,11,1,1044102,Schillerpark,2019,9,15,5,3,5,3,0,1,1,0,0,0,0,0,795861,876,5832068,328
51802,11,7,7030303,Grazer Platz,2019,3,20,5,3,3,2,2,0,1,0,0,0,0,1,795708,9189,5823145,272
51803,11,11,11030721,R�digerstra�e,2019,10,13,5,3,5,2,0,0,1,0,0,0,0,0,804172,65,5827539,743
51804,11,10,10010310,Alt-Marzahn,2019,8,8,1,2,0,7,0,0,1,0,0,0,0,1,807685,7674,5830275,576
51806,11,7,7040401,Neu-Tempelhof,2019,5,17,7,3,6,7,0,0,1,1,0,0,0,1,797776,9441,5823516,879
51807,11,10,10010207,Marzahner Promenade,2019,6,13,4,3,5,3,0,0,1,0,0,0,0,0,807965,934,5831210,966
51808,11,3,3061332,Helmholtzplatz,2019,3,20,5,3,5,2,2,1,1,0,0,0,0,1,799995,3404,5830193,596
51809,11,9,9010101,Elsenstra�e,2019,11,3,1,2,5,3,2,1,1,0,0,0,0,0,802586,7331,5825078,403
51810,11,12,12103218,Teichstra�e,2019,6,22,7,3,2,6,2,0,1,0,0,0,1,0,794967,9907,5833754,412
51811,11,11,11041027,Tierpark,2019,8,6,7,3,2,6,0,0,1,0,0,0,1,0,807011,5851,5827382,533
51812,11,3,3071638,Winsstra�e,2019,12,15,5,3,5,2,0,0,1,0,0,0,1,0,800041,508,5828989,963
51813,11,4,4010101,Jungfernheide,2019,6,13,4,3,5,3,0,0,1,0,0,1,0,0,790669,2166,5828852,893
51814,11,7,7030303,Grazer Platz,2019,3,15,5,3,2,6,0,0,1,0,0,0,0,1,795184,8199,5822467,795
51815,11,2,2050602,Samariterviertel,2019,10,19,7,3,2,6,2,0,1,0,1,0,0,0,803062,3053,5827653,723
51816,11,7,7070701,Kettinger Stra�e/Schillerstra�e,2019,8,9,7,3,0,5,0,0,1,0,0,0,0,0,799241,6791,5816300,144
51817,11,3,3010104,Lietzengraben,2019,6,12,4,3,3,6,0,0,1,0,0,0,0,0,801086,2854,5838395,945
51818,11,3,3061131,Falkplatz,2019,3,4,4,3,5,2,2,0,1,0,0,1,0,1,799163,1003,5830601,119
51819,11,7,7060604,Marienfelde S�d,2019,10,6,4,3,6,7,2,1,0,1,0,0,0,1,796533,241,5815693,925
51820,11,9,9010202,K�penicker Landstra�e,2019,6,6,5,3,5,3,0,0,1,0,0,0,0,0,804104,3832,5824364,862
51821,11,1,1044102,Schillerpark,2019,8,18,7,3,5,3,0,0,1,0,0,0,0,0,795879,195,5832056,529
51822,11,3,3061434,Anton-Saefkow-Park,2019,12,6,7,2,5,3,2,1,1,0,0,0,0,1,800844,6477,5830326,904
51823,11,10,10040830,Kaulsdorf S�d,2019,5,10,7,3,6,2,0,0,1,1,0,0,0,0,810877,819,5827088,89
51824,11,4,4010101,Jungfernheide,2019,3,12,4,2,3,6,0,0,1,0,0,1,0,0,790718,4837,5828897,653
51825,11,1,1011102,Gro�er Tiergarten,2019,11,14,1,3,6,7,0,0,0,1,0,0,1,0,796039,793,5827321,99
51826,11,7,7030303,Grazer Platz,2019,5,9,6,2,2,6,0,0,1,0,1,0,0,0,796315,5613,5822674,788
51827,11,4,4020311,Reichsstra�e,2019,11,16,6,3,2,6,2,0,1,0,1,0,0,0,790191,5075,5826320,649
51828,11,9,9010302,Sp�thsfelde,2019,6,10,4,3,2,6,0,0,1,0,0,0,0,0,802855,2671,5821389,311
51829,11,3,3040818,Pankow S�d,2019,3,14,4,3,5,3,0,1,1,0,0,0,0,0,798772,7797,5832845,876
51830,11,1,1011303,Alexanderplatzviertel,2019,10,22,2,3,5,2,2,0,1,0,0,0,1,0,798797,7584,5828013,255
51831,11,7,7020202,Volkspark (Rudolf-Wilde-Park),2019,8,8,6,3,6,2,0,0,0,1,0,0,1,0,795225,438,5823516,568
51833,11,10,10010102,Havemannstra�e,2019,5,17,6,2,6,4,0,0,1,1,0,0,0,0,809405,3473,5834433,224
51834,11,2,2010101,Askanischer Platz,2019,6,20,3,3,5,2,0,1,1,0,0,0,0,0,797850,2547,5825505,588
51835,11,2,2050803,Stralauer Kiez,2019,3,18,4,3,3,7,1,1,0,0,0,0,0,0,801820,579,5826233,408
51836,11,12,12301203,Wittenau S�d,2019,6,14,2,3,5,2,0,0,0,0,0,0,1,0,793624,5902,5835746,789
51837,11,9,9020601,Schnellerstra�e,2019,8,15,6,3,5,3,0,1,1,0,0,0,0,0,805566,483,5822152,35
51838,11,2,2050601,Hausburgviertel,2019,12,7,2,3,5,3,1,0,1,0,0,0,1,0,801649,818,5828881,302
51839,11,4,4020311,Reichsstra�e,2019,5,13,6,3,2,6,0,0,1,0,1,0,0,0,789689,8023,5826244,859
51840,11,1,1033203,Humboldthain Nordwest,2019,6,12,3,3,2,6,0,0,1,0,1,0,0,0,796190,571,5830189,938
51841,11,1,1033203,Humboldthain Nordwest,2019,3,19,4,3,2,1,2,0,1,0,0,0,0,1,796199,5866,5830207,27
51842,11,3,3040818,Pankow S�d,2019,11,12,3,2,6,3,0,0,1,1,0,0,0,0,800162,904,5832358,348
51843,11,12,12304314,Ziekowstra�e/Freie Scholle,2019,11,9,6,3,5,3,0,0,1,0,0,1,0,1,790296,294,5835658,787
51844,11,9,9020601,Schnellerstra�e,2019,6,10,3,3,6,7,0,0,1,1,0,0,0,0,806365,1115,5821364,634
51845,11,7,7040402,Lindenhofsiedlung,2019,3,17,3,3,2,6,1,0,1,0,0,0,0,0,796401,5823,5822622,724
51846,11,1,1011303,Alexanderplatzviertel,2019,10,12,2,3,3,5,0,1,1,0,0,0,0,0,799327,4473,5827976,894
51847,11,12,12301203,Wittenau S�d,2019,8,15,6,3,5,3,0,1,1,0,0,0,0,0,794058,9855,5835089,782
51849,11,3,3061126,Arnimplatz,2019,5,15,5,3,5,2,0,1,0,0,0,1,0,0,799220,299,5831446,957
51850,11,2,2050803,Stralauer Kiez,2019,6,10,3,3,3,2,0,0,1,0,1,0,0,0,802364,948,5826026,878
51851,11,2,2050602,Samariterviertel,2019,3,10,3,3,5,2,0,1,1,0,0,0,0,1,802592,568,5827701,53
51852,11,7,7060603,Marienfelde Nordost,2019,11,12,4,3,2,6,0,0,1,0,0,1,0,1,797410,563,5817681,447
51853,11,5,5020524,Weinmeisterhornweg,2019,6,14,4,3,2,6,0,0,1,0,0,0,1,0,783585,389,5826696,579
51854,11,4,4020208,Kranzallee,2019,8,8,6,3,2,6,0,0,1,0,0,0,1,0,787396,225,5825877,46
51855,11,7,7040402,Lindenhofsiedlung,2019,12,15,2,3,2,6,1,0,1,0,0,0,0,1,796507,734,5822553,84
51856,11,9,9020601,Schnellerstra�e,2019,6,9,3,2,5,2,0,1,1,0,0,0,0,0,806441,4061,5821308,445
51857,11,11,11030721,R�digerstra�e,2019,9,8,2,3,5,2,0,1,0,0,0,0,1,0,803744,8283,5827568,52
51858,11,7,7020203,Kaiser-Wilhelm-Platz,2019,10,17,4,3,5,2,2,1,1,0,0,0,0,0,795792,998,5824121,94
51859,11,10,10010207,Marzahner Promenade,2019,8,12,6,3,5,3,0,1,1,0,0,0,0,0,807870,2942,5830969,554
51860,11,7,7020202,Volkspark (Rudolf-Wilde-Park),2019,6,9,3,2,5,3,0,1,0,0,1,0,0,0,795341,7031,5823442,265
51861,11,9,9010302,Sp�thsfelde,2019,3,5,3,3,2,6,1,0,1,0,0,0,0,0,803094,3065,5820911,759
51862,11,10,10040830,Kaulsdorf S�d,2019,10,5,3,3,2,6,2,0,1,0,0,0,0,0,811009,3661,5827105,733
51863,11,4,4030623,Ernst-Reuter-Platz,2019,8,9,6,3,5,2,0,1,1,0,0,0,0,0,793675,884,5826903,623
51865,11,3,3061131,Falkplatz,2019,5,9,5,3,0,7,0,1,0,0,0,0,0,0,799138,1249,5830640,271
51866,11,8,8020619,Buschkrugallee Nord,2019,6,17,3,3,2,6,0,0,1,0,0,0,0,0,801845,6948,5821805,429
51867,11,3,3040818,Pankow S�d,2019,3,8,2,3,5,3,0,1,1,0,0,0,0,1,800037,6218,5833458,724
51868,11,10,10030727,Biesdorf S�d,2019,11,16,6,3,2,6,2,0,1,0,0,0,0,0,810649,813,5827082,467
51869,11,4,4030417,Schlo�stra�e,2019,5,9,5,3,2,6,0,1,1,0,0,0,0,1,790849,932,5826429,535
51870,11,3,3050920,Wei�er See,2019,12,20,3,3,0,1,2,0,0,0,1,0,0,2,802749,7488,5831845,321
51871,11,3,3061429,Greifswalder Stra�e,2019,6,16,3,3,5,2,0,1,1,0,0,0,0,0,801171,3728,5830805,388
51872,11,12,12103218,Teichstra�e,2019,3,16,2,2,9,1,0,0,1,0,0,0,1,1,795212,5778,5833740,436
51873,11,7,7050502,Fritz-Werner-Stra�e,2019,10,8,6,2,5,2,0,0,1,0,1,0,0,0,798586,454,5817930,464
51874,11,2,2050803,Stralauer Kiez,2019,8,9,6,3,5,3,0,1,0,0,0,0,0,0,802719,926,5825868,964
51876,11,7,7050502,Fritz-Werner-Stra�e,2019,6,14,3,3,5,2,0,1,1,0,0,0,0,0,798728,9858,5817525,866
51877,11,1,1011104,K�rnerstra�e,2019,3,18,1,3,2,6,2,0,1,0,0,0,0,1,796191,4313,5825802,629
51878,11,4,4020311,Reichsstra�e,2019,10,9,3,3,5,2,0,0,1,0,0,0,0,1,790143,4583,5826312,385
51879,11,1,1011105,N�rdlicher Landwehrkanal,2019,6,19,4,3,2,6,0,0,1,0,0,0,0,0,796424,3444,5826341,683
51880,11,4,4020208,Kranzallee,2019,8,8,6,3,2,6,0,0,1,0,0,0,0,0,788848,5959,5826111,59
51881,11,11,11030721,R�digerstra�e,2019,12,15,2,3,5,3,1,1,1,1,0,0,0,0,803720,1819,5827570,261
51882,11,7,7030303,Grazer Platz,2019,5,6,5,3,0,6,1,0,1,0,0,0,0,0,795309,7837,5822792,155
51883,11,10,10010206,Ringkolonnaden,2019,3,9,1,3,2,6,0,0,1,0,0,0,0,0,808357,1568,5832104,238
51884,11,1,1044201,Reinickendorfer Stra�e,2019,11,9,7,3,0,7,0,1,0,1,0,0,0,1,796221,88,5830710,808
51885,11,7,7040401,Neu-Tempelhof,2019,11,13,4,3,2,2,0,0,1,0,0,0,0,1,797761,26,5823839,953
51886,11,9,9020601,Schnellerstra�e,2019,6,8,3,3,5,2,0,1,0,0,0,0,1,0,806130,44,5821623,894
51887,11,2,2040703,Wriezener Bahnhof/Entwicklungsgebiet,2019,3,9,1,3,0,1,0,0,0,0,1,0,0,0,801880,9421,5826548,196
51888,11,9,9010202,K�penicker Landstra�e,2019,10,7,6,3,2,6,1,0,1,0,0,0,0,1,804106,561,5824366,79
51889,11,12,12103219,Sch�fersee,2019,8,7,6,3,6,4,0,1,1,1,0,0,0,0,795756,5146,5832664,623
51891,11,3,3061126,Arnimplatz,2019,5,9,4,3,0,3,0,1,1,0,0,0,0,0,799238,2409,5831933,867
51892,11,7,7050506,Birnhornweg,2019,9,8,2,3,5,2,0,1,0,0,0,0,1,0,798857,1817,5817279,695
51893,11,3,3040614,Pankow Zentrum,2019,6,14,2,3,6,4,0,0,0,1,1,0,0,0,798455,4572,5833336,119
51894,11,9,9010101,Elsenstra�e,2019,3,16,7,3,0,2,0,1,1,0,0,0,0,1,802664,624,5825208,522
51895,11,5,5020524,Weinmeisterhornweg,2019,6,2,7,3,9,1,2,0,1,0,0,0,0,0,783596,1073,5826693,548
51896,11,3,3061429,Greifswalder Stra�e,2019,12,9,7,3,6,4,0,0,1,1,0,0,0,0,801350,1421,5831004,525
51897,11,9,9020601,Schnellerstra�e,2019,5,16,4,3,2,6,0,0,1,0,1,0,1,0,806505,4757,5821228,664
51898,11,7,7050501,Rathausstra�e,2019,11,16,1,3,2,6,0,0,1,0,0,0,1,1,798052,4613,5819460,45
191144,11,12,12231101,Hermsdorf,2019,1,11,4,3,6,7,0,1,0,1,0,0,0,1,791681,7592,5838148,279
191145,11,11,11010310,M�hlengrund,2019,1,17,4,3,5,3,2,0,1,0,0,0,0,1,805414,1672,5833318,89
191146,11,6,6020306,Lankwitz S�d,2019,1,17,4,3,5,2,2,1,1,0,0,0,0,1,795683,6275,5816883,62
191147,11,7,7040405,Rathaus Tempelhof,2019,1,17,4,3,1,5,2,1,0,0,0,0,1,1,798485,395,5821664,59
191148,11,6,6010101,Fichtenberg,2019,1,16,4,3,5,3,2,1,0,0,0,0,1,1,793391,8665,5820412,53
191149,11,10,10010203,Gewerbegebiet Bitterfelder Stra�e,2019,1,16,4,3,5,3,2,0,1,0,0,0,0,1,808402,1959,5833051,475
191150,11,10,10010309,Springpfuhl,2019,1,7,4,3,6,7,1,0,1,1,0,0,0,1,808563,9035,5830111,5
191151,11,1,1044201,Reinickendorfer Stra�e,2019,1,7,4,3,5,2,2,1,0,0,0,0,1,1,796666,7445,5831961,92
191152,11,4,4051551,Brabanter Platz,2019,1,7,4,3,5,2,2,1,1,0,0,0,0,1,793333,618,5823074,251
191153,11,1,1011202,Unter den Linden Nord,2019,1,6,4,3,2,6,2,0,1,0,0,0,0,1,798552,7194,5827799,39
191154,11,7,7040401,Neu-Tempelhof,2019,1,6,4,3,6,4,2,0,1,1,0,0,0,1,797670,5855,5823851,132
191155,11,1,1044103,Westliche M�llerstra�e,2019,1,15,4,3,5,3,1,0,1,0,1,0,0,1,795151,5091,5831044,886
191156,11,7,7010102,Nollendorfplatz,2019,1,5,4,3,5,7,1,0,1,0,0,0,1,1,795521,952,5824979,321
191157,11,3,3020209,Niedersch�nhausen,2019,1,7,4,3,5,2,2,1,1,0,0,0,0,1,798135,557,5835470,38
191158,11,5,5020523,Maulbeerallee,2019,1,8,4,3,6,7,2,0,1,1,0,0,0,1,783150,3982,5827365,8
191159,11,6,6010209,Feuerbachstra�e,2019,1,8,4,3,1,5,0,0,1,0,0,0,1,1,794724,9696,5821642,714
191160,11,1,1033203,Humboldthain Nordwest,2019,1,10,4,3,6,7,0,0,1,1,0,0,0,1,796800,8498,5830360,98
191161,11,10,10020622,Kaulsdorf Nord I,2019,1,6,4,3,2,2,2,0,1,0,0,0,0,1,811156,6377,5829142,581
191162,11,8,8041035,Blumenviertel,2019,1,10,4,3,2,6,0,0,1,0,0,0,0,1,804800,4146,5817834,717
191163,11,6,6020303,Lankwitz Kirche,2019,1,10,4,2,6,2,0,0,1,1,0,0,0,1,795366,6662,5818441,87
191164,11,3,3040614,Pankow Zentrum,2019,1,10,4,2,2,6,0,0,1,0,0,0,0,1,798965,8035,5835022,436
191165,11,3,3030716,M�rchenland,2019,1,9,4,3,0,7,0,0,1,0,0,0,0,1,802887,3437,5833540,902
191166,11,5,5030832,Rohrdamm,2019,1,5,4,3,3,6,2,0,1,0,0,1,0,1,789585,2893,5829308,583
191167,11,4,4030518,Tegeler Weg,2019,1,16,4,3,5,2,0,0,1,0,0,0,0,1,791388,2177,5828585,686
191168,11,2,2010103,Moritzplatz,2019,1,18,4,3,5,3,2,0,1,0,0,0,0,1,799550,5246,5825854,841
191169,11,1,1044103,Westliche M�llerstra�e,2019,1,16,3,2,6,4,1,0,1,1,0,0,0,0,794815,6528,5830253,858
191170,11,12,12103220,Humboldtstra�e,2019,1,18,3,3,2,6,2,0,1,0,0,0,0,1,793422,8871,5833181,411
191171,11,8,8020619,Buschkrugallee Nord,2019,1,18,4,3,2,6,2,0,1,0,0,0,0,1,801403,894,5821113,144
191172,11,2,2040702,Weberwiese,2019,1,10,3,3,1,5,0,1,1,0,0,0,0,1,801855,2577,5827407,853
191173,11,1,1011202,Unter den Linden Nord,2019,1,10,3,3,6,4,0,1,0,1,0,0,0,1,797863,96,5827637,309
191174,11,2,2040703,Wriezener Bahnhof/Entwicklungsgebiet,2019,1,7,3,3,5,3,2,0,1,0,0,0,0,1,801767,78,5826253,667
191175,11,2,2010102,Mehringplatz,2019,1,22,3,3,6,2,2,0,1,1,0,0,0,1,798447,1062,5826543,447
191176,11,10,10010207,Marzahner Promenade,2019,1,19,3,3,6,2,2,0,1,1,0,0,0,1,808401,6598,5831204,46
191177,11,7,7010102,Nollendorfplatz,2019,1,20,3,3,6,7,2,0,1,1,0,0,0,1,795252,8109,5825058,622
191178,11,12,12231101,Hermsdorf,2019,1,20,3,2,5,3,2,0,1,0,0,0,0,1,791424,9864,5838774,98
191179,11,7,7010101,Wittenbergplatz/Viktoria-Luise-Platz,2019,1,20,3,3,6,4,1,0,1,1,0,0,0,1,794696,54,5825759,424
191180,11,11,11030618,Fennpfuhl West,2019,1,19,3,3,1,5,2,1,1,0,0,0,0,1,803271,6767,5828979,787
191181,11,5,5010101,Hakenfelde Nord,2019,1,18,3,3,2,7,2,0,1,0,0,0,0,1,784038,9666,5832447,647
191182,11,7,7060603,Marienfelde Nordost,2019,1,18,3,3,2,6,2,0,1,0,0,0,0,1,797419,2196,5817417,887
191183,11,5,5010314,Carl-Schurz-Stra�e,2019,1,18,3,2,6,2,2,0,1,1,0,0,0,1,784801,3049,5828808,961
191184,11,4,4051551,Brabanter Platz,2019,1,18,3,3,6,2,2,0,1,1,0,0,0,1,792901,7162,5823283,34
191185,11,9,9051901,Dammvorstadt,2019,1,18,3,3,2,6,2,0,1,0,0,0,0,1,810755,1729,5821229,502
191186,11,6,6030610,Lichterfelde West,2019,1,18,3,3,2,6,2,0,1,0,0,0,0,1,792278,5105,5818604,112
191187,11,6,6010102,Schlo�stra�e,2019,1,18,3,2,6,2,2,0,1,1,0,0,0,1,793894,246,5820966,97
191188,11,1,1011102,Gro�er Tiergarten,2019,1,18,3,3,5,3,2,0,1,0,0,0,0,1,795162,7209,5827238,239
191189,11,4,4051445,Eisenzahnstra�e,2019,1,18,3,3,2,6,2,0,1,0,0,0,0,1,792016,472,5824048,571
191190,11,8,8010510,Gewerbegebiet K�llnische Heide,2019,1,17,3,3,5,3,2,1,1,0,0,0,0,1,802483,13,5822557,723