OBJECTID,LAND,BEZ,LOR,STRASSE,UJAHR,UMONAT,USTUNDE,UWOCHENTAG,UKATEGORIE,UART,UTYP1,ULICHTVERH,IstRad,IstPKW,IstFuss,IstKrad,IstGkfz,IstSonstige,USTRZUSTAND,LINREFX,LINREFY,XGCSWGS84,YGCSWGS84
191191,11,6,6010208,Bergstra�e,2019,1,15,3,2,6,4,1,0,1,1,0,0,0,1,793970,8654,5820791,219
191192,11,1,1044201,Reinickendorfer Stra�e,2019,1,9,3,3,5,2,0,0,1,0,0,0,1,1,795680,841,5830926,5
191193,11,2,2050602,Samariterviertel,2019,1,17,3,3,5,3,2,1,1,0,0,0,0,1,802670,4969,5828101,141
191194,11,1,1033202,Humboldthain S�d,2019,1,17,3,2,0,7,1,0,0,0,1,0,1,1,796964,3909,5830547,831
191195,11,6,6030504,Teltower Damm,2019,1,17,3,2,6,4,2,0,1,1,0,0,0,1,788952,8133,5816380,58
191196,11,4,4030929,Hindemithplatz,2019,1,16,3,3,3,6,2,0,1,0,1,0,1,1,792280,251,5825933,726
191197,11,3,3061429,Greifswalder Stra�e,2019,1,16,3,2,6,4,2,0,1,1,0,0,0,1,801441,2256,5830948,672
191198,11,12,12103116,Hausotterplatz,2019,1,16,3,3,6,2,2,0,1,1,0,0,0,1,796755,9131,5833625,172
191199,11,1,1011202,Unter den Linden Nord,2019,1,15,3,3,5,3,0,1,1,0,0,0,0,1,798550,9063,5827801,871
191200,11,1,1022104,Emdener Stra�e,2019,1,14,3,2,5,2,0,1,1,0,0,0,0,1,794569,4748,5828430,72
191201,11,12,12302212,Rollbergesiedlung,2019,1,13,3,2,6,4,0,0,0,1,1,0,0,1,793107,7066,5837644,829
191202,11,11,11020411,Malchower Weg,2019,1,13,3,3,5,3,0,0,1,0,0,0,1,1,806200,844,5832525,388
191203,11,1,1022104,Emdener Stra�e,2019,1,11,3,3,3,6,0,0,1,0,1,0,0,1,794549,6452,5828928,155
191204,11,4,4020311,Reichsstra�e,2019,1,11,3,3,5,3,0,0,1,0,0,0,0,1,789490,8785,5826788,585
191205,11,4,4041240,Messelpark,2019,1,11,3,3,5,3,0,0,1,0,0,0,0,1,791149,1522,5822595,994
191206,11,7,7020204,Sch�neberger Insel,2019,1,12,3,3,0,6,0,0,1,0,0,0,1,1,796068,961,5824041,766
191207,11,9,9041402,Siedlung K�mmereiheide,2019,1,6,3,3,6,2,2,0,1,1,0,0,0,1,812138,2612,5820058,41
191208,11,4,4041134,Bismarckallee,2019,1,17,3,1,6,2,2,0,1,1,0,0,0,1,790860,2576,5823812,355
191209,11,9,9020502,Obersch�neweide Ost,2019,1,17,2,3,2,7,1,0,1,0,0,0,0,0,806806,7597,5822000,223
191210,11,7,7010102,Nollendorfplatz,2019,1,16,2,3,6,4,1,0,1,1,0,0,0,1,795513,7035,5825400,158
191211,11,10,10020622,Kaulsdorf Nord I,2019,1,18,2,2,6,4,2,0,1,1,0,0,0,1,811217,4934,5828829,621
191212,11,6,6040804,Krumme Lanke,2019,1,19,2,3,1,5,2,0,1,0,0,0,0,1,788744,6878,5820133,208
191213,11,6,6040810,Dahlem,2019,1,19,2,3,2,6,2,0,1,0,0,0,0,1,790386,1534,5820826,214
191214,11,1,1044103,Westliche M�llerstra�e,2019,1,18,2,3,3,6,2,0,1,0,0,0,0,1,795248,6597,5830966,197
191215,11,5,5010206,G�tersloher Weg,2019,1,21,2,2,9,1,2,0,1,0,0,0,0,1,782433,7318,5830474,48
191216,11,8,8010301,Reuterkiez,2019,1,22,2,3,2,6,2,0,1,0,0,0,0,1,800780,1202,5824334,85
191217,11,1,1044202,Sparrplatz,2019,1,21,2,3,5,2,2,1,0,0,0,0,0,1,794622,3144,5829867,797
191218,11,12,12302110,Dannenwalder Weg,2019,1,20,2,2,6,2,2,0,1,1,0,0,0,1,795271,604,5836364,301
191219,11,8,8010301,Reuterkiez,2019,1,15,2,3,2,2,0,0,1,0,0,0,0,1,801457,418,5823887,892
191220,11,3,3051022,Hansastra�e,2019,1,8,2,3,1,5,1,1,0,0,0,0,1,1,803691,7695,5831996,151
191221,11,5,5040936,J�gerallee,2019,1,7,2,3,2,6,1,0,1,0,0,0,0,1,780851,1062,5820365,75
191222,11,3,3061430,Volkspark Prenzlauer Berg,2019,1,11,2,3,6,4,0,1,0,1,0,0,0,1,802230,8772,5829345,134
191223,11,12,12301205,Waidmannslust,2019,1,8,2,3,6,2,0,0,1,1,0,0,0,1,792457,936,5837312,801
191224,11,6,6030609,Augustaplatz,2019,1,17,2,3,2,2,2,0,1,0,0,0,0,1,793196,5346,5819800,53
191225,11,2,2050803,Stralauer Kiez,2019,1,17,2,3,6,2,2,0,1,1,0,0,0,1,802288,7021,5826308,91
191226,11,1,1011201,Wilhelmstra�e,2019,1,17,2,3,5,2,2,1,1,0,0,0,0,1,796947,1418,5826781,323
191227,11,3,3040513,Sch�nholz,2019,1,17,2,3,5,3,2,1,1,0,0,0,0,1,797412,6341,5833971,338
191228,11,6,6030609,Augustaplatz,2019,1,17,2,3,1,5,2,0,1,0,0,0,0,1,792307,4311,5819306,59
191229,11,4,4030929,Hindemithplatz,2019,1,17,2,3,5,2,2,0,1,0,0,0,0,1,792707,6303,5825468,19
191230,11,11,11051331,Karlshorst Nord,2019,1,16,2,3,3,6,2,1,1,0,0,0,0,1,807683,6568,5824547,508
191231,11,5,5020523,Maulbeerallee,2019,1,16,2,3,5,3,1,0,1,0,0,0,0,1,782246,8186,5827617,444
191232,11,1,1044201,Reinickendorfer Stra�e,2019,1,16,2,3,5,2,1,1,1,0,0,0,0,1,796555,379,5831635,625
191233,11,3,3040508,Rosenthal,2019,1,10,2,3,5,7,0,0,1,0,0,0,0,1,796038,6181,5836681,631
191234,11,11,11051331,Karlshorst Nord,2019,1,15,2,3,5,3,0,1,1,0,0,0,0,1,807451,942,5824781,364
191235,11,6,6030502,Zehlendorf S�d,2019,1,14,2,3,2,2,0,0,1,0,0,0,0,1,790288,472,5814825,282
191236,11,11,11010205,Falkenberg West,2019,1,10,2,3,5,3,0,0,1,0,0,0,0,1,806690,7674,5833399,321
191237,11,2,2020205,Chamissokiez,2019,1,14,2,3,4,1,0,0,1,0,0,0,0,1,799006,6184,5824116,719
191238,11,2,2050602,Samariterviertel,2019,1,9,2,2,0,1,0,0,0,0,1,0,0,1,802499,2744,5828272,437
191239,11,1,1044103,Westliche M�llerstra�e,2019,1,12,2,3,2,6,0,0,1,0,0,0,0,1,795189,141,5831031,924
191240,11,4,4051550,Leon-Jessel-Platz,2019,1,11,2,3,5,2,0,0,1,0,1,0,0,1,792978,3476,5824197,773
191241,11,4,4030620,Alt-Lietzow,2019,1,16,2,3,5,2,2,0,1,0,0,0,0,1,791793,2011,5827482,791
191242,11,2,2030302,Lausitzer Platz,2019,1,9,2,3,5,3,1,1,1,0,0,0,0,1,800663,9747,5825829,873
191243,11,6,6030503,Zehlendorf Mitte,2019,1,15,2,3,4,6,0,0,1,0,0,0,0,1,790235,1135,5817526,811
191244,11,12,12301203,Wittenau S�d,2019,1,11,2,3,6,2,0,0,1,1,0,0,0,1,792370,2405,5834065,165
191245,11,12,12214424,Scharnweberstra�e,2019,1,15,2,3,2,6,1,0,1,0,0,0,0,1,793010,8451,5832184,233
191246,11,4,4030931,Breitscheidplatz,2019,1,9,2,3,5,2,0,0,1,0,1,0,0,1,794080,368,5826308,74
191247,11,1,1011302,Oranienburger Stra�e,2019,1,8,2,3,6,4,0,0,1,1,0,0,0,1,798072,8443,5828938,187
191248,11,6,6020411,Sch�tte-Lanz-Stra�e,2019,1,8,2,2,5,2,0,0,1,0,0,0,0,1,793602,8879,5815904,581
191249,11,4,4030621,Spreestadt,2019,1,8,2,3,5,2,1,1,1,0,0,0,0,1,793066,1918,5827662,759
191250,11,1,1033203,Humboldthain Nordwest,2019,1,8,2,2,6,4,0,0,1,1,0,0,0,1,796423,6076,5830099,48
191251,11,4,4030620,Alt-Lietzow,2019,1,7,2,3,6,2,1,0,1,1,0,0,0,1,792903,441,5827393,842
191252,11,8,8020621,Mohriner Allee Nord,2019,1,7,2,2,6,4,2,0,1,1,0,0,0,1,800497,6287,5819307,986
191253,11,5,5010339,Freiheit,2019,1,6,2,3,6,2,2,0,1,1,0,0,0,1,785772,7965,5828538,105
191254,11,12,12304314,Ziekowstra�e/Freie Scholle,2019,1,6,2,3,5,3,2,0,1,0,1,0,0,1,791052,558,5835457,9
191255,11,10,10010308,Marzahner Chaussee,2019,1,18,2,3,1,5,2,1,0,0,0,0,1,1,806707,6319,5830267,94
191256,11,2,2010104,Wassertorplatz,2019,1,11,2,3,5,3,0,0,1,0,0,0,1,1,798599,847,5825578,718
191257,11,9,9051702,B�lschestra�e,2019,1,13,1,3,1,5,0,1,1,0,0,0,0,0,814597,8148,5820806,934
191258,11,1,1033202,Humboldthain S�d,2019,1,18,1,3,2,6,2,0,1,0,0,0,0,0,797521,1463,5829439,683
191259,11,5,5030731,Gartenfelder Stra�e,2019,1,17,1,2,5,3,2,1,1,0,0,0,0,0,787974,9746,5830384,9
191260,11,2,2040502,Friedenstra�e,2019,1,16,1,3,2,6,2,0,1,0,0,0,0,0,800796,483,5828199,8
191261,11,1,1011304,Karl-Marx-Allee,2019,1,16,1,3,5,2,2,1,1,0,0,0,0,0,799582,7043,5828043,697
191262,11,6,6030504,Teltower Damm,2019,1,14,1,2,5,3,0,1,1,0,0,0,0,0,790022,8251,5815953,84
191263,11,12,12302107,Schorfheidestra�e,2019,1,3,1,2,6,4,2,0,1,1,0,0,0,0,793835,9265,5836156,962
191264,11,7,7020203,Kaiser-Wilhelm-Platz,2019,1,14,7,3,3,7,0,1,1,0,0,0,0,1,795683,979,5824075,812
191265,11,1,1044203,Leopoldplatz,2019,1,11,7,3,2,6,0,0,1,0,0,0,0,1,795748,805,5831894,937
191266,11,1,1044101,Rehberge,2019,1,9,7,2,4,1,0,0,1,0,0,0,1,1,794288,6194,5829929,113
191267,11,1,1011305,Heine-Viertel West,2019,1,6,7,3,5,3,2,1,1,0,0,0,0,1,799682,2285,5827210,83
191268,11,8,8010117,Schillerpromenade,2019,1,0,7,3,2,2,2,0,1,0,0,1,0,1,800515,3649,5823440,356
191269,11,8,8010117,Schillerpromenade,2019,1,21,7,3,6,2,2,0,1,1,0,0,0,1,800523,707,5823439,842
191270,11,3,3071537,Kollwitzplatz,2019,1,18,7,3,6,7,2,0,1,1,0,0,0,1,799550,1268,5829909,848
191271,11,10,10010308,Marzahner Chaussee,2019,1,17,7,3,2,6,2,0,1,0,0,0,0,1,806566,5664,5828143,401
191272,11,5,5010207,Darbystra�e,2019,1,17,7,3,2,6,2,0,1,0,0,0,0,1,783707,794,5830174,9
191273,11,6,6030609,Augustaplatz,2019,1,17,7,3,6,4,2,0,1,1,0,0,0,2,793277,3834,5819081,6
191274,11,10,10010206,Ringkolonnaden,2019,1,19,6,2,0,1,2,0,0,0,1,0,0,1,809978,9619,5832086,215
191275,11,12,12103219,Sch�fersee,2019,1,12,6,3,5,2,0,1,1,0,0,0,0,0,795583,1887,5833129,154
191276,11,7,7040405,Rathaus Tempelhof,2019,1,22,6,3,5,3,2,0,1,0,0,0,0,1,799071,3713,5821704,569
191277,11,5,5020521,D�beritzer Weg,2019,1,21,6,3,8,1,2,0,1,0,0,0,0,1,779812,4477,5827763,774
191278,11,1,1011301,Charit�viertel,2019,1,21,6,3,3,6,2,0,0,0,1,0,1,1,796810,3688,5828836,178
191279,11,12,12214424,Scharnweberstra�e,2019,1,20,6,2,6,4,2,0,1,1,0,0,0,1,792550,2063,5832825,256
191280,11,2,2050802,Boxhagener Platz,2019,1,18,6,3,6,4,2,1,0,1,0,0,0,1,802724,4493,5826970,822
191281,11,11,11010204,Falkenberg Ost,2019,1,13,6,3,5,2,0,1,1,0,0,0,0,1,806700,2883,5833982,649
191282,11,10,10040828,Kaulsdorf Nord,2019,1,15,6,3,5,3,0,1,1,0,0,0,0,1,811939,391,5828947,763
191283,11,4,4010102,Pl�tzensee,2019,1,14,6,3,1,5,0,0,1,0,0,0,0,1,791884,5998,5830685,551
191284,11,4,4041238,Kissinger Stra�e,2019,1,15,6,3,5,3,1,1,1,0,0,0,0,1,791526,2229,5823555,477
191285,11,12,12103219,Sch�fersee,2019,1,14,6,3,6,2,0,0,1,1,0,0,0,1,795762,2327,5832568,706
191286,11,2,2030402,Wrangelkiez,2019,1,16,6,3,6,4,2,1,0,1,0,0,0,1,801344,3756,5825832,702
191287,11,2,2010103,Moritzplatz,2019,1,13,6,3,0,7,0,0,1,0,1,0,0,1,799182,9373,5825887,246
191288,11,4,4030726,Droysenstra�e,2019,1,10,6,3,5,5,0,0,1,0,0,0,0,1,791604,7108,5825598,563
191289,11,4,4030415,Schlo�garten,2019,1,13,6,3,5,5,0,0,1,0,0,1,0,1,791003,6485,5827416,25
191290,11,6,6010205,S�dende,2019,1,14,6,3,2,3,0,0,1,0,0,0,0,1,795325,8523,5819972,578
191291,11,12,12103219,Sch�fersee,2019,1,13,6,3,1,5,0,0,1,0,0,0,0,1,795019,4426,5832550,563
191292,11,11,11010309,Zingster Stra�e West,2019,1,8,6,3,5,3,1,0,1,0,0,0,1,1,804831,7172,5833773,47
191293,11,11,11040926,Weitlingstra�e,2019,1,5,6,3,5,3,2,1,1,0,0,0,0,1,806141,1634,5826839,339
191294,11,5,5010206,G�tersloher Weg,2019,1,5,6,3,6,2,2,0,1,1,0,0,0,0,781549,73,5830710,248
191295,11,8,8010404,Rixdorf,2019,1,12,6,3,5,3,0,0,1,0,0,0,1,1,802005,5721,5823298,882
191296,11,2,2020206,Graefekiez,2019,1,11,5,3,0,6,0,0,1,0,0,0,1,0,800239,2754,5824610,488
191297,11,1,1033102,Gesundbrunnen,2019,1,15,5,3,2,6,0,0,1,0,0,0,0,0,797271,7032,5831271,241
191298,11,5,5010314,Carl-Schurz-Stra�e,2019,1,15,5,2,5,2,0,0,1,0,1,0,0,0,785164,463,5828949,436
191299,11,8,8010214,Glasower Stra�e,2019,1,22,5,3,5,2,2,0,1,0,0,0,0,0,802008,6722,5822421,633
191300,11,4,4041240,Messelpark,2019,1,14,5,2,5,3,0,1,1,0,0,0,0,0,790741,7102,5822643,997
191301,11,9,9051901,Dammvorstadt,2019,1,14,5,3,5,3,0,1,1,0,0,0,0,0,811002,3572,5821743,476
191302,11,4,4030931,Breitscheidplatz,2019,1,14,5,3,5,2,0,0,1,0,0,0,0,1,793513,1987,5825445,268
191303,11,3,3061430,Volkspark Prenzlauer Berg,2019,1,12,5,2,6,4,0,0,1,1,0,0,0,0,802011,4662,5829665,872
191304,11,9,9051702,B�lschestra�e,2019,1,19,5,3,6,4,2,0,1,1,0,0,0,0,814210,95,5822012,573
191305,11,1,1011103,L�tzowstra�e,2019,1,13,5,3,5,2,0,0,1,0,1,0,0,1,795271,403,5826033,423
191306,11,5,5010206,G�tersloher Weg,2019,1,17,5,2,6,4,2,0,1,1,0,0,0,0,782241,2936,5830282,975
191307,11,3,11030618,Fennpfuhl West,2019,1,17,5,3,5,2,2,1,1,0,0,0,0,0,802590,616,5829279,205
191308,11,12,12302211,L�barser Stra�e,2019,1,21,5,2,0,1,2,0,0,0,1,0,0,0,793461,1474,5836991,598
191309,11,1,1022201,Stephankiez,2019,1,11,5,3,5,2,0,0,1,0,0,0,0,1,795437,3276,5829538,445
191310,11,7,7010102,Nollendorfplatz,2019,1,11,5,3,6,7,0,0,1,1,0,0,0,1,795083,432,5825592,153
191311,11,4,4020310,Park Ruhwald,2019,1,10,5,2,5,3,0,1,1,0,0,0,0,0,789838,797,5827374,657
191312,11,7,7040404,Marienh�he,2019,1,8,5,3,3,6,0,1,0,0,0,0,1,0,797408,7747,5820428,288
191313,11,8,8041036,Zittauer Stra�e,2019,1,8,5,3,5,3,0,1,1,0,0,0,0,0,804215,13,5816452,578
191314,11,5,5020419,Magistratsweg,2019,1,6,5,3,5,2,2,0,1,0,0,0,0,0,780872,9875,5828321,922
191315,11,1,1022206,L�neburger Stra�e,2019,1,6,5,3,6,2,2,0,1,1,0,0,0,0,796097,8993,5828437,105
191316,11,8,8010214,Glasower Stra�e,2019,1,21,4,3,1,5,2,1,1,0,0,0,0,0,801099,3013,5822182,291
191317,11,3,3071639,B�tzowstra�e,2019,1,18,4,3,0,5,2,0,1,0,1,0,0,1,800484,4344,5829484,347
191318,11,4,4030623,Ernst-Reuter-Platz,2019,1,18,4,3,5,3,2,1,1,0,0,0,0,0,792965,1076,5826950,747
191319,11,2,2040503,Richard-Sorge-Viertel,2019,1,16,4,3,2,6,2,0,1,0,0,0,0,1,801385,6543,5828739,203
191320,11,1,1011202,Unter den Linden Nord,2019,1,14,4,3,3,6,0,0,1,0,0,0,0,0,797734,961,5827617,167
191321,11,6,6030610,Lichterfelde West,2019,1,13,4,3,2,6,0,0,1,0,0,0,0,1,791938,5768,5819049,864
191322,11,8,8010213,K�rnerpark,2019,1,12,4,3,5,3,0,0,1,0,0,0,0,1,801239,357,5822480,497
191323,11,4,4041136,Hagenplatz,2019,1,12,4,3,6,2,0,0,1,1,0,0,0,0,790701,947,5822699,462
191324,11,10,10010308,Marzahner Chaussee,2019,1,12,4,3,2,6,0,0,1,0,0,0,1,1,806514,9359,5829428,772
191325,11,4,4030623,Ernst-Reuter-Platz,2019,1,11,4,2,6,4,0,0,0,1,0,0,1,1,793448,3446,5826561,315
191326,11,7,7070702,Alt-Lichtenrade/T�pchiner Weg,2019,1,10,4,3,5,3,0,0,1,0,0,0,0,1,799936,3633,5816020,422
191327,11,6,6030504,Teltower Damm,2019,1,7,4,3,2,7,1,0,1,0,0,0,0,1,790181,2916,5815258,344
191328,11,11,11040926,Weitlingstra�e,2019,1,13,4,3,4,7,0,0,1,0,0,0,0,0,805314,4795,5827226,316
191329,11,12,12231102,Frohnau,2019,1,16,3,3,4,1,2,0,1,0,0,0,0,1,790857,2,5839961,151
191330,11,7,7030301,Friedenau,2019,1,17,3,2,2,6,2,0,1,0,0,0,0,1,793973,2127,5822309,529
191331,11,6,6010206,Stadtpark,2019,1,17,3,3,6,2,2,0,1,1,0,0,0,1,795051,1934,5819613,273
191332,11,8,8041038,Wa�mannsdorfer Chaussee,2019,1,16,3,3,5,3,2,0,1,0,0,0,0,1,805840,7675,5816730,83
191333,11,5,5010339,Freiheit,2019,1,6,3,3,2,6,2,0,1,0,0,0,0,1,787003,1036,5828154,798
191334,11,2,2010103,Moritzplatz,2019,1,5,3,3,5,3,2,0,1,0,0,0,0,1,798931,484,5826353,186
191335,11,1,1022206,L�neburger Stra�e,2019,1,17,3,3,1,5,2,0,1,0,0,0,0,1,796295,3414,5828281,21
191336,11,1,1011306,Heine-Viertel Ost,2019,1,2,3,2,6,4,2,0,1,1,0,0,0,1,800120,202,5826877,772
191337,11,1,1044202,Sparrplatz,2019,1,3,3,3,6,2,2,0,1,1,0,0,0,1,796032,8411,5830350,533
191338,11,7,7020203,Kaiser-Wilhelm-Platz,2019,1,15,4,3,1,5,0,1,1,0,0,0,0,1,796131,3631,5824119,694
191339,11,2,2040703,Wriezener Bahnhof/Entwicklungsgebiet,2019,1,4,3,3,5,2,2,0,1,0,0,0,0,1,801758,573,5826253,305
191340,11,7,7020202,Volkspark (Rudolf-Wilde-Park),2019,1,0,3,2,6,4,2,0,1,1,0,0,0,1,794995,8834,5823455,23
191341,11,7,7070703,John-Locke-Stra�e,2019,1,1,3,2,5,3,2,0,1,0,0,0,1,1,799789,6539,5813976,948
191342,11,1,1011203,Unter den Linden S�d,2019,1,3,3,3,5,3,2,0,1,0,0,0,1,1,797560,8201,5827406,867
191345,11,1,1022104,Emdener Stra�e,2019,1,15,4,3,2,6,0,0,1,0,0,0,0,1,794584,1741,5828548,339
191353,11,7,7030303,Grazer Platz,2019,1,15,4,3,2,6,0,0,1,0,0,0,0,1,795831,2553,5820978,767
191362,11,5,5030833,Motardstra�e,2019,1,14,4,3,5,3,0,0,1,0,0,0,0,0,788046,7554,5829307,35
191366,11,5,5020417,Staakener Stra�e,2019,1,14,4,3,5,3,0,0,1,0,0,0,1,1,782450,6498,5828511,164
191369,11,4,4010103,Paul-Hertz-Siedlung,2019,1,17,4,2,0,7,2,0,1,0,0,0,0,1,791120,432,5829146,564
191371,11,3,3020203,Blankenfelde,2019,1,13,4,3,5,3,0,0,1,0,0,0,0,1,796557,9558,5840100,935
191372,11,8,8020622,Parchimer Allee,2019,1,13,4,3,5,7,0,0,1,0,0,0,0,1,801331,1339,5819998,801
191376,11,2,2020202,Rathaus Yorckstra�e,2019,1,13,4,3,5,7,0,0,1,0,1,0,0,1,797846,3633,5825288,106
191378,11,6,6040808,H�ttenweg,2019,1,12,4,3,5,3,0,0,1,0,0,0,0,1,789617,1237,5819794,86
191381,11,4,4010102,Pl�tzensee,2019,1,16,4,3,2,6,1,0,1,0,0,0,0,1,793363,2268,5829646,419
191388,11,3,3040614,Pankow Zentrum,2019,1,18,4,3,2,2,2,0,1,0,0,0,0,1,800051,1093,5835717,651
191391,11,1,2040701,Andreasviertel,2019,1,18,4,3,5,3,2,0,1,0,0,0,0,1,800315,8415,5827620,451
191400,11,4,4030930,George-Grosz-Platz,2019,1,12,4,3,2,6,0,0,1,0,0,0,0,1,793147,5946,5825616,966
191406,11,11,11030619,Fennpfuhl Ost,2019,1,19,6,3,0,1,2,0,1,0,0,0,0,1,803556,1403,5829737,47
191407,11,1,1011201,Wilhelmstra�e,2019,1,17,6,2,1,5,2,1,1,0,0,0,0,1,797337,1087,5827137,561
191408,11,12,12103218,Teichstra�e,2019,1,17,6,3,1,5,2,0,1,0,0,0,0,1,794629,572,5832993,654
191409,11,1,1011204,Leipziger Stra�e,2019,1,17,6,3,5,3,2,0,1,0,0,0,0,0,798573,321,5826872,267
191410,11,9,9041402,Siedlung K�mmereiheide,2019,1,16,6,3,0,6,0,0,1,0,0,0,1,0,812540,845,5820115,604
191411,11,5,5020627,Tiefwerder,2019,1,15,6,2,1,1,0,0,1,0,0,1,0,0,785353,5319,5827856,651
191412,11,6,6030501,Berlepschstra�e,2019,1,15,6,3,0,1,0,0,0,0,1,0,0,2,787445,911,5816273,66
191413,11,10,10020517,Adele-Sandrock-Stra�e,2019,1,14,6,3,2,2,0,0,1,0,0,0,0,0,813363,6541,5830117,118
191414,11,10,10030724,Oberfeldstra�e,2019,1,14,6,3,5,2,0,1,1,0,0,0,0,1,809052,6057,5828645,993
191415,11,4,4030519,Kaiserin-Augusta-Allee,2019,1,14,6,3,1,5,0,0,1,0,0,0,0,0,792163,2858,5827963,177
191416,11,1,1011204,Leipziger Stra�e,2019,1,13,6,3,5,2,0,0,1,0,0,0,0,0,798703,146,5827080,377
191417,11,11,11020513,Orankesee,2019,1,13,6,3,5,7,0,0,1,0,0,0,1,0,803243,9063,5830239,802
191418,11,5,5010311,Eiswerder,2019,1,13,6,2,2,6,0,0,1,0,0,0,0,0,785302,7585,5830833,743
191419,11,1,1022206,L�neburger Stra�e,2019,1,12,6,3,5,2,0,1,0,0,0,1,0,0,796230,7775,5828511,857
191420,11,2,2030301,Oranienplatz,2019,1,0,6,3,5,3,2,1,1,0,0,0,0,1,800119,774,5825731,95
191421,11,11,2050803,Stralauer Kiez,2019,1,6,6,3,6,4,2,0,1,1,0,0,0,1,803297,6726,5826311,238
191422,11,10,10020622,Kaulsdorf Nord I,2019,1,6,6,3,6,2,2,0,1,1,0,0,0,1,810915,125,5829239,809
191423,11,3,3020307,Buchholz,2019,1,7,6,3,5,3,1,1,1,0,0,0,0,2,798347,317,5838420,913
191424,11,7,7020201,Bayerischer Platz,2019,1,7,6,3,6,2,1,0,1,1,0,0,0,1,794807,5724,5824461,898
191425,11,2,2040502,Friedenstra�e,2019,1,7,6,2,6,4,1,0,1,1,0,0,0,1,800728,157,5828471,679
191426,11,7,7030301,Friedenau,2019,1,8,6,3,6,2,0,0,1,1,0,0,0,1,794426,7776,5822340,798
191427,11,1,1011303,Alexanderplatzviertel,2019,1,8,6,3,6,4,0,1,0,1,0,0,0,1,799722,7643,5827451,541
191428,11,7,7010103,Barbarossaplatz,2019,1,8,6,3,1,5,0,1,1,0,0,0,0,0,795383,5017,5824674,199
191429,11,10,10030724,Oberfeldstra�e,2019,1,9,6,3,5,2,0,0,1,0,0,0,0,1,809592,1697,5828542,285
191430,11,1,1011204,Leipziger Stra�e,2019,1,11,6,3,2,7,0,0,1,0,0,0,0,0,798476,178,5826665,289
191431,11,8,8030829,Gropiusstadt Nord,2019,1,10,6,3,2,6,0,0,1,0,0,0,1,1,803593,2646,5818127,475
191432,11,12,12214125,Waldidyll/Flughafensee,2019,1,12,6,3,5,3,0,0,1,0,0,0,1,0,791009,428,5831336,575
191433,11,1,1011104,K�rnerstra�e,2019,1,10,1,3,5,3,0,0,1,0,0,0,0,0,796401,6239,5826271,435
191434,11,2,2040702,Weberwiese,2019,1,10,6,3,1,7,0,0,1,0,0,0,0,0,801302,1669,5827438,229
191435,11,1,1022103,Westhafen,2019,1,7,5,3,5,2,2,1,1,0,0,0,0,1,794577,312,5829787,53
191436,11,1,1022206,L�neburger Stra�e,2019,1,5,5,3,5,2,2,0,1,0,0,0,0,1,795522,703,5828217,893
191437,11,4,4030929,Hindemithplatz,2019,1,21,5,3,6,2,2,0,1,1,0,0,0,1,792295,412,5825875,467
191438,11,9,9041301,Kietzer Feld/Nachtheide,2019,1,20,5,2,3,6,2,1,1,0,0,0,0,1,811813,9744,5818128,414
191439,11,7,7030301,Friedenau,2019,1,19,5,3,6,7,2,0,1,1,0,0,0,1,794039,6717,5821660,771
191440,11,10,10010102,Havemannstra�e,2019,1,19,5,3,6,3,2,0,1,1,0,0,0,1,809554,766,5834201,242
191441,11,11,11010205,Falkenberg West,2019,1,18,5,2,6,2,2,0,1,1,0,0,0,1,806327,348,5833881,203
191442,11,3,3010101,Bucher Forst,2019,1,18,7,3,4,6,2,0,1,0,0,0,0,1,804114,5183,5841795,36
191443,11,1,1044203,Leopoldplatz,2019,1,19,5,3,2,6,2,0,1,0,0,0,0,1,795780,4206,5831878,15
191444,11,1,1044201,Reinickendorfer Stra�e,2019,1,18,5,3,5,3,1,1,1,0,0,0,0,1,796972,821,5831932,165
191445,11,2,2010101,Askanischer Platz,2019,1,18,5,3,5,2,2,1,1,0,0,0,0,1,797663,4119,5826303,921
191446,11,8,8010214,Glasower Stra�e,2019,1,18,5,3,5,7,2,0,1,0,1,0,0,1,801806,3459,5822373,627
191447,11,9,9010301,Baumschulenstra�e,2019,1,18,5,2,6,2,2,0,1,1,0,0,0,1,805021,3747,5822710,888
191448,11,1,1011202,Unter den Linden Nord,2019,1,18,5,3,3,6,2,1,1,0,0,0,0,1,797479,1497,5827939,21
191449,11,2,2040502,Friedenstra�e,2019,1,18,5,2,0,2,2,0,1,0,0,0,1,1,801214,3038,5828623,932
191450,11,4,4030622,Richard-Wagner-Stra�e,2019,1,13,5,3,6,2,0,0,1,1,0,0,0,0,792076,7259,5826805,57
191451,11,1,1011301,Charit�viertel,2019,1,11,5,2,6,4,0,0,0,1,0,0,1,0,797241,9275,5829079,206
191452,11,6,6020303,Lankwitz Kirche,2019,1,12,5,3,1,5,0,1,1,0,0,0,0,0,795101,9224,5818278,263
191453,11,4,4051448,Schaperstra�e,2019,1,14,5,2,5,7,0,0,1,0,0,0,0,0,793918,284,5825306,31
191454,11,4,4031032,Halensee,2019,1,18,7,3,1,5,2,1,1,0,0,0,1,0,791116,6958,5824761,653
191455,11,6,6030504,Teltower Damm,2019,1,14,5,2,2,3,0,1,1,0,0,0,0,0,790189,3252,5815242,842
191456,11,1,1022102,Beusselkiez,2019,1,15,5,3,1,5,0,1,1,0,0,0,0,1,793488,3145,5828518,985