OBJECTID,LAND,BEZ,LOR,STRASSE,UJAHR,UMONAT,USTUNDE,UWOCHENTAG,UKATEGORIE,UART,UTYP1,ULICHTVERH,IstRad,IstPKW,IstFuss,IstKrad,IstGkfz,IstSonstige,USTRZUSTAND,LINREFX,LINREFY,XGCSWGS84,YGCSWGS84
191457,11,7,7040404,Marienh�he,2019,1,15,5,3,5,2,0,0,1,0,1,0,0,0,796383,9225,5819736,312
191458,11,7,7070705,Franziusweg/Rohrbachstra�e,2019,1,14,1,2,6,2,0,0,1,1,0,0,0,0,799069,3914,5813141,24
191459,11,4,4051654,Wilhelmsaue,2019,1,16,5,2,6,2,0,0,1,1,0,0,0,0,793436,3626,5823916,366
191460,11,7,7060601,Marienfelder Allee Nordwest,2019,1,16,5,3,0,2,1,0,1,0,0,0,1,0,797303,49,5817285,66
191461,11,4,4051448,Schaperstra�e,2019,1,17,5,3,2,1,1,0,1,0,0,0,0,1,794423,5085,5825451,67
191462,11,4,4041136,Hagenplatz,2019,1,17,5,3,1,5,1,0,1,0,0,0,0,1,790463,6309,5822808,588
191463,11,9,9020701,Adlershof West,2019,1,17,5,2,2,6,1,0,1,0,1,0,0,1,807427,796,5818120,331
191464,11,8,8020619,Buschkrugallee Nord,2019,1,17,5,3,8,1,1,0,1,0,0,0,0,1,802492,8255,5820704,401
191465,11,11,11010103,Dorf Falkenberg,2019,1,10,5,2,9,1,0,0,1,0,0,0,0,0,808692,1414,5834353,1
191466,11,8,8041036,Zittauer Stra�e,2019,1,22,4,2,1,1,2,0,1,0,0,0,1,0,804670,846,5816843,708
191467,11,1,1033203,Humboldthain Nordwest,2019,1,21,4,2,6,4,2,1,0,1,0,0,0,0,796774,7548,5830528,507
191468,11,1,1011302,Oranienburger Stra�e,2019,1,21,4,3,1,5,2,1,1,0,0,0,0,0,799013,9252,5828896,581
191469,11,3,3061227,Humannplatz,2019,1,21,4,3,5,3,2,1,1,0,0,0,0,0,800158,7173,5831670,99
191470,11,1,1022206,L�neburger Stra�e,2019,1,17,4,3,2,6,2,0,1,0,0,0,0,0,796528,2655,5828672,244
191471,11,5,5010339,Freiheit,2019,1,14,4,3,2,6,0,0,1,0,0,0,1,0,786774,4112,5828202,254
191472,11,11,11030721,R�digerstra�e,2019,1,15,4,3,5,2,0,0,1,0,0,0,0,0,803882,3222,5827895,199
191473,11,12,12224230,Heiligensee,2019,1,14,4,3,2,3,0,1,1,0,0,0,0,0,786427,1397,5837332,67
191474,11,4,4020313,K�nigin-Elisabeth-Stra�e,2019,1,13,4,3,5,3,0,0,1,0,0,0,0,0,790492,779,5826558,62
191475,11,5,5020626,Adamstra�e,2019,1,13,4,3,5,3,0,0,1,0,0,0,1,0,784032,545,5827417,465
191476,11,4,4030623,Ernst-Reuter-Platz,2019,1,11,4,3,6,4,0,0,1,1,0,0,0,1,793341,7391,5827268,67
191477,11,8,8010118,Silbersteinstra�e,2019,1,10,4,3,6,4,0,0,1,1,0,0,0,1,800632,914,5822062,86
191478,11,3,3061227,Humannplatz,2019,1,7,4,3,5,3,1,1,1,0,0,0,0,1,799979,5232,5831084,88
191479,11,7,7060601,Marienfelder Allee Nordwest,2019,1,12,4,3,6,2,0,0,1,1,0,0,0,0,795888,418,5816196,507
191480,11,6,6030503,Zehlendorf Mitte,2019,1,9,4,3,6,2,0,0,0,1,1,0,0,1,790650,5096,5817860,919
191481,11,11,11020412,Hauptstra�e,2019,1,7,4,3,5,2,1,0,1,0,0,1,0,1,806092,1845,5831389,446
191482,11,7,7070701,Kettinger Stra�e/Schillerstra�e,2019,1,17,7,3,5,2,2,1,0,0,0,0,1,0,798697,8409,5816021,293
191483,11,3,3061228,Erich-Weinert-Stra�e,2019,1,7,4,3,6,4,1,0,1,1,0,0,0,1,800705,5495,5830952,307
191484,11,10,10020517,Adele-Sandrock-Stra�e,2019,1,7,4,3,5,3,1,1,1,0,0,0,0,1,813010,8353,5830201,997
191485,11,12,12103115,Breitkopfbecken,2019,1,8,4,3,5,2,0,0,1,0,0,0,0,1,795479,7332,5833414,803
191486,11,4,4041344,R�desheimer Platz,2019,1,9,4,3,5,3,0,0,1,0,0,0,0,1,793379,1756,5821960,22
191487,11,8,8010301,Reuterkiez,2019,1,15,4,3,6,2,0,0,0,1,0,0,1,0,800514,983,5824466,169
191488,11,1,1033102,Gesundbrunnen,2019,1,12,3,3,5,2,0,1,1,0,0,0,0,0,797642,7802,5831852,41
191489,11,1,1011202,Unter den Linden Nord,2019,1,22,3,2,0,1,2,0,0,0,1,0,0,1,797656,7278,5828081,419
191490,11,5,5010101,Hakenfelde Nord,2019,1,18,3,3,6,2,2,0,1,1,0,0,0,1,785242,328,5832250,664
191491,11,5,5020523,Maulbeerallee,2019,1,17,3,3,9,1,2,0,1,0,0,0,0,1,782710,2643,5826940,259
191492,11,10,10010308,Marzahner Chaussee,2019,1,12,3,3,2,2,0,0,1,0,0,0,0,1,806486,5217,5829660,635
191493,11,4,4020311,Reichsstra�e,2019,1,20,3,3,0,3,2,0,0,0,1,0,1,1,788855,6181,5827183,7
191494,11,7,7050502,Fritz-Werner-Stra�e,2019,1,17,7,3,5,2,1,0,1,0,0,0,0,0,798710,9056,5817580,321
191495,11,7,7050502,Fritz-Werner-Stra�e,2019,1,20,3,3,5,3,2,0,1,0,0,0,1,0,797341,7771,5818586,32
191496,11,4,4020207,Flatowallee,2019,1,16,3,3,0,1,2,0,0,0,1,0,0,1,787272,2737,5826012,679
191497,11,10,10010310,Alt-Marzahn,2019,1,16,3,2,6,2,2,0,1,1,0,0,0,1,809844,8703,5831011,178
191498,11,12,12214125,Waldidyll/Flughafensee,2019,1,16,3,3,0,5,0,0,1,0,1,0,0,1,791302,6005,5833223,855
191499,11,4,4030931,Breitscheidplatz,2019,1,14,3,3,2,2,0,0,0,0,0,1,1,1,793915,1616,5825542,656
191500,11,5,5030832,Rohrdamm,2019,1,14,3,3,0,2,0,0,1,0,0,0,1,1,789043,3308,5829715,149
191501,11,12,12214527,Alt-Tegel,2019,1,14,3,3,1,5,0,0,1,0,0,0,0,1,789962,8688,5835542,509
191502,11,3,3061435,Conrad-Blenkle-Stra�e,2019,1,13,3,3,5,3,0,0,1,0,0,0,0,1,801752,6458,5829154,396
191503,11,8,8010303,Donaustra�e,2019,1,10,3,3,0,7,0,0,1,0,0,0,0,1,801144,1684,5823779,33
191504,11,2,2050801,Traveplatz,2019,1,10,3,3,5,3,1,1,1,0,0,0,0,1,802909,3735,5827125,545
191505,11,3,3050923,Wei�enseer Spitze,2019,1,10,3,3,1,5,0,1,1,0,0,0,0,1,800728,755,5831963,52
191506,11,3,3040614,Pankow Zentrum,2019,1,9,3,3,5,3,0,0,1,0,0,0,0,1,799604,2876,5834019,454
191507,11,1,1011303,Alexanderplatzviertel,2019,1,5,3,3,5,2,2,0,0,0,0,0,1,0,799242,9022,5828468,568
191508,11,2,2040703,Wriezener Bahnhof/Entwicklungsgebiet,2019,1,22,3,3,6,3,2,0,1,1,0,0,0,1,801645,5498,5826476,481
191509,11,3,3061228,Erich-Weinert-Stra�e,2019,1,17,3,3,2,2,1,0,1,0,0,1,0,1,800672,3231,5830653,372
191510,11,6,6020409,K�nigsberger Stra�e,2019,1,17,3,3,6,4,1,0,1,1,0,0,0,1,793679,2366,5818213,567
191511,11,12,12302110,Dannenwalder Weg,2019,1,17,3,2,6,4,1,0,1,1,0,0,0,1,794899,2578,5836310,208
191512,11,8,8010404,Rixdorf,2019,1,15,3,3,6,4,0,0,1,1,0,0,0,1,802531,4232,5822958,568
191513,11,4,4020313,K�nigin-Elisabeth-Stra�e,2019,1,17,3,2,5,2,1,0,1,0,0,0,0,1,790476,561,5826697,938
191514,11,5,5010206,G�tersloher Weg,2019,1,17,3,3,6,2,2,0,1,1,0,0,0,1,782373,36,5830489,313
191515,11,1,1011204,Leipziger Stra�e,2019,1,18,3,3,6,7,1,0,1,1,0,0,0,1,798164,7088,5826606,661
191516,11,4,4030931,Breitscheidplatz,2019,1,18,3,3,6,7,1,0,1,1,0,0,0,1,793854,4224,5826060,167
191517,11,5,5030730,Zitadellenweg,2019,1,19,3,3,4,1,2,0,1,0,0,0,0,1,787170,49,5830666,338
191518,11,1,1011201,Wilhelmstra�e,2019,1,22,3,3,6,2,2,0,1,1,0,0,0,1,797473,8222,5826792,13
191519,11,8,8010303,Donaustra�e,2019,1,23,3,3,6,4,2,0,1,1,0,0,0,1,801439,1012,5823873,119
191520,11,9,9020701,Adlershof West,2019,1,23,3,3,5,2,2,1,1,0,0,0,0,1,808983,6231,5818110,329
191521,11,1,1022104,Emdener Stra�e,2019,1,22,2,3,0,7,2,0,1,0,0,0,0,0,794536,333,5829324,303
191522,11,1,1011101,St�lerstra�e,2019,1,21,2,3,5,2,2,1,1,0,0,0,0,0,795230,5272,5826625,853
191523,11,4,4030726,Droysenstra�e,2019,1,17,2,3,6,7,2,0,1,1,0,0,0,0,792105,1841,5825292,444
191524,11,8,8041036,Zittauer Stra�e,2019,1,6,2,3,5,3,2,0,1,0,0,0,0,1,804454,467,5816943,144
191525,11,12,12301203,Wittenau S�d,2019,1,7,2,3,5,3,0,0,1,0,0,0,1,1,793557,9707,5834252,136
191526,11,7,7060603,Marienfelde Nordost,2019,1,8,2,3,6,4,0,0,0,1,0,1,0,1,798054,2003,5815809,427
191527,11,1,1011102,Gro�er Tiergarten,2019,1,9,2,3,6,4,0,1,0,1,0,0,0,1,795324,8911,5827382,69
191528,11,7,7070701,Kettinger Stra�e/Schillerstra�e,2019,1,9,2,2,5,2,0,0,1,0,0,0,1,0,799260,9218,5816265,352
191529,11,6,6020305,Gemeindepark Lankwitz,2019,1,18,2,2,6,2,2,0,1,1,0,0,0,0,795445,1059,5817851,368
191530,11,4,4051448,Schaperstra�e,2019,1,17,2,3,2,6,2,0,1,0,0,0,0,1,794262,4496,5825421,594
191531,11,7,7050501,Rathausstra�e,2019,1,17,2,3,5,3,2,0,1,0,0,0,0,0,797674,4822,5819325,588
191532,11,3,3061228,Erich-Weinert-Stra�e,2019,1,17,2,3,6,4,2,0,1,1,0,0,0,1,800697,8222,5830705,169
191533,11,1,1011303,Alexanderplatzviertel,2019,1,20,2,3,6,7,2,0,1,1,0,0,0,0,798766,2158,5828142,297
191534,11,8,8010404,Rixdorf,2019,1,17,2,3,6,4,2,0,1,1,0,0,0,1,802285,148,5822856,855
191535,11,7,7040403,Manteuffelstra�e,2019,1,16,2,3,6,4,2,0,1,1,0,0,0,1,797337,5443,5822179,208
191536,11,4,4030417,Schlo�stra�e,2019,1,16,7,2,5,2,1,0,1,0,0,0,0,0,790850,872,5826736,8
191537,11,9,9051901,Dammvorstadt,2019,1,16,2,3,6,4,0,0,1,1,0,0,0,2,810989,1167,5821740,289
191538,11,9,9020702,Adlershof Ost,2019,1,16,2,3,5,3,0,0,1,0,0,0,0,1,809456,8241,5819065,71
191539,11,7,7050501,Rathausstra�e,2019,1,16,2,2,6,4,2,0,1,1,0,0,0,0,797789,5446,5819621,721
191540,11,10,10010310,Alt-Marzahn,2019,1,14,2,3,5,3,0,0,1,0,0,0,0,1,807809,787,5830769,897
191541,11,4,4020209,Eichkamp,2019,1,15,2,3,6,4,0,0,1,1,0,0,0,0,788914,7251,5825680,754
191542,11,3,3010102,Buch,2019,1,14,2,3,5,2,0,0,1,0,0,0,0,1,804491,1935,5840931,584
191543,11,2,2030302,Lausitzer Platz,2019,1,13,2,3,0,6,0,0,1,0,1,0,0,1,800510,2838,5826667,649
191544,11,5,5010313,Ackerstra�e,2019,1,13,2,3,5,2,0,0,1,0,0,0,0,0,784666,894,5829708,815
191545,11,1,1011303,Alexanderplatzviertel,2019,1,14,7,2,0,3,0,0,1,0,0,0,1,0,799106,4409,5828313,416
191546,11,8,8010212,Rollberg,2019,1,13,2,2,5,3,0,0,1,0,1,0,0,0,800976,1624,5823490,13
191547,11,7,7070703,John-Locke-Stra�e,2019,1,11,2,3,5,2,0,1,1,0,0,0,0,0,800015,293,5813266,699
191548,11,6,6020305,Gemeindepark Lankwitz,2019,1,13,7,3,2,1,0,0,1,0,0,0,0,0,796059,153,5817549,51
191549,11,7,7030303,Grazer Platz,2019,1,11,2,3,5,2,0,0,1,0,0,0,1,0,796045,367,5822852,9
191550,11,5,5020626,Adamstra�e,2019,1,7,2,3,0,5,1,0,1,0,0,0,0,0,785042,6185,5826926,918
191551,11,3,3050925,Komponistenviertel Wei�ensee,2019,1,10,2,3,6,4,0,0,1,1,0,0,0,1,801852,906,5831378,2
191552,11,12,12302212,Rollbergesiedlung,2019,1,15,1,3,5,3,1,0,1,0,0,0,0,1,793277,5662,5837726,72
191553,11,1,1011304,Karl-Marx-Allee,2019,1,22,1,3,5,3,2,1,0,0,0,0,1,1,800068,1604,5828502,746
191554,11,11,11030721,R�digerstra�e,2019,1,20,1,2,5,2,2,0,1,0,0,0,0,1,804274,172,5827878,344
191555,11,3,3040512,Wilhelmsruh,2019,1,19,1,3,5,3,2,0,1,0,0,0,1,1,796952,65,5835829,143
191556,11,8,8010404,Rixdorf,2019,1,18,1,2,6,4,2,0,1,1,0,0,1,1,802574,2173,5823086,924
191557,11,4,4030726,Droysenstra�e,2019,1,17,1,3,6,2,2,0,1,1,0,0,0,1,792080,158,5825769,76
191558,11,10,10020622,Kaulsdorf Nord I,2019,1,17,1,3,2,6,2,0,1,0,0,0,0,1,811156,8082,5829124,849
191559,11,12,12301203,Wittenau S�d,2019,1,16,1,2,6,2,2,0,1,1,0,0,0,1,793415,8828,5836085,951
191560,11,5,5010206,G�tersloher Weg,2019,1,13,1,3,2,6,0,0,1,0,0,0,0,1,781430,3467,5830724,599
191561,11,1,1011105,N�rdlicher Landwehrkanal,2019,1,14,1,3,5,5,0,1,1,0,0,0,0,1,796243,2881,5826760,144
191562,11,2,2020204,Urbanstra�e,2019,1,3,1,3,5,3,2,0,1,0,0,0,0,1,798837,5909,5825094,27
191563,11,8,8041035,Blumenviertel,2019,1,3,1,3,5,7,2,0,1,0,0,0,0,1,804289,8204,5819652,456
191564,11,6,6030608,Schweizer Viertel,2019,1,7,1,3,6,2,2,0,1,1,0,0,0,1,792248,3862,5816671,749
191565,11,1,1044202,Sparrplatz,2019,1,7,1,3,2,2,2,0,1,0,0,0,0,1,795531,9497,5830740,695
191566,11,5,5010339,Freiheit,2019,1,11,1,2,1,1,0,0,1,0,1,0,0,1,788076,131,5827871,12
191567,11,11,11051330,Karlshorst West,2019,1,12,1,3,5,3,0,0,1,0,0,0,0,1,807046,8155,5824594,465
191568,11,4,4051445,Eisenzahnstra�e,2019,1,1,1,3,5,3,2,0,1,0,0,0,1,1,792441,4297,5824096,203
191569,11,9,9020601,Schnellerstra�e,2019,1,9,7,3,6,2,0,0,1,1,0,0,0,0,808240,5952,5821081,937
191570,11,7,7010102,Nollendorfplatz,2019,1,11,7,3,2,2,0,0,1,0,0,0,0,1,795306,5277,5825551,79
191571,11,8,8020727,Buckow Mitte,2019,1,17,7,3,6,2,1,0,1,1,0,0,0,1,800319,2188,5816736,487
191572,11,7,7040405,Rathaus Tempelhof,2019,1,18,7,3,5,3,2,0,1,0,0,0,0,1,799074,228,5821704,817
191573,11,10,10020415,Hellersdorfer Promenade,2019,1,18,7,3,6,2,2,0,1,1,0,0,0,1,812099,447,5831798,697
191574,11,7,7010102,Nollendorfplatz,2019,1,18,7,3,6,2,2,0,1,1,0,0,0,1,794966,4723,5825194,707
191575,11,7,7060604,Marienfelde S�d,2019,1,17,7,3,3,5,2,0,1,0,0,0,0,1,796527,702,5815892,518
191576,11,4,4030828,Savignyplatz,2019,1,17,7,3,6,2,2,0,1,1,0,0,0,1,792983,7677,5826636,328
191577,11,7,7010102,Nollendorfplatz,2019,1,17,7,3,6,2,2,0,1,1,0,0,0,1,794966,3871,5825195,724
191578,11,5,5020625,Borkumer Stra�e,2019,1,16,7,3,2,6,1,0,1,0,0,0,0,1,784726,292,5828632,438
191579,11,1,1033102,Gesundbrunnen,2019,1,15,7,3,2,6,1,0,1,0,0,0,0,1,797302,8998,5831244,532
191580,11,1,1011204,Leipziger Stra�e,2019,1,14,7,3,5,3,0,0,1,0,0,0,0,1,798001,4567,5826778,894
191581,11,3,3020209,Niedersch�nhausen,2019,1,11,7,3,5,3,0,0,1,0,0,0,0,1,797901,383,5835185,579
191582,11,5,5020625,Borkumer Stra�e,2019,1,11,7,3,2,6,0,0,1,0,0,0,1,1,784734,9976,5828656,163
191583,11,8,8030829,Gropiusstadt Nord,2019,1,20,7,3,6,4,2,0,1,1,0,0,0,1,803574,5505,5818136,258
191584,11,1,3040614,Pankow Zentrum,2019,1,21,7,3,2,1,2,0,1,0,0,0,0,1,797724,3322,5832903,587
191585,11,11,11051331,Karlshorst Nord,2019,1,23,7,3,6,4,2,0,1,1,0,0,0,1,807263,989,5824386,6
191586,11,1,1022106,Elberfelder Stra�e,2019,1,23,7,2,0,4,2,0,0,1,1,0,0,1,794464,5645,5828354,323
191587,11,9,9041501,Altstadt Kietz,2019,1,13,6,3,0,3,0,0,1,0,0,0,1,0,810928,5242,5820527,379
191588,11,10,10010310,Alt-Marzahn,2019,1,19,7,3,6,2,2,0,1,1,0,0,0,1,809905,2792,5831566,66
191589,11,1,1011304,Karl-Marx-Allee,2019,1,19,7,3,8,1,2,0,0,0,1,0,0,1,799615,2022,5827979,332
191590,11,11,11020412,Hauptstra�e,2019,1,17,7,2,0,7,2,1,0,0,0,0,0,1,805706,5098,5831402,229
191591,11,4,4041135,Hundekehle,2019,1,13,7,3,0,1,0,0,0,0,1,0,0,1,789590,9193,5823347,622
191592,11,6,6030504,Teltower Damm,2019,1,18,7,1,6,4,2,0,1,1,0,0,1,1,790202,2648,5815162,657
191593,11,6,6010210,Bismarckstra�e,2019,1,17,6,3,0,7,1,0,1,0,1,0,0,1,795304,401,5821047,76
191594,11,5,5020626,Adamstra�e,2019,1,18,6,3,5,5,2,0,1,0,1,0,0,1,784729,2454,5827543,382
191595,11,6,6020305,Gemeindepark Lankwitz,2019,1,17,6,3,0,4,1,0,1,1,0,0,0,1,795882,4067,5818137,794
191596,11,2,2040503,Richard-Sorge-Viertel,2019,1,15,6,3,4,6,0,1,1,0,0,0,0,1,801693,1633,5828103,348
191597,11,4,4030623,Ernst-Reuter-Platz,2019,1,20,6,2,5,3,2,0,1,0,0,0,0,1,793163,2016,5826876,659
191598,11,3,3061228,Erich-Weinert-Stra�e,2019,1,18,7,3,0,1,2,0,0,0,1,0,0,1,800956,7113,5831213,876
191599,11,8,8010301,Reuterkiez,2019,1,19,6,3,5,3,2,0,1,0,0,0,0,1,800383,5801,5825121,49
191600,11,2,2010102,Mehringplatz,2019,1,19,6,3,1,5,2,1,1,0,0,0,0,1,797766,2989,5826438,753
191601,11,4,4041241,Breite Stra�e,2019,1,17,6,2,6,2,2,0,1,1,0,0,0,1,791346,915,5822564,977
191602,11,4,4030726,Droysenstra�e,2019,1,17,6,3,6,2,2,0,0,1,0,0,1,1,792308,9605,5825393,399
191603,11,10,10040830,Kaulsdorf S�d,2019,1,16,6,3,6,2,2,0,1,1,0,0,0,1,810854,7891,5826866,363
191604,11,1,1011202,Unter den Linden Nord,2019,1,15,6,3,5,3,1,1,1,0,0,0,0,1,797575,2575,5827894,408
191605,11,12,12214527,Alt-Tegel,2019,1,15,6,3,2,6,0,0,1,0,0,0,0,1,790284,286,5835028,977
191606,11,2,2050801,Traveplatz,2019,1,14,6,2,6,4,0,1,0,1,0,0,0,1,802839,6722,5827471,654
191607,11,4,4030929,Hindemithplatz,2019,1,14,6,3,5,2,0,1,1,0,0,0,0,1,792711,523,5825638,208
191608,11,9,9020701,Adlershof West,2019,1,14,6,3,5,3,0,0,1,0,0,0,0,1,808108,496,5818398,273
191609,11,12,12304314,Ziekowstra�e/Freie Scholle,2019,1,9,1,3,1,5,0,0,1,0,0,0,1,0,791414,8893,5836569,727
191610,11,2,2010103,Moritzplatz,2019,1,14,6,3,5,7,0,1,1,0,0,0,0,1,799153,635,5825784,31
191611,11,11,11051331,Karlshorst Nord,2019,1,2,7,2,5,3,2,0,1,0,0,0,1,0,807317,217,5824793,6
191612,11,4,4020311,Reichsstra�e,2019,1,13,6,3,6,3,0,0,1,1,0,0,0,1,789003,2436,5826972,467
191613,11,11,11041128,Sewanstra�e,2019,1,13,6,3,5,3,0,1,1,0,0,0,0,1,807117,8505,5825776,979
191614,11,7,7020202,Volkspark (Rudolf-Wilde-Park),2019,1,11,6,3,6,4,0,0,1,1,0,0,0,1,794839,4189,5823915,242
191615,11,5,5010312,Kurstra�e,2019,1,13,1,3,5,2,0,0,1,0,0,0,0,0,785189,9079,5829737,93
191616,11,7,7010104,Dennewitzplatz,2019,1,11,6,3,5,3,0,0,1,0,0,0,0,1,796348,2579,5825091,478
191617,11,7,7040403,Manteuffelstra�e,2019,1,10,6,3,5,2,0,0,1,0,0,0,0,1,797323,2969,5821758,328
191618,11,11,11041128,Sewanstra�e,2019,1,13,7,3,2,6,0,0,1,0,0,0,0,1,806048,287,5826582,78
191619,11,7,7010104,Dennewitzplatz,2019,1,10,6,3,5,3,0,1,1,0,0,0,0,1,796115,2642,5824947,367
191620,11,12,12214527,Alt-Tegel,2019,1,10,6,2,5,7,0,0,1,1,0,0,0,1,790033,4183,5835368,874
191621,11,4,4030415,Schlo�garten,2019,1,9,6,3,2,6,0,0,1,0,0,0,0,1,791565,445,5827521,559
191622,11,3,3061430,Volkspark Prenzlauer Berg,2019,1,8,6,3,0,7,0,1,0,0,0,0,0,1,802580,26,5829428,165
191623,11,10,10040933,Mahlsdorf S�d,2019,1,8,6,3,6,4,0,0,1,1,0,0,0,1,812386,4546,5824379,104
191624,11,9,9030901,Dorf Altglienicke,2019,1,8,6,3,1,5,1,0,1,0,0,0,0,1,807957,457,5817331,996
191625,11,2,2030401,Reichenberger Stra�e,2019,1,14,6,2,0,3,0,0,1,0,0,0,1,1,800638,773,5825687,565
191626,11,12,12103220,Humboldtstra�e,2019,1,0,7,3,6,4,2,0,1,1,0,0,0,2,793678,1258,5833318,333
191627,11,9,9051901,Dammvorstadt,2019,1,7,6,3,5,2,2,1,1,0,0,0,0,1,812066,2051,5821345,417
191628,11,9,9041501,Altstadt Kietz,2019,1,13,6,3,2,7,0,0,1,0,0,0,1,1,811386,3529,5820133,239
191629,11,7,7060604,Marienfelde S�d,2019,1,17,5,3,1,7,1,0,1,0,0,0,0,0,796249,6744,5815783,934
191630,11,7,7070703,John-Locke-Stra�e,2019,1,15,5,3,1,5,0,1,1,0,0,0,0,1,798854,1181,5814382,257
191631,11,5,5020626,Adamstra�e,2019,1,9,5,2,4,7,0,0,1,0,0,0,1,0,784753,6279,5826613,356
191632,11,5,5040935,Gro�-Glienicker Weg,2019,1,8,5,3,5,3,0,1,1,0,0,0,0,0,782166,5597,5820304,85
191633,11,8,8010211,Flughafenstra�e,2019,1,8,5,2,0,7,0,0,1,0,0,0,1,1,800748,3652,5823739,16
191634,11,7,7030301,Friedenau,2019,1,7,5,2,6,4,0,0,1,1,0,0,0,1,793475,5396,5822279,375
191635,11,5,5020626,Adamstra�e,2019,1,7,7,3,2,6,1,0,1,0,0,0,0,0,784651,4847,5827814,719
191636,11,11,11010309,Zingster Stra�e West,2019,1,7,5,2,6,4,1,0,1,1,0,0,0,1,805042,6877,5833519,319
191637,11,7,7050505,Hundsteinweg,2019,1,7,5,3,6,2,2,0,1,1,0,0,0,1,798480,383,5819047,379
191638,11,1,1044201,Reinickendorfer Stra�e,2019,1,7,5,2,6,4,2,0,1,1,0,0,0,1,796708,2376,5831916,147
191639,11,1,1011203,Unter den Linden S�d,2019,1,13,7,3,0,7,0,0,1,0,0,0,1,0,797904,2411,5827375,28
191640,11,11,11010207,Wartenberg Nord,2019,1,16,5,2,0,6,2,0,1,0,0,0,1,0,805253,864,5834308,505
191641,11,8,8020620,Tempelhofer Weg,2019,1,19,5,3,5,3,2,0,1,0,0,0,0,0,800877,2852,5820926,169
191642,11,9,9051901,Dammvorstadt,2019,1,15,7,2,6,2,0,0,1,1,0,0,0,0,812045,5,5821382,95
191643,11,11,11030721,R�digerstra�e,2019,1,19,5,3,4,5,2,0,1,0,0,0,0,0,804464,4352,5828170,772
191644,11,2,2050802,Boxhagener Platz,2019,1,13,7,3,5,2,0,1,1,0,0,0,0,0,802616,697,5827005,742
191645,11,7,7070704,Nahariyastra�e,2019,1,10,7,2,5,3,0,0,1,0,0,0,0,0,800194,112,5813681,92
191646,11,3,3030715,Heinersdorf,2019,1,16,5,3,2,6,1,0,1,0,0,0,1,0,801236,4821,5833180,149
191647,11,2,2040703,Wriezener Bahnhof/Entwicklungsgebiet,2019,1,16,5,3,5,3,2,1,1,0,0,0,0,0,801104,6444,5827046,2
191648,11,8,8041040,Waltersdorfer Chaussee Ost,2019,1,14,5,3,1,5,0,0,1,0,0,0,0,0,806821,3765,5816427,28
191649,11,12,12214424,Scharnweberstra�e,2019,1,9,7,3,2,6,0,0,1,0,0,1,0,1,793214,4397,5832428,47
191650,11,4,4030931,Breitscheidplatz,2019,1,14,5,3,1,5,0,1,1,0,0,0,0,1,793661,2877,5825550,702
191651,11,11,11051330,Karlshorst West,2019,1,9,7,3,4,6,0,1,1,0,0,0,1,0,806625,4321,5825212,511
191652,11,1,1044201,Reinickendorfer Stra�e,2019,1,14,5,3,2,6,0,0,1,0,0,0,0,0,796769,1176,5831912,5
191653,11,7,7020202,Volkspark (Rudolf-Wilde-Park),2019,1,14,5,3,6,4,0,1,0,1,0,0,0,0,794891,554,5823273,455
191654,11,12,12301203,Wittenau S�d,2019,1,20,7,2,6,2,2,0,1,1,0,0,0,0,793005,2381,5835697,26
191655,11,8,8010213,K�rnerpark,2019,1,13,5,3,5,3,0,1,1,0,0,0,0,0,801637,5642,5822641,488
191656,11,8,8020622,Parchimer Allee,2019,1,13,5,3,5,3,0,0,1,0,0,0,0,0,802586,5066,5819158,421
191657,11,2,2050602,Samariterviertel,2019,1,12,5,3,1,5,0,1,1,0,0,0,0,0,803465,923,5827756,869
191658,11,12,12103220,Humboldtstra�e,2019,1,12,5,3,2,2,0,0,1,0,0,0,0,0,794132,1566,5833884,179
191659,11,7,7020201,Bayerischer Platz,2019,1,10,5,3,5,2,0,0,1,0,0,0,0,0,794983,1365,5823964,382
191660,11,3,3061227,Humannplatz,2019,1,16,5,3,6,7,2,1,0,1,0,0,0,0,799348,9499,5831412,277
191661,11,12,12214125,Waldidyll/Flughafensee,2019,1,21,6,3,2,6,2,0,1,0,0,0,0,1,791228,8342,5830773,195
191662,11,10,10010310,Alt-Marzahn,2019,1,14,5,2,6,4,0,0,0,1,0,0,1,0,809945,5612,5831630,44
191663,11,10,10040828,Kaulsdorf Nord,2019,1,16,5,2,5,2,1,1,1,0,0,0,0,0,811947,6165,5828938,851
191664,11,12,12214125,Waldidyll/Flughafensee,2019,1,20,6,2,6,2,2,0,1,1,0,0,0,1,791921,23,5831503,672
191665,11,2,2020206,Graefekiez,2019,1,22,5,2,6,4,2,0,1,1,0,0,0,0,800172,8261,5825048,39
191666,11,3,3040818,Pankow S�d,2019,1,20,5,3,5,3,2,1,1,0,0,0,0,0,799730,912,5832503,348
191667,11,8,8020619,Buschkrugallee Nord,2019,1,11,4,3,2,6,0,0,0,0,0,1,1,1,802082,5322,5820666,278
191668,11,6,6010205,S�dende,2019,1,17,4,3,2,6,1,0,1,0,0,0,0,1,795146,6451,5820004,31
191669,11,2,2020204,Urbanstra�e,2019,1,20,4,3,5,3,2,0,1,0,1,0,0,1,798287,67,5824774,714
191670,11,1,1011303,Alexanderplatzviertel,2019,1,20,4,3,2,6,2,0,1,0,0,0,0,1,799286,718,5828484,804
191671,11,6,6020302,Komponistenviertel Lankwitz,2019,1,19,4,3,5,3,2,1,1,0,0,0,0,1,794705,6791,5819228,835