OBJECTID,LAND,BEZ,LOR,STRASSE,UJAHR,UMONAT,USTUNDE,UWOCHENTAG,UKATEGORIE,UART,UTYP1,ULICHTVERH,IstRad,IstPKW,IstFuss,IstKrad,IstGkfz,IstSonstige,USTRZUSTAND,LINREFX,LINREFY,XGCSWGS84,YGCSWGS84
191672,11,4,4030931,Breitscheidplatz,2019,1,10,4,3,1,5,1,1,1,0,0,0,0,1,793529,9145,5825947,164
191673,11,1,1044201,Reinickendorfer Stra�e,2019,1,20,7,3,2,6,2,0,1,0,0,0,0,0,796688,788,5831951,893
191674,11,2,2050801,Traveplatz,2019,1,8,4,3,3,6,0,1,0,0,0,0,1,1,803095,1421,5827081,85
191675,11,6,6030501,Berlepschstra�e,2019,1,16,4,3,5,3,2,1,1,0,0,0,0,1,787540,695,5817030,741
191676,11,5,5010313,Ackerstra�e,2019,1,16,4,3,0,2,1,1,1,0,0,0,0,1,784281,1825,5830372,886
191677,11,2,2040701,Andreasviertel,2019,1,18,4,3,5,3,2,0,1,0,0,0,0,1,800315,8415,5827620,451
191678,11,3,3040818,Pankow S�d,2019,1,10,1,3,5,3,0,0,1,0,0,0,0,0,799651,5112,5832791,198
191679,11,7,7040404,Marienh�he,2019,1,13,4,3,1,5,0,1,1,0,0,0,0,0,797000,8851,5820419,997
191680,11,3,3050925,Komponistenviertel Wei�ensee,2019,1,18,4,3,2,2,2,0,1,0,0,0,0,0,802697,3279,5831786,299
191681,11,11,11030720,Herzbergstra�e,2019,1,18,4,3,2,6,2,0,1,0,0,0,0,0,806140,3217,5830160,435
191682,11,1,1033101,Soldiner Stra�e,2019,1,18,4,3,6,4,2,0,1,1,0,0,0,0,796772,268,5832418,203
191683,11,11,11051330,Karlshorst West,2019,1,7,4,3,2,6,0,0,1,0,0,0,0,2,807106,9992,5824823,515
191684,11,6,6010209,Feuerbachstra�e,2019,1,17,4,2,6,4,0,0,1,1,0,0,0,0,794208,5794,5820908,636
191685,11,3,3071537,Kollwitzplatz,2019,1,18,5,3,2,2,1,0,1,0,0,0,0,0,799691,9182,5829228,377
191686,11,12,12103117,Letteplatz,2019,1,7,4,3,6,4,0,0,1,1,0,0,0,0,796279,2704,5832416,61
191687,11,1,1044202,Sparrplatz,2019,1,6,4,3,5,2,1,1,1,0,0,0,0,0,794896,303,5830252,472
191688,11,4,4051445,Eisenzahnstra�e,2019,1,8,4,3,6,4,0,0,1,1,0,0,0,0,791953,4394,5824759,63
191689,11,4,4051652,Nikolsburger Platz,2019,1,8,4,3,6,4,0,0,1,1,0,0,0,0,793441,9749,5824063,122
191690,11,1,1033101,Soldiner Stra�e,2019,1,8,4,3,1,5,0,1,1,0,0,0,0,0,797139,1508,5833204,106
191691,11,3,3020307,Buchholz,2019,1,9,4,3,6,2,0,0,1,1,0,0,0,0,799261,9896,5837648,843
191692,11,7,7020201,Bayerischer Platz,2019,1,11,4,3,5,2,0,1,1,0,0,0,0,1,794949,9141,5824666,127
191693,11,1,1011303,Alexanderplatzviertel,2019,1,11,4,3,5,2,0,1,1,0,0,0,0,0,799097,1846,5828456,724
191694,11,2,2010103,Moritzplatz,2019,1,11,4,3,0,3,0,0,1,0,0,0,1,0,799301,9056,5826176,602
191695,11,7,7010101,Wittenbergplatz/Viktoria-Luise-Platz,2019,1,15,5,3,5,2,0,1,1,0,0,0,0,0,794523,7207,5825186,401
191696,11,10,10010207,Marzahner Promenade,2019,1,12,4,3,6,4,0,0,1,1,0,0,0,0,808338,209,5831339,162
191697,11,8,8020727,Buckow Mitte,2019,1,12,4,3,6,3,0,0,1,1,0,0,0,0,801520,5707,5817350,688
191698,11,10,10040933,Mahlsdorf S�d,2019,1,17,4,3,6,2,2,0,1,1,0,0,0,0,812573,4091,5825142,229
191699,11,9,9020501,Obersch�neweide West,2019,1,12,4,3,5,7,0,0,1,0,0,0,1,0,805878,3136,5822759,563
191700,11,5,5010206,G�tersloher Weg,2019,1,18,5,3,6,2,2,0,0,1,0,0,1,0,782360,7527,5830508,488
191701,11,1,1044203,Leopoldplatz,2019,1,17,4,3,6,4,2,1,0,1,0,0,0,1,795432,5831608,641,13
191702,11,12,12103219,Sch�fersee,2019,1,15,4,3,2,6,0,0,1,0,0,0,0,0,795684,1318,5832532,916
191703,11,3,3071537,Kollwitzplatz,2019,1,8,4,3,5,3,0,0,1,0,1,0,0,0,799731,6201,5829841,19
191704,11,2,2030302,Lausitzer Platz,2019,1,19,3,2,6,4,2,0,1,1,0,0,0,0,800970,496,5826064,15
191705,11,9,9051801,Rahnsdorf/Hessenwinkel,2019,1,17,3,3,4,3,2,0,1,0,0,0,0,0,822259,9527,5819254,117
191706,11,1,1022104,Emdener Stra�e,2019,2,11,6,1,6,2,0,0,0,1,0,0,1,1,794560,497,5828452,45
191707,11,5,5010208,Germersheimer Platz,2019,1,18,3,3,2,6,2,0,1,0,0,0,0,1,783929,4016,5830120,882
191708,11,8,8010118,Silbersteinstra�e,2019,1,18,3,3,2,6,2,0,1,0,0,0,0,0,801069,3678,5821999,639
191709,11,11,11030721,R�digerstra�e,2019,1,16,3,2,6,4,0,0,1,1,0,0,0,1,805210,3,5828461,209
191710,11,1,1022106,Elberfelder Stra�e,2019,1,16,4,3,6,4,0,1,0,1,0,0,0,0,794085,4422,5827801,167
191711,11,8,8030829,Gropiusstadt Nord,2019,1,17,3,3,3,6,2,0,1,0,0,0,0,1,803201,1522,5818388,652
191712,11,6,6010102,Schlo�stra�e,2019,1,16,3,2,6,4,1,0,1,1,0,0,0,0,793576,1191,5820618,691
191713,11,2,2050801,Traveplatz,2019,1,16,3,3,1,5,2,1,1,0,0,0,0,0,802725,2306,5827436,214
191714,11,1,1011305,Heine-Viertel West,2019,1,16,3,3,2,6,2,1,1,0,0,0,0,0,799111,41,5827120,157
191715,11,1,1033203,Humboldthain Nordwest,2019,1,16,3,3,5,2,2,0,1,0,0,0,0,1,796853,113,5830641,18
191716,11,6,6030610,Lichterfelde West,2019,1,16,3,2,6,4,0,0,1,1,0,0,0,0,791389,3313,5817837,91
191717,11,1,1011204,Leipziger Stra�e,2019,1,16,3,3,5,3,1,1,1,0,0,0,0,1,797876,2892,5826766,369
191718,11,7,7040403,Manteuffelstra�e,2019,1,9,5,3,5,3,0,0,1,0,0,0,0,1,797649,579,5822184,11
191719,11,2,2010102,Mehringplatz,2019,1,16,3,3,6,4,0,0,1,1,0,0,0,1,798200,3969,5826387,35
191720,11,6,6020303,Lankwitz Kirche,2019,1,15,3,3,5,7,0,0,1,0,0,0,0,1,795306,7108,5818397,412
191721,11,4,4051655,Babelsberger Stra�e,2019,1,18,4,3,2,2,2,0,1,0,0,0,0,0,793999,4002,5823931,394
191722,11,1,1022104,Emdener Stra�e,2019,1,7,3,3,0,5,0,1,0,0,0,0,0,2,794020,5141,5829170,534
191723,11,11,11020514,Gro�e-Leege-Stra�e,2019,1,20,3,2,0,1,2,1,0,0,0,0,0,1,804649,9764,5831115,506
191724,11,1,1044203,Leopoldplatz,2019,1,15,3,3,5,3,1,1,1,0,0,0,0,0,796360,8606,5831925,964
191725,11,4,4020310,Park Ruhwald,2019,1,14,3,3,2,6,0,0,1,0,0,0,0,0,788927,8765,5827612,146
191726,11,12,12304314,Ziekowstra�e/Freie Scholle,2019,1,13,3,3,2,6,0,0,1,0,0,0,0,0,790623,6358,5835957,565
191727,11,5,5030731,Gartenfelder Stra�e,2019,1,13,3,3,6,4,0,0,1,1,0,0,0,0,788027,3196,5829548,271
191728,11,12,12214125,Waldidyll/Flughafensee,2019,1,6,5,3,3,6,2,0,1,0,0,0,1,0,791992,408,5831674,405
191729,11,4,4030620,Alt-Lietzow,2019,1,13,3,3,0,3,0,0,1,0,1,0,0,0,792153,9557,5827387,865
191730,11,2,2010102,Mehringplatz,2019,1,22,3,3,5,7,2,0,1,0,0,0,0,0,798359,8346,5826535,376
191731,11,6,6030610,Lichterfelde West,2019,1,22,3,3,5,2,2,0,1,0,0,0,0,0,792945,1219,5817751,317
191732,11,12,12231101,Hermsdorf,2019,1,11,5,3,6,2,0,0,0,1,0,1,0,0,791318,374,5838660,837
191733,11,4,4051652,Nikolsburger Platz,2019,1,10,3,3,2,6,0,1,1,0,0,0,0,1,793454,9108,5824440,13
191734,11,1,1044101,Rehberge,2019,1,8,3,3,1,5,0,1,0,0,0,1,0,1,794626,9052,5831293,958
191735,11,1,1011304,Karl-Marx-Allee,2019,1,8,3,3,5,2,0,1,0,0,0,0,1,1,799708,2841,5827840,626
191736,11,8,8030830,Gropiusstadt S�d,2019,1,13,4,3,5,3,0,1,1,0,0,0,0,0,803060,7012,5817397,383
191737,11,8,8010404,Rixdorf,2019,1,7,3,3,6,2,0,0,1,1,0,0,0,1,801998,398,5823295,202
191738,11,10,10010311,Landsberger Tor,2019,1,6,3,2,6,4,1,0,1,1,0,0,0,1,810287,3849,5830965,121
191739,11,11,11010310,M�hlengrund,2019,1,2,3,3,6,4,2,0,1,1,0,0,0,1,805401,1869,5833282,53
191740,11,1,1011306,Heine-Viertel Ost,2019,1,9,3,3,1,5,0,1,1,0,0,0,0,0,800407,3245,5826730,983
191741,11,4,4030623,Ernst-Reuter-Platz,2019,1,21,2,3,5,3,2,0,1,0,0,0,0,0,793162,5557,5826882,531
191742,11,7,7030303,Grazer Platz,2019,1,11,2,3,5,2,0,1,1,0,0,0,0,1,795039,8005,5821908,712
191743,11,6,6030606,Hindenburgdamm,2019,1,18,5,3,1,5,2,1,1,0,0,0,0,0,793681,6252,5819252,35
191744,11,5,5030832,Rohrdamm,2019,1,20,2,3,6,7,2,0,1,1,0,0,0,1,789558,6758,5829288,497
191745,11,3,3010102,Buch,2019,1,17,2,3,2,6,1,1,0,0,0,0,1,1,804167,6073,5841063,768
191746,11,10,10040931,Mahlsdorf Nord,2019,1,20,2,2,5,3,2,0,1,0,0,0,0,1,812995,2375,5828482,536
191747,11,8,8010301,Reuterkiez,2019,1,18,2,2,6,2,2,0,1,1,0,0,0,1,800583,1994,5824578,711
191748,11,7,8020726,Buckow West,2019,1,17,2,3,6,2,2,0,1,1,0,0,0,1,799350,898,5816114,549
191749,11,6,6010209,Feuerbachstra�e,2019,1,17,2,2,6,4,2,0,1,1,0,0,0,1,794230,5542,5820895,585
191750,11,6,6030610,Lichterfelde West,2019,1,17,2,3,2,2,2,0,1,0,0,0,0,1,792396,1322,5817836,175
191751,11,7,7050502,Fritz-Werner-Stra�e,2019,1,16,2,2,5,3,1,0,1,0,1,0,0,1,798112,1228,5818348,383
191752,11,7,7010104,Dennewitzplatz,2019,1,8,2,3,0,1,0,1,0,0,0,0,0,2,796247,3589,5824305,958
191753,11,8,8020625,Handwerker-Siedlung,2019,1,15,2,3,5,3,1,1,1,0,0,0,0,1,802499,736,5818946,992
191754,11,4,4010102,Pl�tzensee,2019,1,8,2,3,2,6,0,0,1,0,0,0,0,1,792731,345,5829907,454
191755,11,5,5010101,Hakenfelde Nord,2019,1,15,2,2,5,3,0,0,1,0,0,0,0,1,785832,101,5831732,778
191756,11,8,8041035,Blumenviertel,2019,1,16,5,3,5,3,1,1,1,0,0,0,0,0,803891,3852,5818944,957
191757,11,6,6040805,Fischerh�ttenstra�e,2019,1,9,2,3,1,1,0,0,1,0,0,0,1,2,788970,5299,5818166,909
191758,11,10,10020412,Alte Hellersdorfer Stra�e,2019,1,20,2,3,5,3,2,0,1,0,0,0,0,1,811348,1431,5831843,897
191759,11,6,6020303,Lankwitz Kirche,2019,1,15,2,3,5,2,0,0,1,0,1,0,0,0,795365,259,5818449,578
191760,11,9,9020502,Obersch�neweide Ost,2019,1,13,2,3,5,3,0,1,1,0,0,0,0,1,807850,2902,5822047,757
191761,11,6,6040804,Krumme Lanke,2019,1,8,2,3,0,1,0,1,0,0,0,0,0,2,787870,421,5818935,637
191762,11,8,8041037,Alt-Rudow,2019,1,8,5,3,3,6,0,0,1,0,0,1,0,0,805566,5859,5818578,88
191763,11,1,1033203,Humboldthain Nordwest,2019,1,13,2,3,2,6,0,0,1,0,0,0,1,0,796273,9241,5830397,298
191764,11,4,4020314,Messegel�nde,2019,1,8,2,3,0,1,0,1,0,0,0,0,0,2,790428,262,5825937,222
191765,11,4,4030415,Schlo�garten,2019,1,6,2,2,6,2,2,0,1,1,0,0,0,1,791410,9962,5827471,696
191766,11,6,6020302,Komponistenviertel Lankwitz,2019,2,13,6,3,2,6,0,0,1,0,0,0,0,0,794593,9593,5819172,286
191767,11,9,9020702,Adlershof Ost,2019,1,6,2,2,6,2,2,0,1,1,0,0,0,1,809496,4126,5819862,729
191768,11,1,1044103,Westliche M�llerstra�e,2019,1,19,2,3,6,2,2,0,1,1,0,0,0,0,794512,4543,5830640,418
191769,11,10,10040933,Mahlsdorf S�d,2019,1,13,2,3,5,2,0,0,1,0,0,0,0,0,813544,7329,5827163,202
191770,11,4,4051549,Rathaus Wilmersdorf,2019,1,9,4,3,5,2,0,0,1,0,0,0,0,0,793315,58,5823784,523
191771,11,5,5030833,Motardstra�e,2019,1,6,2,2,5,3,2,1,1,0,0,0,0,1,788058,1165,5829192,6
191772,11,10,10010309,Springpfuhl,2019,1,19,2,2,6,4,2,0,1,1,0,0,0,1,807802,9504,5830173,309
191773,11,10,10030727,Biesdorf S�d,2019,1,12,2,2,5,2,0,0,1,0,1,0,0,0,809936,3571,5827047,623
191774,11,8,8010510,Gewerbegebiet K�llnische Heide,2019,1,5,2,3,5,7,2,1,0,0,0,0,1,1,803907,9468,5821675,564
191775,11,4,4030725,Amtsgerichtsplatz,2019,1,19,2,3,5,3,2,0,1,0,0,0,0,1,791647,4627,5826418,884
191776,11,4,4010101,Jungfernheide,2019,1,9,5,3,0,2,0,1,1,0,0,0,0,1,791251,1288,5829731,136
191777,11,1,1044101,Rehberge,2019,1,5,2,3,6,2,2,0,1,1,0,0,0,1,794528,8839,5831557,72
191778,11,12,12103218,Teichstra�e,2019,1,19,2,3,6,2,2,0,1,1,0,0,0,1,794862,4614,5833050,134
191779,11,4,4030929,Hindemithplatz,2019,1,14,4,3,5,7,0,0,1,0,0,0,1,1,792431,728,5825396,85
191780,11,1,1044101,Rehberge,2019,1,10,2,3,1,5,0,0,1,0,0,0,0,1,793875,1106,5831584,432
191781,11,11,11040925,Victoriastadt,2019,1,18,2,3,2,2,2,0,1,0,0,0,0,1,803409,1863,5826631,554
191782,11,3,3040818,Pankow S�d,2019,1,10,2,3,5,3,0,1,1,0,0,0,0,1,799663,4472,5832816,884
191783,11,8,8010211,Flughafenstra�e,2019,1,22,4,3,5,7,2,0,1,0,0,0,1,0,800353,349,5824231,437
191784,11,6,6030504,Teltower Damm,2019,1,10,2,3,0,3,0,1,1,0,0,0,0,2,788959,44,5816405,45
191785,11,6,6010206,Stadtpark,2019,1,18,2,2,6,2,2,0,1,1,0,0,0,1,794889,244,5819743,808
191786,11,5,5030832,Rohrdamm,2019,1,9,2,3,0,5,0,1,1,0,0,0,0,2,789373,9781,5829812,607
191787,11,7,7050501,Rathausstra�e,2019,1,9,2,3,2,2,0,0,1,0,0,0,0,1,798004,1553,5819645,909
191788,11,1,1033202,Humboldthain S�d,2019,1,18,2,2,5,3,2,1,1,0,0,0,0,1,797249,6021,5829764,836
191789,11,12,12231102,Frohnau,2019,1,8,2,3,0,1,0,1,0,0,0,0,0,2,790207,5414,5839954,308
191790,11,7,7030301,Friedenau,2019,1,13,5,3,1,5,0,1,1,0,0,0,0,0,794218,2167,5822611,839
191791,11,9,9051801,Rahnsdorf/Hessenwinkel,2019,1,9,2,2,0,1,0,1,0,0,0,0,0,2,821559,4225,5819114,733
191792,11,4,4030726,Droysenstra�e,2019,1,11,2,3,6,2,0,0,0,1,0,0,1,0,791966,908,5825240,11
191793,11,1,1022203,L�becker Stra�e,2019,1,2,1,3,1,7,2,0,1,0,0,0,0,1,795287,2543,5828524,422
191794,11,1,1011302,Oranienburger Stra�e,2019,1,11,1,3,6,7,0,0,1,1,0,0,0,1,798238,4672,5828757,908
191795,11,5,5010101,Hakenfelde Nord,2019,1,19,1,3,6,2,2,0,1,1,0,0,0,1,785231,4157,5831827,237
191796,11,5,5030730,Zitadellenweg,2019,1,19,1,3,2,6,2,0,1,0,0,0,0,1,786362,486,5829159,866
191797,11,5,5010314,Carl-Schurz-Stra�e,2019,1,20,1,3,6,4,2,0,1,1,0,0,0,0,783947,8378,5829087,194
191798,11,8,8010212,Rollberg,2019,1,11,1,3,5,3,0,0,1,0,0,0,0,1,801236,4954,5823388,131
191799,11,4,4030726,Droysenstra�e,2019,1,8,1,2,1,1,0,0,1,0,0,0,0,1,792071,3117,5825297,793
191800,11,1,1044201,Reinickendorfer Stra�e,2019,1,4,1,3,5,3,2,0,1,0,0,0,1,0,796673,257,5831931,257
191801,11,8,8010301,Reuterkiez,2019,1,18,1,3,2,6,2,0,1,0,0,0,0,1,801571,2875,5824050,32
191802,11,4,4030620,Alt-Lietzow,2019,1,18,1,2,6,2,2,0,1,1,0,0,0,1,792174,5388,5827292,993
191803,11,3,3020307,Buchholz,2019,1,5,5,3,0,6,2,0,1,0,0,0,1,1,800514,9701,5836163,614
191804,11,1,1011102,Gro�er Tiergarten,2019,1,18,1,3,2,6,2,0,1,0,0,0,0,1,794993,2272,5827254,821
191805,11,7,7050505,Hundsteinweg,2019,1,18,1,2,6,4,2,0,1,1,0,0,0,1,798886,1499,5819088,283
191806,11,5,5010103,Amorbacher Weg,2019,1,17,1,3,5,3,2,0,1,0,0,0,0,1,785102,5357,5831666,932
191807,11,6,6030504,Teltower Damm,2019,1,16,1,3,5,2,2,1,1,0,0,0,0,1,790624,575,5815222,265
191808,11,6,6030608,Schweizer Viertel,2019,1,15,1,3,4,6,0,1,1,0,0,0,0,1,791301,7079,5817703,782
191809,11,12,12214528,Tegeler Forst,2019,1,21,7,3,4,6,2,0,1,0,0,0,0,1,789937,9016,5836472,864
191810,11,4,4051446,Preu�enpark,2019,1,22,7,2,6,4,2,0,1,1,0,0,0,1,792404,381,5825018,279
191811,11,7,7070701,Kettinger Stra�e/Schillerstra�e,2019,1,14,7,2,0,7,0,0,1,0,0,0,0,1,799159,8603,5814216,478
191812,11,11,11010310,M�hlengrund,2019,1,13,7,3,6,4,0,0,0,1,0,0,1,2,805353,7185,5833248,849
191813,11,1,1011305,Heine-Viertel West,2019,1,15,5,3,5,7,0,1,0,0,0,0,1,0,799069,859,5827094,875
191814,11,12,12103117,Letteplatz,2019,1,13,7,3,5,3,0,0,1,0,0,0,0,1,796271,9056,5832762,798
191815,11,8,8020727,Buckow Mitte,2019,1,12,7,3,6,4,0,0,1,1,0,0,0,1,801604,629,5817441,516
191816,11,9,9010202,K�penicker Landstra�e,2019,1,11,7,2,4,6,0,0,1,0,0,0,0,1,803784,9913,5823282,44
191817,11,1,1011302,Oranienburger Stra�e,2019,1,19,5,3,1,5,2,1,1,0,0,0,0,0,798948,102,5828428,245
191818,11,3,3040818,Pankow S�d,2019,1,11,7,3,5,3,0,0,1,0,0,0,0,1,799726,171,5832496,9
191819,11,7,7050503,Eisenacher Stra�e,2019,1,10,7,2,1,5,0,0,1,0,0,0,0,1,799320,5318,5820527,98
191820,11,1,1044201,Reinickendorfer Stra�e,2019,1,8,7,3,2,6,0,0,1,0,0,0,0,1,796651,1043,5831920,225
191821,11,5,5010208,Germersheimer Platz,2019,1,22,7,3,6,7,2,0,1,1,0,0,0,1,783704,8897,5830202,999
191822,11,2,2040703,Wriezener Bahnhof/Entwicklungsgebiet,2019,1,21,7,3,5,7,2,0,1,0,0,0,0,1,801349,7813,5826458,746
191823,11,4,4030726,Droysenstra�e,2019,1,20,7,3,6,7,2,0,1,1,0,0,0,1,792137,4005,5825322,157
191824,11,8,8010117,Schillerpromenade,2019,2,22,6,3,4,5,2,1,0,0,0,0,1,0,800631,815,5823089,626
191825,11,6,6040810,Dahlem,2019,1,20,7,3,6,2,2,0,1,1,0,0,0,1,790178,1242,5819768,77
191826,11,4,4031032,Halensee,2019,1,17,7,3,0,3,1,1,1,0,0,0,0,1,791056,5208,5824827,522
191827,11,3,3010104,Lietzengraben,2019,1,4,7,3,9,1,2,0,1,0,0,0,0,2,800858,8465,5838764,336
191828,11,2,2020202,Rathaus Yorckstra�e,2019,1,12,4,3,5,3,0,1,1,0,0,0,0,0,797550,2237,5825154,341
191829,11,9,9010402,Johannisthal Ost,2019,1,18,7,3,6,2,2,0,1,1,0,0,0,1,805884,2688,5818982,364
191830,11,3,3040614,Pankow Zentrum,2019,1,17,7,3,5,3,1,0,1,0,0,0,0,1,799867,1621,5834294,351
191831,11,1,1011204,Leipziger Stra�e,2019,1,17,7,3,5,2,1,0,1,0,0,0,0,1,797854,8529,5826860,54
191832,11,7,7040403,Manteuffelstra�e,2019,1,17,7,2,5,3,1,1,1,0,0,0,0,1,797090,8214,5822167,274
191833,11,6,6020304,Kaiser-Wilhelm-Stra�e,2019,1,0,7,3,1,5,2,0,0,0,1,1,0,1,794629,2608,5818129,887
191834,11,4,4030931,Breitscheidplatz,2019,1,12,5,3,5,3,0,0,1,0,0,0,0,0,793998,148,5826068,87
191835,11,9,9041501,Altstadt Kietz,2019,1,17,7,3,6,4,1,0,1,1,0,0,0,1,811048,6838,5820499,259
191836,11,4,4010101,Jungfernheide,2019,1,16,7,3,2,2,1,0,1,0,0,0,0,1,791297,5801,5830670,852
191837,11,10,10010308,Marzahner Chaussee,2019,1,13,5,3,2,6,0,0,1,0,0,0,0,0,807045,4106,5829121,963
191838,11,7,7030301,Friedenau,2019,1,16,7,3,3,6,1,1,0,0,0,0,1,1,794555,1713,5822540,782
191839,11,1,1011103,L�tzowstra�e,2019,1,18,6,3,2,6,2,0,1,0,0,0,0,1,795555,3969,5825769,199
191840,11,7,7030303,Grazer Platz,2019,1,20,4,3,2,6,2,0,1,0,0,0,0,0,795385,5662,5820977,943
191841,11,8,8010303,Donaustra�e,2019,1,22,6,3,5,2,2,1,1,0,0,0,0,1,801013,7949,5823905,808
191842,11,3,3020307,Buchholz,2019,1,21,6,2,0,7,2,0,1,0,0,0,1,0,800167,5294,5836913,521
191843,11,10,10010203,Gewerbegebiet Bitterfelder Stra�e,2019,1,12,6,3,9,1,0,0,1,0,0,0,0,2,807677,511,5830789,621
191844,11,8,8010117,Schillerpromenade,2019,1,19,6,3,0,5,2,1,1,0,0,0,0,1,800686,7528,5822950,802
191845,11,6,6040809,Thielallee,2019,1,7,6,3,0,1,1,1,0,0,0,0,0,1,792242,3439,5820561,329
191846,11,1,2040701,Andreasviertel,2019,1,7,6,2,5,2,1,1,1,0,0,0,0,1,800161,8114,5827358,629
191847,11,6,6020302,Komponistenviertel Lankwitz,2019,1,6,5,3,2,6,2,0,1,0,0,0,1,0,794076,31,5818788,917
191848,11,1,1011102,Gro�er Tiergarten,2019,1,8,6,3,2,6,0,0,1,0,0,0,0,2,795191,7185,5827239,765
191849,11,1,1011306,Heine-Viertel Ost,2019,1,10,6,3,6,2,0,0,0,1,0,0,1,1,799663,7495,5827043,318
191850,11,4,4020313,K�nigin-Elisabeth-Stra�e,2019,1,11,6,3,5,2,0,0,1,0,0,0,1,0,790209,2888,5826041,22
191851,11,7,7040401,Neu-Tempelhof,2019,1,11,6,3,2,7,0,0,1,0,0,0,0,1,797276,1305,5823682,122
191852,11,11,11051229,Rummelsburg,2019,1,13,6,3,6,4,0,0,1,1,0,0,0,1,803977,9697,5826070,74
191853,11,11,11051229,Rummelsburg,2019,1,13,6,2,2,2,0,1,0,0,0,1,0,0,803345,6762,5826301,38
191854,11,9,9041401,Allende I,2019,1,14,6,3,5,3,0,0,1,0,0,0,0,0,811576,9799,5820376,777
191855,11,12,12301204,Wittenau Nord,2019,1,6,6,3,5,2,1,0,1,0,0,0,0,1,792827,961,5836797,167
191856,11,2,2050801,Traveplatz,2019,1,18,6,3,5,2,2,0,1,0,1,0,0,1,803398,2589,5826865,207
191857,11,9,9051702,B�lschestra�e,2019,1,10,6,3,0,7,0,0,1,0,0,0,0,1,815143,261,5821059,387
191858,11,8,8030831,Gropiusstadt Ost,2019,1,18,6,2,6,4,2,0,1,1,0,0,0,1,803739,373,5817990,696
191859,11,9,9020701,Adlershof West,2019,1,17,6,3,5,2,2,0,1,0,0,0,0,1,808089,6915,5818627,215
191860,11,7,7040405,Rathaus Tempelhof,2019,1,18,5,3,6,2,2,0,1,1,0,0,0,0,798445,7357,5821049,159
191861,11,4,4051448,Schaperstra�e,2019,1,16,6,3,5,3,1,0,1,0,0,0,0,0,793965,7875,5824960,752
191862,11,4,4030828,Savignyplatz,2019,1,19,5,3,3,6,2,1,1,0,0,0,0,0,793253,6136,5826186,529
191863,11,11,11030619,Fennpfuhl Ost,2019,1,18,5,3,2,6,2,0,1,0,0,0,0,0,804146,289,5829813,659
191864,11,8,8020619,Buschkrugallee Nord,2019,1,17,5,2,5,3,2,0,1,0,0,0,1,0,801616,6078,5821693,636
191865,11,6,6040703,Nikolassee,2019,1,16,5,3,5,3,2,1,1,0,0,0,0,0,785322,4398,5817729,986
191866,11,10,10010102,Havemannstra�e,2019,1,15,5,2,6,4,0,0,1,1,0,0,0,0,810137,137,5833918,832
191867,11,6,6040701,Wannsee,2019,2,15,6,3,5,3,0,0,1,0,0,0,0,0,781877,5118,5813349,348
191868,11,10,10010204,Wuhletalstra�e,2019,1,15,5,3,5,3,0,0,1,0,0,1,0,0,808889,9656,5833395,236
191869,11,8,8010118,Silbersteinstra�e,2019,1,14,5,3,6,7,0,1,0,1,0,0,0,0,801181,7254,5821806,219
191870,11,9,9020701,Adlershof West,2019,1,9,5,3,6,4,0,0,1,1,0,0,0,0,808338,7579,5819178,825
191871,11,9,9030901,Dorf Altglienicke,2019,1,7,5,3,1,5,0,0,1,0,0,0,0,0,808370,128,5816940,436
191872,11,7,7020204,Sch�neberger Insel,2019,1,12,4,3,2,6,0,0,1,0,0,0,0,0,796601,2784,5823946,242
191873,11,5,5020522,Pillnitzer Weg,2019,1,15,4,2,6,4,0,0,1,1,0,0,0,0,782033,3748,5827359,776
191874,11,8,8041037,Alt-Rudow,2019,1,16,4,3,5,2,2,0,1,0,0,0,0,0,805548,3298,5818553,236
191875,11,9,9010101,Elsenstra�e,2019,1,17,5,3,2,2,1,0,1,0,0,0,0,0,802351,5107,5824749,136
191876,11,1,1011203,Unter den Linden S�d,2019,1,15,4,3,5,2,0,1,1,0,0,0,0,0,797623,8441,5827017,473
191877,11,7,7010104,Dennewitzplatz,2019,1,15,4,3,2,6,0,0,0,0,1,0,0,0,796334,468,5825111,897
191878,11,3,3050925,Komponistenviertel Wei�ensee,2019,1,15,4,3,1,5,0,1,1,0,0,0,0,0,802687,7117,5831395,923
191879,11,3,3061126,Arnimplatz,2019,1,14,4,3,1,5,0,0,1,0,0,0,0,0,798667,2163,5831768,213
191880,11,4,4030726,Droysenstra�e,2019,1,12,4,2,5,2,0,0,1,0,1,0,0,0,791577,6258,5825525,58
191881,11,3,3030716,M�rchenland,2019,1,7,5,3,2,6,0,0,1,0,0,0,0,0,802865,2545,5833539,449
191882,11,9,9010401,Johannisthal West,2019,1,6,4,3,2,6,2,0,1,0,0,0,0,1,805742,4277,5820365,49
191883,11,9,9010401,Johannisthal West,2019,1,6,4,3,0,6,2,0,1,0,0,0,1,0,806348,2068,5821000,52
191884,11,2,2040701,Andreasviertel,2019,1,22,4,3,5,3,2,0,1,0,0,0,0,0,800307,6524,5827626,121
191885,11,3,3020307,Buchholz,2019,1,7,4,3,6,4,0,0,1,1,0,0,0,0,799534,1922,5837801,758
191886,11,4,4051448,Schaperstra�e,2019,1,7,4,3,3,6,0,1,1,0,0,0,0,0,793935,143,5825147,122
191887,11,1,1011301,Charit�viertel,2019,1,8,4,3,2,6,0,1,1,0,0,0,0,1,796949,3682,5829436,585