OBJECTID,LAND,BEZ,LOR,STRASSE,UJAHR,UMONAT,USTUNDE,UWOCHENTAG,UKATEGORIE,UART,UTYP1,ULICHTVERH,IstRad,IstPKW,IstFuss,IstKrad,IstGkfz,IstSonstige,USTRZUSTAND,LINREFX,LINREFY,XGCSWGS84,YGCSWGS84
191888,11,9,9010301,Baumschulenstra�e,2019,1,17,4,3,5,2,2,1,1,0,0,0,0,0,805008,5271,5822690,938
191889,11,4,4030415,Schlo�garten,2019,1,8,4,3,2,6,0,0,1,0,0,0,0,0,791618,314,5827511,634
191890,11,4,4030519,Kaiserin-Augusta-Allee,2019,1,8,4,3,5,2,0,1,1,0,0,0,0,0,792596,674,5828268,647
191891,11,5,5010208,Germersheimer Platz,2019,1,9,4,3,6,2,0,0,1,1,0,0,0,0,783828,6377,5830130,656
191892,11,7,7070701,Kettinger Stra�e/Schillerstra�e,2019,1,11,4,2,6,2,0,0,1,1,0,0,0,0,798696,2745,5816020,906
191893,11,12,12302108,M�rkisches Zentrum,2019,1,6,4,3,2,6,2,0,1,0,0,0,0,0,794631,586,5836292,83
191894,11,8,8010301,Reuterkiez,2019,1,9,5,3,0,3,0,0,1,0,1,0,0,0,801715,4663,5824253,362
191895,11,6,6030610,Lichterfelde West,2019,1,19,4,2,5,3,2,0,1,0,0,0,0,2,791684,9672,5818800,308
191896,11,2,2020204,Urbanstra�e,2019,1,18,4,3,5,2,2,1,1,0,0,0,0,0,798489,3602,5825229,342
191897,11,4,4030623,Ernst-Reuter-Platz,2019,1,14,4,3,6,4,0,1,0,1,0,0,0,0,793339,5256,5826672,701
191898,11,4,4051550,Leon-Jessel-Platz,2019,1,12,4,3,6,4,0,0,1,1,0,0,0,0,793229,1012,5823990,763
191899,11,8,8010301,Reuterkiez,2019,1,18,4,3,2,6,2,0,1,0,0,0,0,0,800904,3416,5824271,697
191900,11,6,6010209,Feuerbachstra�e,2019,1,18,4,3,5,3,2,1,1,0,0,0,0,0,794486,9374,5821598,398
191901,11,3,3040818,Pankow S�d,2019,1,12,4,2,5,3,0,1,1,0,0,0,0,0,799664,4076,5832817,111
191902,11,2,2020206,Graefekiez,2019,1,4,4,2,8,1,2,0,1,0,0,0,0,0,799457,919,5824933,364
191903,11,4,4030931,Breitscheidplatz,2019,1,17,4,3,6,4,2,1,0,1,0,0,0,0,793847,1224,5825873,673
191904,11,7,7040405,Rathaus Tempelhof,2019,1,17,4,3,5,2,2,1,1,0,0,0,0,0,797945,3969,5822209,957
191905,11,2,2040503,Richard-Sorge-Viertel,2019,1,17,4,3,2,6,2,0,1,0,0,0,0,0,801389,2705,5828723,685
191906,11,2,2030302,Lausitzer Platz,2019,1,13,4,3,1,5,0,1,0,0,0,0,1,0,800297,314,5825830,517
191907,11,6,6020409,K�nigsberger Stra�e,2019,1,13,5,3,5,2,0,1,1,0,0,0,0,0,794140,6087,5817715,924
191908,11,8,8020622,Parchimer Allee,2019,1,7,3,3,2,6,0,0,1,0,0,0,0,0,801254,5084,5819762,51
191909,11,3,3061126,Arnimplatz,2019,1,10,3,2,5,7,0,0,1,0,0,0,1,0,798662,6622,5831707,276
191910,11,1,1033201,Brunnenstra�e,2019,1,16,3,3,6,4,0,1,0,1,0,0,0,0,798172,9525,5830043,176
191911,11,4,4030623,Ernst-Reuter-Platz,2019,1,13,4,2,5,3,0,1,1,0,0,0,0,0,792916,931,5826772,84
191912,11,11,11020515,Landsberger Allee,2019,1,14,3,3,5,3,0,0,1,0,0,0,0,0,805124,264,5830057,489
191913,11,3,3061429,Greifswalder Stra�e,2019,1,14,3,3,5,2,0,1,1,0,0,0,0,0,801080,921,5830449,654
191914,11,6,6040810,Dahlem,2019,1,13,3,3,2,2,0,0,1,0,0,1,0,0,790562,6231,5821486,562
191915,11,6,6010208,Bergstra�e,2019,1,13,3,3,2,2,0,1,1,0,0,0,0,0,794120,9734,5820820,925
191916,11,8,8020621,Mohriner Allee Nord,2019,1,13,3,3,4,6,0,0,1,0,0,0,0,0,800580,8856,5819341,581
191917,11,10,10040933,Mahlsdorf S�d,2019,1,12,3,3,5,2,0,0,1,0,0,0,1,0,812385,1224,5824270,491
191918,11,12,12302110,Dannenwalder Weg,2019,1,18,5,2,6,2,2,0,1,1,0,0,0,0,794420,6232,5836238,438
191919,11,3,3040512,Wilhelmsruh,2019,1,12,3,2,5,3,0,1,1,0,0,0,0,0,795623,3456,5834694,987
191920,11,8,8020619,Buschkrugallee Nord,2019,1,12,3,3,6,7,0,0,1,1,0,0,0,0,801969,8258,5820748,291
191921,11,8,8041036,Zittauer Stra�e,2019,1,18,3,3,6,4,1,0,1,1,0,0,0,0,805274,3531,5816503,631
191922,11,8,8010405,Hertzbergplatz,2019,1,10,3,3,5,3,0,0,1,0,0,0,1,0,802266,2523,5823530,721
191923,11,8,8030829,Gropiusstadt Nord,2019,1,18,5,2,6,2,1,0,1,1,0,0,0,0,803146,5604,5818457,92
191924,11,11,11030720,Herzbergstra�e,2019,1,9,3,3,2,6,0,0,1,0,0,0,1,0,805195,7048,5829051,481
191925,11,4,4030930,George-Grosz-Platz,2019,1,9,3,2,3,3,0,0,1,0,0,0,1,0,792845,1175,5825520,588
191926,11,3,3071537,Kollwitzplatz,2019,1,22,3,2,5,2,2,1,1,0,0,0,0,0,799688,2438,5829250,284
191927,11,4,4020310,Park Ruhwald,2019,1,20,3,3,5,2,2,0,1,0,0,0,0,0,790559,54,5827352,592
191928,11,12,12214527,Alt-Tegel,2019,1,19,3,3,6,7,2,0,1,1,0,0,0,0,790201,639,5835145,95
191929,11,6,6040810,Dahlem,2019,1,8,3,3,2,2,0,1,1,0,0,0,0,0,790139,618,5819770,878
191930,11,2,2010104,Wassertorplatz,2019,1,18,3,3,6,4,1,1,0,1,0,0,0,0,799047,6008,5825596,119
191931,11,10,10010310,Alt-Marzahn,2019,1,20,2,3,2,6,2,0,1,0,0,0,0,1,807823,2782,5830742,878
191932,11,10,10020413,Gut Hellersdorf,2019,1,16,5,3,6,4,0,0,1,1,0,0,0,0,811119,601,5830922,521
191933,11,9,9010301,Baumschulenstra�e,2019,1,19,2,3,5,3,2,0,1,0,0,0,0,0,804871,547,5822461,85
191934,11,1,1044202,Sparrplatz,2019,1,18,2,3,2,6,2,0,1,0,0,0,0,0,795552,4438,5830734,915
191935,11,4,4030620,Alt-Lietzow,2019,1,17,2,2,6,2,2,0,1,1,0,0,0,0,792176,1988,5827292,248
191936,11,11,11041023,Gensinger Stra�e,2019,1,17,2,2,6,4,2,0,1,1,0,0,0,0,807525,8961,5827591,975
191937,11,9,9020501,Obersch�neweide West,2019,1,17,2,3,2,6,2,0,1,0,0,0,0,1,806027,178,5823050,904
191938,11,4,4031032,Halensee,2019,1,14,2,3,2,3,0,0,1,0,0,0,0,0,791624,937,5824503,987
191939,11,7,7040403,Manteuffelstra�e,2019,1,7,2,3,2,6,0,0,1,0,0,0,0,1,797248,8551,5820826,636
191940,11,7,7040406,Germaniagarten,2019,1,7,2,3,5,2,0,1,1,0,0,0,0,0,799964,7278,5821327,82
191941,11,3,3040512,Wilhelmsruh,2019,1,7,2,3,3,6,2,0,1,0,0,1,0,0,796786,7517,5835811,529
191942,11,12,12302110,Dannenwalder Weg,2019,2,12,6,3,5,2,0,1,0,0,0,1,0,0,795278,396,5836373,535
191943,11,6,6040804,Krumme Lanke,2019,1,6,2,3,6,2,2,0,1,1,0,0,0,1,787643,5067,5818140,343
191944,11,9,9030901,Dorf Altglienicke,2019,1,5,2,3,5,2,2,0,1,0,0,0,0,0,807683,988,5817730,715
191945,11,8,8020728,Buckow Ost,2019,1,17,2,3,2,2,1,0,1,0,1,0,0,0,802329,6004,5816798,2
191946,11,1,1011401,Invalidenstra�e,2019,1,13,4,3,6,4,0,0,0,1,0,0,1,0,798321,9847,5829380,233
191947,11,9,9052001,K�penick Nord,2019,1,17,2,2,6,2,1,0,1,1,0,0,0,0,810361,9869,5823543,278
191948,11,7,7020204,Sch�neberger Insel,2019,1,15,2,3,6,4,0,1,0,1,0,0,0,0,796338,338,5823954,737
191949,11,10,10040829,Alt-Kaulsdorf,2019,1,15,2,3,2,2,0,0,1,0,0,0,0,0,812265,8877,5827761,993
191950,11,4,4020313,K�nigin-Elisabeth-Stra�e,2019,1,13,2,3,2,2,0,0,1,0,0,0,0,0,790292,53,5826036,9
191951,11,8,8020622,Parchimer Allee,2019,1,13,2,3,0,3,0,0,1,0,0,0,1,0,802722,4055,5819458,555
191952,11,2,2030301,Oranienplatz,2019,1,9,5,3,3,6,0,0,1,0,0,0,1,0,800127,2833,5825757,633
191953,11,2,2020206,Graefekiez,2019,1,12,2,3,6,7,0,0,1,1,0,0,0,0,800189,9192,5824401,843
191954,11,8,8020619,Buschkrugallee Nord,2019,1,11,2,3,2,6,0,0,1,0,0,0,0,0,801219,4062,5821686,849
191955,11,4,4030827,Karl-August-Platz,2019,1,8,5,3,0,2,0,1,1,0,0,0,0,0,792255,2988,5826004,691
191956,11,1,1011301,Charit�viertel,2019,1,11,2,3,6,4,0,0,1,1,0,0,0,0,797640,1982,5828177,428
191957,11,6,6040810,Dahlem,2019,1,10,2,3,5,3,0,1,1,0,0,0,0,0,792344,4798,5820808,71
191958,11,1,1022103,Westhafen,2019,1,9,2,3,2,6,0,0,1,0,0,0,0,0,793422,6437,5829465,483
191959,11,1,1011303,Alexanderplatzviertel,2019,1,21,4,3,2,6,2,0,1,0,0,0,0,0,799567,7605,5828230,669
191960,11,5,5020415,Isenburger Weg,2019,1,8,2,3,6,4,0,0,1,1,0,0,0,0,779819,3823,5830157,798
191961,11,4,4030416,Klausenerplatz,2019,1,10,2,3,0,1,0,0,0,0,1,0,0,2,790898,9112,5826974,488
191962,11,1,1033102,Gesundbrunnen,2019,1,15,1,3,1,5,0,1,1,0,0,0,1,1,797738,3337,5831237,543
191963,11,1,1033203,Humboldthain Nordwest,2019,1,23,1,2,5,3,2,1,1,0,0,0,0,0,796637,1662,5829798,932
191964,11,6,6010210,Bismarckstra�e,2019,1,17,1,3,6,2,2,0,1,1,0,0,0,0,795116,5885,5821277,184
191965,11,4,4010101,Jungfernheide,2019,1,17,1,3,5,2,2,0,1,0,0,0,0,1,789487,5381,5830629,91
191966,11,4,4030622,Richard-Wagner-Stra�e,2019,1,10,5,3,5,2,0,0,1,0,0,0,0,0,792191,3008,5827027,389
191967,11,1,1033202,Humboldthain S�d,2019,1,15,1,3,2,1,0,1,1,0,0,0,0,0,797677,5811,5829624,223
191968,11,8,8030831,Gropiusstadt Ost,2019,1,14,1,3,5,2,0,0,1,0,0,0,0,1,803724,1188,5818010,323
191969,11,12,12103117,Letteplatz,2019,1,1,1,2,1,1,2,0,1,0,0,0,1,1,795863,8643,5832599,492
191970,11,1,1044102,Schillerpark,2019,2,15,3,3,5,3,0,0,1,0,0,0,0,0,794050,16,5832122,977
191971,11,12,12214424,Scharnweberstra�e,2019,2,13,3,3,3,6,0,1,1,0,0,0,0,0,792530,8986,5833065,816
191972,11,1,1022104,Emdener Stra�e,2019,2,14,3,3,5,3,0,1,1,0,0,0,0,0,794455,241,5828436,841
191973,11,3,3061228,Erich-Weinert-Stra�e,2019,2,17,5,3,5,3,2,1,1,0,0,0,0,0,800191,7902,5830931,665
191974,11,9,9051701,Hirschgarten,2019,2,14,3,2,2,7,0,0,1,0,0,0,0,0,813042,9322,5821425,684
191975,11,9,9041301,Kietzer Feld/Nachtheide,2019,2,15,3,2,6,4,0,0,1,1,0,0,0,0,811563,2054,5818866,162
191976,11,6,6010206,Stadtpark,2019,2,14,3,3,5,2,0,1,1,1,0,0,0,0,794767,9006,5819860,234
191977,11,4,4020310,Park Ruhwald,2019,2,14,5,2,5,2,0,0,1,0,0,0,0,0,789835,757,5827385,635
191978,11,4,4031032,Halensee,2019,2,14,3,3,6,7,0,0,1,1,0,0,0,0,791581,9853,5825047,691
191979,11,5,5020521,D�beritzer Weg,2019,2,11,3,3,2,2,0,0,1,0,0,0,0,0,779587,9778,5827831,917
191980,11,5,5010209,An der Kappe,2019,2,11,3,2,5,3,0,0,1,0,0,0,0,0,783057,672,5829305,85
191981,11,6,6020306,Lankwitz S�d,2019,2,7,3,3,3,6,0,1,0,0,0,0,1,0,796398,7649,5816915,293
191982,11,2,2020204,Urbanstra�e,2019,2,17,3,3,8,1,2,0,1,0,0,0,0,0,798311,6702,5825332,738
191983,11,4,4031032,Halensee,2019,2,18,3,3,2,6,2,0,1,0,0,0,0,0,791979,7575,5824834,55
191984,11,8,8030831,Gropiusstadt Ost,2019,2,20,3,3,5,3,2,1,1,0,0,0,0,0,804138,878,5817802,937
191985,11,8,8010117,Schillerpromenade,2019,2,17,3,3,2,6,2,1,1,0,0,0,0,0,800683,7211,5822915,114
191986,11,1,1011305,Heine-Viertel West,2019,2,17,3,3,1,5,2,1,1,0,0,0,0,0,799467,6076,5826587,861
191987,11,2,2030302,Lausitzer Platz,2019,2,13,5,2,6,4,0,1,0,1,0,0,0,0,800799,8778,5825819,163
191988,11,7,7050501,Rathausstra�e,2019,2,17,3,3,1,7,2,0,1,0,0,0,1,0,797965,9513,5819460,655
191989,11,2,2020206,Graefekiez,2019,2,15,5,3,3,6,0,1,1,0,0,0,0,0,799237,96,5824556,34
191990,11,8,8041037,Alt-Rudow,2019,2,16,3,3,6,4,1,0,1,1,0,0,0,0,804992,2893,5817756,296
191991,11,1,1033203,Humboldthain Nordwest,2019,2,16,3,3,6,4,0,0,0,1,1,0,0,0,797029,6831,5830895,961
191992,11,12,12301203,Wittenau S�d,2019,2,16,3,3,5,2,0,0,1,0,0,0,0,0,793545,3,5834253,179
191993,11,5,5030731,Gartenfelder Stra�e,2019,2,13,5,3,2,6,0,0,1,0,0,0,0,0,788032,287,5829372,451
191994,11,5,5020523,Maulbeerallee,2019,2,15,3,3,5,3,0,1,1,0,0,0,0,0,782906,1268,5827421,529
191995,11,4,4051446,Preu�enpark,2019,2,17,3,2,5,2,2,1,1,0,0,0,0,0,792948,9667,5825319,57
191996,11,12,12214125,Waldidyll/Flughafensee,2019,2,10,3,3,2,2,0,1,0,0,0,0,0,0,790812,6528,5834331,83
191997,11,1,1011303,Alexanderplatzviertel,2019,2,14,6,3,5,2,0,1,0,0,0,0,1,0,799110,8712,5828465,981
191998,11,6,6020303,Lankwitz Kirche,2019,2,10,3,3,3,6,0,0,1,0,0,0,1,0,795229,3258,5818685,552
191999,11,5,5020626,Adamstra�e,2019,2,7,3,3,2,7,0,0,1,0,0,0,0,0,784649,6321,5827269,114
192000,11,1,1011101,St�lerstra�e,2019,2,13,5,3,2,6,0,0,1,0,0,0,0,0,794636,3248,5826163,135
192001,11,2,2040701,Andreasviertel,2019,2,7,3,3,5,3,1,1,1,0,0,0,0,0,800365,273,5827188,8
192002,11,2,2030402,Wrangelkiez,2019,2,17,2,3,2,6,2,0,1,0,0,0,0,0,801647,9232,5825899,153
192003,11,2,2030402,Wrangelkiez,2019,2,17,2,3,2,6,2,0,1,0,0,0,0,0,801647,9232,5825899,153
192004,11,11,11030721,R�digerstra�e,2019,2,9,5,3,4,6,0,0,1,0,0,0,0,0,803446,2207,5828618,434
192005,11,4,4030931,Breitscheidplatz,2019,2,15,2,3,2,6,0,0,1,0,0,0,0,0,793931,9632,5826032,839
192006,11,3,3020209,Niedersch�nhausen,2019,2,9,2,3,5,2,0,0,1,0,0,1,0,1,797872,651,5836024,615
192007,11,9,9020802,K�llnische Vorstadt,2019,2,8,2,3,2,2,0,0,1,0,0,0,0,1,809791,1161,5820493,661
192008,11,1,1011302,Oranienburger Stra�e,2019,2,9,5,3,5,2,0,1,1,0,0,0,0,0,799054,3076,5828993,34
192009,11,9,9031202,Schm�ckwitz/Rauchfangswerder,2019,2,11,2,3,2,6,0,0,1,0,0,0,0,1,816108,7049,5813266,556
192010,11,1,1022205,Zillesiedlung,2019,2,21,2,3,6,7,2,0,1,1,0,0,0,0,795518,132,5828345,68
192011,11,4,4041241,Breite Stra�e,2019,2,14,6,3,0,1,0,1,0,0,0,0,0,0,791554,614,5822477,81
192012,11,9,9031101,Gr�nau,2019,2,21,2,3,6,7,2,0,0,1,0,0,1,0,811054,7724,5818037,65
192013,11,5,5020419,Magistratsweg,2019,2,5,2,3,3,6,2,1,0,0,0,0,1,1,780912,829,5828336,297
192014,11,10,10010204,Wuhletalstra�e,2019,2,11,5,3,5,3,0,0,1,0,0,0,0,0,809336,8958,5832706,88
192015,11,12,12103219,Sch�fersee,2019,2,7,2,3,6,2,0,0,1,1,0,0,0,1,794963,381,5832708,33
192016,11,8,8010406,Treptower Stra�e Nord,2019,2,5,2,2,5,3,2,0,0,0,1,0,1,1,802278,5584,5823881,701
192017,11,8,8010404,Rixdorf,2019,2,11,5,3,2,6,0,0,1,0,0,0,1,0,802106,7801,5823434,353
192018,11,5,5020626,Adamstra�e,2019,2,19,2,3,6,2,2,0,1,1,0,0,0,0,784548,115,5828156,36
192019,11,1,1022207,Hansaviertel,2019,2,7,2,2,6,7,1,1,0,1,0,0,0,1,794191,2365,5827121,602
192020,11,8,8020727,Buckow Mitte,2019,2,18,2,3,6,2,1,0,1,1,0,0,0,0,801524,108,5817548,343
192021,11,1,1011202,Unter den Linden Nord,2019,2,19,5,3,0,2,2,1,0,0,0,0,1,0,797685,7217,5827902,94
192022,11,7,7010101,Wittenbergplatz/Viktoria-Luise-Platz,2019,2,16,2,3,6,7,0,1,0,1,0,0,0,0,794861,289,5825676,6
192023,11,11,11020514,Gro�e-Leege-Stra�e,2019,2,16,2,2,5,3,0,1,1,0,0,0,0,0,804303,7547,5830307,14
192024,11,8,8020622,Parchimer Allee,2019,2,15,2,3,6,4,0,0,1,1,0,0,0,0,801430,7196,5820268,839
192025,11,4,4051445,Eisenzahnstra�e,2019,2,7,5,3,5,2,0,1,1,0,0,0,0,1,792489,5126,5824122,668
192026,11,9,9031101,Gr�nau,2019,2,15,2,2,0,1,0,1,1,0,0,0,0,0,811185,663,5817766,294
192027,11,1,1033201,Brunnenstra�e,2019,2,14,2,3,2,6,0,0,1,0,0,0,0,1,797514,9588,5831010,255
192028,11,10,10040932,Alt-Mahlsdorf,2019,2,12,2,3,2,6,0,0,1,0,1,0,0,0,812928,884,5827928,147
192029,11,6,6030609,Augustaplatz,2019,2,7,5,3,5,3,0,0,1,0,0,0,0,0,792586,2752,5818924,367
192030,11,4,4020313,K�nigin-Elisabeth-Stra�e,2019,2,12,2,3,6,2,0,0,1,1,0,0,0,1,790525,3985,5826497,51
192031,11,3,3061332,Helmholtzplatz,2019,2,8,2,3,5,7,0,0,1,0,0,0,1,1,799469,8859,5831030,816
192032,11,12,12304313,Borsigwalde,2019,2,8,2,3,5,7,0,0,1,0,0,0,1,1,791756,3438,5834578,48
192033,11,8,8020619,Buschkrugallee Nord,2019,2,7,5,3,5,2,0,0,1,0,0,0,1,1,801546,2909,5820647,214
192034,11,9,9010202,K�penicker Landstra�e,2019,2,18,2,3,6,4,1,0,1,1,0,0,0,0,804233,543,5824169,615
192035,11,8,8010301,Reuterkiez,2019,2,16,1,3,2,2,2,0,1,0,0,0,0,1,800664,1935,5824380,216
192036,11,9,9020702,Adlershof Ost,2019,2,21,1,3,2,7,2,0,1,0,1,0,0,1,809389,4491,5819628,756
192037,11,12,12301203,Wittenau S�d,2019,2,16,5,3,5,2,0,1,1,0,0,0,0,0,792851,671,5835170,64
192038,11,10,10020413,Gut Hellersdorf,2019,2,15,1,3,5,2,0,0,1,0,0,0,0,1,811288,9316,5831562,997
192039,11,5,5010314,Carl-Schurz-Stra�e,2019,2,1,1,3,8,1,1,0,1,0,0,0,0,1,784997,6005,5829401,608
192040,11,2,2030301,Oranienplatz,2019,2,18,1,2,2,6,2,1,1,0,0,0,0,1,799847,6463,5825811,428
192041,11,8,8041040,Waltersdorfer Chaussee Ost,2019,2,7,5,3,0,3,0,0,1,0,1,0,0,0,806884,2256,5817354,97
192042,11,4,4031032,Halensee,2019,2,19,1,2,6,2,2,0,1,1,0,0,0,1,791837,3073,5824702,2
192043,11,6,6020409,K�nigsberger Stra�e,2019,2,18,1,2,8,1,2,0,1,0,0,0,1,1,793564,5509,5817986,521
192044,11,1,1044202,Sparrplatz,2019,2,9,1,3,2,6,0,0,1,0,0,0,0,1,795552,4438,5830734,915
192045,11,2,2010102,Mehringplatz,2019,2,2,1,3,5,3,2,0,1,0,0,0,1,0,798183,347,5826499,56
192046,11,11,11020412,Hauptstra�e,2019,2,10,6,3,5,2,0,1,1,0,0,0,0,0,805833,1405,5831863,726
192047,11,2,2030302,Lausitzer Platz,2019,2,3,7,3,0,1,2,1,0,0,0,0,0,0,800724,3014,5826537,615
192048,11,1,1044101,Rehberge,2019,2,1,7,2,8,1,2,0,1,0,0,0,0,0,794223,5065,5830421,662
192049,11,12,12302110,Dannenwalder Weg,2019,2,23,7,3,0,3,2,0,1,0,1,0,0,1,794640,3828,5836270,786
192050,11,8,8030831,Gropiusstadt Ost,2019,2,23,7,3,2,6,2,0,1,0,0,0,1,1,803824,2776,5817909,914
192051,11,8,8010404,Rixdorf,2019,2,21,7,3,6,4,2,0,1,1,0,0,0,0,802470,4269,5823158,55
192052,11,10,10010102,Havemannstra�e,2019,2,14,5,3,6,4,0,0,1,1,0,0,0,0,809964,4385,5834535,877
192053,11,1,1022206,L�neburger Stra�e,2019,2,14,7,3,0,7,0,0,1,0,0,0,1,0,796425,273,5828596,967
192054,11,11,11010309,Zingster Stra�e West,2019,2,20,7,3,5,2,2,0,1,0,0,0,0,1,804416,9952,5833377,312
192055,11,9,9051901,Dammvorstadt,2019,2,18,7,3,2,6,2,0,1,0,0,0,0,1,809683,962,5821311,777
192056,11,6,6010205,S�dende,2019,2,5,5,3,3,6,2,0,1,0,0,0,0,0,796010,1437,5819872,42
192057,11,1,1011305,Heine-Viertel West,2019,2,17,7,3,9,1,2,0,0,0,0,0,1,0,799218,5895,5827172,358
192058,11,4,4010102,Pl�tzensee,2019,2,15,7,3,5,2,0,0,1,0,0,0,0,0,793353,982,5829678,816
192059,11,4,4010102,Pl�tzensee,2019,2,15,7,3,5,2,0,0,1,0,0,0,0,0,793341,673,5829714,923
192060,11,1,1033203,Humboldthain Nordwest,2019,2,11,6,2,6,2,0,0,0,1,0,1,0,0,796846,834,5830319,929
192061,11,4,4051655,Babelsberger Stra�e,2019,2,14,7,3,3,6,0,1,1,0,0,0,0,0,794396,2008,5824180,77
192062,11,5,5030731,Gartenfelder Stra�e,2019,2,14,7,3,0,2,0,1,1,0,0,0,0,0,787978,7442,5830394,277
192063,11,8,8040933,Vogelviertel S�d,2019,2,9,5,3,0,1,0,1,0,0,0,0,0,1,803025,944,5819379,62
192064,11,7,7040403,Manteuffelstra�e,2019,2,20,7,2,5,3,2,0,1,0,0,0,0,1,797854,9371,5821887,666
192065,11,5,5010313,Ackerstra�e,2019,2,20,7,2,6,4,2,0,1,1,0,0,0,1,784663,2226,5829717,353
192066,11,4,4051448,Schaperstra�e,2019,2,13,7,3,2,6,0,0,1,0,0,0,1,0,794350,2675,5825430,17
192067,11,1,1044202,Sparrplatz,2019,2,14,4,3,5,2,0,1,1,0,0,0,0,0,795536,22,5830472,575
192068,11,3,3061126,Arnimplatz,2019,2,13,7,3,5,3,0,0,1,0,0,0,0,0,798823,2127,5831623,567
192069,11,9,9051901,Dammvorstadt,2019,2,13,7,3,2,6,0,0,1,0,0,0,0,0,810190,8848,5821526,516
192070,11,1,1022104,Emdener Stra�e,2019,2,12,7,3,5,2,0,1,1,0,0,0,0,1,794587,425,5828438,769
192071,11,2,2050802,Boxhagener Platz,2019,2,7,4,3,2,2,0,1,1,0,0,0,0,0,801988,3694,5826925,116
192072,11,7,7050503,Eisenacher Stra�e,2019,2,12,7,2,5,2,0,1,1,0,0,0,0,0,799223,1157,5820044,142
192073,11,9,9020501,Obersch�neweide West,2019,2,12,7,3,2,6,0,0,1,0,0,0,0,0,806526,5216,5822524,433
192074,11,3,3050919,Gustav-Adolf-Stra�e,2019,2,14,7,3,5,3,0,1,0,0,0,0,1,0,801320,7825,5832448,911
192075,11,6,6020411,Sch�tte-Lanz-Stra�e,2019,2,18,5,2,0,3,1,0,0,0,0,0,1,0,793615,4209,5815913,53
192076,11,4,4030931,Breitscheidplatz,2019,2,10,6,3,1,5,0,0,1,0,0,1,0,0,794202,3545,5825661,737
192077,11,10,10010102,Havemannstra�e,2019,2,12,6,3,5,3,0,0,1,0,0,0,0,0,809450,448,5834612,146
192078,11,4,4020311,Reichsstra�e,2019,2,13,4,3,5,3,0,0,1,0,0,0,0,0,789992,273,5826317,665
192079,11,11,11010206,Wartenberg S�d,2019,2,9,6,2,5,3,0,0,1,0,0,0,0,0,805694,8833,5834155,697
192080,11,11,11030619,Fennpfuhl Ost,2019,2,14,6,3,0,7,0,0,0,0,0,0,1,0,803669,9137,5829506,621
192081,11,11,11020412,Hauptstra�e,2019,2,15,4,3,5,3,0,0,1,0,0,0,0,1,805870,3633,5831421,101
192082,11,2,2050802,Boxhagener Platz,2019,2,23,6,3,6,7,2,0,1,1,0,0,0,0,802390,3024,5826832,824
192083,11,4,4041134,Bismarckallee,2019,2,9,6,3,0,6,0,0,1,0,0,0,0,0,790838,3904,5824734,273
192084,11,10,10010309,Springpfuhl,2019,2,5,6,3,6,4,2,0,1,1,0,0,0,0,808256,5308,5829821,659
192085,11,11,11030720,Herzbergstra�e,2019,2,15,4,2,3,6,0,0,1,0,1,0,0,1,804646,8625,5829931,815
192086,11,4,4030931,Breitscheidplatz,2019,2,15,6,2,5,2,0,0,1,0,1,0,0,0,794464,3962,5825853,144
192087,11,6,6010206,Stadtpark,2019,2,17,6,3,5,2,1,0,1,0,0,0,0,0,795052,7897,5819615,413
192088,11,1,1011202,Unter den Linden Nord,2019,2,18,6,3,6,4,1,0,1,1,0,0,0,0,797686,6893,5827897,219
192089,11,1,1044201,Reinickendorfer Stra�e,2019,2,21,5,2,5,2,2,1,0,0,0,1,0,0,796661,2191,5831953,422
192090,11,6,6040809,Thielallee,2019,2,2,6,2,5,3,2,0,1,0,0,0,0,1,791708,149,5819371,451
192091,11,11,11010207,Wartenberg Nord,2019,2,5,6,3,5,3,2,0,1,0,0,0,0,0,805138,7654,5834437,672
192092,11,3,3040512,Wilhelmsruh,2019,2,5,6,3,2,6,2,0,1,0,0,0,0,0,795912,5219,5835398,819
192093,11,1,1044103,Westliche M�llerstra�e,2019,2,15,4,3,5,3,0,0,1,0,1,0,0,1,794901,4863,5830562,886
192094,11,3,3061430,Volkspark Prenzlauer Berg,2019,2,8,6,3,2,6,0,0,1,0,0,0,1,0,801729,8184,5830075,731
192095,11,4,4030929,Hindemithplatz,2019,2,9,6,2,1,5,0,1,0,0,0,0,1,1,792526,6922,5825417,873
192096,11,3,3020307,Buchholz,2019,2,11,6,3,0,2,0,0,1,0,0,0,1,0,799675,9043,5837846,604
192097,11,8,8010213,K�rnerpark,2019,2,11,6,3,5,3,0,0,1,0,0,0,0,0,801482,1442,5823005,501
192098,11,9,9041601,M�ggelheim,2019,2,11,6,3,4,2,0,0,1,0,0,0,0,0,816663,4856,5817388,768
192099,11,2,2040701,Andreasviertel,2019,2,16,5,3,5,2,0,1,1,0,0,0,0,0,800601,7044,5827103,871
192100,11,3,3020307,Buchholz,2019,2,13,6,2,6,4,0,0,1,1,0,0,0,0,800171,622,5836458,527
192101,11,5,5030730,Zitadellenweg,2019,2,14,6,3,2,6,0,0,1,0,0,0,0,0,786442,9563,5831148,428
192102,11,2,2020206,Graefekiez,2019,2,14,6,3,2,6,0,0,1,0,0,0,0,0,800290,9119,5824374,709
192103,11,12,12224230,Heiligensee,2019,2,14,6,3,5,3,0,0,1,0,0,0,0,0,785498,3705,5837389,229
192104,11,1,1011402,Arkonaplatz,2019,2,20,5,3,6,7,2,1,0,1,0,0,0,0,798456,4012,5829967,81