OBJECTID,LAND,BEZ,LOR,STRASSE,UJAHR,UMONAT,USTUNDE,UWOCHENTAG,UKATEGORIE,UART,UTYP1,ULICHTVERH,IstRad,IstPKW,IstFuss,IstKrad,IstGkfz,IstSonstige,USTRZUSTAND,LINREFX,LINREFY,XGCSWGS84,YGCSWGS84
192105,11,7,7020202,Volkspark (Rudolf-Wilde-Park),2019,2,15,6,3,1,5,0,1,1,0,0,0,0,0,794502,3743,5823360,7
192106,11,6,6020410,Oberhofer Platz,2019,2,5,6,2,9,1,1,0,1,0,0,0,0,1,794277,8231,5817024,861
192107,11,12,12304314,Ziekowstra�e/Freie Scholle,2019,2,20,5,2,9,1,2,0,1,0,0,0,0,1,791386,3522,5835546,474
192108,11,10,10020412,Alte Hellersdorfer Stra�e,2019,2,15,4,3,2,6,0,0,1,0,0,0,1,0,810920,3055,5832040,272
192109,11,1,1011306,Heine-Viertel Ost,2019,2,5,5,3,5,3,2,0,1,0,1,0,0,0,799474,4742,5826560,96
192110,11,3,3010102,Buch,2019,2,10,5,3,5,2,0,0,1,0,0,0,0,0,804491,6526,5840922,707
192111,11,6,6030503,Zehlendorf Mitte,2019,2,10,5,3,2,2,0,0,1,0,0,0,0,0,790494,2411,5818071,46
192112,11,9,9031101,Gr�nau,2019,2,11,5,3,2,7,0,0,1,0,0,0,1,0,810408,6229,5818200,933
192113,11,8,8010214,Glasower Stra�e,2019,2,13,5,3,5,3,0,0,1,0,0,0,0,0,801745,7336,5822047,728
192114,11,5,5030730,Zitadellenweg,2019,2,15,5,3,5,7,0,0,1,0,0,0,1,1,786593,9044,5829226,911
192115,11,7,7040403,Manteuffelstra�e,2019,2,14,5,3,5,2,0,1,1,0,0,0,0,0,797341,3815,5821933,796
192116,11,7,7040401,Neu-Tempelhof,2019,2,17,5,3,3,6,2,0,1,0,0,0,0,0,797289,667,5822620,407
192117,11,3,3061430,Volkspark Prenzlauer Berg,2019,2,18,5,3,2,2,2,0,1,0,0,0,0,0,802329,1795,5829223,933
192118,11,10,10040828,Kaulsdorf Nord,2019,2,20,5,3,5,3,2,0,1,0,0,0,0,0,811909,1725,5829754,726
192119,11,9,9010302,Sp�thsfelde,2019,2,16,4,3,2,6,0,0,1,0,0,0,1,0,804101,273,5821293,669
192120,11,7,7040403,Manteuffelstra�e,2019,2,20,5,3,2,6,2,0,1,0,0,0,0,0,797339,144,5822107,621
192121,11,5,5030730,Zitadellenweg,2019,2,21,5,3,2,6,2,0,1,0,0,1,0,0,786541,4462,5830619,418
192122,11,9,9010301,Baumschulenstra�e,2019,2,21,5,3,5,3,2,0,1,0,0,0,0,0,804876,3339,5822498,924
192123,11,4,4030519,Kaiserin-Augusta-Allee,2019,2,16,4,2,5,7,0,0,1,0,1,0,0,0,792138,7939,5828235,945
192124,11,4,5030833,Motardstra�e,2019,2,18,5,2,2,6,1,0,1,0,1,0,0,1,790376,9423,5829034,24
192125,11,1,1033102,Gesundbrunnen,2019,2,23,5,3,5,2,2,0,1,0,0,0,0,0,796995,2532,5831483,726
192126,11,6,6020306,Lankwitz S�d,2019,2,16,5,3,5,3,0,0,1,0,0,0,0,1,795906,3666,5816503,838
192127,11,5,5020627,Tiefwerder,2019,2,11,5,3,2,6,0,0,1,0,0,0,0,0,785096,5817,5828384,185
192128,11,1,1011305,Heine-Viertel West,2019,2,14,6,3,2,6,0,1,1,0,0,0,0,0,799439,2414,5826517,549
192129,11,11,11010102,Dorf Wartenberg,2019,2,17,5,3,0,7,2,0,0,0,0,1,0,1,804836,9525,5834757,777
192130,11,8,8030831,Gropiusstadt Ost,2019,2,20,5,3,6,7,2,0,1,1,0,0,0,0,804466,7151,5817327,581
192131,11,1,1011303,Alexanderplatzviertel,2019,2,16,4,3,0,4,1,0,0,1,0,0,1,1,798708,3547,5828099,497
192132,11,12,12214424,Scharnweberstra�e,2019,2,11,4,3,2,6,0,0,1,0,0,0,0,0,793253,4511,5832493,85
192133,11,12,12214421,Reinickes Hof,2019,2,10,4,3,2,6,0,0,1,0,0,0,0,0,793399,883,5833874,861
192134,11,8,8020728,Buckow Ost,2019,2,16,4,2,5,2,0,0,1,0,1,0,0,0,801904,5254,5817559,85
192135,11,3,3030406,Alt-Karow,2019,2,12,4,3,5,3,0,0,1,0,0,0,0,1,802871,6113,5838289,472
192136,11,2,2040701,Andreasviertel,2019,2,22,4,3,6,4,2,1,0,1,0,0,0,0,800559,2991,5826963,51
192137,11,3,3050920,Wei�er See,2019,2,15,4,3,2,2,0,0,1,0,0,0,0,0,802826,5142,5832019,742
192138,11,12,12302107,Schorfheidestra�e,2019,2,15,4,3,6,7,0,0,1,1,0,0,0,0,794932,9682,5836130,942
192139,11,6,6030605,Botanischer Garten,2019,2,16,5,3,5,3,0,0,1,0,0,0,0,0,792041,9339,5819964,413
192140,11,11,11020515,Landsberger Allee,2019,2,15,4,2,5,3,0,1,1,0,0,0,0,0,805027,2157,5830385,34
192141,11,10,10020413,Gut Hellersdorf,2019,2,14,4,3,5,3,0,0,1,0,0,0,0,0,811303,3594,5831186,992
192142,11,5,5030731,Gartenfelder Stra�e,2019,2,12,4,3,1,5,0,0,1,0,0,1,0,0,787525,192,5829440,68
192143,11,1,1022103,Westhafen,2019,2,13,6,3,2,2,0,0,1,0,0,0,1,0,794657,2987,5829475,99
192144,11,3,3030715,Heinersdorf,2019,2,14,4,3,2,7,0,0,1,0,0,0,0,0,800604,8596,5833192,1
192145,11,1,1044101,Rehberge,2019,2,14,4,2,5,2,0,0,1,0,0,0,0,0,794526,517,5831568,974
192146,11,9,9010401,Johannisthal West,2019,2,11,4,3,9,1,0,0,1,0,0,0,0,0,806259,9309,5820697,1
192147,11,1,1011302,Oranienburger Stra�e,2019,2,13,4,3,6,7,0,0,1,1,0,0,0,0,797652,2784,5828603,876
192148,11,7,7040405,Rathaus Tempelhof,2019,2,13,4,3,6,4,0,0,1,1,0,0,0,0,798056,22,5820875,912
192149,11,3,3061126,Arnimplatz,2019,2,20,4,3,6,2,2,0,1,1,0,0,0,1,799237,371,5831804,684
192150,11,11,11040925,Victoriastadt,2019,2,11,4,3,1,5,0,1,0,0,0,1,1,0,803498,8171,5826482,979
192151,11,7,7060604,Marienfelde S�d,2019,2,10,4,3,5,3,0,0,1,0,0,0,1,1,797970,7948,5815787,9
192152,11,12,12301203,Wittenau S�d,2019,2,9,4,2,9,1,0,0,1,0,0,0,0,1,792877,8476,5835184,738
192153,11,6,6030607,Goerzwerke,2019,2,19,5,3,2,6,2,0,1,0,0,0,0,0,792387,9439,5816554,827
192154,11,3,3050923,Wei�enseer Spitze,2019,2,9,4,3,5,3,0,0,1,0,0,0,0,0,800442,9614,5832251,836
192155,11,8,8010404,Rixdorf,2019,2,8,4,3,9,1,0,1,0,0,0,0,0,0,802125,2209,5823032,897
192156,11,12,12214126,Tegel S�d,2019,2,7,4,3,0,5,0,0,1,0,0,1,0,0,790261,5941,5833872,885
192157,11,1,1044203,Leopoldplatz,2019,2,5,4,3,6,4,2,0,1,1,0,0,0,1,795453,7285,5831564,999
192158,11,12,12224230,Heiligensee,2019,2,7,4,2,5,2,0,1,1,0,0,0,0,0,787096,223,5838199,536
192159,11,2,2040702,Weberwiese,2019,2,19,4,3,1,5,2,1,1,0,0,0,0,0,801566,4738,5827330,162
192160,11,1,1011304,Karl-Marx-Allee,2019,2,19,4,3,0,6,1,0,1,0,0,0,1,0,799653,1859,5827919,744
192161,11,4,4030621,Spreestadt,2019,2,18,4,3,0,1,2,1,0,0,0,0,0,0,793610,4486,5827882,981
192162,11,5,5020625,Borkumer Stra�e,2019,2,16,4,3,0,2,0,0,0,0,0,0,1,0,784396,8559,5828679,317
192163,11,10,10040933,Mahlsdorf S�d,2019,2,6,4,3,5,2,2,0,1,0,0,0,1,1,812396,179,5824671,618
192164,11,6,6040807,Zehlendorf Eiche,2019,2,8,3,3,5,3,0,1,1,0,0,0,0,1,790013,4944,5819151,53
192165,11,2,2030401,Reichenberger Stra�e,2019,2,15,3,3,5,3,0,0,1,0,0,0,0,0,800637,657,5825688,154
192166,11,2,2040703,Wriezener Bahnhof/Entwicklungsgebiet,2019,2,11,3,3,5,2,0,0,1,0,0,0,0,0,801757,6509,5826260,779
192167,11,3,3030405,Karow Nord,2019,2,16,5,3,5,3,1,0,1,0,0,0,0,1,803587,7072,5839229,695
192168,11,7,7040404,Marienh�he,2019,2,10,3,3,5,2,0,1,1,0,0,0,0,1,797422,4198,5820393,217
192169,11,2,2050803,Stralauer Kiez,2019,2,5,3,2,5,3,2,0,1,0,0,0,0,0,802111,4779,5826366,238
192170,11,6,6010103,Markelstra�e,2019,2,11,3,3,5,3,0,0,1,0,1,0,0,1,793687,5936,5821581,32
192171,11,1,1011402,Arkonaplatz,2019,2,20,4,2,5,3,2,0,1,0,0,0,0,1,798241,4728,5829623,932
192172,11,2,2010103,Moritzplatz,2019,2,12,3,3,6,4,0,0,1,1,0,0,0,1,799018,49,5826320,55
192173,11,1,1011302,Oranienburger Stra�e,2019,2,15,3,3,2,6,0,0,1,0,0,0,0,0,799038,4561,5828988,894
192174,11,4,4030930,George-Grosz-Platz,2019,2,7,3,3,5,3,0,0,1,0,0,0,0,1,792848,3924,5825749,952
192175,11,2,2010103,Moritzplatz,2019,2,17,3,3,6,7,2,0,1,1,0,0,0,0,799741,7141,5825777,783
192176,11,9,9020801,Spindlersfeld,2019,2,20,3,3,2,6,2,0,1,0,0,0,0,1,809764,5334,5820697,408
192177,11,12,12214423,Mellerbogen,2019,2,22,3,3,6,2,2,0,1,1,0,0,0,0,792609,8449,5833525,293
192178,11,1,1011301,Charit�viertel,2019,2,6,4,3,6,2,1,0,1,1,0,0,0,1,797014,7613,5828941,125
192179,11,1,1011301,Charit�viertel,2019,2,22,3,3,5,2,2,0,1,0,0,0,0,0,796929,4628,5828125,601
192180,11,7,7010104,Dennewitzplatz,2019,2,22,3,3,0,2,2,0,1,0,1,0,0,0,796330,8975,5824892,1
192181,11,12,12301203,Wittenau S�d,2019,2,21,3,3,5,2,2,0,1,0,0,0,0,0,792355,1708,5834061,72
192182,11,4,4030417,Schlo�stra�e,2019,2,11,3,2,5,2,0,1,1,0,0,0,0,1,791560,264,5826642,134
192183,11,10,10040932,Alt-Mahlsdorf,2019,2,15,5,3,5,2,0,1,1,0,0,0,0,0,813011,8913,5827626,667
192184,11,8,8010301,Reuterkiez,2019,2,17,3,2,5,2,2,0,1,0,1,0,0,1,801055,713,5824924,693
192185,11,4,4010102,Pl�tzensee,2019,2,11,3,2,4,6,0,0,1,0,0,0,1,0,793287,5387,5830042,661
192186,11,7,7040405,Rathaus Tempelhof,2019,2,13,3,2,2,6,0,0,1,0,0,0,0,1,799484,3535,5820546,542
192187,11,6,6020409,K�nigsberger Stra�e,2019,2,18,4,3,2,6,2,0,1,0,0,0,0,1,793240,3023,5817305,74
192188,11,5,5030730,Zitadellenweg,2019,2,17,3,3,1,6,2,0,1,0,0,0,0,1,786865,3092,5829335,3
192189,11,5,5010314,Carl-Schurz-Stra�e,2019,2,12,3,2,1,5,0,1,1,0,0,0,0,1,785310,6049,5829242,89
192190,11,8,8010303,Donaustra�e,2019,2,21,3,3,0,1,2,1,0,0,0,0,0,1,801356,3858,5823847,435
192191,11,4,4051549,Rathaus Wilmersdorf,2019,2,10,6,3,6,2,0,0,1,1,0,0,0,0,792853,1066,5823931,143
192192,11,7,7020204,Sch�neberger Insel,2019,2,14,3,3,8,1,0,0,1,0,0,0,0,0,796299,5622,5822819,37
192193,11,12,12214424,Scharnweberstra�e,2019,2,9,2,3,5,3,0,1,1,0,0,0,0,1,792531,7395,5833071,19
192194,11,9,9030901,Dorf Altglienicke,2019,2,18,4,2,6,2,2,0,1,1,0,0,0,1,808678,5448,5817094,416
192195,11,4,4030725,Amtsgerichtsplatz,2019,2,21,2,3,0,7,2,0,0,0,1,0,0,1,791699,8457,5826093,318
192196,11,3,3030405,Karow Nord,2019,2,20,2,3,5,3,2,0,1,0,0,0,0,1,804120,4596,5838852,263
192197,11,9,9010302,Sp�thsfelde,2019,2,6,4,3,2,6,1,0,1,0,0,0,0,1,804482,9147,5820692,942
192198,11,8,8010211,Flughafenstra�e,2019,2,20,2,3,1,5,2,1,1,0,0,0,0,0,800914,412,5823851,266
192199,11,1,1011201,Wilhelmstra�e,2019,2,20,2,3,5,3,2,0,1,0,0,0,0,0,797000,5257,5826615,313
192200,11,4,4041137,Flinsberger Platz,2019,2,20,2,3,5,2,2,0,1,0,0,0,0,0,791265,2527,5823330,781
192201,11,4,4030519,Kaiserin-Augusta-Allee,2019,2,9,4,3,0,1,0,0,0,0,1,0,0,1,792537,9798,5828264,255
192202,11,8,8010404,Rixdorf,2019,2,19,2,3,2,6,2,0,1,0,0,0,0,1,802603,269,5823076,336
192203,11,3,3061430,Volkspark Prenzlauer Berg,2019,2,18,2,3,2,6,2,0,1,0,0,0,0,0,802343,9706,5829202,478
192204,11,8,8010117,Schillerpromenade,2019,2,18,2,2,6,4,2,0,1,1,0,0,0,0,800627,9945,5823100,149
192205,11,10,10010310,Alt-Marzahn,2019,2,15,6,2,5,3,0,0,1,0,0,0,1,0,809930,8183,5831620,646
192206,11,5,5020626,Adamstra�e,2019,2,17,2,2,6,4,2,0,1,1,0,0,0,0,784767,1778,5827118,882
192207,11,2,2010103,Moritzplatz,2019,2,17,2,2,6,4,2,0,1,1,0,0,0,0,799223,1856,5826241,246
192208,11,6,6020409,K�nigsberger Stra�e,2019,2,7,4,3,3,2,0,1,0,0,0,1,0,0,793124,3811,5817647,948
192209,11,6,6020409,K�nigsberger Stra�e,2019,2,15,2,3,2,6,0,0,1,0,0,0,1,0,793139,3831,5816699,821
192210,11,4,4030620,Alt-Lietzow,2019,2,14,2,3,5,3,0,1,1,0,0,0,0,0,792763,149,5827047,864
192211,11,7,7020201,Bayerischer Platz,2019,2,8,4,3,5,3,0,0,1,0,0,0,0,1,794956,7293,5824450,27
192212,11,4,4030620,Alt-Lietzow,2019,2,14,2,3,9,1,0,0,1,0,0,0,0,0,792753,45,5827026,452
192213,11,5,5010314,Carl-Schurz-Stra�e,2019,2,14,2,3,6,4,0,0,1,1,0,0,0,0,784490,5145,5828862,284
192214,11,2,2040701,Andreasviertel,2019,2,13,2,3,5,3,0,1,1,0,0,0,0,0,800634,631,5827321,169
192215,11,7,7010104,Dennewitzplatz,2019,2,19,5,3,5,2,2,0,1,0,0,0,1,0,796016,4629,5824955,115
192216,11,2,2040701,Andreasviertel,2019,2,13,2,3,6,2,0,0,1,1,0,0,0,0,800330,303,5827622,638
192217,11,3,3061126,Arnimplatz,2019,2,11,2,3,0,7,0,0,1,0,0,0,1,1,799213,9062,5831774,133
192218,11,5,5030832,Rohrdamm,2019,2,5,2,3,6,2,2,0,1,1,0,0,0,1,789803,5107,5829252,895
192219,11,11,11030721,R�digerstra�e,2019,2,20,5,3,6,2,2,0,1,1,0,0,0,0,805176,67,5827915,1
192220,11,12,12214527,Alt-Tegel,2019,2,6,2,3,6,4,1,0,1,1,0,0,0,1,789944,8512,5834936,864
192221,11,3,3040818,Pankow S�d,2019,2,6,2,3,2,2,2,0,1,0,0,0,1,1,799535,3767,5833302,102
192222,11,4,4051549,Rathaus Wilmersdorf,2019,2,7,2,3,5,3,0,1,1,0,0,0,0,1,792466,3168,5824018,55
192223,11,9,9051702,B�lschestra�e,2019,2,8,4,3,0,1,0,1,0,0,0,0,0,1,813657,6686,5821703,477
192224,11,6,6040809,Thielallee,2019,2,7,2,3,6,2,0,0,1,1,0,0,0,1,792338,771,5820744,487
192225,11,4,4041344,R�desheimer Platz,2019,2,8,2,3,6,2,0,0,1,1,0,0,0,1,793397,8816,5821769,754
192226,11,12,12214421,Reinickes Hof,2019,2,9,2,3,2,6,0,0,1,0,0,0,0,1,793391,7255,5833197,66
192227,11,1,1011204,Leipziger Stra�e,2019,2,18,4,3,5,3,2,0,1,0,0,0,0,1,798483,9722,5826666,626
192228,11,2,2020203,Viktoriapark,2019,2,12,2,3,2,6,0,0,1,0,0,0,0,1,797108,4274,5824295,441
192229,11,11,11010207,Wartenberg Nord,2019,2,12,2,3,0,3,0,0,1,0,0,0,1,0,805501,3025,5834600,412
192230,11,12,12103115,Breitkopfbecken,2019,2,11,1,3,5,2,0,0,1,0,0,0,0,1,795480,4,5833415,7
192231,11,3,3020307,Buchholz,2019,2,16,5,2,6,4,0,0,1,1,0,0,0,0,799990,6231,5838623,79
192232,11,2,2010103,Moritzplatz,2019,2,4,1,3,5,3,2,0,1,0,0,0,0,0,799031,3183,5826071,755
192233,11,8,8010213,K�rnerpark,2019,2,1,1,3,5,3,2,0,1,0,0,0,0,1,801212,6569,5822539,809
192234,11,4,4020207,Flatowallee,2019,2,15,1,3,5,3,0,0,1,0,1,0,0,1,787784,9179,5826169,529
192235,11,4,4030726,Droysenstra�e,2019,2,18,4,3,6,2,2,0,1,1,0,0,0,1,792116,5437,5825765,879
192236,11,4,4041344,R�desheimer Platz,2019,2,15,1,3,6,2,0,0,1,1,0,0,0,0,792819,4825,5821878,463
192237,11,1,1011402,Arkonaplatz,2019,2,16,1,3,5,3,1,0,1,0,0,0,0,0,798674,2573,5829452,209
192238,11,1,1011101,St�lerstra�e,2019,2,17,1,3,6,4,1,1,0,1,0,0,0,0,794816,8792,5825999,64
192239,11,10,10020413,Gut Hellersdorf,2019,2,19,1,3,5,2,2,0,1,0,0,0,0,1,811286,4024,5831546,593
192240,11,6,6020303,Lankwitz Kirche,2019,2,7,4,3,6,4,0,0,1,1,0,0,0,0,795223,7334,5818696,699
192241,11,11,11030619,Fennpfuhl Ost,2019,2,13,1,3,5,3,0,0,1,0,0,0,0,1,803704,7389,5829526,333
192242,11,8,8010303,Donaustra�e,2019,2,23,7,3,6,4,2,0,1,1,0,0,0,1,801042,3269,5823879,37
192243,11,4,4030621,Spreestadt,2019,2,21,7,3,5,2,2,0,1,0,0,0,0,1,793606,683,5827940,495
192244,11,9,9020701,Adlershof West,2019,2,20,7,3,5,2,2,0,1,0,0,0,0,1,808978,8515,5818114,138
192245,11,4,4051653,Prager Platz,2019,2,18,7,2,5,3,2,0,1,0,0,0,0,1,793966,989,5824598,156
192246,11,3,3030716,M�rchenland,2019,2,14,5,3,2,6,0,0,1,0,0,0,1,0,802785,6451,5833529,74
192247,11,4,4020310,Park Ruhwald,2019,2,20,7,3,2,6,2,0,1,0,0,0,0,1,788940,628,5827609,299
192248,11,3,3030405,Karow Nord,2019,2,18,7,3,5,3,2,0,1,0,0,0,0,1,803640,8822,5839002,322
192249,11,1,1011304,Karl-Marx-Allee,2019,2,17,7,3,5,2,2,0,1,0,0,0,0,1,799730,882,5827547,138
192250,11,10,10010204,Wuhletalstra�e,2019,2,17,4,2,6,4,1,0,1,1,0,0,0,1,809304,654,5833251,96
192251,11,7,7050504,Imbrosweg,2019,2,16,7,3,3,2,2,0,1,0,0,0,1,1,800050,5856,5820446,349
192252,11,1,1033203,Humboldthain Nordwest,2019,2,16,7,3,5,3,1,0,1,0,0,0,0,1,796805,276,5831272,527
192253,11,11,11030721,R�digerstra�e,2019,2,16,7,3,5,3,1,0,1,0,0,0,0,1,804531,1334,5827753,191
192254,11,1,1022101,Huttenkiez,2019,2,14,6,3,2,6,0,0,1,0,0,0,0,0,793308,2499,5828260,773
192255,11,7,7010102,Nollendorfplatz,2019,2,15,7,3,5,3,0,1,1,0,0,0,0,1,795226,77,5825154,604
192256,11,6,6040810,Dahlem,2019,2,15,7,3,5,2,0,0,1,0,0,0,0,2,790385,2272,5820847,328
192257,11,5,5010208,Germersheimer Platz,2019,2,15,7,3,2,6,0,0,1,0,0,0,0,1,783959,8415,5830098,802
192258,11,9,9010302,Sp�thsfelde,2019,2,15,7,3,5,3,0,0,1,0,0,0,0,1,803063,207,5820926,183
192259,11,4,4020204,Olympiagel�nde,2019,2,11,6,3,5,2,0,0,1,0,0,0,0,0,787712,896,5826435,547
192260,11,2,2010103,Moritzplatz,2019,2,12,7,3,1,5,0,1,1,0,0,0,0,0,799776,1131,5825763,986
192261,11,12,12301203,Wittenau S�d,2019,2,9,7,3,2,2,0,0,1,0,0,0,0,1,792653,6771,5834699,95
192262,11,8,8020622,Parchimer Allee,2019,2,17,4,3,5,3,1,1,1,0,0,0,0,0,801264,7116,5819705,65
192263,11,4,7010101,Wittenbergplatz/Viktoria-Luise-Platz,2019,2,19,6,3,2,6,2,0,1,0,0,0,0,0,794409,856,5824886,859
192264,11,5,5010314,Carl-Schurz-Stra�e,2019,2,10,6,3,3,6,0,0,1,0,0,0,0,0,784977,3416,5829485,951
192265,11,1,1022104,Emdener Stra�e,2019,2,12,6,3,2,6,0,0,1,0,0,0,0,1,794435,337,5828436,611
192266,11,2,2040703,Wriezener Bahnhof/Entwicklungsgebiet,2019,2,7,4,3,2,2,0,0,1,0,0,0,0,1,800907,1112,5826859,872
192267,11,1,1033102,Gesundbrunnen,2019,2,17,6,3,1,5,1,0,1,0,0,0,0,0,797135,1728,5831845,568
192268,11,4,4030931,Breitscheidplatz,2019,2,20,6,3,5,2,2,0,1,0,0,0,1,0,793941,2539,5825913,463
192269,11,5,5020628,Graetschelsteig,2019,2,19,6,3,5,2,2,0,1,0,0,0,0,1,784745,2903,5826390,162
192270,11,11,11030619,Fennpfuhl Ost,2019,2,18,5,3,2,6,2,0,1,0,0,0,0,0,804118,3111,5829847,95
192271,11,9,9020802,K�llnische Vorstadt,2019,2,17,6,3,2,6,2,0,1,0,0,0,0,1,810485,6933,5820185,744
192272,11,6,6020305,Gemeindepark Lankwitz,2019,2,15,6,3,5,3,0,0,1,0,0,0,0,1,795854,8151,5817511,41
192273,11,5,5010206,G�tersloher Weg,2019,2,16,4,2,6,4,1,0,1,1,0,0,0,1,782130,8557,5830499,635
192274,11,3,3061430,Volkspark Prenzlauer Berg,2019,2,23,6,2,6,4,2,0,1,1,0,0,0,1,802304,9395,5829214,379
192275,11,3,3040818,Pankow S�d,2019,2,8,6,3,5,3,0,1,1,0,0,0,0,1,799662,4868,5832816,658
192276,11,3,3020209,Niedersch�nhausen,2019,2,7,4,3,3,2,0,0,1,0,0,1,0,0,798342,175,5834830,75
192277,11,7,7030301,Friedenau,2019,2,16,6,3,2,6,1,0,1,0,0,0,0,0,794214,2832,5821987,664
192278,11,1,1011201,Wilhelmstra�e,2019,2,17,6,3,1,5,1,1,1,0,0,0,0,0,797052,8,5826872,147
192279,11,3,3040614,Pankow Zentrum,2019,2,10,6,3,0,2,0,0,1,0,0,0,1,0,799997,1797,5834946,167
192280,11,2,2020204,Urbanstra�e,2019,2,7,4,3,2,6,0,0,1,0,0,0,1,0,798449,8765,5824770,584
192281,11,4,4030930,George-Grosz-Platz,2019,2,10,6,3,0,5,0,0,1,0,1,0,0,0,792936,7652,5825758,69
192282,11,4,4030725,Amtsgerichtsplatz,2019,2,9,6,2,1,5,0,1,1,0,0,0,1,0,791762,1648,5825979,742
192283,11,4,4030931,Breitscheidplatz,2019,2,9,6,3,1,5,0,0,1,0,1,0,0,0,794377,211,5825896,412
192284,11,2,2030302,Lausitzer Platz,2019,2,19,5,3,1,5,2,1,1,0,0,0,0,0,800335,1607,5825815,873
192285,11,6,6040804,Krumme Lanke,2019,2,7,6,3,5,2,1,1,1,0,0,0,0,1,788136,3651,5818749,989
192286,11,1,1044201,Reinickendorfer Stra�e,2019,2,7,6,3,5,3,1,0,1,0,0,0,0,0,796217,505,5831516,42
192287,11,8,8041036,Zittauer Stra�e,2019,2,7,6,3,5,3,1,0,1,0,0,0,0,0,804478,8534,5816941,643
192288,11,1,2040701,Andreasviertel,2019,2,9,3,3,2,6,0,0,1,0,0,0,0,0,800213,3546,5827482,282
192289,11,2,2010104,Wassertorplatz,2019,2,7,6,3,5,3,1,1,1,0,0,0,0,1,799444,1273,5825668,13
192290,11,2,2020206,Graefekiez,2019,2,6,6,3,6,4,2,0,1,1,0,0,0,1,799546,8981,5824913,747
192291,11,2,2010101,Askanischer Platz,2019,2,20,1,3,5,3,2,0,1,0,1,0,0,0,797704,579,5825813,425
192292,11,1,1011402,Arkonaplatz,2019,2,12,4,3,6,4,0,1,0,1,0,0,0,0,798558,2973,5829218,511
192293,11,9,9031001,Bohnsdorf,2019,2,14,1,3,5,3,0,0,1,0,1,0,0,0,811334,12,5815651,485
192294,11,12,12302108,M�rkisches Zentrum,2019,2,13,1,3,6,4,0,0,1,1,0,0,0,0,794439,667,5837013,148
192295,11,12,12231101,Hermsdorf,2019,2,7,4,3,5,2,0,1,1,0,0,0,0,0,791310,7822,5838652,615
192296,11,3,3061227,Humannplatz,2019,2,12,1,3,5,3,0,0,1,0,0,0,0,0,799967,901,5831076,6
192297,11,4,4031032,Halensee,2019,2,0,1,3,2,6,2,0,1,0,0,0,0,0,791562,1443,5825090,526
192298,11,2,2020202,Rathaus Yorckstra�e,2019,2,0,1,3,5,3,2,0,1,0,0,0,0,0,797574,5628,5825331,774
192299,11,1,1011204,Leipziger Stra�e,2019,2,22,4,3,5,3,2,0,1,0,0,0,0,0,798022,5701,5826590,182
192300,11,2,2030401,Reichenberger Stra�e,2019,2,5,7,3,5,3,1,0,1,0,0,0,0,0,800634,705,5825682,868
192301,11,10,10030727,Biesdorf S�d,2019,2,13,7,3,6,4,0,0,1,1,0,0,0,0,809554,5342,5826617,183
192302,11,10,10010204,Wuhletalstra�e,2019,2,19,7,2,6,4,2,0,0,1,0,0,1,0,808987,9101,5832688,382
192303,11,2,2030302,Lausitzer Platz,2019,2,20,7,3,5,3,2,1,1,0,0,0,0,0,800462,3464,5825770,43
192304,11,11,11010103,Dorf Falkenberg,2019,2,20,7,3,2,6,2,0,1,0,0,0,0,0,808672,2621,5834214,375
192305,11,12,12304313,Borsigwalde,2019,2,19,7,3,5,2,2,0,1,0,0,0,0,0,791910,2282,5834712,377
192306,11,4,4041137,Flinsberger Platz,2019,2,19,7,3,3,6,2,0,1,0,0,0,0,0,791886,114,5823940,8
192307,11,5,5010314,Carl-Schurz-Stra�e,2019,2,21,7,2,0,1,2,0,1,0,0,0,0,0,785011,6404,5829499,892
192308,11,4,4051550,Leon-Jessel-Platz,2019,2,8,7,3,1,5,0,1,1,0,0,0,0,0,793208,3652,5824022,875
192309,11,6,6030607,Goerzwerke,2019,2,20,4,3,1,5,2,0,1,0,0,0,0,0,791585,8215,5816212,847
192310,11,5,5010101,Hakenfelde Nord,2019,2,13,7,3,0,7,0,0,1,0,0,0,0,0,784449,1502,5832411,707
192311,11,4,4030725,Amtsgerichtsplatz,2019,2,20,4,3,5,3,2,1,1,0,0,0,0,0,791802,499,5826224,883
192312,11,3,3071537,Kollwitzplatz,2019,2,12,7,3,2,6,0,0,1,0,0,0,0,0,799800,784,5829552,663
192313,11,7,7050505,Hundsteinweg,2019,2,12,7,2,6,4,0,0,1,1,0,0,0,0,799270,2078,5819056,232
192314,11,11,11010310,M�hlengrund,2019,2,12,7,3,6,4,0,1,0,1,0,0,0,0,805279,8212,5833243,439
192315,11,4,4041136,Hagenplatz,2019,2,19,4,3,3,6,2,0,1,0,0,0,0,0,790705,325,5822726,526
192316,11,4,4030725,Amtsgerichtsplatz,2019,2,11,7,3,0,1,0,0,0,0,1,0,0,0,791925,5389,5826104,735
192317,11,9,9010301,Baumschulenstra�e,2019,2,11,7,3,5,2,0,1,1,0,0,0,0,0,805012,4605,5822697,24
192318,11,4,4020314,Messegel�nde,2019,2,11,7,3,5,2,0,1,1,0,0,0,0,0,790025,389,5825236,385
192319,11,12,12214527,Alt-Tegel,2019,2,19,4,2,6,4,2,0,1,1,0,0,0,0,789989,7629,5835723,329
192320,11,10,10010308,Marzahner Chaussee,2019,2,10,7,3,2,6,0,0,1,0,0,0,0,0,806488,4565,5829476,172
192321,11,2,2030302,Lausitzer Platz,2019,2,1,7,3,1,5,2,1,1,0,0,0,0,0,800771,8637,5826179,869