OBJECTID,LAND,BEZ,LOR,STRASSE,UJAHR,UMONAT,USTUNDE,UWOCHENTAG,UKATEGORIE,UART,UTYP1,ULICHTVERH,IstRad,IstPKW,IstFuss,IstKrad,IstGkfz,IstSonstige,USTRZUSTAND,LINREFX,LINREFY,XGCSWGS84,YGCSWGS84
192322,11,1,1011201,Wilhelmstra�e,2019,2,19,4,3,5,2,2,1,0,0,0,0,1,0,797575,1544,5826531,775
192323,11,9,9010101,Elsenstra�e,2019,2,3,7,2,5,3,2,0,1,0,0,0,0,0,802327,3725,5825309,699
192324,11,5,5010313,Ackerstra�e,2019,2,9,7,3,5,2,0,0,1,0,0,0,0,0,784358,9034,5830001,294
192325,11,12,12302109,Treuenbrietzener Stra�e,2019,2,10,7,3,6,7,0,0,1,1,0,0,0,0,795476,7293,5836835,832
192326,11,8,8040933,Vogelviertel S�d,2019,2,19,4,3,6,2,2,0,1,1,0,0,0,0,803211,5228,5818470,739
192327,11,1,1022104,Emdener Stra�e,2019,2,10,7,3,2,6,0,0,1,0,0,0,0,0,794326,216,5828450,461
192328,11,11,11040925,Victoriastadt,2019,2,19,5,2,0,1,2,1,0,0,0,0,0,0,803470,5022,5826533,652
192329,11,1,1011303,Alexanderplatzviertel,2019,2,19,7,3,2,6,2,0,1,0,0,0,0,0,799530,633,5828814,673
192330,11,12,12304313,Borsigwalde,2019,2,17,7,3,5,3,1,0,1,0,0,0,1,0,791932,6746,5834136,109
192331,11,4,4030827,Karl-August-Platz,2019,2,18,4,3,1,5,1,1,1,0,0,0,0,0,792610,8122,5826113,386
192332,11,1,1011301,Charit�viertel,2019,2,10,5,3,1,5,0,1,1,0,0,0,0,0,797086,9012,5828187,321
192333,11,3,3061228,Erich-Weinert-Stra�e,2019,2,17,7,3,2,6,2,0,1,0,0,0,0,0,800374,4999,5831549,874
192334,11,1,1011301,Charit�viertel,2019,2,16,7,3,5,3,0,1,1,0,0,0,0,0,796679,9247,5828759,818
192335,11,7,7060603,Marienfelde Nordost,2019,2,18,4,3,5,3,2,0,1,0,0,0,0,0,798131,863,5816687,783
192336,11,3,3050925,Komponistenviertel Wei�ensee,2019,2,15,7,3,5,3,0,0,1,0,0,0,0,0,802542,7867,5831446,868
192337,11,1,1011303,Alexanderplatzviertel,2019,2,13,7,3,6,7,0,0,1,1,0,0,0,0,799348,8505,5828110,555
192338,11,3,3071537,Kollwitzplatz,2019,2,17,4,3,2,7,1,1,1,0,0,0,0,0,799375,2612,5829512,726
192339,11,12,12103115,Breitkopfbecken,2019,2,13,7,2,6,7,0,0,0,1,0,0,1,0,795953,6469,5833850,933
192340,11,4,4051446,Preu�enpark,2019,2,9,6,3,0,5,0,0,1,0,1,0,0,0,792439,1893,5824962,534
192341,11,3,3061441,Eldenaer Stra�e,2019,2,18,4,3,5,3,1,1,0,0,0,0,0,0,802809,2767,5828610,776
192342,11,6,6020408,Lichterfelde S�d,2019,2,18,6,3,3,2,2,1,1,0,0,0,0,1,792814,3417,5816211,41
192343,11,3,3061126,Arnimplatz,2019,2,13,4,3,5,2,0,1,1,0,0,0,0,0,799241,889,5831771,604
192344,11,6,6010208,Bergstra�e,2019,2,14,6,3,2,6,0,0,1,0,0,0,0,0,794320,591,5820488,998
192345,11,6,6030502,Zehlendorf S�d,2019,2,8,6,3,2,6,0,0,1,0,0,0,1,0,790288,472,5814825,282
192346,11,4,4051549,Rathaus Wilmersdorf,2019,2,17,4,3,5,2,0,1,1,0,0,0,0,0,793300,7336,5823601,729
192347,11,4,4031032,Halensee,2019,2,21,6,3,5,2,2,1,1,0,0,0,0,0,791015,738,5824859,226
192348,11,11,11010309,Zingster Stra�e West,2019,2,13,6,3,6,4,0,0,1,1,0,0,0,0,804458,3787,5833718,8
192349,11,1,1044202,Sparrplatz,2019,2,12,6,3,5,2,0,1,0,0,0,1,0,0,794609,9111,5829869,148
192350,11,1,1033102,Gesundbrunnen,2019,2,16,4,3,2,6,1,0,1,0,0,0,1,0,797892,3584,5831860,907
192351,11,2,2040502,Friedenstra�e,2019,2,13,6,3,6,2,0,0,1,1,0,0,0,0,800733,7418,5828103,81
192352,11,5,5010314,Carl-Schurz-Stra�e,2019,2,13,6,3,6,4,0,0,1,1,0,0,0,0,784738,5872,5828820,988
192353,11,1,1044201,Reinickendorfer Stra�e,2019,2,14,6,3,2,2,0,1,1,0,0,0,0,0,796438,222,5831976,239
192354,11,6,6030501,Berlepschstra�e,2019,2,17,4,3,2,6,2,1,1,0,0,0,0,0,787560,5137,5816401,839
192355,11,3,3071537,Kollwitzplatz,2019,2,13,6,3,0,3,0,1,0,0,1,0,0,0,799347,7782,5829466,363
192356,11,3,3010101,Bucher Forst,2019,2,14,6,3,2,6,0,0,1,0,0,0,0,0,802964,435,5841989,287
192357,11,2,2040502,Friedenstra�e,2019,2,14,6,3,1,5,0,1,1,0,0,0,0,0,800728,6578,5828014,4
192358,11,8,8020727,Buckow Mitte,2019,2,16,4,3,1,5,0,0,1,0,0,0,0,0,800849,8796,5816984,877
192359,11,9,9020501,Obersch�neweide West,2019,2,14,6,3,6,4,0,0,1,1,0,0,0,0,806440,5494,5822605,249
192360,11,9,9020701,Adlershof West,2019,2,10,4,3,2,6,0,0,1,0,0,0,0,0,807850,1717,5818113,884
192361,11,2,2040502,Friedenstra�e,2019,2,7,6,3,6,7,0,0,1,1,0,0,0,0,801205,6662,5828639,855
192362,11,2,2040703,Wriezener Bahnhof/Entwicklungsgebiet,2019,2,15,6,3,5,3,0,1,1,0,0,0,0,0,801133,8827,5827231,312
192363,11,1,1033202,Humboldthain S�d,2019,2,15,4,3,5,3,0,0,1,0,0,0,0,0,797709,9351,5830185,727
192364,11,2,2020205,Chamissokiez,2019,2,12,6,3,5,7,0,1,1,0,0,0,0,0,799190,4857,5824229,189
192365,11,7,7030301,Friedenau,2019,2,5,6,3,0,5,2,0,0,0,0,0,1,0,793955,9366,5821925,13
192366,11,1,1011204,Leipziger Stra�e,2019,2,16,6,3,5,3,0,0,1,0,0,0,0,0,798610,6365,5826916,806
192367,11,4,4030930,George-Grosz-Platz,2019,2,15,4,3,1,5,0,1,1,0,0,0,0,0,792903,6719,5825521,565
192368,11,2,2030401,Reichenberger Stra�e,2019,2,11,6,3,5,5,0,0,1,0,1,0,0,0,800560,5567,5825711,508
192369,11,2,2040703,Wriezener Bahnhof/Entwicklungsgebiet,2019,2,16,6,3,1,5,0,1,1,0,0,0,1,0,801405,8562,5826415,337
192370,11,3,3050919,Gustav-Adolf-Stra�e,2019,2,11,6,3,5,2,0,0,0,0,1,1,0,1,801348,4282,5832471,114
192371,11,11,11020411,Malchower Weg,2019,2,16,6,3,2,7,0,0,1,0,0,0,0,0,805813,942,5832289,712
192372,11,8,8041037,Alt-Rudow,2019,2,15,4,2,6,4,0,0,1,1,0,0,0,0,805563,5175,5817122,234
192373,11,4,4030518,Tegeler Weg,2019,2,11,6,3,2,6,0,0,0,0,0,1,1,0,791654,1035,5827913,748
192374,11,4,4051446,Preu�enpark,2019,2,10,6,3,5,3,0,0,1,0,0,0,0,0,792609,9731,5824956,268
192375,11,1,1011302,Oranienburger Stra�e,2019,2,18,6,3,1,5,1,1,1,0,0,0,0,0,798480,2995,5828386,55
192376,11,5,5020625,Borkumer Stra�e,2019,2,7,4,3,0,2,0,1,1,0,0,0,0,0,784509,2249,5828605,99
192377,11,3,3061131,Falkplatz,2019,2,14,6,3,5,2,0,1,1,0,0,0,0,0,799177,295,5831110,598
192378,11,3,3061131,Falkplatz,2019,2,19,6,3,2,6,2,0,1,0,1,0,0,0,798689,1868,5830905,619
192379,11,4,4030726,Droysenstra�e,2019,2,5,4,3,6,4,2,0,1,1,0,0,0,0,792046,916,5825849,916
192380,11,11,11030721,R�digerstra�e,2019,2,10,6,3,5,2,0,1,1,0,0,0,0,0,803887,4877,5827939,284
192381,11,4,4051447,Ludwigkirchplatz,2019,2,19,6,3,6,7,2,0,1,1,0,0,0,0,793124,917,5825215,575
192382,11,2,2050801,Traveplatz,2019,2,20,6,3,5,3,2,1,1,0,0,0,0,0,802859,1831,5827477,993
192383,11,5,5010314,Carl-Schurz-Stra�e,2019,2,7,3,3,2,6,0,0,1,0,0,0,0,0,785089,971,5828965,438
192384,11,7,7070704,Nahariyastra�e,2019,2,20,6,3,6,4,2,1,0,1,0,0,0,0,800200,7118,5813333,434
192385,11,4,4051445,Eisenzahnstra�e,2019,2,21,6,3,5,2,2,0,1,0,0,0,0,0,792442,155,5824101,776
192386,11,10,10040931,Mahlsdorf Nord,2019,2,11,6,2,5,3,0,1,1,0,0,0,0,0,813309,97,5828734,39
192387,11,5,5010312,Kurstra�e,2019,2,13,3,3,5,3,0,0,1,0,0,0,0,0,784898,2895,5830497,355
192388,11,1,1044202,Sparrplatz,2019,2,9,6,3,2,6,0,0,1,0,0,0,1,0,795516,151,5830722,595
192389,11,8,8020727,Buckow Mitte,2019,2,14,6,3,5,2,0,0,1,0,0,0,1,0,800603,2608,5816867,31
192390,11,10,10010206,Ringkolonnaden,2019,2,7,3,3,5,3,0,0,1,0,0,0,1,0,809975,3127,5832061,819
192391,11,12,12214125,Waldidyll/Flughafensee,2019,2,16,6,2,3,6,0,1,1,0,0,0,0,0,788713,5851,5833359,48
192392,11,6,6020301,Alt-Lankwitz,2019,2,20,6,3,0,1,2,0,0,0,1,0,0,0,796243,1388,5818611,39
192393,11,9,9051901,Dammvorstadt,2019,2,16,6,2,0,1,0,0,0,0,1,0,0,0,811614,2722,5821150,41
192394,11,12,12214125,Waldidyll/Flughafensee,2019,2,12,3,3,6,4,0,0,1,1,0,0,0,0,791066,399,5831166,862
192395,11,7,7020201,Bayerischer Platz,2019,2,16,5,3,3,6,0,0,1,0,0,0,0,0,794956,8088,5824448,3
192396,11,7,7040404,Marienh�he,2019,2,15,5,3,5,2,0,0,1,0,0,0,1,0,796384,2203,5819736,513
192397,11,7,7020201,Bayerischer Platz,2019,2,18,5,2,6,2,2,0,1,1,0,0,0,1,794931,7147,5824662,7
192398,11,7,7070703,John-Locke-Stra�e,2019,2,15,3,3,5,3,0,0,1,0,0,0,0,0,799476,6099,5813653,464
192399,11,8,8010405,Hertzbergplatz,2019,2,16,5,3,1,5,0,0,1,0,0,0,0,1,802028,9323,5823591,62
192400,11,8,8010301,Reuterkiez,2019,2,20,5,3,6,2,2,0,1,1,0,0,0,0,801300,8819,5824010,38
192401,11,7,7030301,Friedenau,2019,2,11,5,3,2,6,0,0,1,0,0,0,0,1,793967,676,5821530,288
192402,11,4,4041241,Breite Stra�e,2019,2,21,5,3,6,2,2,0,1,1,0,0,0,1,791348,8998,5822564,516
192403,11,10,10040933,Mahlsdorf S�d,2019,2,12,3,3,5,3,0,0,1,0,0,0,0,0,812386,313,5824308,53
192404,11,1,1011105,N�rdlicher Landwehrkanal,2019,2,19,5,2,5,2,2,0,1,0,1,0,0,1,796640,2538,5826651,994
192405,11,2,2030301,Oranienplatz,2019,2,19,5,3,6,2,2,0,1,1,0,0,0,1,799899,918,5825981,922
192406,11,2,2030302,Lausitzer Platz,2019,2,9,3,3,3,6,0,1,0,0,0,1,0,0,801629,2853,5826033,857
192407,11,1,7010101,Wittenbergplatz/Viktoria-Luise-Platz,2019,2,19,5,3,5,3,2,1,1,0,0,0,0,1,794805,1802,5825990,495
192408,11,8,8010301,Reuterkiez,2019,2,19,5,3,5,2,2,0,0,0,1,0,1,1,800990,9392,5824209,697
192409,11,2,2040703,Wriezener Bahnhof/Entwicklungsgebiet,2019,2,9,3,3,5,2,0,1,1,0,0,0,0,0,801353,1441,5826456,898
192410,11,10,10040931,Mahlsdorf Nord,2019,2,19,5,2,6,2,2,0,1,1,0,0,0,1,813736,5301,5829980,558
192411,11,4,4020311,Reichsstra�e,2019,2,13,4,3,6,2,0,0,1,1,0,0,0,0,789003,1923,5826971,668
192412,11,7,7050505,Hundsteinweg,2019,2,18,5,3,5,2,1,0,1,0,1,0,0,1,798772,4223,5819086,6
192413,11,5,5030731,Gartenfelder Stra�e,2019,2,17,5,3,5,7,2,0,1,0,1,0,0,1,787204,2461,5829743,85
192414,11,1,1011104,K�rnerstra�e,2019,2,8,3,3,5,2,0,1,1,0,0,0,0,0,796254,3824,5825960,306
192415,11,3,3061228,Erich-Weinert-Stra�e,2019,2,17,5,3,5,3,2,1,1,0,0,0,0,1,800751,6117,5831291,354
192416,11,1,1011204,Leipziger Stra�e,2019,2,15,4,3,2,6,0,0,1,0,0,0,0,0,798710,1789,5827548,942
192417,11,4,4030726,Droysenstra�e,2019,2,16,5,3,5,7,0,0,1,0,0,0,0,1,792095,9804,5825760,877
192418,11,12,12214527,Alt-Tegel,2019,2,16,5,3,0,2,0,1,1,0,0,0,0,1,789887,1936,5835695,449
192419,11,9,9010402,Johannisthal Ost,2019,2,6,3,3,3,6,0,0,1,0,0,0,0,0,806480,5448,5820668,366
192420,11,6,6030503,Zehlendorf Mitte,2019,2,10,5,3,0,7,0,0,1,0,0,0,0,1,789573,3644,5817322,888
192421,11,11,11051229,Rummelsburg,2019,2,8,5,3,2,2,0,0,1,0,0,0,0,1,803330,7841,5826304,542
192422,11,8,8020625,Handwerker-Siedlung,2019,2,8,5,3,5,2,0,0,1,0,0,0,1,1,801398,7122,5819151,832
192423,11,11,11020412,Hauptstra�e,2019,2,18,3,3,1,1,2,0,1,0,0,0,0,0,806187,3968,5831036,36
192424,11,1,1011202,Unter den Linden Nord,2019,2,8,5,3,6,7,0,0,1,1,0,0,0,1,797475,435,5827934,947
192425,11,10,10030724,Oberfeldstra�e,2019,2,7,5,3,5,2,0,0,1,0,0,0,1,0,808519,2092,5829496,472
192426,11,1,1033201,Brunnenstra�e,2019,2,6,5,3,6,2,0,0,1,1,0,0,0,1,798453,1284,5830193,634
192427,11,6,6030609,Augustaplatz,2019,2,8,4,3,5,7,0,0,1,0,0,0,0,0,792738,5799,5818746,761
192428,11,9,9020802,K�llnische Vorstadt,2019,2,6,5,2,5,2,0,1,1,0,0,0,0,1,810762,679,5818707,25
192429,11,1,1033102,Gesundbrunnen,2019,2,1,5,3,1,1,2,0,1,0,0,0,0,0,797452,609,5831441,472
192430,11,3,3010102,Buch,2019,2,5,3,3,2,6,2,0,1,0,0,0,0,0,804242,5828,5841118,509
192431,11,4,4010103,Paul-Hertz-Siedlung,2019,2,6,5,3,5,2,1,0,1,0,1,0,0,1,791134,9247,5829154,649
192432,11,1,1033202,Humboldthain S�d,2019,2,13,5,3,5,3,0,0,1,0,0,0,0,0,797153,9102,5830368,879
192433,11,2,2040503,Richard-Sorge-Viertel,2019,2,12,5,3,5,3,0,0,1,0,1,0,0,1,801432,1267,5827930,26
192434,11,1,1011202,Unter den Linden Nord,2019,2,12,5,3,2,6,0,0,1,0,0,0,0,0,797637,3868,5827777,896
192435,11,4,4020206,Angerburger Allee,2019,2,0,3,3,5,3,2,0,1,0,0,0,0,0,786443,6826,5826274,65
192436,11,10,10010308,Marzahner Chaussee,2019,2,12,5,3,6,4,0,0,1,1,0,0,0,1,807543,4081,5829356,371
192437,11,5,5010339,Freiheit,2019,2,11,5,2,2,6,0,0,1,0,0,0,1,0,787321,272,5828088,266
192438,11,8,8020727,Buckow Mitte,2019,2,11,5,2,6,2,0,0,0,1,0,0,1,1,800645,9369,5816184,696
192439,11,5,5030833,Motardstra�e,2019,2,16,3,2,5,2,0,0,1,0,0,0,0,0,789207,25,5829280,489
192440,11,7,7040404,Marienh�he,2019,2,9,5,3,0,6,0,1,1,0,0,0,0,0,796664,4067,5819994,134
192441,11,3,3030715,Heinersdorf,2019,2,11,5,2,6,3,0,0,1,1,0,0,0,0,801045,747,5833837,806
192442,11,7,7030303,Grazer Platz,2019,2,10,5,3,5,3,0,0,1,0,0,0,0,1,795981,938,5822754,879
192443,11,1,1011302,Oranienburger Stra�e,2019,2,18,4,3,3,6,2,1,0,0,0,0,0,0,797986,6525,5828620,611
192444,11,10,10030724,Oberfeldstra�e,2019,2,14,4,3,2,6,0,0,1,0,0,0,0,0,809651,2813,5829224,323
192445,11,12,12304313,Borsigwalde,2019,2,8,4,3,0,6,0,0,1,0,0,0,0,0,791309,957,5834342,427
192446,11,1,1011105,N�rdlicher Landwehrkanal,2019,2,17,4,3,0,3,0,1,1,0,0,0,0,0,796095,7488,5826518,49
192447,11,11,11041022,Rosenfelder Ring,2019,2,16,3,3,2,2,0,1,1,0,0,0,1,0,806134,3989,5827352,483
192448,11,6,6010205,S�dende,2019,2,8,4,3,6,4,0,0,1,1,0,0,0,0,795829,5765,5819912,57
192449,11,3,3030406,Alt-Karow,2019,2,5,4,3,5,2,2,1,1,0,0,0,0,0,803364,375,5838249,928
192450,11,3,3020209,Niedersch�nhausen,2019,2,7,4,3,5,3,0,0,1,0,0,0,0,0,798144,3824,5835472,386
192451,11,8,8020619,Buschkrugallee Nord,2019,2,11,3,2,0,1,0,0,0,0,1,0,0,0,801523,2708,5820742,659
192452,11,7,7070702,Alt-Lichtenrade/T�pchiner Weg,2019,2,7,4,3,5,3,0,1,1,0,0,0,0,0,800601,9005,5814440,635
192453,11,10,10020623,Rotes Viertel,2019,2,11,5,3,5,3,0,0,1,0,0,0,0,0,811295,5899,5829144,974
192454,11,8,8010115,Hasenheide,2019,2,12,4,3,2,6,0,0,1,0,0,0,0,0,799388,3523,5823787,521
192455,11,10,11020516,Wei�e Taube,2019,2,13,4,3,0,3,0,0,1,0,0,0,1,0,806295,7303,5830208,72
192456,11,2,2020204,Urbanstra�e,2019,2,16,3,3,3,6,0,1,1,0,0,0,0,0,798300,8306,5825395,944
192457,11,4,4030726,Droysenstra�e,2019,2,10,4,3,6,2,0,0,1,1,0,0,0,0,792321,7636,5825370,853
192458,11,8,8010117,Schillerpromenade,2019,2,11,4,3,0,2,0,0,1,0,1,0,0,0,800469,794,5823613,312
192459,11,1,1022104,Emdener Stra�e,2019,2,11,4,3,1,5,0,1,1,0,0,0,0,0,794179,5789,5828447,4
192460,11,5,5030730,Zitadellenweg,2019,2,14,4,3,5,3,0,0,1,0,0,0,0,0,786319,4129,5829484,428
192461,11,1,1011304,Karl-Marx-Allee,2019,2,18,2,2,0,7,2,0,0,0,1,0,0,0,799828,2743,5828595,834
192462,11,1,1022204,Thomasiusstra�e,2019,2,11,4,3,6,3,0,0,1,1,0,0,0,0,794798,8998,5828309,199
192463,11,1,1022204,Thomasiusstra�e,2019,2,13,4,3,5,2,0,1,1,0,0,0,0,0,794789,525,5828310,617
192464,11,8,8010302,Bouch�stra�e,2019,2,14,2,3,1,5,0,0,1,0,0,0,0,0,801815,6679,5824395,148
192465,11,2,2030302,Lausitzer Platz,2019,2,14,4,3,3,6,0,1,1,0,0,0,0,0,801401,1895,5825991,81
192466,11,4,4030931,Breitscheidplatz,2019,2,15,4,3,5,2,0,0,1,0,0,0,0,0,794098,993,5826355,638
192467,11,4,4030620,Alt-Lietzow,2019,2,10,4,3,0,1,0,0,0,0,1,0,0,0,792639,2038,5827102,855
192468,11,1,1022103,Westhafen,2019,2,8,2,3,2,6,0,0,0,0,0,1,1,0,793418,647,5829470,748
192469,11,5,5010207,Darbystra�e,2019,2,16,4,2,5,3,0,0,1,0,0,0,0,0,783705,5141,5830175,281
192470,11,7,7020201,Bayerischer Platz,2019,2,17,5,3,5,2,1,0,1,0,0,0,0,0,794938,7887,5824458,25
192471,11,3,3050925,Komponistenviertel Wei�ensee,2019,2,17,4,2,6,4,0,0,1,1,0,0,0,0,802056,4926,5831122,916
192472,11,8,8020622,Parchimer Allee,2019,2,17,4,3,2,6,1,0,1,0,0,0,0,0,801299,653,5819564,609
192473,11,10,10010309,Springpfuhl,2019,2,7,2,3,0,7,0,1,0,0,0,0,0,0,808415,5568,5830155,951
192474,11,3,3061228,Erich-Weinert-Stra�e,2019,2,18,4,2,6,4,1,0,1,1,0,0,0,0,800705,5495,5830952,307
192475,11,2,2020202,Rathaus Yorckstra�e,2019,2,12,3,3,5,2,0,0,1,0,0,0,0,0,797921,6369,5825269,677
192476,11,6,6010103,Markelstra�e,2019,2,18,2,3,5,2,2,1,0,0,0,0,1,0,792725,5296,5821687,457
192477,11,3,3030716,M�rchenland,2019,2,17,2,3,1,5,1,1,0,0,0,1,0,0,802709,8518,5833896,351
192478,11,4,4030827,Karl-August-Platz,2019,2,8,3,3,0,4,0,1,0,1,0,0,0,0,792727,8912,5826154,674
192479,11,1,1011202,Unter den Linden Nord,2019,2,10,3,3,5,7,0,0,1,0,0,0,0,0,797491,9149,5827805,893
192480,11,3,3040614,Pankow Zentrum,2019,2,17,2,2,6,4,0,0,1,1,0,0,0,0,797983,6505,5833064,797
192481,11,4,4030929,Hindemithplatz,2019,2,16,3,3,1,5,0,1,1,0,0,0,0,0,792397,114,5825405,983
192482,11,5,5010206,G�tersloher Weg,2019,2,15,3,3,5,7,0,0,1,0,1,0,0,0,782365,3183,5830496,712
192483,11,6,6030503,Zehlendorf Mitte,2019,2,16,2,3,0,2,0,1,0,0,0,0,1,0,790013,2327,5817494,83
192484,11,3,3050919,Gustav-Adolf-Stra�e,2019,2,14,3,3,4,7,0,0,1,0,0,0,0,0,801828,8222,5832464,965
192485,11,2,2020206,Graefekiez,2019,2,12,4,3,2,6,0,0,1,0,0,0,0,0,800247,9484,5824392,539
192486,11,12,12214125,Waldidyll/Flughafensee,2019,2,12,3,3,5,3,0,0,1,0,0,0,1,0,791865,761,5831451,807
192487,11,12,12301203,Wittenau S�d,2019,2,11,3,3,5,3,0,0,1,0,0,0,1,0,793837,8816,5835502,121
192488,11,2,2020205,Chamissokiez,2019,2,16,2,3,5,3,0,0,1,0,0,0,0,0,798333,3958,5824030,971
192489,11,6,6020303,Lankwitz Kirche,2019,2,10,3,3,2,6,0,0,1,0,0,0,0,0,795220,5677,5818703,9
192490,11,11,11010310,M�hlengrund,2019,2,9,3,3,2,4,0,0,1,1,1,0,0,0,805317,366,5833223,804
192491,11,9,9041302,Wendenschlo�,2019,2,9,3,3,0,1,0,1,0,0,0,0,0,0,811933,3956,5817765,183
192492,11,12,12214125,Waldidyll/Flughafensee,2019,2,16,2,3,5,3,0,0,1,0,1,0,0,0,791865,761,5831451,807
192493,11,2,2050801,Traveplatz,2019,2,8,3,3,5,7,0,1,1,0,0,0,0,0,802875,7712,5827547,56
192494,11,1,1044101,Rehberge,2019,2,8,3,3,5,3,0,1,1,0,0,0,0,0,793671,2883,5832250,352
192495,11,1,1022106,Elberfelder Stra�e,2019,2,8,3,3,5,2,0,1,1,0,0,0,0,0,794554,2804,5828334,351
192496,11,12,12214125,Waldidyll/Flughafensee,2019,2,7,3,3,6,4,0,1,0,1,0,0,0,0,790778,604,5833708,817
192497,11,1,1011105,N�rdlicher Landwehrkanal,2019,2,22,3,3,0,7,2,1,0,0,0,0,0,0,796843,4848,5826614,35
192498,11,8,8010118,Silbersteinstra�e,2019,2,20,3,3,6,4,2,0,1,1,0,0,0,1,800999,4922,5822172,354
192499,11,8,8010301,Reuterkiez,2019,2,18,3,3,5,2,2,1,1,0,0,0,0,0,801413,1329,5824471,391
192500,11,6,6040804,Krumme Lanke,2019,2,11,4,3,5,2,0,1,1,0,0,0,0,0,787637,2724,5818151,709
192501,11,12,12103117,Letteplatz,2019,2,17,3,3,3,6,2,1,1,0,0,0,0,0,796680,5191,5832835,529
192502,11,1,1011304,Karl-Marx-Allee,2019,2,17,3,3,2,6,2,1,1,0,0,0,0,0,799728,609,5827518,642
192503,11,12,12224229,Konradsh�he/Tegelort,2019,2,15,2,3,0,7,0,0,0,0,0,0,1,0,786293,6001,5834305,513
192504,11,1,1022101,Huttenkiez,2019,2,17,3,3,6,4,1,0,1,1,0,0,0,0,792715,4168,5828653,388
192505,11,9,9030901,Dorf Altglienicke,2019,2,14,2,3,5,2,0,0,1,0,0,0,0,0,808413,9953,5816399,3
192506,11,8,8010212,Rollberg,2019,2,7,2,3,5,3,0,0,1,0,0,0,0,0,800868,416,5823468,136
192507,11,6,6030607,Goerzwerke,2019,2,15,2,3,2,6,0,0,1,0,0,0,1,0,793028,288,5817691,867
192508,11,2,2040703,Wriezener Bahnhof/Entwicklungsgebiet,2019,2,19,2,3,1,5,2,1,1,0,0,0,1,0,800936,8971,5826812,131
192509,11,9,9051901,Dammvorstadt,2019,2,13,2,2,6,4,0,1,0,1,0,0,0,0,810910,6548,5821522,799
192510,11,1,1011103,L�tzowstra�e,2019,2,21,2,3,5,3,2,1,1,0,0,0,0,0,795285,2039,5826174,141
192511,11,2,2010104,Wassertorplatz,2019,2,19,2,3,3,6,2,0,1,0,1,0,0,0,799757,7232,5825709,97
192512,11,9,9020802,K�llnische Vorstadt,2019,2,17,2,3,2,7,2,0,1,0,0,0,0,0,810521,2926,5820047,26
192513,11,7,7010103,Barbarossaplatz,2019,2,17,2,3,6,4,1,1,0,1,0,0,0,0,795514,1771,5824888,461
192514,11,2,2020205,Chamissokiez,2019,2,15,2,3,4,5,0,1,0,0,0,0,0,0,797874,3608,5824585,651
192515,11,4,4030931,Breitscheidplatz,2019,2,17,2,2,0,6,0,0,1,0,0,0,1,0,794287,6269,5826077,127
192516,11,8,8010211,Flughafenstra�e,2019,2,17,2,3,6,4,0,0,1,1,0,0,0,0,800435,2469,5823749,38
192517,11,2,2010102,Mehringplatz,2019,2,9,4,2,5,3,0,0,1,0,0,0,0,0,798411,3574,5825782,726
192518,11,12,12103117,Letteplatz,2019,2,14,2,3,5,3,0,1,1,0,0,0,0,0,796697,3218,5832997,761
192519,11,8,8010508,Wei�e Siedlung,2019,2,14,2,3,5,3,0,0,1,0,0,0,0,0,803196,866,5822714,976
192520,11,10,10020413,Gut Hellersdorf,2019,2,14,2,3,2,6,0,0,1,0,0,0,0,0,811354,532,5830674,874
192521,11,11,11020515,Landsberger Allee,2019,2,12,2,3,5,3,0,1,0,0,0,0,1,0,805130,7888,5830018,512
192522,11,10,11030720,Herzbergstra�e,2019,2,11,2,3,3,6,0,0,1,0,0,0,0,0,806277,998,5830169,314
192523,11,3,3020210,Herthaplatz,2019,2,11,2,3,0,5,0,1,1,0,0,0,0,0,798534,7146,5834962,637
192524,11,5,5010103,Amorbacher Weg,2019,2,14,2,3,3,6,0,1,1,0,0,0,0,0,783872,1397,5831072,24
192525,11,9,9041501,Altstadt Kietz,2019,2,11,2,2,0,1,0,1,0,0,0,0,0,0,811043,3091,5820355,65
192526,11,1,1044103,Westliche M�llerstra�e,2019,2,10,2,3,2,6,0,0,1,0,0,0,0,0,795199,229,5830788,25
192527,11,4,4030417,Schlo�stra�e,2019,2,8,2,2,6,4,0,0,1,1,0,0,0,0,790987,4161,5826616,797
192528,11,8,8040933,Vogelviertel S�d,2019,2,13,2,3,1,1,0,0,1,0,0,0,1,0,803331,781,5818555,602
192529,11,1,1011401,Invalidenstra�e,2019,2,17,2,3,5,3,0,0,1,0,1,0,0,0,798121,449,5829344,503
192530,11,7,7020203,Kaiser-Wilhelm-Platz,2019,2,16,2,3,5,2,0,1,0,0,0,0,0,0,795580,2492,5824152,73
192531,11,11,11020412,Hauptstra�e,2019,2,13,2,2,6,4,0,0,1,1,0,0,0,0,804885,4468,5831343,153
192532,11,3,3020307,Buchholz,2019,2,16,2,3,5,2,0,1,1,0,0,0,0,0,800190,7875,5838470,161
192533,11,6,6030605,Botanischer Garten,2019,2,16,2,3,5,2,0,0,1,0,0,0,0,0,791768,201,5819273,767
192534,11,12,12214423,Mellerbogen,2019,2,13,2,3,2,6,0,0,1,0,1,0,0,0,792669,8015,5833873,39
192535,11,1,1011102,Gro�er Tiergarten,2019,2,15,2,3,3,2,0,0,1,0,1,0,0,0,795140,2766,5827072,352
192536,11,4,4041241,Breite Stra�e,2019,2,15,5,2,5,3,0,0,1,0,0,0,0,0,791325,3971,5822055,741