OBJECTID,LAND,BEZ,LOR,STRASSE,UJAHR,UMONAT,USTUNDE,UWOCHENTAG,UKATEGORIE,UART,UTYP1,ULICHTVERH,IstRad,IstPKW,IstFuss,IstKrad,IstGkfz,IstSonstige,USTRZUSTAND,LINREFX,LINREFY,XGCSWGS84,YGCSWGS84
192537,11,9,9020502,Obersch�neweide Ost,2019,2,14,2,3,5,3,0,1,1,0,0,0,0,0,808014,6846,5821569,908
192538,11,1,1022106,Elberfelder Stra�e,2019,2,14,2,3,5,5,0,0,1,0,1,0,0,0,794494,91,5828350,57
192539,11,9,9010301,Baumschulenstra�e,2019,2,10,2,3,6,4,0,0,1,1,0,0,0,0,804577,848,5822011,226
192540,11,3,3061429,Greifswalder Stra�e,2019,2,20,1,3,6,4,2,0,1,1,0,0,0,0,801088,47,5830429,67
192541,11,1,1011105,N�rdlicher Landwehrkanal,2019,2,23,5,3,5,2,2,0,1,0,0,0,0,0,796582,4773,5826872,612
192542,11,7,7020202,Volkspark (Rudolf-Wilde-Park),2019,2,13,1,3,1,5,0,1,1,0,0,0,0,0,794879,524,5823766,676
192543,11,8,8020726,Buckow West,2019,2,14,1,3,2,6,0,0,1,0,0,0,0,0,799590,3487,5816402,534
192544,11,3,3020210,Herthaplatz,2019,2,10,2,3,3,6,0,0,1,0,0,1,0,0,798447,2681,5835563,651
192545,11,9,9010402,Johannisthal Ost,2019,2,9,1,3,3,6,0,1,0,0,0,0,1,0,806563,6326,5820533,629
192546,11,5,5010314,Carl-Schurz-Stra�e,2019,2,18,1,2,2,4,2,0,1,1,0,0,0,0,784801,4051,5828809,465
192547,11,11,11041128,Sewanstra�e,2019,2,10,2,3,6,2,0,0,1,1,0,0,0,0,806074,5454,5825804,404
192548,11,4,4041344,R�desheimer Platz,2019,2,16,1,3,1,5,0,1,1,0,0,0,0,0,793153,3339,5822082,197
192549,11,2,2010101,Askanischer Platz,2019,2,21,1,2,6,2,2,0,1,1,0,0,0,0,797655,7674,5826290,578
192550,11,1,1011202,Unter den Linden Nord,2019,2,9,2,3,0,7,0,0,1,0,1,0,0,0,797652,8953,5828104,128
192551,11,2,2040502,Friedenstra�e,2019,2,21,1,2,5,2,2,0,1,0,1,0,0,0,801248,424,5827823,23
192552,11,11,11030618,Fennpfuhl West,2019,2,13,4,3,5,2,0,1,1,0,0,0,0,0,803064,9756,5829527,675
192553,11,1,1011204,Leipziger Stra�e,2019,2,17,1,3,5,2,1,1,1,0,0,0,0,0,798616,2254,5827001,398
192554,11,9,9041501,Altstadt Kietz,2019,2,15,1,3,6,4,0,1,0,1,0,0,0,0,811237,9291,5820211,94
192555,11,4,4051445,Eisenzahnstra�e,2019,2,9,2,3,5,7,0,0,1,0,0,0,1,0,792436,6005,5824117,499
192556,11,1,1033102,Gesundbrunnen,2019,2,15,1,3,6,2,0,0,1,1,0,0,0,0,797156,2,5831919,612
192557,11,2,2030402,Wrangelkiez,2019,2,15,1,3,2,6,0,1,1,0,0,0,0,0,801649,9852,5825897,593
192558,11,11,11030619,Fennpfuhl Ost,2019,2,14,1,3,5,3,0,0,1,0,0,0,0,0,803533,9787,5829749,778
192559,11,12,12231101,Hermsdorf,2019,2,8,2,3,2,6,0,0,1,0,0,0,0,0,790778,7847,5837599,266
192560,11,1,1044202,Sparrplatz,2019,2,14,1,3,2,1,0,1,1,0,0,0,0,0,795358,3226,5830249,227
192561,11,4,4010101,Jungfernheide,2019,2,3,1,3,9,1,2,0,1,0,0,0,0,0,791216,58,5829730,96
192562,11,2,2030302,Lausitzer Platz,2019,2,14,1,3,1,5,0,0,1,0,0,0,0,0,800808,3068,5826486,35
192563,11,1,1011303,Alexanderplatzviertel,2019,2,22,2,3,5,2,2,1,1,0,0,0,0,0,799593,7643,5828256,38
192564,11,1,1011202,Unter den Linden Nord,2019,2,18,1,2,5,2,2,1,1,0,0,0,0,0,798236,2352,5827696,29
192565,11,7,7020202,Volkspark (Rudolf-Wilde-Park),2019,2,21,1,2,5,2,2,0,1,0,0,0,1,0,795004,1569,5823818,288
192566,11,10,10010311,Landsberger Tor,2019,2,15,1,2,5,2,0,0,1,0,0,0,0,0,810311,3843,5831817,81
192567,11,12,12103117,Letteplatz,2019,2,5,2,3,2,6,2,0,1,0,0,0,0,0,796643,5503,5832436,112
192568,11,2,2020203,Viktoriapark,2019,2,8,1,3,1,5,0,0,1,0,0,0,1,0,797694,1616,5824024,14
192569,11,6,6040703,Nikolassee,2019,2,8,4,3,5,3,0,1,1,0,0,0,0,0,785318,6063,5817722,139
192570,11,11,11010102,Dorf Wartenberg,2019,2,10,7,3,5,2,0,0,1,0,1,0,0,0,805805,7172,5834706,494
192571,11,1,1022206,L�neburger Stra�e,2019,2,2,7,3,6,4,2,0,1,1,0,0,0,0,796247,6487,5828494,293
192572,11,9,9041301,Kietzer Feld/Nachtheide,2019,2,6,2,3,2,6,1,0,1,0,0,0,0,0,811693,7768,5818521,13
192573,11,4,4030931,Breitscheidplatz,2019,2,22,7,3,5,3,2,1,1,0,0,0,0,0,793932,411,5826044,861
192574,11,2,2030301,Oranienplatz,2019,2,21,7,3,3,6,2,1,1,0,0,0,0,0,800348,8445,5826276,422
192575,11,4,4030827,Karl-August-Platz,2019,2,18,7,3,1,5,2,0,1,0,0,0,0,0,792402,1885,5826259,487
192576,11,12,12214424,Scharnweberstra�e,2019,2,7,2,3,3,6,0,0,1,0,0,1,0,0,793387,3094,5833083,998
192577,11,10,10020413,Gut Hellersdorf,2019,2,17,7,3,5,3,1,0,1,0,0,0,1,0,811133,1244,5830925,43
192578,11,7,7010101,Wittenbergplatz/Viktoria-Luise-Platz,2019,2,11,7,3,5,2,0,1,1,0,0,0,0,0,794770,9525,5825692,85
192579,11,3,3030406,Alt-Karow,2019,2,9,7,3,5,3,0,0,1,0,0,0,0,0,802871,58,5838289,263
192580,11,5,5010103,Amorbacher Weg,2019,2,16,7,3,0,7,0,0,1,0,0,0,0,0,783916,1066,5831341,346
192581,11,12,12214424,Scharnweberstra�e,2019,2,20,2,3,1,5,2,0,1,0,0,0,0,0,792899,4214,5832941,954
192582,11,4,4030931,Breitscheidplatz,2019,2,15,7,3,6,4,0,0,1,1,0,0,0,0,793849,6545,5826060,351
192583,11,8,8010214,Glasower Stra�e,2019,2,14,7,3,5,2,0,1,1,0,0,0,0,0,801752,6013,5822051,211
192584,11,2,2020204,Urbanstra�e,2019,2,14,7,3,2,6,0,0,1,0,0,0,0,0,798654,9344,5825144,836
192585,11,3,3051022,Hansastra�e,2019,2,7,4,3,5,2,0,1,1,0,0,0,0,0,803669,2204,5832011,797
192586,11,4,4051445,Eisenzahnstra�e,2019,2,13,7,2,6,7,0,0,1,1,0,0,0,0,792784,501,5824307,681
192587,11,7,7040401,Neu-Tempelhof,2019,2,13,7,3,6,4,0,0,1,1,0,0,0,0,797198,8069,5823816,873
192588,11,10,10010309,Springpfuhl,2019,2,19,2,3,6,7,2,0,1,1,0,0,0,0,808098,6908,5830047,871
192589,11,7,7060604,Marienfelde S�d,2019,2,13,7,3,2,6,0,0,1,0,0,0,0,0,797750,9478,5815406,764
192590,11,1,1011202,Unter den Linden Nord,2019,2,20,6,2,5,3,2,1,1,0,0,0,0,0,797265,3955,5827806,35
192591,11,5,5010314,Carl-Schurz-Stra�e,2019,2,19,6,3,2,6,2,0,1,0,0,0,0,0,785188,4003,5829363,49
192592,11,12,12231101,Hermsdorf,2019,2,7,2,3,1,5,0,1,1,0,0,0,0,0,791453,9255,5838714,338
192593,11,3,3061227,Humannplatz,2019,2,21,6,3,6,4,2,1,0,1,0,0,0,0,799670,3627,5831248,488
192594,11,5,5010310,Eckschanze,2019,2,10,5,2,1,7,0,0,1,0,0,0,1,0,784617,655,5830861,365
192595,11,4,5030833,Motardstra�e,2019,2,20,6,3,2,6,2,0,1,0,1,0,0,0,790377,456,5829034,106
192596,11,12,12302110,Dannenwalder Weg,2019,2,18,6,3,2,6,2,0,1,0,0,0,0,0,794663,9434,5836274,149
192597,11,10,10030725,Buckower Ring,2019,2,21,2,2,9,1,2,0,0,0,1,0,0,0,810000,1456,5828363,534
192598,11,9,9041301,Kietzer Feld/Nachtheide,2019,2,8,6,3,5,3,0,0,1,0,0,0,1,0,812181,2353,5819098,725
192599,11,4,4030931,Breitscheidplatz,2019,2,8,6,3,1,5,0,0,1,0,1,0,0,0,794526,2843,5825937,611
192600,11,8,8010406,Treptower Stra�e Nord,2019,2,8,6,3,6,4,0,0,1,1,0,0,0,0,801918,9907,5824159,585
192601,11,4,4051653,Prager Platz,2019,2,7,6,3,5,2,0,1,1,0,0,0,0,0,794002,846,5824280,562
192602,11,7,7030302,Cecilieng�rten,2019,2,7,2,3,0,1,0,0,0,0,1,0,0,0,794376,3676,5821956,869
192603,11,1,1022106,Elberfelder Stra�e,2019,2,15,6,2,6,2,0,0,1,1,0,0,0,0,794116,98,5827763,257
192604,11,12,12103218,Teichstra�e,2019,2,15,6,3,2,6,0,0,1,0,0,0,0,0,794038,5671,5835339,144
192605,11,3,3020209,Niedersch�nhausen,2019,2,8,2,3,5,3,0,1,1,0,0,0,0,0,797887,5049,5834640,666
192606,11,1,1011105,N�rdlicher Landwehrkanal,2019,2,15,6,3,1,5,0,1,1,0,0,0,0,0,796764,452,5826927,977
192607,11,9,9010101,Elsenstra�e,2019,2,16,6,2,2,7,0,1,1,0,0,0,0,0,802533,1257,5824562,412
192608,11,1,1044203,Leopoldplatz,2019,2,7,6,2,2,7,0,1,0,0,0,0,0,0,795596,9601,5831751,5
192609,11,4,4010102,Pl�tzensee,2019,2,16,1,3,2,6,0,0,1,0,0,0,0,0,793342,6551,5829711,539
192610,11,10,10020622,Kaulsdorf Nord I,2019,2,7,6,3,3,6,0,0,1,0,0,1,0,0,811153,5774,5829036,825
192611,11,11,11020513,Orankesee,2019,2,18,5,3,2,6,1,0,1,0,0,0,0,0,803312,8464,5830109,326
192612,11,8,8010301,Reuterkiez,2019,2,7,6,3,6,2,0,0,1,1,0,0,0,0,800975,4154,5824764,866
192613,11,7,7050503,Eisenacher Stra�e,2019,2,7,6,3,5,3,1,1,1,0,0,0,0,0,798241,7677,5820503,243
192614,11,7,7070701,Kettinger Stra�e/Schillerstra�e,2019,2,16,1,3,0,7,0,0,0,1,0,0,1,0,798729,8477,5816017,473
192615,11,1,1011201,Wilhelmstra�e,2019,2,6,6,3,2,6,0,0,1,0,0,0,0,0,796977,3891,5827004,171
192616,11,2,2020203,Viktoriapark,2019,2,5,6,2,5,2,2,1,1,0,0,0,0,0,797100,9444,5824491,31
192617,11,9,9020702,Adlershof Ost,2019,2,16,1,3,2,6,0,0,1,0,0,0,0,0,809224,9548,5819572,653
192618,11,9,9020501,Obersch�neweide West,2019,2,5,6,2,3,6,2,0,1,0,0,1,0,0,806882,4751,5823240,453
192619,11,3,3050919,Gustav-Adolf-Stra�e,2019,2,16,6,3,6,4,0,0,1,1,0,0,0,0,801756,7568,5832405,253
192620,11,8,8040933,Vogelviertel S�d,2019,2,16,1,3,1,5,0,0,1,0,0,0,1,0,802789,772,5818791,91
192621,11,3,3040818,Pankow S�d,2019,2,16,6,2,2,6,1,0,1,0,0,0,0,0,799330,2489,5833455,289
192622,11,8,8020727,Buckow Mitte,2019,2,17,6,3,1,1,1,0,1,0,0,0,1,0,800335,143,5816688,479
192623,11,2,2020202,Rathaus Yorckstra�e,2019,2,8,6,3,2,3,0,1,1,0,0,0,0,0,797913,354,5825279,649
192624,11,1,1011303,Alexanderplatzviertel,2019,2,16,1,3,5,7,0,0,1,0,0,0,0,0,799498,5635,5828143,631
192625,11,2,2020204,Urbanstra�e,2019,2,8,6,3,5,2,0,1,1,0,0,0,0,0,798493,6885,5825222,747
192626,11,3,3061227,Humannplatz,2019,2,14,4,3,3,6,0,0,1,0,0,0,0,0,799958,1172,5831721,628
192627,11,6,6030605,Botanischer Garten,2019,2,18,6,3,5,2,1,0,1,0,0,0,1,0,791532,77,5819139,9
192628,11,3,3071536,Teutoburger Platz,2019,2,18,6,3,6,4,1,0,1,1,0,0,0,0,799101,2854,5829106,76
192629,11,4,4051448,Schaperstra�e,2019,2,17,1,3,5,7,1,1,1,0,0,0,0,0,793506,3035,5825347,13
192630,11,9,9051901,Dammvorstadt,2019,2,9,6,3,3,6,0,1,0,0,0,0,0,0,810317,6485,5821373,528
192631,11,8,8020619,Buschkrugallee Nord,2019,2,18,6,3,5,3,2,0,1,0,0,0,0,0,801774,2292,5821103,644
192632,11,5,5030731,Gartenfelder Stra�e,2019,2,15,6,3,5,2,0,1,1,0,0,0,0,0,786999,7561,5829460,36
192633,11,4,4010103,Paul-Hertz-Siedlung,2019,2,17,1,3,2,7,2,0,1,0,0,1,0,0,791105,9432,5829127,122
192634,11,11,11030721,R�digerstra�e,2019,2,10,6,3,5,3,0,0,1,0,0,0,0,0,804606,541,5827495,575
192635,11,4,4030620,Alt-Lietzow,2019,2,7,4,3,6,4,0,0,1,1,0,0,0,0,792889,5905,5827360,635
192636,11,2,2020203,Viktoriapark,2019,3,23,2,3,5,3,2,0,1,0,0,0,0,1,797841,7014,5824926,746
192637,11,9,9020802,K�llnische Vorstadt,2019,3,17,5,3,6,2,0,0,1,1,0,0,0,1,810051,763,5819464,271
192638,11,7,7020201,Bayerischer Platz,2019,3,8,2,3,5,2,0,0,1,0,0,0,0,1,794949,2164,5824553,53
192639,11,12,12103115,Breitkopfbecken,2019,3,22,2,3,9,1,2,0,1,0,0,0,0,1,795825,8299,5833661,51
192640,11,6,6040703,Nikolassee,2019,3,16,5,2,5,3,0,1,1,0,0,0,0,1,785875,1493,5816579,405
192641,11,4,4030931,Breitscheidplatz,2019,3,8,2,3,1,5,0,1,1,0,0,0,1,1,794053,9392,5826126,349
192642,11,3,3050925,Komponistenviertel Wei�ensee,2019,3,5,1,3,1,1,2,0,1,0,0,0,0,0,802434,287,5831064,89
192643,11,11,11020513,Orankesee,2019,3,5,1,3,2,6,2,0,1,0,0,0,0,0,802866,4018,5831262,5
192644,11,12,12304314,Ziekowstra�e/Freie Scholle,2019,3,16,5,3,5,3,1,1,1,0,0,0,0,1,790646,1676,5835594,309
192645,11,9,9010101,Elsenstra�e,2019,3,20,1,3,6,2,2,0,1,1,0,0,0,1,802107,4699,5824764,442
192646,11,2,2020203,Viktoriapark,2019,3,19,5,3,5,3,2,1,1,0,0,0,0,1,797816,6067,5824933,46
192647,11,7,7010102,Nollendorfplatz,2019,3,19,1,3,5,2,2,1,1,0,0,0,0,1,794966,3903,5825195,685
192648,11,2,2050803,Stralauer Kiez,2019,3,20,1,3,5,2,2,1,1,0,0,0,0,1,802460,924,5826326,632
192649,11,11,11041128,Sewanstra�e,2019,3,18,1,3,6,2,1,0,1,1,0,0,0,1,806058,5979,5825807,539
192650,11,2,2020206,Graefekiez,2019,3,20,1,2,5,7,2,0,1,0,0,0,0,1,799503,7971,5824531,458
192651,11,12,12214424,Scharnweberstra�e,2019,3,19,1,3,5,3,2,0,1,0,0,0,0,1,793487,717,5832414,325
192652,11,10,10020413,Gut Hellersdorf,2019,3,18,1,2,6,2,2,0,1,1,0,0,0,1,811285,1316,5831537,923
192653,11,4,4030828,Savignyplatz,2019,3,18,1,3,6,2,2,0,1,1,0,0,0,1,793149,5165,5826075,352
192654,11,5,5010101,Hakenfelde Nord,2019,3,8,1,2,9,1,0,0,1,0,0,0,0,1,784711,6023,5834642,311
192655,11,1,1011204,Leipziger Stra�e,2019,3,16,5,3,5,2,0,1,0,0,0,0,1,1,798554,785,5826816,364
192656,11,8,8010404,Rixdorf,2019,3,17,1,3,2,6,1,0,1,0,0,0,0,1,801725,2281,5823688,836
192657,11,10,10030727,Biesdorf S�d,2019,3,16,5,3,5,3,0,1,1,0,0,0,0,1,809159,9242,5826175,422
192658,11,1,1033202,Humboldthain S�d,2019,3,14,1,3,0,1,0,0,0,0,1,0,0,1,797877,1406,5829867,498
192659,11,6,6020306,Lankwitz S�d,2019,3,14,1,3,5,7,0,0,1,0,0,0,0,1,796303,6068,5816846,457
192660,11,7,7010102,Nollendorfplatz,2019,3,12,1,3,2,6,0,0,1,0,0,0,0,1,794965,8111,5825667,705
192661,11,11,11030618,Fennpfuhl West,2019,3,15,5,3,5,2,0,1,1,0,0,0,0,1,803852,76,5828739,623
192662,11,1,1022206,L�neburger Stra�e,2019,3,12,1,3,5,2,0,1,1,0,0,0,0,1,795793,3069,5828242,886
192663,11,1,1011102,Gro�er Tiergarten,2019,3,19,5,3,5,3,2,0,1,0,1,0,0,1,795049,4878,5827190,843
192664,11,12,12103117,Letteplatz,2019,3,12,1,3,5,2,0,0,1,0,0,0,0,1,795782,8035,5832578,302
192665,11,8,8010213,K�rnerpark,2019,3,20,7,3,5,3,2,1,1,0,0,0,0,1,800954,3921,5822316,853
192666,11,3,3020209,Niedersch�nhausen,2019,3,15,5,3,5,3,0,0,1,0,0,0,0,1,798143,5047,5835472,187
192667,11,3,3010101,Bucher Forst,2019,3,14,7,2,5,2,0,0,1,0,0,0,0,1,803013,5737,5842058,1
192668,11,5,5010314,Carl-Schurz-Stra�e,2019,3,15,7,3,0,6,0,0,1,0,1,0,0,1,784834,8511,5829035,443
192669,11,12,12214125,Waldidyll/Flughafensee,2019,3,20,5,3,6,4,2,0,0,1,1,0,0,1,790995,3329,5833819,701
192670,11,5,5010339,Freiheit,2019,3,8,7,2,1,5,0,0,1,0,1,0,0,1,786999,8211,5828155,481
192671,11,8,8040933,Vogelviertel S�d,2019,3,16,7,3,5,3,0,0,1,0,0,0,0,1,803141,4988,5818819,483
192672,11,12,12304314,Ziekowstra�e/Freie Scholle,2019,3,17,7,3,6,4,1,0,1,1,0,0,0,0,790946,2909,5836197,186
192673,11,4,4030726,Droysenstra�e,2019,3,20,5,3,5,2,2,1,1,0,0,0,0,1,792090,9974,5825291,993
192674,11,7,7060604,Marienfelde S�d,2019,3,17,7,3,5,7,1,0,1,0,0,0,0,1,797243,6867,5815444,284
192675,11,5,5010313,Ackerstra�e,2019,3,20,5,2,5,7,2,0,1,0,0,0,0,1,784663,7799,5829696,547
192676,11,12,12103115,Breitkopfbecken,2019,3,19,7,3,6,2,2,0,1,1,0,0,0,1,795470,5129,5833409,148
192677,11,7,7040403,Manteuffelstra�e,2019,3,13,7,3,2,7,0,0,1,0,0,0,0,0,797777,5055,5820776,509
192678,11,4,4030726,Droysenstra�e,2019,3,22,5,3,6,2,2,0,1,1,0,0,0,1,792115,9352,5825765,934
192679,11,12,12103219,Sch�fersee,2019,3,23,5,3,1,5,2,1,1,0,0,0,1,1,795665,3551,5832967,692
192680,11,4,4030726,Droysenstra�e,2019,3,12,7,3,3,6,0,0,1,0,0,0,0,0,792185,3164,5825637,215
192681,11,6,6030503,Zehlendorf Mitte,2019,3,9,7,3,5,3,0,0,1,0,0,0,0,1,789416,56,5817999,378
192682,11,12,12214424,Scharnweberstra�e,2019,3,16,5,3,2,6,0,0,1,0,0,0,0,1,793309,279,5832660,186
192683,11,12,12103219,Sch�fersee,2019,3,9,7,3,5,2,0,0,1,0,0,0,1,0,795063,7313,5832467,562
192684,11,10,10020412,Alte Hellersdorfer Stra�e,2019,3,15,7,3,6,4,0,1,0,1,0,0,0,1,810969,9685,5832025,658
192685,11,8,8010509,Schulenburgpark,2019,3,14,5,3,5,7,0,0,1,0,0,0,1,1,803655,6953,5822278,953
192686,11,2,2020203,Viktoriapark,2019,3,2,7,3,5,2,2,0,1,0,0,0,0,0,797760,1827,5824597,336
192687,11,2,2010102,Mehringplatz,2019,3,19,7,2,6,4,2,0,1,1,0,0,0,1,798200,4807,5826386,813
192688,11,9,9010302,Sp�thsfelde,2019,3,15,5,3,2,6,0,0,1,0,0,0,0,1,804040,9437,5821221,112
192689,11,6,6030610,Lichterfelde West,2019,3,19,7,2,5,2,2,1,1,0,0,0,0,1,792926,8526,5817768,256
192690,11,9,9030901,Dorf Altglienicke,2019,3,16,5,3,5,2,1,0,1,0,0,0,0,1,808085,312,5816924,185
192691,11,12,12302107,Schorfheidestra�e,2019,3,19,7,3,6,2,2,0,1,1,0,0,0,1,794397,659,5836235,63
192692,11,4,4041342,Schlangenbader Stra�e,2019,3,19,7,3,5,2,2,0,1,0,0,0,0,1,792528,593,5822918,151
192693,11,4,4051653,Prager Platz,2019,3,23,5,2,9,1,2,0,1,0,0,0,0,1,794383,4822,5824838,69
192694,11,6,6010205,S�dende,2019,3,19,7,3,6,2,2,0,1,1,0,0,0,1,795314,8636,5819982,85
192695,11,8,8010118,Silbersteinstra�e,2019,3,20,7,3,5,3,2,1,1,0,0,0,0,1,800819,4939,5822577,93
192696,11,9,9020802,K�llnische Vorstadt,2019,3,20,7,3,8,1,2,0,1,0,0,0,0,1,810041,5726,5819507,931
192697,11,8,8010118,Silbersteinstra�e,2019,3,18,5,3,6,2,1,0,1,1,0,0,0,0,801076,1401,5821981,898
192698,11,8,8020622,Parchimer Allee,2019,3,10,7,3,5,2,0,0,1,0,0,0,0,0,801264,1407,5819820,28
192699,11,9,9020701,Adlershof West,2019,3,20,7,3,5,3,2,0,1,0,0,0,0,1,807657,4901,5819361,404
192700,11,8,8020619,Buschkrugallee Nord,2019,3,21,7,2,6,4,2,0,1,1,0,0,0,1,801431,8283,5821029,718
192701,11,1,1033202,Humboldthain S�d,2019,3,18,5,3,0,1,2,0,0,0,1,0,0,1,797775,1219,5829747,105
192702,11,4,4030931,Breitscheidplatz,2019,3,22,7,3,5,3,2,0,1,0,0,0,0,1,793910,1546,5825533,206
192703,11,8,8010213,K�rnerpark,2019,3,23,7,3,5,3,2,0,1,0,0,0,0,1,801230,7821,5822467,79
192704,11,8,8010404,Rixdorf,2019,3,11,6,3,5,3,0,0,1,0,0,0,0,1,802349,1125,5822949,948
192705,11,7,7070703,John-Locke-Stra�e,2019,3,13,5,3,5,3,0,1,1,0,0,0,0,0,799287,2733,5813135,314
192706,11,1,1044201,Reinickendorfer Stra�e,2019,3,23,6,2,6,4,2,0,1,1,0,0,0,0,796624,5779,5831625,213
192707,11,9,9052001,K�penick Nord,2019,3,1,5,3,9,1,2,0,1,0,0,0,0,1,811541,1437,5823057,501
192708,11,3,3061131,Falkplatz,2019,3,23,6,3,6,4,2,0,1,1,0,0,0,0,798944,2194,5831069,29
192709,11,2,2010102,Mehringplatz,2019,3,17,6,3,2,6,0,1,1,0,0,0,0,0,797933,465,5826387,348
192710,11,3,3010102,Buch,2019,3,6,5,2,6,4,0,0,1,1,0,0,0,1,804879,9504,5841522,898
192711,11,9,9020501,Obersch�neweide West,2019,3,17,6,2,1,1,0,0,1,0,0,0,1,0,806340,8616,5822224,92
192712,11,3,3040614,Pankow Zentrum,2019,3,16,6,2,6,4,0,0,1,1,0,0,0,0,798433,4126,5833809,518
192713,11,3,3061227,Humannplatz,2019,3,14,6,3,5,3,0,0,1,0,0,0,0,1,800086,2845,5831671,75
192714,11,8,8010407,Gewerbegebiet Ederstra�e,2019,3,13,5,3,5,3,0,0,1,0,0,0,0,1,802293,4431,5823884,189
192715,11,2,2010103,Moritzplatz,2019,3,8,6,3,5,3,0,1,1,0,0,0,0,0,799327,2419,5826236,426
192716,11,9,9010301,Baumschulenstra�e,2019,3,19,5,3,3,6,2,1,0,0,0,0,0,1,804945,741,5823041,929
192717,11,4,4041137,Flinsberger Platz,2019,3,5,5,3,0,3,2,0,1,0,1,0,0,1,791521,4526,5823559,678
192718,11,1,1033102,Gesundbrunnen,2019,3,17,5,3,2,6,0,0,1,0,0,0,0,1,797208,509,5831915,814
192719,11,4,4051448,Schaperstra�e,2019,3,6,5,2,5,2,0,1,1,0,0,0,0,1,793917,4918,5824957,62
192720,11,9,9020501,Obersch�neweide West,2019,3,7,5,3,5,3,0,0,1,0,0,0,1,1,805703,8924,5824052,524
192721,11,8,8041036,Zittauer Stra�e,2019,3,8,5,2,5,3,0,1,1,0,0,0,0,1,804619,5426,5816128,755
192722,11,6,6040810,Dahlem,2019,3,22,5,3,6,7,2,0,1,1,0,0,0,1,790489,378,5819760,269
192723,11,2,2010103,Moritzplatz,2019,3,23,5,3,5,3,2,1,1,0,0,0,0,0,799814,295,5825748,785
192724,11,2,2030301,Oranienplatz,2019,3,20,5,3,1,5,2,1,1,0,0,0,0,1,799947,5213,5825964,133
192725,11,3,3030715,Heinersdorf,2019,3,13,5,3,5,3,0,0,1,0,0,0,1,1,800939,6788,5833548,42
192726,11,10,10020517,Adele-Sandrock-Stra�e,2019,3,20,5,3,5,3,2,0,1,0,0,0,0,0,812606,1418,5830417,718
192727,11,8,8010117,Schillerpromenade,2019,3,19,5,3,2,5,2,1,1,0,0,0,0,0,800474,6541,5823594,652
192728,11,9,9052001,K�penick Nord,2019,3,8,5,3,5,3,0,1,1,0,0,0,0,1,810356,9939,5823533,221
192729,11,6,6020303,Lankwitz Kirche,2019,3,18,5,3,6,2,1,0,1,1,0,0,0,0,795552,7451,5818313,191
192730,11,2,2020203,Viktoriapark,2019,3,18,5,3,5,2,2,1,1,0,0,0,0,1,797770,2322,5824017,98
192731,11,2,2030301,Oranienplatz,2019,3,18,5,3,2,6,0,1,1,0,0,0,0,1,799722,8725,5826056,93
192732,11,6,6030610,Lichterfelde West,2019,3,8,5,3,1,5,0,1,1,0,0,0,0,1,791092,8696,5817818,492
192733,11,12,12214424,Scharnweberstra�e,2019,3,17,5,3,3,6,0,0,1,0,0,0,1,1,793214,9994,5832615,173
192734,11,2,2030302,Lausitzer Platz,2019,3,17,5,3,5,3,1,0,1,0,1,0,0,1,800733,7773,5826517,177
192735,11,4,4030827,Karl-August-Platz,2019,3,17,5,3,2,6,0,0,1,0,0,0,0,0,792272,9023,5826111,752
192736,11,2,2030301,Oranienplatz,2019,3,17,5,3,6,4,0,1,0,1,0,0,0,1,799986,5556,5825731,476
192737,11,1,1044202,Sparrplatz,2019,3,12,5,3,5,2,0,0,1,0,0,0,0,1,794619,775,5829877,865
192738,11,9,9051901,Dammvorstadt,2019,3,17,5,3,2,1,0,0,1,0,0,0,0,0,810620,5082,5820336,336
192739,11,3,3010102,Buch,2019,3,16,5,3,0,3,0,0,1,0,1,0,0,1,804813,7833,5841410,604
192740,11,1,1022104,Emdener Stra�e,2019,3,12,5,3,2,6,0,0,1,0,0,0,0,1,793936,6751,5828480,523
192741,11,1,1011401,Invalidenstra�e,2019,3,16,5,3,2,7,0,1,1,0,0,0,0,1,797769,8712,5829051,373
192742,11,1,1022204,Thomasiusstra�e,2019,3,16,5,3,2,2,0,0,1,0,1,0,0,1,795117,8852,5828257,641
192743,11,8,8020727,Buckow Mitte,2019,3,15,5,3,2,1,0,0,1,0,0,0,0,0,801593,8463,5817456,38
192744,11,10,10040828,Kaulsdorf Nord,2019,3,10,5,3,5,3,0,0,1,0,0,0,0,1,811848,433,5829318,869
192745,11,2,2030302,Lausitzer Platz,2019,3,7,5,3,5,2,0,1,1,0,0,0,0,1,800671,4714,5825819,593
192746,11,12,12214424,Scharnweberstra�e,2019,3,8,5,2,5,3,0,0,1,0,0,1,0,0,792689,2488,5833256,902
192747,11,1,1011402,Arkonaplatz,2019,3,8,5,3,2,6,0,0,1,0,1,0,0,1,798097,905,5829959,453
192748,11,10,10030724,Oberfeldstra�e,2019,3,10,5,3,5,7,0,0,1,0,0,0,0,1,808621,2132,5829492,795
192749,11,11,11020514,Gro�e-Leege-Stra�e,2019,3,10,5,3,5,2,0,1,1,0,0,0,0,0,804458,1245,5830929,256
192750,11,10,10010308,Marzahner Chaussee,2019,3,9,5,3,2,6,0,0,1,0,0,0,0,1,806581,1436,5829152,931
192751,11,4,4051654,Wilhelmsaue,2019,3,12,5,3,5,2,0,1,1,0,0,0,0,0,793436,1219,5823922,293
192752,11,9,9051702,B�lschestra�e,2019,3,12,5,3,1,5,0,1,1,0,0,0,0,0,814372,92,5821212,33