OBJECTID,LAND,BEZ,LOR,STRASSE,UJAHR,UMONAT,USTUNDE,UWOCHENTAG,UKATEGORIE,UART,UTYP1,ULICHTVERH,IstRad,IstPKW,IstFuss,IstKrad,IstGkfz,IstSonstige,USTRZUSTAND,LINREFX,LINREFY,XGCSWGS84,YGCSWGS84
192753,11,1,1033201,Brunnenstra�e,2019,3,9,5,3,5,5,0,1,1,0,0,0,0,1,797857,2657,5830383,978
192754,11,9,9052001,K�penick Nord,2019,3,12,5,3,2,2,0,0,1,0,0,0,0,0,810368,9041,5823529,692
192755,11,3,3040614,Pankow Zentrum,2019,3,14,5,3,3,6,0,1,1,0,0,0,0,0,798894,903,5834982,494
192756,11,4,4041134,Bismarckallee,2019,3,6,4,2,5,3,0,1,1,0,0,0,0,1,790855,3244,5823646,832
192757,11,4,4051653,Prager Platz,2019,3,14,5,3,6,7,0,0,1,1,0,0,0,0,794357,1071,5824522,62
192758,11,3,3061227,Humannplatz,2019,3,7,5,3,6,4,0,1,0,1,0,0,0,1,799955,1874,5831077,59
192759,11,7,7040403,Manteuffelstra�e,2019,3,13,4,2,6,4,0,1,0,1,0,0,0,1,797348,5944,5821909,513
192760,11,11,11051331,Karlshorst Nord,2019,3,5,5,3,5,3,2,1,0,0,0,0,1,1,807327,7241,5824796,493
192761,11,9,9052001,K�penick Nord,2019,3,9,4,3,2,2,0,0,1,0,0,0,0,0,809220,1593,5823019,721
192762,11,3,3020203,Blankenfelde,2019,3,9,5,3,2,6,0,0,1,0,0,1,0,0,798702,313,5837415,118
192763,11,4,4020314,Messegel�nde,2019,3,8,5,3,5,2,0,0,1,0,0,0,0,0,790387,1065,5825672,243
192764,11,3,3020209,Niedersch�nhausen,2019,3,15,4,3,0,3,0,1,1,0,0,0,0,1,797573,352,5835074,101
192765,11,7,7010101,Wittenbergplatz/Viktoria-Luise-Platz,2019,3,9,5,2,5,3,0,1,1,0,0,0,0,1,794484,4116,5824915,594
192766,11,1,1011401,Invalidenstra�e,2019,3,20,4,2,6,4,2,0,1,1,0,0,0,1,798436,3438,5829161,565
192767,11,11,11010205,Falkenberg West,2019,3,0,5,2,6,4,2,0,1,1,0,0,0,0,805854,5687,5833606,15
192768,11,8,8020620,Tempelhofer Weg,2019,3,14,4,3,3,6,0,0,1,0,0,1,0,0,800630,8551,5820549,874
192769,11,4,4030931,Breitscheidplatz,2019,3,23,4,3,6,2,2,0,1,1,0,0,0,1,794487,1926,5825868,287
192770,11,4,4051448,Schaperstra�e,2019,3,10,4,3,5,2,0,0,1,0,0,0,0,0,794231,646,5825420,257
192771,11,5,5010209,An der Kappe,2019,3,16,4,3,5,2,0,0,1,0,0,0,0,0,781905,797,5829565,512
192772,11,9,9020702,Adlershof Ost,2019,3,5,4,3,2,6,2,1,0,0,0,0,1,0,809520,78,5819769,871
192773,11,12,12302107,Schorfheidestra�e,2019,3,5,4,3,5,3,2,0,1,0,0,0,0,1,793844,7105,5836157,975
192774,11,10,10040933,Mahlsdorf S�d,2019,3,11,4,2,5,3,0,1,1,0,0,0,0,0,813093,9946,5826504,899
192775,11,3,3030711,Blankenburg,2019,3,12,6,3,5,3,0,1,1,0,0,0,0,1,801526,6469,5836125,721
192776,11,2,2050601,Hausburgviertel,2019,3,20,4,2,6,2,2,0,1,1,0,0,0,0,801880,2092,5828990,558
192777,11,4,4051448,Schaperstra�e,2019,3,20,4,3,5,2,2,1,1,0,0,0,0,0,794168,2083,5825307,41
192778,11,6,6010210,Bismarckstra�e,2019,3,5,4,3,6,2,2,0,1,1,0,0,0,1,794786,7479,5821586,457
192779,11,5,5010206,G�tersloher Weg,2019,3,20,4,2,6,2,2,0,1,1,0,0,0,0,781954,3838,5830607,801
192780,11,12,12214125,Waldidyll/Flughafensee,2019,3,19,4,3,5,2,2,0,1,0,0,0,0,0,790690,321,5834316,46
192781,11,1,1011306,Heine-Viertel Ost,2019,3,6,4,3,5,5,2,0,1,0,1,0,0,1,800063,6754,5826898,652
192782,11,2,2030401,Reichenberger Stra�e,2019,3,19,4,3,4,5,2,0,1,0,0,0,1,0,800625,4603,5825255,542
192783,11,12,12231101,Hermsdorf,2019,3,18,4,3,5,3,1,0,1,0,0,0,0,1,791418,4625,5838758,261
192784,11,2,2020202,Rathaus Yorckstra�e,2019,3,16,4,3,2,2,0,0,1,0,0,0,0,0,797943,2318,5825259,116
192785,11,8,8010404,Rixdorf,2019,3,16,4,2,3,6,0,0,1,0,1,0,1,0,801520,9887,5823833,879
192786,11,11,11010309,Zingster Stra�e West,2019,3,6,4,3,4,7,2,0,1,0,0,0,0,0,804225,406,5833409,672
192787,11,3,3071537,Kollwitzplatz,2019,3,15,4,3,5,3,0,0,1,0,0,0,0,0,799527,8546,5829746,882
192788,11,9,9041402,Siedlung K�mmereiheide,2019,3,7,4,3,5,2,0,1,0,0,0,0,1,0,812462,7442,5820103,141
192789,11,10,10040932,Alt-Mahlsdorf,2019,3,15,4,3,6,4,0,0,0,1,0,0,1,0,812923,9996,5827950,735
192790,11,4,4030519,Kaiserin-Augusta-Allee,2019,3,7,4,3,1,5,0,1,1,0,0,0,0,0,792661,5112,5828245,455
192791,11,4,4030415,Schlo�garten,2019,3,13,4,3,5,2,0,1,1,0,0,0,0,0,791379,3619,5827491,813
192792,11,11,11030721,R�digerstra�e,2019,3,19,5,3,6,2,2,0,1,1,0,0,0,1,804632,9437,5827766,871
192793,11,4,4030931,Breitscheidplatz,2019,3,12,4,3,1,5,0,1,1,0,0,0,0,0,794343,171,5825940,22
192794,11,1,1022202,Heidestra�e,2019,3,13,4,3,5,2,0,0,1,0,0,0,0,0,795664,665,5829738,324
192795,11,6,6020409,K�nigsberger Stra�e,2019,3,11,4,3,5,7,0,1,1,0,0,0,0,0,794061,1949,5818772,899
192796,11,7,7030301,Friedenau,2019,3,13,4,3,1,7,0,0,1,0,0,0,1,0,793645,4629,5822419,666
192797,11,1,1011101,St�lerstra�e,2019,3,11,4,3,5,3,0,1,1,0,0,0,0,0,795306,8497,5826271,315
192798,11,1,1011201,Wilhelmstra�e,2019,3,11,4,2,5,2,0,1,1,0,0,0,0,0,796961,1086,5826699,89
192799,11,1,1022202,Heidestra�e,2019,3,13,4,3,5,2,0,1,1,0,0,0,0,0,795668,9129,5829732,336
192800,11,7,7070703,John-Locke-Stra�e,2019,3,11,4,3,5,2,0,0,1,0,1,0,0,0,799019,8548,5814282,127
192801,11,4,4030621,Spreestadt,2019,3,9,4,3,6,4,0,1,0,1,0,0,0,0,793760,8617,5827072,999
192802,11,9,9051901,Dammvorstadt,2019,3,8,4,3,3,6,0,0,0,0,1,0,1,0,810726,8885,5820929,841
192803,11,7,7020203,Kaiser-Wilhelm-Platz,2019,3,15,4,2,6,4,0,0,1,1,0,0,0,0,795356,127,5823479,369
192804,11,1,1033203,Humboldthain Nordwest,2019,3,7,4,3,5,2,0,0,1,0,0,0,0,0,796852,9193,5830641,47
192805,11,4,4030621,Spreestadt,2019,3,15,4,3,2,6,0,0,1,0,0,0,1,0,793294,4273,5827818,962
192806,11,3,3030715,Heinersdorf,2019,3,7,4,3,5,2,0,1,1,0,0,0,0,0,800883,1644,5833381,892
192807,11,10,10040931,Mahlsdorf Nord,2019,3,6,4,3,6,4,1,0,1,1,0,0,0,0,813278,5266,5829057,579
192808,11,5,5010314,Carl-Schurz-Stra�e,2019,3,15,4,3,0,2,0,0,1,0,0,0,1,0,784846,5804,5829228,539
192809,11,3,3040614,Pankow Zentrum,2019,3,15,3,3,5,3,0,1,1,0,0,0,0,0,797774,77,5832965,555
192810,11,4,4030726,Droysenstra�e,2019,3,19,5,3,5,3,2,1,1,0,0,0,0,1,792090,9226,5825310,163
192811,11,6,6010101,Fichtenberg,2019,3,8,3,3,5,3,0,1,0,0,0,0,1,0,792715,329,5821673,533
192812,11,4,4051445,Eisenzahnstra�e,2019,3,21,3,3,6,2,2,1,0,1,0,0,0,0,792337,216,5824074,31
192813,11,2,2050802,Boxhagener Platz,2019,3,19,3,3,5,3,2,0,1,0,0,0,1,1,802524,2252,5827271,208
192814,11,11,11030619,Fennpfuhl Ost,2019,3,16,4,2,5,7,0,0,1,0,1,0,0,0,804146,4714,5829812,456
192815,11,4,4041134,Bismarckallee,2019,3,19,3,3,2,6,2,0,1,0,0,0,0,1,790861,2747,5824620,665
192816,11,2,2010103,Moritzplatz,2019,3,19,3,3,5,2,2,1,1,0,0,0,0,0,799118,3786,5826276,424
192817,11,4,4030620,Alt-Lietzow,2019,3,16,4,3,2,7,0,1,1,0,0,0,0,0,792611,259,5827365,268
192818,11,7,7020203,Kaiser-Wilhelm-Platz,2019,3,18,3,3,6,2,2,0,1,1,0,0,0,1,796116,3313,5824097,43
192819,11,1,1011105,N�rdlicher Landwehrkanal,2019,3,18,3,3,5,3,2,1,1,0,0,0,0,1,795848,7077,5826675,736
192820,11,8,8010406,Treptower Stra�e Nord,2019,3,19,3,3,5,2,2,1,1,0,0,0,0,1,802025,7381,5824298,294
192821,11,5,5010312,Kurstra�e,2019,3,16,4,2,5,7,0,0,1,0,0,0,0,0,784826,8174,5830252,302
192822,11,7,7040405,Rathaus Tempelhof,2019,3,17,3,3,5,3,2,0,1,0,0,0,0,1,799070,521,5821704,455
192823,11,7,7070705,Franziusweg/Rohrbachstra�e,2019,3,18,4,3,5,2,1,1,1,0,0,0,0,0,798388,65,5813699,983
192824,11,1,1022206,L�neburger Stra�e,2019,3,17,3,2,6,4,1,0,1,1,0,0,0,1,796203,8335,5828205,897
192825,11,8,8010404,Rixdorf,2019,3,16,3,2,6,7,0,0,1,1,0,0,0,0,801713,865,5823697,488
192826,11,2,2020204,Urbanstra�e,2019,3,20,4,3,0,1,2,1,1,0,0,0,0,0,798458,6781,5824735,743
192827,11,9,9051701,Hirschgarten,2019,3,15,3,3,5,3,2,1,1,0,0,0,0,0,813348,9456,5821562,382
192828,11,1,1011101,St�lerstra�e,2019,3,15,3,3,3,6,0,0,1,0,1,0,0,1,794479,5559,5826092,151
192829,11,6,6020302,Komponistenviertel Lankwitz,2019,3,23,4,3,6,7,2,0,1,1,0,0,0,1,794684,2267,5819217,976
192830,11,4,4020310,Park Ruhwald,2019,3,10,3,3,6,3,0,0,1,1,0,0,0,1,790347,57,5827464,472
192831,11,10,10020413,Gut Hellersdorf,2019,3,12,3,2,0,3,0,0,1,0,1,0,0,1,811461,8337,5830676,287
192832,11,6,6040810,Dahlem,2019,3,12,3,2,5,2,0,0,1,0,0,1,0,0,791226,5729,5820636,548
192833,11,4,4030931,Breitscheidplatz,2019,3,16,3,3,2,6,0,0,1,0,0,0,1,0,794095,212,5826439,412
192834,11,11,11020515,Landsberger Allee,2019,3,6,3,3,6,4,1,0,0,1,1,0,0,0,803600,4629,5830227,555
192835,11,1,1011402,Arkonaplatz,2019,3,6,3,3,5,2,0,1,1,0,0,0,0,0,798798,1988,5829172,914
192836,11,2,2010102,Mehringplatz,2019,3,9,3,2,1,5,0,1,1,0,0,0,0,0,798037,3036,5826555,497
192837,11,12,12302212,Rollbergesiedlung,2019,3,6,3,3,0,3,0,0,1,0,1,0,0,1,792791,1302,5837479,513
192838,11,7,7030301,Friedenau,2019,3,19,3,3,0,2,2,0,1,0,0,0,1,0,794241,9163,5822036,98
192839,11,1,1011203,Unter den Linden S�d,2019,3,6,3,3,5,3,0,0,1,0,0,0,0,0,797782,9293,5827352,193
192840,11,1,1022103,Westhafen,2019,3,7,3,3,3,6,0,1,0,0,0,1,0,0,795649,8481,5829746,648
192841,11,3,3040513,Sch�nholz,2019,3,19,3,2,5,3,2,1,1,0,0,0,0,0,797412,3571,5833971,488
192842,11,3,3061332,Helmholtzplatz,2019,3,8,3,3,2,2,0,1,1,0,0,0,0,0,799927,3735,5830736,112
192843,11,2,2020204,Urbanstra�e,2019,3,8,3,3,5,3,0,1,1,0,0,0,0,0,799102,428,5825207,14
192844,11,6,6020409,K�nigsberger Stra�e,2019,3,17,3,3,0,2,0,1,1,0,0,0,0,1,793122,9027,5817654,353
192845,11,3,3050920,Wei�er See,2019,3,19,3,3,5,3,2,0,1,0,0,0,0,0,802185,2157,5832421,244
192846,11,1,1033202,Humboldthain S�d,2019,3,9,3,3,6,4,0,0,1,1,0,0,0,0,797744,8473,5829711,43
192847,11,1,1044203,Leopoldplatz,2019,3,5,5,3,0,6,2,0,1,0,1,0,0,1,795085,2848,5831211,714
192848,11,1,1011305,Heine-Viertel West,2019,3,9,3,3,5,2,0,1,1,0,0,0,0,0,799648,6808,5827039,581
192849,11,4,4020310,Park Ruhwald,2019,3,17,3,3,5,2,1,1,1,0,0,0,0,0,790373,8651,5827299,193
192850,11,6,6030610,Lichterfelde West,2019,3,10,3,3,5,3,0,0,1,0,0,0,0,0,792933,5835,5817745,462
192851,11,4,4030620,Alt-Lietzow,2019,3,11,3,3,5,3,0,0,1,0,0,0,0,0,791992,613,5827500,99
192852,11,5,5030730,Zitadellenweg,2019,3,16,3,3,5,3,0,1,1,0,0,0,0,0,786453,434,5831100,42
192853,11,4,4051653,Prager Platz,2019,3,11,3,3,5,2,0,1,1,0,0,0,0,0,794040,2623,5824716,526
192854,11,4,4030417,Schlo�stra�e,2019,3,18,3,3,5,3,2,1,1,0,0,0,0,1,791493,2201,5827210,917
192855,11,1,1011204,Leipziger Stra�e,2019,3,16,3,3,5,7,0,0,1,0,0,0,0,0,798525,9738,5826770,855
192856,11,2,2050802,Boxhagener Platz,2019,3,16,3,3,1,5,0,1,1,0,0,0,0,1,802304,3386,5827104,549
192857,11,11,11030618,Fennpfuhl West,2019,3,17,3,3,5,3,0,0,1,0,0,0,0,0,802949,9153,5829190,773
192858,11,2,2020202,Rathaus Yorckstra�e,2019,3,16,3,2,6,4,0,0,1,1,0,0,0,0,797867,16,5825068,566
192859,11,7,7040403,Manteuffelstra�e,2019,3,16,3,3,5,3,0,1,1,0,0,0,0,0,797389,141,5821873,231
192860,11,1,1011105,N�rdlicher Landwehrkanal,2019,3,9,2,3,1,5,0,1,1,0,0,0,0,0,796736,1946,5826827,547
192861,11,1,1011401,Invalidenstra�e,2019,3,17,3,3,5,3,0,1,0,0,0,1,0,0,797843,4225,5829077,815
192862,11,2,2020206,Graefekiez,2019,3,18,2,3,2,2,2,0,1,0,0,0,0,1,799685,1834,5824504,7
192863,11,8,8010406,Treptower Stra�e Nord,2019,3,18,5,3,5,3,2,1,1,0,0,0,0,1,802381,5512,5824040,972
192864,11,4,4051446,Preu�enpark,2019,3,16,2,3,6,4,0,0,1,1,0,0,0,0,792827,8656,5824351,434
192865,11,4,4051653,Prager Platz,2019,3,16,2,3,2,6,1,0,1,0,0,0,0,1,793993,6301,5824427,361
192866,11,2,2020206,Graefekiez,2019,3,16,2,3,5,3,0,1,1,0,0,0,0,0,799611,2848,5824523,634
192867,11,6,6010102,Schlo�stra�e,2019,3,15,2,3,2,6,0,0,1,0,0,0,0,0,793619,4948,5820552,137
192868,11,1,1022101,Huttenkiez,2019,3,14,2,3,5,7,0,0,1,0,1,0,0,0,793271,9817,5828544,641
192869,11,5,5030730,Zitadellenweg,2019,3,14,3,3,2,6,0,0,1,0,0,0,0,0,786448,556,5830945,616
192870,11,10,10010310,Alt-Marzahn,2019,3,14,2,3,5,3,0,0,1,0,0,0,0,0,807807,29,5830769,237
192871,11,6,6020410,Oberhofer Platz,2019,3,12,2,3,3,6,0,1,1,0,0,0,0,1,794242,6885,5817028,558
192872,11,3,3061332,Helmholtzplatz,2019,3,11,3,3,5,7,0,1,0,0,0,0,1,0,799735,9922,5830870,747
192873,11,7,7060604,Marienfelde S�d,2019,3,13,2,3,5,2,0,0,1,0,0,0,1,1,795808,6524,5816024,528
192874,11,6,6020408,Lichterfelde S�d,2019,3,13,2,3,1,5,0,0,1,0,1,0,0,1,792834,508,5816448,972
192875,11,8,8010211,Flughafenstra�e,2019,3,10,3,3,5,3,0,1,0,0,0,0,1,1,800440,1271,5823728,65
192876,11,7,7040401,Neu-Tempelhof,2019,3,12,2,3,5,3,0,0,1,0,0,0,0,1,797105,54,5823462,511
192877,11,4,4030518,Tegeler Weg,2019,3,12,2,3,5,3,0,0,1,0,0,0,0,1,791479,6966,5828283,765
192878,11,1,1033102,Gesundbrunnen,2019,3,11,2,3,1,5,0,0,1,0,1,0,0,0,797571,4507,5831290,818
192879,11,4,4051653,Prager Platz,2019,3,10,3,3,6,4,0,1,0,1,0,0,0,0,794137,395,5824705,94
192880,11,4,4020313,K�nigin-Elisabeth-Stra�e,2019,3,9,2,3,2,6,0,0,1,0,0,0,0,1,790214,796,5826660,659
192881,11,8,8010404,Rixdorf,2019,3,17,5,3,2,6,2,0,1,0,0,0,0,1,802603,269,5823076,336
192882,11,4,4030623,Ernst-Reuter-Platz,2019,3,6,2,3,3,6,0,0,1,0,0,0,0,1,792999,8361,5826960,768
192883,11,4,4030930,George-Grosz-Platz,2019,3,18,2,3,5,2,1,0,1,0,1,0,0,1,792961,1267,5825687,952
192884,11,4,4051448,Schaperstra�e,2019,3,9,3,3,5,2,0,0,1,0,1,0,0,0,794172,1556,5825317,13
192885,11,1,1011204,Leipziger Stra�e,2019,3,19,2,3,5,3,2,1,1,0,0,0,0,1,798020,6032,5826589,865
192886,11,9,9020701,Adlershof West,2019,3,19,2,3,5,3,2,1,1,0,0,0,0,1,807874,7835,5818129,657
192887,11,2,2020202,Rathaus Yorckstra�e,2019,3,8,3,2,6,2,0,0,0,1,0,1,0,0,797945,1393,5825258,906
192888,11,2,2020206,Graefekiez,2019,3,20,2,2,5,3,2,1,1,0,0,0,0,1,799561,8065,5824891,292
192889,11,1,1022202,Heidestra�e,2019,3,22,2,2,5,2,2,0,1,0,0,0,0,1,795665,74,5829739,276
192890,11,9,9010101,Elsenstra�e,2019,3,8,3,3,5,3,0,1,1,0,0,0,0,1,802121,3644,5825068,427
192891,11,1,1011301,Charit�viertel,2019,3,23,2,2,6,4,2,0,1,1,0,0,0,0,796859,435,5828863,782
192892,11,1,1011201,Wilhelmstra�e,2019,3,8,3,3,5,3,0,1,1,0,0,0,0,1,797646,8075,5826896,191
192893,11,5,5010314,Carl-Schurz-Stra�e,2019,3,17,2,2,6,4,1,0,1,1,0,0,0,1,784616,214,5828841,983
192894,11,9,9020702,Adlershof Ost,2019,3,8,2,3,5,3,0,0,1,0,0,0,0,0,809468,6383,5819066,285
192895,11,2,2020203,Viktoriapark,2019,3,0,3,3,5,3,2,0,1,0,0,0,0,1,797809,833,5824908,594
192896,11,11,11030721,R�digerstra�e,2019,3,17,2,2,0,1,0,1,0,0,0,0,0,1,805209,7064,5828125,408
192897,11,5,5010314,Carl-Schurz-Stra�e,2019,3,6,3,3,0,6,0,0,0,0,1,0,1,1,784969,3741,5829415,118
192898,11,10,10040933,Mahlsdorf S�d,2019,3,4,2,3,0,6,2,0,1,0,0,0,1,1,813149,614,5826930,516
192899,11,1,1044103,Westliche M�llerstra�e,2019,3,13,2,3,0,1,0,0,0,0,1,0,0,1,795186,3645,5831034,125
192900,11,6,6030502,Zehlendorf S�d,2019,3,7,3,3,5,2,0,1,1,0,0,0,0,0,790233,2817,5814957,489
192901,11,12,12302110,Dannenwalder Weg,2019,3,18,1,3,5,2,1,1,1,0,0,0,0,0,794990,7913,5836323,183
192902,11,8,8020619,Buschkrugallee Nord,2019,3,13,1,3,5,2,0,0,1,0,0,0,0,1,801856,445,5821906,435
192903,11,4,4030827,Karl-August-Platz,2019,3,7,3,3,3,6,0,0,1,0,1,0,0,0,792344,7515,5826120,703
192904,11,9,9030901,Dorf Altglienicke,2019,3,0,1,2,1,5,2,0,1,0,0,0,0,0,808008,877,5816742,563
192905,11,4,4020310,Park Ruhwald,2019,3,22,1,3,4,1,2,0,1,0,0,0,1,1,790223,1405,5828157,83
192906,11,1,1033203,Humboldthain Nordwest,2019,3,16,3,3,2,6,0,0,1,0,0,0,0,0,796957,3703,5831433,892
192907,11,3,3061131,Falkplatz,2019,3,18,1,3,0,6,2,0,1,0,1,0,0,1,799180,805,5830843,803
192908,11,3,3030715,Heinersdorf,2019,3,8,3,3,5,2,0,1,1,0,0,0,0,1,800131,6555,5833862,363
192909,11,1,1011304,Karl-Marx-Allee,2019,3,17,1,3,5,2,1,1,1,0,0,0,0,1,800051,239,5828091,307
192910,11,5,5020625,Borkumer Stra�e,2019,3,16,1,3,2,1,0,0,1,0,1,0,0,1,783743,6279,5828681,991
192911,11,5,5020626,Adamstra�e,2019,3,16,3,3,6,4,0,0,1,1,0,0,0,0,784701,7652,5827687,64
192912,11,2,2010104,Wassertorplatz,2019,3,15,1,3,3,6,0,0,1,0,1,0,0,1,799860,4213,5825697,363
192913,11,4,4020208,Kranzallee,2019,3,15,1,3,5,3,0,0,1,0,0,0,0,1,788805,654,5825931,392
192914,11,12,12214422,Klixstra�e,2019,3,10,1,3,5,3,0,0,1,0,0,0,0,1,792091,3586,5832945,375
192915,11,3,3040614,Pankow Zentrum,2019,3,8,3,3,1,5,0,1,1,0,0,0,0,1,798737,7957,5833132,832
192916,11,6,6030504,Teltower Damm,2019,3,4,1,2,6,4,2,0,0,1,0,0,1,1,788960,6713,5816411,527
192917,11,2,2020206,Graefekiez,2019,3,23,1,3,2,2,2,0,1,0,0,0,0,1,800125,2433,5824422,947
192918,11,6,6020411,Sch�tte-Lanz-Stra�e,2019,3,10,1,3,2,6,0,0,1,0,0,0,0,1,793387,3496,5816216,625
192919,11,3,3040614,Pankow Zentrum,2019,3,16,3,3,2,6,0,1,1,0,0,0,0,0,799346,1554,5834261,743
192920,11,1,1044202,Sparrplatz,2019,3,10,1,3,5,3,0,0,1,0,0,0,0,0,795409,961,5830258,652
192921,11,1,1044201,Reinickendorfer Stra�e,2019,3,23,1,3,9,1,2,0,1,0,0,0,0,1,797107,9674,5831922,887
192922,11,7,7010102,Nollendorfplatz,2019,3,13,7,3,2,6,0,0,1,0,0,0,0,0,794964,4202,5825398,172
192923,11,7,7040404,Marienh�he,2019,3,16,3,3,2,6,0,0,1,0,0,1,0,0,796369,7041,5819726,733
192924,11,1,1011303,Alexanderplatzviertel,2019,3,17,7,3,6,4,1,0,1,1,0,0,0,0,798961,3042,5828525,637
192925,11,3,3050920,Wei�er See,2019,3,16,3,3,3,6,0,0,1,0,0,0,1,0,802763,3012,5832374,953
192926,11,4,4030620,Alt-Lietzow,2019,3,18,7,3,5,2,2,1,1,0,0,0,0,0,792174,1124,5827293,184
192927,11,5,5020524,Weinmeisterhornweg,2019,3,14,7,3,5,3,0,0,1,0,0,0,0,0,783139,7998,5826434,53
192928,11,4,4030416,Klausenerplatz,2019,3,14,3,3,1,5,0,0,1,0,1,0,0,0,790879,7646,5827050,138
192929,11,11,11020513,Orankesee,2019,3,13,7,3,5,2,0,0,1,0,0,0,0,0,802883,73,5831201,591
192930,11,4,4030621,Spreestadt,2019,3,12,7,3,3,1,0,1,0,0,0,0,1,0,793245,8398,5827801,771
192931,11,3,3051017,Rennbahnstra�e,2019,3,18,7,3,5,3,2,0,1,0,0,0,0,0,802494,4189,5832696,476
192932,11,4,4010101,Jungfernheide,2019,3,14,3,2,5,2,0,0,1,0,1,0,0,0,791216,58,5829730,96
192933,11,7,7020203,Kaiser-Wilhelm-Platz,2019,3,12,7,3,6,4,0,1,0,1,0,0,0,0,795726,978,5824016,603
192934,11,9,9020702,Adlershof Ost,2019,3,18,5,2,6,2,2,0,1,1,0,0,0,1,809668,744,5819050,76
192935,11,2,2040502,Friedenstra�e,2019,3,12,7,3,5,7,0,0,1,0,0,0,0,0,800778,3025,5828423,489
192936,11,1,1022201,Stephankiez,2019,3,6,7,3,2,6,2,0,1,0,0,0,1,1,795218,8942,5829333,622
192937,11,1,1011201,Wilhelmstra�e,2019,3,19,7,3,2,2,2,0,1,0,0,0,0,0,797180,9336,5827188,66
192938,11,12,12103218,Teichstra�e,2019,3,14,3,3,5,3,0,0,1,0,0,0,0,0,794831,4543,5833499,647
192939,11,8,8041037,Alt-Rudow,2019,3,19,7,2,6,7,2,1,0,1,0,0,0,0,805777,9561,5817112,593
192940,11,1,1033202,Humboldthain S�d,2019,3,18,5,3,5,2,1,1,1,0,0,0,0,1,796963,9548,5830140,609
192941,11,5,5020523,Maulbeerallee,2019,3,18,7,2,1,1,2,0,1,0,0,0,0,0,782330,8149,5827312,483
192942,11,3,3071537,Kollwitzplatz,2019,3,1,7,3,5,5,2,0,1,0,0,0,0,0,799342,9889,5829458,284
192943,11,4,4051446,Preu�enpark,2019,3,18,2,3,6,2,1,0,1,1,0,0,0,0,792914,2762,5824363,81
192944,11,11,11051332,Karlshorst S�d,2019,3,1,7,3,0,1,2,1,0,0,0,0,0,0,806980,5867,5823416,997
192945,11,2,2050802,Boxhagener Platz,2019,3,15,6,2,5,2,0,1,1,0,0,0,0,0,802110,106,5827355,439
192946,11,3,3040818,Pankow S�d,2019,3,14,2,3,2,6,0,0,1,0,0,0,0,1,799663,2174,5833724,552
192947,11,1,1011201,Wilhelmstra�e,2019,3,17,6,3,2,2,1,0,1,0,0,0,0,0,796974,4818,5826706,322
192948,11,8,8020622,Parchimer Allee,2019,3,17,6,3,6,4,0,1,0,1,0,0,0,0,802238,143,5819101,448
192949,11,2,2010104,Wassertorplatz,2019,3,16,6,3,2,3,0,1,0,0,0,0,1,0,799574,8006,5825635,107
192950,11,2,2020204,Urbanstra�e,2019,3,19,2,3,6,2,2,0,1,1,0,0,0,1,798707,835,5824709,15
192951,11,3,3040614,Pankow Zentrum,2019,3,13,6,3,6,3,0,0,1,1,0,0,0,0,798971,9462,5835025,925
192952,11,4,4020311,Reichsstra�e,2019,3,12,2,3,6,2,0,0,1,1,0,0,0,0,789727,1188,5826409,311
192953,11,4,4030931,Breitscheidplatz,2019,3,14,6,3,2,2,0,0,0,0,0,0,1,0,793981,8524,5826162,257
192954,11,5,5020626,Adamstra�e,2019,3,14,6,2,5,3,0,1,0,0,1,0,0,0,784517,7478,5827998,304
192955,11,6,6010207,Mittelstra�e,2019,3,12,2,3,5,7,0,0,1,0,1,0,0,1,793478,6011,5820180,581
192956,11,4,4031032,Halensee,2019,3,12,6,3,5,3,0,0,1,0,0,0,0,0,791642,997,5824519,555
192957,11,9,9020701,Adlershof West,2019,3,13,6,3,5,2,0,1,1,0,0,0,0,0,808325,7457,5818864,446
192958,11,6,6040809,Thielallee,2019,3,14,6,3,0,7,0,0,1,0,0,0,0,0,791693,611,5819352,98
192959,11,1,1011303,Alexanderplatzviertel,2019,3,8,6,3,5,7,0,0,1,0,1,0,0,0,798871,4315,5827929,594
192960,11,5,5030731,Gartenfelder Stra�e,2019,3,7,2,3,0,5,0,0,1,0,0,0,0,0,786989,2124,5830133,217
192961,11,10,10030727,Biesdorf S�d,2019,3,8,6,2,0,6,0,0,1,0,0,0,1,0,809546,1065,5827038,484
192962,11,3,3020209,Niedersch�nhausen,2019,3,14,6,3,5,3,0,1,1,0,0,0,0,0,797965,2071,5835015,982
192963,11,9,9051701,Hirschgarten,2019,3,8,2,3,5,3,0,1,1,0,0,0,0,1,813590,8992,5821668,966
192964,11,1,1011402,Arkonaplatz,2019,3,1,6,3,3,6,2,0,1,0,0,0,0,0,798175,89,5829815,102
192965,11,8,8010213,K�rnerpark,2019,3,19,6,3,5,3,2,0,1,0,0,0,0,0,801230,9766,5822467,843
192966,11,3,3061441,Eldenaer Stra�e,2019,3,18,6,2,4,2,2,0,1,0,1,0,0,0,802881,5991,5828633,541
192967,11,8,8010301,Reuterkiez,2019,3,10,2,3,2,6,0,0,0,0,0,0,1,0,801132,6868,5824109,906
192968,11,1,1022207,Hansaviertel,2019,3,18,6,3,2,6,2,0,1,0,0,0,0,0,794380,342,5827618,864
192969,11,4,4051446,Preu�enpark,2019,3,11,2,3,5,3,0,1,1,0,0,0,0,1,792730,7974,5824454,424
192970,11,5,5010206,G�tersloher Weg,2019,3,18,6,3,0,2,2,0,1,0,1,0,0,0,782447,1142,5831049,668