OBJECTID,LAND,BEZ,LOR,STRASSE,UJAHR,UMONAT,USTUNDE,UWOCHENTAG,UKATEGORIE,UART,UTYP1,ULICHTVERH,IstRad,IstPKW,IstFuss,IstKrad,IstGkfz,IstSonstige,USTRZUSTAND,LINREFX,LINREFY,XGCSWGS84,YGCSWGS84
192971,11,10,10040830,Kaulsdorf S�d,2019,2,13,5,3,3,6,0,1,0,0,0,0,1,0,810926,2181,5826866,863
192972,11,10,10030727,Biesdorf S�d,2019,3,13,2,3,6,4,0,0,1,1,0,0,0,1,809719,1147,5826252,779
192973,11,8,8010301,Reuterkiez,2019,2,16,5,3,5,3,0,0,1,0,1,0,0,0,800667,8905,5825096,72
192974,11,4,4020311,Reichsstra�e,2019,2,10,5,3,5,3,0,0,1,0,0,0,0,0,789992,273,5826317,665
192975,11,8,8020620,Tempelhofer Weg,2019,3,15,2,3,5,3,0,0,1,0,0,0,0,1,800866,1553,5820935,969
192976,11,5,5030833,Motardstra�e,2019,2,12,5,3,5,2,0,0,1,0,1,0,0,0,789197,438,5829295,488
192977,11,8,8040933,Vogelviertel S�d,2019,2,8,5,3,5,2,0,0,1,0,1,0,0,0,802823,839,5818895,289
192978,11,12,12304314,Ziekowstra�e/Freie Scholle,2019,3,15,2,3,2,6,0,0,1,0,0,0,0,0,790203,4545,5835864,46
192979,11,7,7040401,Neu-Tempelhof,2019,2,8,5,3,5,7,0,0,1,0,1,0,0,0,797589,8291,5823875,455
192980,11,12,12214424,Scharnweberstra�e,2019,2,15,5,3,5,3,0,0,1,0,0,0,0,0,792823,8576,5832743,854
192981,11,8,8040933,Vogelviertel S�d,2019,2,15,5,2,5,2,0,0,1,0,0,0,0,0,803573,5748,5818648,137
192982,11,11,11030618,Fennpfuhl West,2019,3,16,2,3,2,6,0,0,1,0,0,0,0,1,803195,6948,5829601,537
192983,11,1,1022204,Thomasiusstra�e,2019,2,16,5,2,6,4,0,0,1,1,0,0,0,0,795204,7096,5828254,259
192984,11,11,11030619,Fennpfuhl Ost,2019,3,19,2,3,6,4,2,0,1,1,0,0,0,1,803957,9886,5829072,214
192985,11,1,2040501,Barnimkiez,2019,2,16,5,2,3,6,1,1,0,0,0,0,0,0,800252,5202,5828426,328
192986,11,4,4030620,Alt-Lietzow,2019,2,16,5,3,5,2,0,1,1,0,0,0,0,0,792145,4044,5827329,869
192987,11,8,8030829,Gropiusstadt Nord,2019,3,21,2,2,6,4,2,0,1,1,0,0,0,1,803126,2791,5818428,76
192988,11,1,1011203,Unter den Linden S�d,2019,2,17,5,3,6,7,1,0,1,1,0,0,0,0,797796,8685,5827223,848
192989,11,12,12214527,Alt-Tegel,2019,2,11,5,3,6,7,0,0,1,1,0,0,0,0,789990,4553,5835207,498
192990,11,11,11030720,Herzbergstra�e,2019,2,11,5,2,5,2,0,0,1,0,1,0,0,0,805177,535,5829640,98
192991,11,2,2020205,Chamissokiez,2019,3,22,2,3,2,6,2,1,0,0,0,1,0,1,797955,4158,5824572,391
192992,11,3,3040614,Pankow Zentrum,2019,2,11,5,2,6,4,0,0,1,1,0,0,0,0,798238,9904,5833057,411
192993,11,5,5010206,G�tersloher Weg,2019,3,5,5,2,6,4,2,0,1,1,0,0,0,1,782362,4141,5830484,834
192994,11,8,8010117,Schillerpromenade,2019,3,8,2,3,3,6,0,0,0,0,0,0,1,1,800471,8821,5823605,295
192995,11,2,2020206,Graefekiez,2019,3,19,5,3,5,2,2,0,1,0,1,0,0,1,799966,9681,5824448,336
192996,11,10,10010309,Springpfuhl,2019,3,12,2,3,0,1,0,0,0,0,1,0,0,1,807850,7033,5829081,968
192997,11,1,1011302,Oranienburger Stra�e,2019,3,10,1,3,5,2,0,1,1,0,0,0,0,0,799060,3904,5829007,106
192998,11,2,2050802,Boxhagener Platz,2019,3,15,5,3,5,3,0,1,1,0,0,0,0,1,802478,9704,5827048,91
192999,11,7,7010104,Dennewitzplatz,2019,3,20,1,2,0,1,2,0,0,0,1,0,0,0,796001,183,5825140,227
193000,11,9,9041402,Siedlung K�mmereiheide,2019,3,14,1,2,3,6,0,1,0,0,0,0,0,0,812479,6566,5820105,84
193001,11,1,1022104,Emdener Stra�e,2019,3,22,5,3,6,2,2,0,1,1,0,0,0,1,794559,7557,5828452,36
193002,11,9,9051801,Rahnsdorf/Hessenwinkel,2019,3,14,1,3,5,3,0,1,1,0,0,0,0,0,818885,3831,5820468,318
193003,11,5,5010312,Kurstra�e,2019,3,16,5,3,1,5,0,1,1,0,0,0,0,1,785183,4255,5829463,44
193004,11,11,11020516,Wei�e Taube,2019,3,13,1,3,3,6,0,1,1,0,0,0,0,0,806095,2598,5830640,962
193005,11,8,8020625,Handwerker-Siedlung,2019,3,16,5,2,5,3,0,0,1,0,0,0,0,1,801488,742,5817852,985
193006,11,7,7030301,Friedenau,2019,3,12,1,3,2,6,0,0,1,0,0,0,0,0,794301,1414,5822143,203
193007,11,1,1011301,Charit�viertel,2019,3,11,1,3,6,4,0,0,1,1,0,0,0,0,796998,4923,5828875,872
193008,11,1,3071537,Kollwitzplatz,2019,3,11,1,3,2,7,0,1,1,0,0,0,0,0,799502,4453,5828872,739
193009,11,7,7040401,Neu-Tempelhof,2019,3,10,1,3,5,3,0,0,1,0,0,0,0,0,797018,1071,5823302,89
193010,11,6,6040810,Dahlem,2019,3,10,1,3,5,3,0,0,1,0,0,0,0,0,790404,9748,5820902,902
193011,11,8,8041036,Zittauer Stra�e,2019,3,14,6,3,5,3,0,0,1,0,0,0,0,0,804621,3515,5816384,309
193012,11,4,4030931,Breitscheidplatz,2019,3,0,1,3,5,2,2,1,1,0,0,0,0,0,793915,4291,5825885,462
193013,11,12,12103218,Teichstra�e,2019,3,13,1,1,6,4,0,0,0,1,1,0,0,0,794621,4118,5832991,569
193014,11,4,4030620,Alt-Lietzow,2019,3,8,5,3,5,2,0,1,1,0,0,0,0,1,792692,1291,5827061,108
193015,11,10,10020622,Kaulsdorf Nord I,2019,3,9,7,3,6,2,0,0,1,1,0,0,0,0,810877,1569,5828857,907
193016,11,5,5010101,Hakenfelde Nord,2019,3,16,5,3,2,6,0,0,1,0,0,0,1,1,781568,1217,5835391,191
193017,11,1,1044101,Rehberge,2019,3,13,7,3,2,6,0,0,1,0,0,0,0,0,794315,3942,5830510,949
193018,11,10,10020412,Alte Hellersdorfer Stra�e,2019,3,16,5,3,6,4,0,0,1,1,0,0,0,1,811313,7933,5831717,287
193019,11,2,2050803,Stralauer Kiez,2019,3,5,7,3,4,1,2,0,1,0,0,0,0,1,803133,2794,5826334,7
193020,11,6,6030610,Lichterfelde West,2019,3,9,7,3,2,6,0,0,1,0,0,0,0,0,792525,3884,5817835,801
193021,11,1,1022203,L�becker Stra�e,2019,3,0,5,3,5,3,2,0,1,0,0,0,0,1,795147,5102,5828498,712
193022,11,5,5030730,Zitadellenweg,2019,3,14,7,3,2,6,0,0,1,0,0,0,0,0,786922,8194,5829322,538
193023,11,8,8020622,Parchimer Allee,2019,3,16,5,3,3,6,0,0,1,0,0,0,0,1,801284,1379,5819669,38
193024,11,5,5020629,B�rnicker Stra�e,2019,3,14,7,3,6,7,0,0,1,1,0,0,0,0,784174,3098,5825613,128
193025,11,7,7010102,Nollendorfplatz,2019,3,16,5,3,6,4,0,0,1,1,0,0,0,1,794949,7937,5825396,285
193026,11,5,5010209,An der Kappe,2019,3,12,7,3,5,2,0,0,1,0,1,0,0,0,781905,9733,5829570,797
193027,11,8,8040933,Vogelviertel S�d,2019,3,10,7,3,5,3,0,0,1,0,1,0,0,0,803289,7408,5818541,7
193028,11,5,5010314,Carl-Schurz-Stra�e,2019,3,17,5,3,5,2,0,0,1,0,0,0,0,1,783600,9053,5829153,288
193029,11,5,5020524,Weinmeisterhornweg,2019,3,11,7,3,5,2,0,0,1,0,0,0,1,0,782888,4102,5826890,829
193030,11,5,5020625,Borkumer Stra�e,2019,3,12,7,3,0,6,0,0,0,0,1,0,1,0,784616,556,5828359,544
193031,11,7,7040403,Manteuffelstra�e,2019,3,22,6,3,5,3,2,0,1,0,0,0,0,0,797852,4643,5822041,709
193032,11,11,11020514,Gro�e-Leege-Stra�e,2019,3,15,5,3,0,1,0,1,0,0,0,0,0,1,804557,4365,5831025,362
193033,11,2,2010103,Moritzplatz,2019,3,14,7,3,1,5,0,1,1,0,0,0,0,0,799384,8473,5826175,77
193034,11,6,6020302,Komponistenviertel Lankwitz,2019,3,14,7,2,0,6,0,0,0,0,0,0,1,0,795055,636,5819037,914
193035,11,4,4051446,Preu�enpark,2019,3,12,5,3,2,6,0,0,1,0,0,0,0,0,792356,9457,5825264,208
193036,11,1,1011402,Arkonaplatz,2019,3,14,7,3,1,5,0,1,1,0,0,0,0,0,798550,6965,5829201,427
193037,11,2,2020206,Graefekiez,2019,3,18,5,3,0,5,1,0,1,0,1,0,0,1,799282,83,5824682,958
193038,11,5,5040934,Alt-Gatow,2019,3,14,7,3,5,3,0,1,1,0,0,0,0,0,783789,7698,5824251,92
193039,11,5,5010101,Hakenfelde Nord,2019,3,12,5,2,9,1,0,0,1,0,0,0,0,1,782719,7042,5834603,61
193040,11,8,8020620,Tempelhofer Weg,2019,3,15,7,3,1,5,0,1,1,0,0,0,0,0,801214,1233,5821546,789
193041,11,4,4031032,Halensee,2019,3,15,7,3,6,7,0,0,1,1,0,0,0,0,791441,6298,5825070,642
193042,11,1,1011103,L�tzowstra�e,2019,3,18,5,3,5,3,0,1,1,0,0,0,0,0,795285,9032,5826173,714
193043,11,1,1011301,Charit�viertel,2019,3,13,5,3,8,1,0,0,0,0,1,0,0,0,797090,9346,5828040,521
193044,11,4,4030930,George-Grosz-Platz,2019,3,15,7,3,1,5,0,1,1,0,0,0,0,0,793070,1472,5825592,106
193045,11,1,1022206,L�neburger Stra�e,2019,3,6,7,3,5,3,0,0,1,0,0,0,0,0,795461,1193,5827768,515
193046,11,6,6010209,Feuerbachstra�e,2019,3,17,5,3,0,6,0,0,1,0,1,0,0,1,794179,9602,5820926,976
193047,11,4,4030519,Kaiserin-Augusta-Allee,2019,3,9,7,3,2,6,0,0,1,0,0,0,0,0,791248,9289,5828966,97
193048,11,4,4051655,Babelsberger Stra�e,2019,3,15,7,3,1,5,0,1,1,0,0,0,0,0,794449,2884,5823603,233
193049,11,9,9020502,Obersch�neweide Ost,2019,3,17,6,3,5,3,0,0,1,0,1,0,0,0,809339,7628,5821491,7
193050,11,4,4030827,Karl-August-Platz,2019,3,9,4,3,5,7,0,0,1,0,0,0,0,0,792724,1132,5826039,33
193051,11,11,11030721,R�digerstra�e,2019,3,10,7,3,5,3,0,0,1,0,0,0,0,0,804623,6403,5827978,2
193052,11,1,1011303,Alexanderplatzviertel,2019,3,19,5,3,1,5,2,1,1,0,0,0,0,0,798755,5721,5828242,701
193053,11,12,12224230,Heiligensee,2019,3,19,7,3,0,3,2,0,1,0,1,0,0,0,785491,5434,5837376,698
193054,11,10,10040931,Mahlsdorf Nord,2019,3,10,4,3,5,3,0,1,1,0,0,0,0,0,814754,3077,5829905,675
193055,11,3,3020210,Herthaplatz,2019,3,10,7,3,5,2,0,0,1,0,1,0,0,0,800094,112,5835991,995
193056,11,1,1011203,Unter den Linden S�d,2019,3,7,4,3,5,2,0,1,1,0,0,0,0,0,797549,5433,5827085,636
193057,11,2,2040703,Wriezener Bahnhof/Entwicklungsgebiet,2019,3,2,7,3,2,4,2,0,1,1,0,0,0,0,801763,6067,5826246,909
193058,11,2,2030302,Lausitzer Platz,2019,3,9,7,2,8,1,0,0,1,0,0,0,0,0,801627,8386,5826030,546
193059,11,2,2030302,Lausitzer Platz,2019,3,6,4,3,2,2,0,1,1,0,0,0,0,0,801439,6575,5826057,2
193060,11,2,2030301,Oranienplatz,2019,3,2,7,2,0,1,2,1,0,0,0,0,0,0,800047,4633,5825751,906
193061,11,5,5030730,Zitadellenweg,2019,3,17,6,3,6,2,0,0,0,1,0,0,1,0,786747,2058,5829294,453
193062,11,10,10040932,Alt-Mahlsdorf,2019,3,14,6,2,0,1,0,0,0,0,1,0,0,0,813032,4675,5827883,611
193063,11,8,8010301,Reuterkiez,2019,3,23,6,3,5,3,2,1,1,0,0,0,0,0,801552,9109,5824351,517
193064,11,1,1011202,Unter den Linden Nord,2019,3,22,4,2,5,3,2,0,1,0,0,0,1,1,797865,717,5827613,17
193065,11,6,6030610,Lichterfelde West,2019,3,8,6,3,0,2,0,0,0,0,0,0,1,0,792948,4029,5817754,421
193066,11,2,2020204,Urbanstra�e,2019,3,17,6,2,5,7,0,1,1,0,0,0,0,0,798025,5823,5825342,518
193067,11,12,12231101,Hermsdorf,2019,3,0,6,3,0,7,2,0,1,0,1,0,0,1,790538,3571,5837154,185
193068,11,9,9030901,Dorf Altglienicke,2019,3,16,6,3,5,3,0,1,1,0,0,0,0,0,807991,637,5816687,863
193069,11,10,10040830,Kaulsdorf S�d,2019,3,16,4,3,2,2,0,0,1,0,0,0,1,0,810859,4388,5826903,751
193070,11,9,9051901,Dammvorstadt,2019,3,9,6,2,6,4,0,0,1,1,0,0,0,0,810907,8648,5821515,285
193071,11,9,9030901,Dorf Altglienicke,2019,3,11,6,3,5,3,0,1,1,0,0,0,0,0,807565,5992,5815410,53
193072,11,1,1011203,Unter den Linden S�d,2019,3,8,6,3,1,5,0,1,1,0,0,0,1,0,797810,1696,5827137,744
193073,11,6,6040810,Dahlem,2019,3,15,4,3,2,2,0,1,1,0,0,0,0,0,790151,3647,5819783,666
193074,11,1,1044201,Reinickendorfer Stra�e,2019,3,8,6,3,0,2,0,0,1,0,0,0,1,0,796539,8546,5831962,343
193075,11,7,7040405,Rathaus Tempelhof,2019,3,14,4,3,5,3,0,0,1,0,0,0,0,0,799156,8234,5821308,714
193076,11,4,4031032,Halensee,2019,3,7,6,3,3,6,0,1,1,0,0,0,0,0,791317,2076,5824951,68
193077,11,2,2050801,Traveplatz,2019,3,7,6,3,0,7,0,0,1,0,1,0,0,0,803147,7296,5827439,316
193078,11,9,9010301,Baumschulenstra�e,2019,3,13,4,3,5,2,0,0,1,0,0,1,0,0,804396,7358,5821745,863
193079,11,6,6010205,S�dende,2019,3,14,6,2,3,6,0,0,1,0,1,0,0,0,795786,126,5819907,344
193080,11,2,2010102,Mehringplatz,2019,3,15,6,2,1,5,0,0,1,0,0,0,1,0,798430,9446,5826498,983
193081,11,6,6010207,Mittelstra�e,2019,3,16,5,3,0,6,0,0,1,0,0,0,1,0,793981,6447,5820427,284
193082,11,1,1022106,Elberfelder Stra�e,2019,3,18,6,2,5,2,1,0,0,0,1,0,1,0,794159,8639,5828284,226
193083,11,4,4030518,Tegeler Weg,2019,3,17,4,3,5,2,0,0,1,0,0,0,0,0,791386,2485,5828590,34
193084,11,9,9052001,K�penick Nord,2019,3,14,6,3,2,6,0,0,1,0,0,0,0,0,809817,4574,5821919,777
193085,11,5,5030833,Motardstra�e,2019,3,11,4,3,5,3,0,1,1,0,0,0,0,0,788912,1202,5829321,946
193086,11,5,5010101,Hakenfelde Nord,2019,3,19,6,3,5,3,2,1,1,0,0,0,0,0,785355,2009,5833384,233
193087,11,8,8010301,Reuterkiez,2019,3,12,6,3,5,3,0,0,1,0,0,0,0,0,800874,2131,5824919,304
193088,11,12,12103116,Hausotterplatz,2019,3,19,6,2,5,3,2,0,1,0,0,0,0,0,796287,3136,5833234,867
193089,11,1,1011103,L�tzowstra�e,2019,3,21,4,3,5,3,2,1,1,0,0,0,0,1,795334,9885,5826147,263
193090,11,1,1022206,L�neburger Stra�e,2019,3,8,5,3,5,2,0,1,1,0,0,0,0,0,795449,5697,5827682,869
193091,11,8,8010404,Rixdorf,2019,3,22,4,3,5,3,2,0,1,0,0,0,0,1,802002,6296,5823299,732
193092,11,12,12214424,Scharnweberstra�e,2019,3,23,5,3,5,2,2,0,1,0,0,0,0,0,792900,675,5832166,526
193093,11,1,1011103,L�tzowstra�e,2019,3,21,5,3,2,6,2,0,1,0,0,0,0,0,795205,8633,5825889,551
193094,11,2,2010104,Wassertorplatz,2019,3,23,4,3,2,2,2,0,1,0,0,0,0,1,799860,3321,5825690,245
193095,11,9,9051702,B�lschestra�e,2019,3,20,5,3,6,4,2,0,1,1,0,0,0,0,814209,5263,5821910,835
193096,11,1,1022203,L�becker Stra�e,2019,3,19,5,3,0,7,2,1,0,0,0,0,1,0,794615,7497,5828439,607
193097,11,6,6020302,Komponistenviertel Lankwitz,2019,3,11,6,3,1,5,0,1,1,0,0,0,0,0,795326,828,5819328,259
193098,11,5,5040938,Kafkastra�e,2019,3,10,4,3,5,3,0,0,1,0,0,0,1,0,781104,2648,5819158,907
193099,11,12,12231101,Hermsdorf,2019,3,19,5,3,5,3,2,1,1,0,0,0,0,0,792564,3013,5839437,383
193100,11,4,4030620,Alt-Lietzow,2019,3,16,5,3,0,3,0,1,1,0,0,0,0,0,791864,8235,5827458,923
193101,11,3,3061332,Helmholtzplatz,2019,3,7,5,3,1,5,0,1,1,0,0,0,0,1,799234,41,5831106,31
193102,11,12,12214422,Klixstra�e,2019,3,16,5,3,6,4,0,0,1,1,0,0,0,0,792226,2061,5833342,338
193103,11,6,6040806,Fischtal,2019,3,9,4,3,5,2,0,0,1,0,1,0,0,0,788836,872,5819602,632
193104,11,5,5020629,B�rnicker Stra�e,2019,3,16,5,2,2,6,0,0,1,0,0,0,0,0,786023,2587,5826043,251
193105,11,6,6020303,Lankwitz Kirche,2019,3,9,4,3,5,2,0,0,1,0,1,0,0,0,795672,2911,5818238,429
193106,11,4,4051448,Schaperstra�e,2019,3,15,5,3,2,6,0,0,1,0,0,0,0,0,793843,561,5824905,764
193107,11,1,1044201,Reinickendorfer Stra�e,2019,3,15,5,3,2,2,0,1,1,0,0,0,0,0,796462,16,5831926,719
193108,11,1,1011302,Oranienburger Stra�e,2019,3,21,4,3,2,6,2,0,1,0,1,0,0,1,797709,9934,5828784,538
193109,11,3,3061126,Arnimplatz,2019,3,15,5,3,6,4,0,0,1,1,0,0,0,0,798828,772,5831718,691
193110,11,5,5020625,Borkumer Stra�e,2019,3,15,5,3,5,3,0,0,1,0,0,0,0,0,784730,906,5828597,857
193111,11,2,2050802,Boxhagener Platz,2019,3,17,6,3,0,3,0,1,1,0,0,0,0,0,802111,8073,5827355,78
193112,11,3,3040512,Wilhelmsruh,2019,3,8,4,3,0,1,0,1,0,0,0,0,0,0,796849,83,5835817,989
193113,11,4,4030931,Breitscheidplatz,2019,3,15,5,3,3,6,0,1,0,0,0,0,1,0,794365,1131,5826076,566
193114,11,12,12214527,Alt-Tegel,2019,3,13,5,2,5,3,0,0,1,0,0,1,0,0,789985,7716,5834781,572
193115,11,4,4051654,Wilhelmsaue,2019,3,12,5,3,5,3,0,1,1,0,0,0,0,1,793800,579,5823985,206
193116,11,4,4051448,Schaperstra�e,2019,3,13,5,3,2,7,0,1,1,0,0,0,0,0,793510,7364,5825408,356
193117,11,7,7050503,Eisenacher Stra�e,2019,3,12,6,3,2,6,0,0,1,0,0,0,0,0,798943,9801,5819534,615
193118,11,6,6010209,Feuerbachstra�e,2019,3,21,4,3,6,2,2,0,1,1,0,0,0,1,794752,4149,5821232,981
193119,11,7,7060604,Marienfelde S�d,2019,3,13,5,3,2,6,0,0,1,0,1,0,0,0,796074,1811,5815946,284
193120,11,3,3040614,Pankow Zentrum,2019,3,11,5,3,5,3,0,0,1,0,0,0,0,0,798741,9117,5834923,985
193121,11,8,8010301,Reuterkiez,2019,3,9,5,3,6,4,0,0,0,1,1,0,0,0,800984,7939,5824783,452
193122,11,5,5030731,Gartenfelder Stra�e,2019,3,14,5,3,0,1,0,0,1,0,0,0,1,0,787378,13,5829830,497
193123,11,5,5030731,Gartenfelder Stra�e,2019,3,8,4,3,5,2,0,0,1,0,0,0,0,0,788032,5992,5829370,155
193124,11,9,9010401,Johannisthal West,2019,3,14,5,3,0,3,0,0,1,0,1,0,0,0,805816,133,5819649,282
193125,11,9,9051901,Dammvorstadt,2019,3,18,4,3,3,6,2,0,1,0,1,0,0,0,809647,1694,5821484,74
193126,11,5,5020521,D�beritzer Weg,2019,3,14,5,3,5,3,0,1,0,0,0,0,1,0,780311,7375,5827868,741
193127,11,4,4030415,Schlo�garten,2019,3,13,5,3,1,5,0,1,0,0,0,0,1,0,790871,5992,5827395,189
193128,11,9,9031101,Gr�nau,2019,3,17,4,3,0,5,0,1,1,0,0,0,0,0,811007,3658,5817935,386
193129,11,4,4030724,Lietzensee,2019,3,13,5,2,2,6,0,1,0,0,0,1,0,0,790700,3246,5825995,321
193130,11,6,6030608,Schweizer Viertel,2019,3,9,5,3,5,3,0,0,1,0,0,0,0,0,791192,479,5816013,718
193131,11,4,4010101,Jungfernheide,2019,3,17,6,3,5,3,0,0,1,0,0,0,0,0,790179,5454,5829491,523
193132,11,11,11051229,Rummelsburg,2019,3,6,4,3,2,6,0,1,1,0,0,0,0,0,804666,6981,5825590,576
193133,11,1,1011204,Leipziger Stra�e,2019,3,8,5,3,5,3,0,1,1,0,0,0,0,0,798685,129,5827093,38
193134,11,7,7010102,Nollendorfplatz,2019,3,14,5,3,5,3,0,0,1,0,1,0,0,0,795419,204,5825754,49
193135,11,2,2010103,Moritzplatz,2019,3,8,5,3,2,6,0,0,1,0,0,0,0,0,798993,6005,5826329,37
193136,11,1,1011105,N�rdlicher Landwehrkanal,2019,3,17,4,3,5,2,0,1,1,0,0,0,0,0,796569,367,5826870,404
193137,11,7,7050503,Eisenacher Stra�e,2019,3,7,5,3,5,3,0,1,1,0,0,0,0,0,798341,6706,5820498,241
193138,11,4,4051551,Brabanter Platz,2019,3,17,4,3,2,6,0,0,1,0,0,0,0,0,792804,928,5823237,491
193139,11,10,10040933,Mahlsdorf S�d,2019,3,7,5,2,5,3,0,0,1,0,1,0,0,0,811982,494,5826843,854
193140,11,3,3061126,Arnimplatz,2019,3,7,5,3,5,2,0,1,1,0,0,0,0,0,799208,8302,5831774,33
193141,11,8,8010116,Wissmannstra�e,2019,3,5,4,3,6,2,0,0,1,1,0,0,0,0,800164,9277,5823775,588
193142,11,3,3020307,Buchholz,2019,3,6,5,3,5,3,1,0,1,0,0,0,0,0,799501,2353,5837472,646
193143,11,1,1011203,Unter den Linden S�d,2019,3,4,4,3,6,2,2,0,1,1,0,0,0,0,797828,5425,5827059,634
193144,11,1,1022104,Emdener Stra�e,2019,3,6,5,3,0,1,0,1,0,0,0,0,0,0,794571,7245,5828744,55
193145,11,9,9031001,Bohnsdorf,2019,3,14,4,2,0,3,0,1,0,0,0,0,1,0,811057,2588,5815827,283
193146,11,12,12214422,Klixstra�e,2019,3,16,4,3,0,6,0,0,1,0,1,0,0,1,792114,307,5832942,979
193147,11,1,1011201,Wilhelmstra�e,2019,3,21,4,3,0,6,2,0,1,0,1,0,0,0,797218,5488,5827069,214
193148,11,1,1033203,Humboldthain Nordwest,2019,3,8,4,3,1,5,0,1,0,0,0,0,1,0,796622,1417,5830363,486
193149,11,6,6020302,Komponistenviertel Lankwitz,2019,3,14,6,3,2,6,0,0,1,0,0,0,0,0,794288,6621,5819314,413
193150,11,12,12214125,Waldidyll/Flughafensee,2019,3,21,4,3,5,3,2,0,1,0,0,0,0,0,789669,7034,5833670,82
193151,11,2,2050601,Hausburgviertel,2019,3,10,3,3,6,4,0,1,0,1,0,0,0,0,801909,4191,5828907,83
193152,11,8,8010117,Schillerpromenade,2019,3,18,4,3,2,6,1,0,1,0,0,0,0,0,800648,247,5823047,451
193153,11,2,2050802,Boxhagener Platz,2019,3,12,3,3,5,2,0,1,0,0,0,0,1,1,802065,394,5827160,95
193154,11,9,9041601,M�ggelheim,2019,3,18,4,3,5,3,1,1,1,0,0,0,0,0,816780,3239,5817295,627
193155,11,3,3061126,Arnimplatz,2019,3,18,4,3,5,3,1,1,1,0,0,0,0,0,799245,9774,5831804,282
193156,11,5,5020625,Borkumer Stra�e,2019,3,7,3,3,5,2,0,1,1,0,0,0,0,0,784561,6761,5828220,439
193157,11,10,10040933,Mahlsdorf S�d,2019,3,17,4,3,2,1,1,0,1,0,0,0,0,0,812704,6337,5825483,593
193158,11,1,1044102,Schillerpark,2019,3,17,4,3,5,2,0,1,1,0,0,0,0,0,794595,3551,5831872,834
193159,11,4,4020311,Reichsstra�e,2019,3,8,3,3,2,6,0,0,1,0,0,0,0,0,790158,2239,5826636,388
193160,11,11,11030721,R�digerstra�e,2019,3,16,4,3,2,2,0,0,1,0,0,0,0,0,803917,38,5827989,485
193161,11,11,11010205,Falkenberg West,2019,3,16,4,3,2,2,2,0,1,0,0,0,0,0,806869,3619,5832664,563
193162,11,8,8020727,Buckow Mitte,2019,3,16,5,2,2,6,0,0,1,0,0,0,0,1,801490,561,5817329,643
193163,11,2,2040703,Wriezener Bahnhof/Entwicklungsgebiet,2019,3,16,4,3,3,6,0,1,0,0,0,1,0,0,801713,7421,5826170,11
193164,11,1,1011303,Alexanderplatzviertel,2019,3,9,4,3,5,2,0,1,1,0,0,0,0,0,798651,8553,5828140,245
193165,11,12,12214424,Scharnweberstra�e,2019,3,20,3,2,0,7,2,0,0,0,1,0,0,1,793370,9363,5832511,43
193166,11,12,12103115,Breitkopfbecken,2019,3,22,4,2,5,2,2,0,1,0,0,0,0,0,795501,7733,5833431,344
193167,11,1,1033202,Humboldthain S�d,2019,3,18,4,3,9,1,2,0,0,0,0,0,1,0,796982,4088,5830155,8
193168,11,1,1011402,Arkonaplatz,2019,3,10,5,3,0,7,0,1,0,0,0,0,0,1,798694,4,5830098,308
193169,11,6,6020302,Komponistenviertel Lankwitz,2019,3,16,4,3,2,6,0,0,1,0,0,0,0,0,794372,2551,5819070,692
193170,11,10,10010207,Marzahner Promenade,2019,3,19,3,3,5,3,2,1,1,0,0,0,0,0,808758,7083,5831399,875
193171,11,1,1044101,Rehberge,2019,3,16,4,3,5,3,0,0,1,0,0,0,0,0,793775,5002,5831867,548
193172,11,2,2010102,Mehringplatz,2019,3,18,3,3,1,5,1,1,0,0,0,0,1,0,798507,1582,5826513,11
193173,11,2,2030302,Lausitzer Platz,2019,3,15,4,3,1,5,0,1,1,0,0,0,0,0,801300,3939,5826160,41
193174,11,12,12224230,Heiligensee,2019,3,15,4,3,0,7,0,0,1,0,0,0,0,0,786992,9715,5838296,368
193175,11,3,3061227,Humannplatz,2019,3,15,4,2,5,3,0,0,1,0,1,0,1,0,800111,3335,5831695,241
193176,11,1,1022102,Beusselkiez,2019,3,16,3,3,5,2,0,0,1,0,0,0,0,0,793554,8319,5828921,377
193177,11,2,2050601,Hausburgviertel,2019,3,12,4,3,3,6,0,1,0,0,0,0,0,0,801919,6916,5829035,2
193178,11,12,12214424,Scharnweberstra�e,2019,3,12,4,3,6,4,0,1,0,1,0,0,0,0,793238,6885,5832498,917
193179,11,1,1011203,Unter den Linden S�d,2019,3,9,6,3,0,5,0,0,1,0,0,0,0,0,798030,5709,5827091,658
193180,11,5,5030832,Rohrdamm,2019,3,15,3,3,2,6,0,0,1,0,0,0,0,1,789559,4733,5829282,656
193181,11,12,12214422,Klixstra�e,2019,3,11,4,3,2,6,0,0,1,0,0,0,0,0,792060,283,5832941,959
193182,11,12,12231102,Frohnau,2019,3,6,4,3,5,3,0,1,1,0,0,0,0,0,790103,5147,5839983,93
193183,11,8,8020727,Buckow Mitte,2019,3,8,5,3,5,3,0,0,1,0,0,0,0,1,801518,238,5817348,931
193184,11,11,11010207,Wartenberg Nord,2019,3,6,4,3,6,4,0,0,0,1,0,0,1,0,805338,9265,5834597,975
193185,11,10,10020416,B�hlener Stra�e,2019,3,15,3,3,6,4,0,0,0,1,0,0,1,1,813194,5509,5831267,146
193186,11,4,4051551,Brabanter Platz,2019,3,6,4,3,6,2,0,0,0,1,0,0,1,0,793354,8764,5823070,891