OBJECTID,LAND,BEZ,LOR,STRASSE,UJAHR,UMONAT,USTUNDE,UWOCHENTAG,UKATEGORIE,UART,UTYP1,ULICHTVERH,IstRad,IstPKW,IstFuss,IstKrad,IstGkfz,IstSonstige,USTRZUSTAND,LINREFX,LINREFY,XGCSWGS84,YGCSWGS84
193187,11,8,8010301,Reuterkiez,2019,3,18,3,3,0,6,0,0,1,0,0,0,1,0,800616,9104,5824414,871
193188,11,3,3030405,Karow Nord,2019,3,7,4,3,5,3,0,1,1,0,0,0,0,0,804186,689,5838961,78
193189,11,10,10020413,Gut Hellersdorf,2019,3,7,4,3,5,3,0,0,1,0,0,0,1,0,811319,9516,5831189,873
193190,11,10,10010309,Springpfuhl,2019,3,17,3,2,5,3,0,0,1,0,0,0,0,1,807840,74,5829077,276
193191,11,10,10010309,Springpfuhl,2019,3,7,4,3,0,7,0,0,1,0,0,0,1,0,808579,1165,5830116,792
193192,11,7,7040403,Manteuffelstra�e,2019,3,19,3,3,2,2,2,0,1,0,0,0,1,0,797258,2891,5820960,583
193193,11,3,3061227,Humannplatz,2019,3,8,4,3,2,7,0,0,1,0,0,0,0,0,799972,4039,5831087,45
193194,11,1,1011201,Wilhelmstra�e,2019,3,8,4,2,5,2,0,1,0,0,0,1,0,0,797472,9448,5826794,385
193195,11,4,4010103,Paul-Hertz-Siedlung,2019,3,10,4,3,3,6,0,0,1,0,0,1,0,0,791145,297,5829114,831
193196,11,12,12301204,Wittenau Nord,2019,3,15,3,3,5,3,0,1,1,0,0,0,0,0,791666,943,5835558,51
193197,11,4,4030726,Droysenstra�e,2019,3,11,4,2,5,3,0,1,1,0,0,0,0,0,792284,5515,5825376,637
193198,11,8,8041036,Zittauer Stra�e,2019,3,7,4,3,5,3,0,1,1,0,0,0,0,0,804393,3872,5815998,4
193199,11,1,1033203,Humboldthain Nordwest,2019,3,23,6,3,0,1,2,1,0,0,0,0,0,0,796753,567,5830731,242
193200,11,1,1011202,Unter den Linden Nord,2019,3,15,3,3,0,4,0,1,0,1,0,0,0,1,797673,9225,5827911,272
193201,11,4,4030620,Alt-Lietzow,2019,3,11,4,2,0,7,0,1,0,0,0,0,0,0,791972,9208,5827382,286
193202,11,1,1033203,Humboldthain Nordwest,2019,3,19,4,1,6,4,1,0,1,1,0,0,1,0,796569,7024,5829846,653
193203,11,9,9020701,Adlershof West,2019,3,11,5,3,5,2,0,1,0,0,0,1,0,0,808470,813,5819062,358
193204,11,4,4030726,Droysenstra�e,2019,3,13,3,3,1,5,0,1,1,0,0,0,1,0,792066,1,5825835,733
193205,11,5,5020626,Adamstra�e,2019,3,15,3,3,6,4,0,0,1,1,0,0,0,1,784743,3609,5827446,28
193206,11,6,6010209,Feuerbachstra�e,2019,3,9,3,3,5,3,0,0,1,0,1,0,0,0,794458,5651,5821330,194
193207,11,6,6020303,Lankwitz Kirche,2019,3,15,3,2,1,5,0,0,1,0,1,0,0,1,795271,8455,5818360,548
193208,11,8,8010510,Gewerbegebiet K�llnische Heide,2019,3,8,3,2,5,3,0,0,1,0,0,0,0,0,803651,589,5821882,3
193209,11,3,3030711,Blankenburg,2019,3,7,3,3,5,2,0,1,1,0,0,0,0,0,801915,263,5836369,608
193210,11,8,8010509,Schulenburgpark,2019,3,15,3,3,5,3,0,1,1,0,0,0,0,1,804053,4221,5821923,49
193211,11,6,6040701,Wannsee,2019,3,18,3,2,1,5,1,1,1,0,0,0,0,0,784508,861,5816918,154
193212,11,1,1011301,Charit�viertel,2019,3,19,3,3,3,6,2,0,1,0,0,0,0,0,796769,1493,5828812,499
193213,11,3,3061228,Erich-Weinert-Stra�e,2019,3,16,6,3,2,6,0,0,1,0,1,0,0,0,800337,5384,5831570,58
193214,11,8,8010117,Schillerpromenade,2019,3,15,3,3,6,4,0,0,1,1,0,0,0,1,800511,8271,5823453,694
193215,11,8,8020622,Parchimer Allee,2019,3,15,3,3,6,4,0,0,1,1,0,0,0,1,801434,7689,5820279,604
193216,11,5,5010103,Amorbacher Weg,2019,3,19,3,3,5,3,2,0,1,0,0,0,0,0,784584,9932,5831089,472
193217,11,11,11020513,Orankesee,2019,3,23,3,3,5,2,2,0,1,0,0,0,1,0,802896,9356,5831227,324
193218,11,7,7010102,Nollendorfplatz,2019,3,16,6,3,0,2,0,0,1,0,1,0,0,0,795206,5449,5825600,281
193219,11,1,1011102,Gro�er Tiergarten,2019,3,15,3,3,5,3,0,0,1,0,0,0,0,1,795188,661,5827210,532
193220,11,7,7050503,Eisenacher Stra�e,2019,3,17,3,2,0,1,0,1,0,0,0,0,0,0,798698,6943,5819666,822
193221,11,8,8010301,Reuterkiez,2019,3,20,5,3,1,5,2,1,1,0,0,0,0,1,800713,5673,5824367,12
193222,11,1,1044102,Schillerpark,2019,3,11,3,3,1,5,0,0,1,0,0,1,0,0,794779,4101,5831849,454
193223,11,2,2040502,Friedenstra�e,2019,3,15,3,3,2,6,0,0,1,0,0,0,0,1,800463,8662,5828447,579
193224,11,4,4030929,Hindemithplatz,2019,3,11,3,2,0,5,0,0,1,0,1,0,0,0,792720,6639,5825934,638
193225,11,12,12302109,Treuenbrietzener Stra�e,2019,3,15,3,3,5,3,0,0,1,0,0,0,0,1,795733,6904,5837042,609
193226,11,7,7050503,Eisenacher Stra�e,2019,3,11,3,2,3,6,0,0,0,0,1,0,1,0,799204,4594,5820009,838
193227,11,2,2020204,Urbanstra�e,2019,3,9,3,3,0,2,0,1,0,0,0,0,1,0,798294,7225,5824811,482
193228,11,1,1011302,Oranienburger Stra�e,2019,3,15,3,3,3,6,0,1,0,0,0,0,1,1,798973,2369,5828493,56
193229,11,1,1044101,Rehberge,2019,3,9,3,3,6,4,0,0,1,1,0,0,0,0,793889,3927,5830065,901
193230,11,5,5020627,Tiefwerder,2019,3,7,3,3,6,2,0,0,0,1,0,1,0,0,785933,5814,5827990,236
193231,11,7,7010102,Nollendorfplatz,2019,3,14,6,3,5,2,0,0,1,0,0,0,0,0,794951,6046,5825651,56
193232,11,6,6010209,Feuerbachstra�e,2019,3,7,3,3,1,5,0,1,1,0,0,0,0,1,794485,3376,5821467,248
193233,11,6,6020409,K�nigsberger Stra�e,2019,3,9,3,3,0,5,0,0,1,0,0,0,1,0,793969,8681,5817489,275
193234,11,2,2050803,Stralauer Kiez,2019,3,17,3,3,3,2,0,0,1,0,1,0,0,0,803061,3159,5825880,527
193235,11,1,1011303,Alexanderplatzviertel,2019,3,19,3,3,6,4,2,1,0,1,0,0,0,0,799103,4,5828954,842
193236,11,2,2030302,Lausitzer Platz,2019,3,17,3,2,6,4,1,0,1,1,0,0,0,0,800357,4339,5826061,977
193237,11,8,8010301,Reuterkiez,2019,3,16,3,3,5,2,0,0,1,0,0,0,0,0,800759,3071,5824342,291
193238,11,5,5020626,Adamstra�e,2019,3,15,3,3,0,4,0,0,0,1,0,0,1,0,784763,7764,5827180,85
193239,11,7,7040401,Neu-Tempelhof,2019,3,13,3,3,1,7,0,1,0,0,0,0,1,0,797631,6798,5823907,627
193240,11,3,3020209,Niedersch�nhausen,2019,3,14,3,3,5,2,0,1,0,0,0,0,0,0,798041,6415,5834786,3
193241,11,5,5010313,Ackerstra�e,2019,3,13,3,3,6,4,0,0,1,1,0,0,0,0,784578,5718,5830320,116
193242,11,2,2050801,Traveplatz,2019,3,21,3,3,5,2,2,1,1,0,0,0,0,0,803552,5218,5827193,532
193243,11,8,8010303,Donaustra�e,2019,3,13,3,3,6,2,0,0,1,1,0,0,0,0,801029,35,5823875,612
193244,11,4,4010101,Jungfernheide,2019,3,23,3,3,3,6,2,0,1,0,0,0,1,1,791288,723,5830682,824
193245,11,1,1011303,Alexanderplatzviertel,2019,3,15,3,3,2,6,0,0,1,0,0,0,0,1,799171,8904,5828976,76
193246,11,8,8010118,Silbersteinstra�e,2019,3,12,3,3,3,6,0,0,1,0,1,0,1,1,800764,3403,5822750,985
193247,11,10,10010206,Ringkolonnaden,2019,3,15,2,3,2,6,0,0,1,0,0,0,0,1,808519,6937,5832441,41
193248,11,4,4030415,Schlo�garten,2019,3,21,5,3,6,2,2,0,1,1,0,0,0,1,790804,6093,5827384,504
193249,11,1,1011401,Invalidenstra�e,2019,3,15,2,3,1,5,0,1,1,0,0,0,0,1,797176,8422,5829570,542
193250,11,2,2010101,Askanischer Platz,2019,3,6,3,3,5,2,0,1,1,0,0,0,0,0,797744,2439,5826093,69
193251,11,8,8020625,Handwerker-Siedlung,2019,3,14,2,3,2,6,0,0,1,0,0,0,0,1,801493,5084,5819225,629
193252,11,9,9030903,K�lner Viertel,2019,3,7,3,3,5,3,0,1,1,0,0,0,0,0,808595,6418,5815755,434
193253,11,7,7050502,Fritz-Werner-Stra�e,2019,3,15,2,3,2,6,0,0,1,0,0,0,0,0,797864,1275,5818822,81
193254,11,7,7020204,Sch�neberger Insel,2019,3,15,2,3,0,2,0,0,1,0,1,0,0,1,796048,4184,5823345,958
193255,11,2,2020203,Viktoriapark,2019,3,15,2,3,5,2,0,1,1,0,0,0,0,0,797502,641,5824015,216
193256,11,5,5030731,Gartenfelder Stra�e,2019,3,16,2,3,2,1,0,0,1,0,0,0,0,0,787112,9255,5829378,47
193257,11,1,1011302,Oranienburger Stra�e,2019,3,17,2,2,5,3,1,1,0,0,0,0,0,1,797913,2258,5828331,135
193258,11,8,8010301,Reuterkiez,2019,3,13,6,3,2,2,0,1,1,0,0,0,0,0,801716,173,5824254,348
193259,11,1,1011303,Alexanderplatzviertel,2019,3,8,3,3,5,3,0,0,1,0,1,0,0,0,799169,881,5827795,653
193260,11,1,1022204,Thomasiusstra�e,2019,3,18,2,3,5,7,1,0,1,0,0,0,0,1,794839,5041,5828303,352
193261,11,7,7030303,Grazer Platz,2019,3,18,2,3,6,2,1,0,1,1,0,0,0,1,795229,5159,5822263,592
193262,11,3,3050923,Wei�enseer Spitze,2019,3,8,3,3,5,3,0,1,1,0,0,0,0,0,800420,4385,5832299,261
193263,11,2,2030302,Lausitzer Platz,2019,3,18,2,3,6,4,1,0,0,1,1,0,0,1,800447,8684,5825898,905
193264,11,11,11040925,Victoriastadt,2019,3,18,2,3,5,3,1,1,0,0,0,0,1,1,803619,17,5826582,501
193265,11,12,12224229,Konradsh�he/Tegelort,2019,3,9,3,3,1,5,0,1,1,0,0,0,0,0,786169,7596,5834304,579
193266,11,5,5010310,Eckschanze,2019,3,18,2,2,6,4,1,0,1,1,0,0,0,1,784776,394,5830375,875
193267,11,7,7060604,Marienfelde S�d,2019,3,20,2,3,5,2,2,1,1,0,0,0,0,1,796566,3081,5815869,989
193268,11,6,6040807,Zehlendorf Eiche,2019,3,12,5,2,1,5,0,0,1,0,0,0,1,1,789706,856,5818413,4
193269,11,2,2020206,Graefekiez,2019,3,20,2,3,5,7,2,0,1,0,0,0,0,1,800155,1275,5825054,2
193270,11,2,2030402,Wrangelkiez,2019,3,9,3,3,5,3,0,1,1,0,0,0,0,0,801895,8754,5825670,13
193271,11,9,9051901,Dammvorstadt,2019,3,20,2,3,6,4,2,0,1,1,0,0,0,1,811395,6628,5821164,189
193272,11,9,9020702,Adlershof Ost,2019,3,14,3,3,5,2,0,1,1,0,0,0,0,0,809516,3314,5818774,6
193273,11,1,1033102,Gesundbrunnen,2019,3,22,2,3,5,2,2,1,1,0,0,0,0,1,797161,6073,5831879,126
193274,11,6,6040810,Dahlem,2019,3,9,2,3,0,6,0,1,1,0,0,0,0,0,791996,3412,5821478,858
193275,11,6,6030504,Teltower Damm,2019,3,14,3,3,5,2,0,1,1,0,0,0,0,1,790598,4663,5815205,987
193276,11,3,3010101,Bucher Forst,2019,3,15,2,3,5,3,0,0,1,0,0,0,0,1,803343,8236,5842648,203
193277,11,12,12302107,Schorfheidestra�e,2019,3,15,2,3,0,1,0,0,0,0,1,0,0,1,793734,7127,5836145,283
193278,11,5,5020626,Adamstra�e,2019,3,22,6,2,6,2,2,0,1,1,0,0,0,0,784548,2518,5828157,89
193279,11,2,2040701,Andreasviertel,2019,3,9,3,3,2,6,0,0,1,0,0,0,0,1,800206,2487,5827467,181
193280,11,8,8010214,Glasower Stra�e,2019,3,14,2,3,0,3,0,1,1,0,0,0,0,1,801804,2647,5821957,6
193281,11,4,4030518,Tegeler Weg,2019,3,14,5,2,6,4,0,0,1,1,0,0,0,1,791568,8464,5828014,577
193282,11,8,8041037,Alt-Rudow,2019,3,14,2,3,2,6,0,0,1,0,0,0,0,1,805551,7745,5818558,138
193283,11,11,11030720,Herzbergstra�e,2019,3,10,3,3,5,3,0,0,1,0,0,0,0,0,804678,321,5828701,204
193284,11,1,1011306,Heine-Viertel Ost,2019,3,13,2,3,6,2,0,0,0,1,0,0,1,0,799985,7015,5826927,415
193285,11,7,7010101,Wittenbergplatz/Viktoria-Luise-Platz,2019,3,10,3,3,6,7,0,0,1,1,0,0,0,0,794915,567,5825407,358
193286,11,10,10030724,Oberfeldstra�e,2019,3,12,2,3,2,6,0,0,1,0,0,0,0,0,809635,8784,5829710,297
193287,11,8,8020622,Parchimer Allee,2019,3,9,5,2,1,5,0,0,1,0,1,0,0,1,801495,8468,5820441,985
193288,11,4,4030623,Ernst-Reuter-Platz,2019,3,12,2,3,6,2,0,0,1,1,0,0,0,0,793503,2255,5826470,505
193289,11,2,2020206,Graefekiez,2019,3,14,3,3,2,2,0,0,1,0,0,0,0,1,799079,4598,5824615,105
193290,11,3,3030715,Heinersdorf,2019,3,11,2,3,5,2,0,0,1,0,0,0,0,0,800122,7423,5833866,284
193291,11,9,9052001,K�penick Nord,2019,3,10,3,3,6,4,0,0,1,1,0,0,0,0,811342,3639,5822448,626
193292,11,10,10040932,Alt-Mahlsdorf,2019,3,11,2,3,5,3,0,1,1,0,0,0,0,0,813439,4104,5828065,705
193293,11,2,2020202,Rathaus Yorckstra�e,2019,3,7,2,3,3,6,0,0,1,0,0,1,0,0,797881,9313,5825062,514
193294,11,1,1022104,Emdener Stra�e,2019,3,10,3,2,2,7,0,0,1,0,0,0,0,0,794303,1318,5828483,1
193295,11,7,7070704,Nahariyastra�e,2019,3,7,2,2,6,4,0,0,1,1,0,0,0,0,800886,1873,5814178,714
193296,11,11,11051330,Karlshorst West,2019,3,8,2,3,1,5,0,1,1,0,0,0,0,0,806610,9331,5825145,705
193297,11,2,2030402,Wrangelkiez,2019,3,13,6,2,5,3,0,1,1,0,0,0,0,0,801874,7765,5825713,125
193298,11,1,1011104,K�rnerstra�e,2019,3,14,3,3,6,4,0,0,1,1,0,0,0,1,796352,9474,5826134,47
193299,11,6,6030503,Zehlendorf Mitte,2019,3,9,2,2,5,3,0,0,1,0,0,0,1,0,788362,9946,5817767,573
193300,11,3,3061126,Arnimplatz,2019,3,15,5,3,6,4,0,0,1,1,0,0,0,1,799084,6752,5832199,511
193301,11,6,6020304,Kaiser-Wilhelm-Stra�e,2019,3,10,2,3,0,1,0,1,0,0,0,0,0,0,794859,5309,5817943,433
193302,11,12,12214125,Waldidyll/Flughafensee,2019,3,13,3,3,1,5,0,0,1,0,0,0,0,1,791342,6392,5833160,638
193303,11,2,2020206,Graefekiez,2019,3,8,2,3,0,1,0,0,0,0,0,0,1,1,799067,5283,5824625,215
193304,11,12,12103218,Teichstra�e,2019,3,10,3,3,2,6,0,0,1,0,0,0,0,1,794846,623,5833748,13
193305,11,2,2040502,Friedenstra�e,2019,3,19,1,3,5,7,2,0,1,0,0,0,0,0,800724,89,5827968,454
193306,11,8,8010301,Reuterkiez,2019,3,19,1,3,2,6,2,0,1,0,0,0,0,1,801137,7538,5824126,159
193307,11,9,9010401,Johannisthal West,2019,3,12,3,3,0,4,0,0,1,1,0,0,0,0,805792,64,5820334,51
193308,11,6,6010209,Feuerbachstra�e,2019,3,18,1,3,5,3,2,0,1,0,0,0,0,1,794642,769,5821087,913
193309,11,12,12103116,Hausotterplatz,2019,3,15,1,2,5,3,0,0,1,0,1,0,0,0,796281,5022,5833224,58
193310,11,12,12214422,Klixstra�e,2019,3,11,1,3,2,6,0,0,1,0,0,0,0,0,792116,6905,5833097,534
193311,11,12,12304313,Borsigwalde,2019,3,13,3,3,5,3,0,0,1,0,0,0,0,1,791440,5252,5834734,935
193312,11,11,11040926,Weitlingstra�e,2019,3,10,1,3,1,1,0,0,1,0,0,0,1,0,805232,9283,5826380,6
193313,11,1,1011302,Oranienburger Stra�e,2019,3,11,1,3,2,6,0,0,1,0,0,0,0,0,798857,927,5829030,984
193314,11,4,4020312,Branitzer Platz,2019,3,14,6,3,0,4,0,1,0,1,0,0,0,0,789071,798,5827015,865
193315,11,2,2010103,Moritzplatz,2019,3,12,1,3,5,3,0,0,1,0,0,0,0,0,799602,155,5825833,764
193316,11,1,1033203,Humboldthain Nordwest,2019,3,13,3,3,0,7,0,0,0,0,1,0,0,1,795880,6404,5830598,592
193317,11,5,5010206,G�tersloher Weg,2019,3,14,1,3,5,2,0,0,1,0,0,0,0,1,782364,715,5830494,274
193318,11,1,1044202,Sparrplatz,2019,3,14,1,3,5,7,0,0,1,0,0,0,0,1,795108,5656,5830354,26
193319,11,3,3020209,Niedersch�nhausen,2019,3,17,1,3,9,1,1,0,1,0,0,0,0,1,797279,8919,5835397,354
193320,11,4,4030930,George-Grosz-Platz,2019,3,12,3,3,2,6,0,0,1,0,0,0,0,1,792937,4194,5825532,386
193321,11,9,9051901,Dammvorstadt,2019,3,19,1,3,2,6,2,0,1,0,0,0,0,1,810755,659,5821230,344
193322,11,11,11040926,Weitlingstra�e,2019,3,12,2,3,0,3,0,0,0,0,0,0,1,0,804786,1684,5826286,232
193323,11,10,10010310,Alt-Marzahn,2019,3,20,1,2,5,2,2,1,1,0,0,0,0,1,809635,794,5830391,691
193324,11,1,1011301,Charit�viertel,2019,3,21,1,3,2,6,2,0,1,0,0,0,0,1,797615,3557,5828329,399
193325,11,12,12301203,Wittenau S�d,2019,3,7,2,2,6,4,0,0,1,1,0,0,0,1,793557,9123,5835435,4
193326,11,3,3061227,Humannplatz,2019,3,10,1,3,1,5,0,0,1,0,0,0,0,0,799949,3521,5831431,666
193327,11,3,3061227,Humannplatz,2019,3,9,1,3,5,3,0,0,1,0,0,0,1,0,799842,9095,5831532,503
193328,11,1,1011204,Leipziger Stra�e,2019,3,21,5,3,5,3,2,0,1,0,0,0,0,1,798862,1052,5826770,913
193329,11,11,11020514,Gro�e-Leege-Stra�e,2019,3,8,1,3,5,3,0,0,1,0,1,0,0,0,804682,6026,5830739,678
193330,11,5,5020417,Staakener Stra�e,2019,3,6,2,3,5,3,0,0,1,0,0,1,0,1,782460,271,5828519,59
193331,11,11,11020515,Landsberger Allee,2019,3,17,7,3,5,3,2,0,1,0,1,0,0,1,805041,3408,5830416,583
193332,11,2,2050801,Traveplatz,2019,3,4,2,2,0,1,2,1,0,0,0,0,0,0,803108,3288,5827107,481
193333,11,1,1011301,Charit�viertel,2019,3,18,7,2,1,5,2,1,1,0,0,0,0,1,797610,5583,5828361,173
193334,11,7,7070705,Franziusweg/Rohrbachstra�e,2019,3,12,7,2,1,5,0,1,1,0,0,0,0,1,798656,4172,5813639,883
193335,11,11,11041128,Sewanstra�e,2019,3,16,5,3,2,6,0,0,1,0,0,0,0,1,805905,2116,5825953,36
193336,11,7,7020201,Bayerischer Platz,2019,3,13,7,3,1,5,0,0,1,0,0,0,0,1,794563,4851,5824262,954
193337,11,6,6010208,Bergstra�e,2019,3,0,2,2,5,7,2,0,1,0,0,0,0,0,794339,5453,5820571,87
193338,11,7,7010102,Nollendorfplatz,2019,3,14,7,3,2,6,0,0,1,0,0,0,0,1,795897,686,5824963,269
193339,11,2,2030302,Lausitzer Platz,2019,3,16,2,3,2,6,0,1,0,0,0,0,0,0,801646,5713,5826073,509
193340,11,1,1011204,Leipziger Stra�e,2019,3,15,7,3,2,6,0,0,1,0,0,0,0,1,798883,3482,5827365,878
193341,11,7,2020205,Chamissokiez,2019,3,18,7,3,2,6,1,0,1,0,0,0,0,1,798336,1916,5823980,52
193342,11,6,6040807,Zehlendorf Eiche,2019,3,17,2,3,6,4,0,0,1,1,0,0,0,0,790173,1358,5818917,86
193343,11,8,8010404,Rixdorf,2019,3,18,7,3,6,4,1,0,1,1,0,0,0,1,802571,4662,5823064,479
193344,11,6,6020303,Lankwitz Kirche,2019,3,18,7,3,6,2,1,0,1,1,0,0,0,1,795909,969,5818720,15
193345,11,4,4030931,Breitscheidplatz,2019,3,9,6,3,1,5,0,1,1,0,0,0,0,0,794384,5795,5825699,322
193346,11,9,9030902,Wohngebiet II,2019,3,9,2,3,5,3,0,0,1,0,0,0,1,1,808172,3789,5815763,921
193347,11,7,7010102,Nollendorfplatz,2019,3,18,7,3,6,2,1,0,1,1,0,0,0,1,794979,1224,5825230,728
193348,11,1,1011201,Wilhelmstra�e,2019,3,18,7,3,0,3,1,0,1,0,0,0,1,1,796945,22,5826780,999
193349,11,11,11030721,R�digerstra�e,2019,3,7,5,3,6,4,0,0,1,1,0,0,0,1,805207,726,5828190,635
193350,11,7,7020204,Sch�neberger Insel,2019,3,19,7,3,6,4,1,0,1,1,0,0,0,1,796345,8317,5822963,64
193351,11,7,7060604,Marienfelde S�d,2019,3,11,2,3,5,2,0,0,1,0,0,0,0,0,797601,4622,5815557,194
193352,11,10,10010102,Havemannstra�e,2019,3,19,7,3,6,2,2,0,1,1,0,0,0,1,809783,5604,5834072,849
193353,11,1,1022206,L�neburger Stra�e,2019,3,11,2,3,2,6,0,0,1,0,0,0,0,1,796527,1046,5828671,573
193354,11,1,1044103,Westliche M�llerstra�e,2019,3,20,7,3,2,6,2,0,1,0,0,0,0,1,794885,5195,5831065,63
193355,11,11,11010205,Falkenberg West,2019,3,20,7,3,5,2,2,0,1,0,0,0,0,1,805964,6703,5833685,583
193356,11,11,11020515,Landsberger Allee,2019,3,12,2,3,0,6,0,0,1,0,1,0,0,1,803399,7437,5830004,106
193357,11,1,1033101,Soldiner Stra�e,2019,3,20,7,2,1,5,2,0,1,0,0,1,0,1,797272,8649,5833186,517
193358,11,7,7040401,Neu-Tempelhof,2019,3,21,7,3,6,7,2,1,0,1,0,0,0,1,798703,7066,5823950,383
193359,11,4,4030929,Hindemithplatz,2019,3,17,6,3,2,6,2,0,1,0,0,0,0,0,792715,6143,5825785,787
193360,11,1,1033202,Humboldthain S�d,2019,3,21,7,3,6,4,2,0,1,1,0,0,0,1,797738,8871,5829704,41
193361,11,4,4041342,Schlangenbader Stra�e,2019,3,10,7,3,5,2,0,0,1,0,0,0,0,0,792526,692,5822912,69
193362,11,1,1011301,Charit�viertel,2019,3,12,2,3,1,5,0,1,1,0,0,0,0,0,797598,454,5828437,201
193363,11,11,11051229,Rummelsburg,2019,3,10,7,2,6,4,0,0,1,1,0,0,0,0,803810,6689,5826178,406
193364,11,7,7020204,Sch�neberger Insel,2019,3,6,7,2,1,1,1,0,1,0,0,0,1,0,796097,2418,5823928,615
193365,11,8,8010118,Silbersteinstra�e,2019,3,18,6,3,5,3,0,0,1,0,0,0,0,0,801114,9198,5821902,753
193366,11,1,1033203,Humboldthain Nordwest,2019,3,13,2,3,1,5,0,0,1,0,0,0,0,1,796478,8546,5830108,6
193367,11,3,3040818,Pankow S�d,2019,3,17,6,3,6,4,1,0,1,1,0,0,0,1,799525,3578,5833155,82
193368,11,1,1011306,Heine-Viertel Ost,2019,3,9,6,3,1,5,0,1,1,0,0,0,0,1,800065,2522,5826647,181
193369,11,2,2040701,Andreasviertel,2019,3,10,5,3,5,2,0,1,1,0,0,0,0,1,800718,131,5827873,272
193370,11,11,11020515,Landsberger Allee,2019,3,21,6,2,0,7,2,1,0,0,0,0,0,1,803342,1793,5830064,206
193371,11,5,5010101,Hakenfelde Nord,2019,3,15,2,3,6,2,0,0,1,1,0,0,0,0,785242,9911,5832253,88
193372,11,7,7030303,Grazer Platz,2019,3,18,6,3,5,2,1,1,1,0,0,0,0,1,794985,5787,5822319,453
193373,11,9,9020801,Spindlersfeld,2019,3,15,2,3,2,6,0,0,1,0,0,0,0,1,809728,9225,5820798,599
193374,11,4,4030725,Amtsgerichtsplatz,2019,3,23,6,3,2,6,2,0,1,0,0,0,0,0,791299,1141,5826072,998
193375,11,1,1011203,Unter den Linden S�d,2019,3,20,6,2,6,2,2,0,1,1,0,0,0,1,797912,9562,5827374,924
193376,11,8,8030829,Gropiusstadt Nord,2019,3,16,2,3,0,6,0,0,1,0,1,0,0,1,802702,267,5818355,836
193377,11,2,2030302,Lausitzer Platz,2019,3,21,6,3,5,3,2,1,1,0,0,0,0,0,800404,8964,5825792,815
193378,11,11,11051331,Karlshorst Nord,2019,3,18,6,3,5,7,1,0,1,0,0,0,1,1,807364,2702,5825164,526
193379,11,7,7070703,John-Locke-Stra�e,2019,3,16,6,3,0,3,0,1,0,0,0,0,1,0,799980,3808,5813236,745
193380,11,11,11020412,Hauptstra�e,2019,3,16,2,3,2,6,0,0,1,0,0,0,0,0,805020,5262,5831474,584
193381,11,3,3050923,Wei�enseer Spitze,2019,3,16,6,3,2,6,1,0,1,0,1,0,0,1,800735,7457,5831799,798
193382,11,8,8010302,Bouch�stra�e,2019,3,15,6,3,5,3,0,1,1,0,0,0,0,1,801743,5588,5824293,78
193383,11,12,12224230,Heiligensee,2019,3,17,2,3,6,7,0,0,1,1,0,0,0,0,786407,7139,5837735,591
193384,11,12,12214423,Mellerbogen,2019,3,15,6,3,2,6,0,0,1,0,0,0,0,1,792461,9549,5833301,191
193385,11,2,2010103,Moritzplatz,2019,3,15,6,3,1,5,0,1,1,0,0,0,0,1,799662,7346,5825809,464
193386,11,7,7010104,Dennewitzplatz,2019,3,20,5,3,2,6,2,0,1,0,0,0,0,1,796273,9481,5824924,293
193387,11,1,1011301,Charit�viertel,2019,3,16,6,3,0,1,0,0,0,0,1,0,0,1,797314,443,5829013,434
193388,11,2,2020204,Urbanstra�e,2019,3,17,2,2,5,2,0,1,1,0,0,0,0,0,798706,946,5824706,785
193389,11,4,4020310,Park Ruhwald,2019,3,1,6,2,9,1,2,0,1,0,0,0,0,1,790223,3292,5828157,307
193390,11,3,3061430,Volkspark Prenzlauer Berg,2019,3,16,2,3,2,6,0,0,1,0,0,0,0,0,802542,1969,5829336,977
193391,11,1,1011303,Alexanderplatzviertel,2019,3,1,6,2,5,2,2,1,1,0,0,0,0,1,799235,8031,5828467,756
193392,11,9,9020702,Adlershof Ost,2019,3,6,6,2,5,3,1,1,1,0,0,0,0,1,809466,6848,5819054,922
193393,11,12,12214527,Alt-Tegel,2019,3,13,2,2,0,4,0,0,0,1,0,0,1,1,790066,563,5835340,156
193394,11,3,3010102,Buch,2019,3,9,6,3,0,1,0,0,0,0,1,0,0,1,805196,5748,5841110,637
193395,11,4,4030623,Ernst-Reuter-Platz,2019,3,9,6,3,5,2,0,1,1,0,0,0,0,0,792918,575,5826769,19
193396,11,4,4030623,Ernst-Reuter-Platz,2019,3,14,6,3,3,6,0,0,1,0,0,0,1,0,793664,889,5826369,838
193397,11,1,1011303,Alexanderplatzviertel,2019,3,15,6,2,0,1,0,0,0,0,1,0,0,1,799622,7204,5827581,517
193398,11,5,5020628,Graetschelsteig,2019,3,11,2,3,5,2,0,0,1,0,0,0,0,1,783993,5385,5826853,358
193399,11,11,11020412,Hauptstra�e,2019,3,14,6,3,5,2,0,1,1,0,0,0,0,0,805724,6992,5831360,256
193400,11,2,2030301,Oranienplatz,2019,4,15,5,3,6,4,0,0,1,1,0,0,0,0,799863,5622,5825853,946
193401,11,4,4010102,Pl�tzensee,2019,4,20,4,3,2,6,2,0,1,0,0,0,0,0,793185,2145,5830141,776
193402,11,8,8010509,Schulenburgpark,2019,4,7,5,3,5,3,0,0,1,0,1,0,0,0,803752,474,5822184,216
193403,11,6,6030504,Teltower Damm,2019,4,18,4,3,2,7,0,0,1,0,0,0,0,0,789989,5948,5817262,75