OBJECTID,LAND,BEZ,LOR,STRASSE,UJAHR,UMONAT,USTUNDE,UWOCHENTAG,UKATEGORIE,UART,UTYP1,ULICHTVERH,IstRad,IstPKW,IstFuss,IstKrad,IstGkfz,IstSonstige,USTRZUSTAND,LINREFX,LINREFY,XGCSWGS84,YGCSWGS84
193404,11,2,2050801,Traveplatz,2019,4,0,7,3,2,2,2,1,1,0,0,0,0,0,803329,2148,5826743,578
193405,11,6,6020409,K�nigsberger Stra�e,2019,4,17,4,3,2,6,0,0,1,0,0,0,0,0,793413,6161,5817718,102
193406,11,8,8010404,Rixdorf,2019,4,17,4,3,5,3,0,0,1,0,1,0,0,0,802369,6522,5823221,455
193407,11,1,1033201,Brunnenstra�e,2019,4,8,6,2,5,2,0,0,1,0,1,0,0,0,798079,604,5829993,131
193408,11,10,10030727,Biesdorf S�d,2019,4,16,4,3,2,7,0,1,1,0,0,0,0,0,809704,9283,5826049,81
193409,11,2,2040502,Friedenstra�e,2019,4,15,5,3,2,6,0,0,1,0,0,0,0,0,800698,2016,5828469,571
193410,11,11,11030824,Frankfurter Allee S�d,2019,4,12,1,3,6,4,0,0,1,1,0,0,0,0,804104,8014,5827321,149
193411,11,2,2050602,Samariterviertel,2019,4,16,4,3,6,4,0,0,1,1,0,0,0,0,802301,7411,5827816,566
193412,11,4,4030519,Kaiserin-Augusta-Allee,2019,4,13,7,3,5,2,0,0,1,0,0,0,0,0,792326,2752,5828246,852
193413,11,1,1033102,Gesundbrunnen,2019,4,15,4,3,6,2,0,1,0,1,0,0,0,0,797150,28,5831400,811
193414,11,8,8041038,Wa�mannsdorfer Chaussee,2019,4,15,4,3,5,3,0,0,1,0,0,0,1,0,805795,7042,5816197,599
193415,11,4,4030931,Breitscheidplatz,2019,4,2,6,2,1,5,2,1,1,0,0,0,0,0,793670,3461,5825858,154
193416,11,3,3061227,Humannplatz,2019,4,14,4,2,5,3,0,1,0,0,0,0,0,0,799798,4518,5831176,502
193417,11,9,9041601,M�ggelheim,2019,4,15,7,2,2,2,0,0,1,0,1,0,0,0,817477,3764,5816709,176
193418,11,9,9041501,Altstadt Kietz,2019,4,14,4,2,0,5,0,1,0,0,0,0,1,0,810980,3395,5819984,217
193419,11,12,12103218,Teichstra�e,2019,4,16,4,2,5,2,0,0,1,0,0,0,0,0,794839,7292,5833068,212
193420,11,2,2040703,Wriezener Bahnhof/Entwicklungsgebiet,2019,4,19,6,2,0,2,1,0,0,1,1,0,0,0,801767,78,5826253,667
193421,11,9,9020502,Obersch�neweide Ost,2019,4,12,4,3,5,7,0,0,1,0,0,0,1,0,809404,5691,5821504,534
193422,11,9,9010402,Johannisthal Ost,2019,4,14,5,3,0,1,0,1,0,0,0,0,0,0,806621,6109,5820450,557
193423,11,8,8010510,Gewerbegebiet K�llnische Heide,2019,4,12,4,3,0,7,0,1,0,0,0,0,1,1,802487,2081,5822551,781
193424,11,11,11010205,Falkenberg West,2019,4,14,1,3,2,2,0,0,1,0,0,0,0,0,806305,1362,5833901,131
193425,11,4,4030623,Ernst-Reuter-Platz,2019,4,12,4,3,5,2,0,1,1,0,0,0,0,0,792895,5909,5826797,735
193426,11,4,4041136,Hagenplatz,2019,4,10,4,2,5,2,0,1,1,0,0,0,0,0,789617,3298,5823355,274
193427,11,8,8010213,K�rnerpark,2019,4,15,7,3,5,3,0,0,0,0,0,0,1,0,801231,7274,5822468,48
193428,11,1,1011305,Heine-Viertel West,2019,4,9,4,2,1,5,0,1,1,0,0,0,1,0,799057,4228,5827190,194
193429,11,1,1011302,Oranienburger Stra�e,2019,4,8,4,3,1,5,0,1,1,0,0,0,1,0,798331,188,5828924,511
193430,11,1,1022201,Stephankiez,2019,4,1,5,3,2,6,2,1,0,0,0,0,1,0,795549,4703,5829244,956
193431,11,8,8010303,Donaustra�e,2019,4,7,4,3,6,2,0,0,0,1,0,0,1,0,801146,1549,5823779,681
193432,11,4,4030828,Savignyplatz,2019,4,10,5,3,5,2,0,1,1,0,0,0,0,0,792977,2669,5826182,288
193433,11,3,3061332,Helmholtzplatz,2019,4,7,4,3,1,5,0,0,1,0,1,0,0,0,799377,923,5831077,9
193434,11,1,1044202,Sparrplatz,2019,4,7,4,3,5,3,0,1,1,0,0,0,0,0,795343,4296,5830390,818
193435,11,8,8010301,Reuterkiez,2019,4,17,5,3,0,4,0,1,0,1,0,0,0,0,800785,5182,5824392,97
193436,11,9,9020701,Adlershof West,2019,4,7,4,3,0,1,0,1,0,0,0,0,0,0,808330,2849,5819200,762
193437,11,12,12304313,Borsigwalde,2019,4,16,1,3,5,2,0,0,1,0,0,0,0,0,792354,1331,5834072,136
193438,11,3,3061131,Falkplatz,2019,4,7,4,3,6,6,0,1,0,1,0,0,0,0,798915,9664,5830386,162
193439,11,3,3040512,Wilhelmsruh,2019,4,5,4,3,2,6,2,0,1,0,0,0,0,0,796987,3057,5835832,827
193440,11,1,1022206,L�neburger Stra�e,2019,4,17,6,3,6,4,0,0,1,1,0,0,0,0,795939,2649,5828328,295
193441,11,7,7050502,Fritz-Werner-Stra�e,2019,4,1,4,3,5,3,2,0,1,0,0,0,0,0,797897,8565,5818354,261
193442,11,11,11030721,R�digerstra�e,2019,4,16,3,3,6,7,0,0,1,1,0,0,0,0,805431,545,5827935,793
193443,11,5,5010314,Carl-Schurz-Stra�e,2019,4,11,5,3,0,7,0,0,1,0,0,0,1,0,783945,3015,5828947,354
193444,11,1,1044101,Rehberge,2019,4,14,3,3,0,5,0,1,1,0,0,0,0,0,793737,9481,5832005,137
193445,11,2,2040502,Friedenstra�e,2019,4,9,5,2,3,6,0,0,1,0,1,0,0,0,800534,5364,5828474,65
193446,11,8,8010303,Donaustra�e,2019,4,16,3,3,2,6,0,0,1,0,0,0,0,0,800668,1426,5824292,276
193447,11,1,1044101,Rehberge,2019,4,19,7,3,5,2,0,0,1,0,0,0,1,0,794536,6214,5831570,43
193448,11,8,8010214,Glasower Stra�e,2019,4,7,3,3,6,7,0,1,0,1,0,0,0,0,801106,2886,5822184,106
193449,11,10,10030725,Buckower Ring,2019,4,16,3,3,5,3,0,1,1,0,0,0,0,0,809644,2053,5828927,397
193450,11,4,4051653,Prager Platz,2019,4,9,6,3,5,3,0,1,0,0,0,0,0,0,794140,88,5824322,366
193451,11,4,4010101,Jungfernheide,2019,4,15,7,3,7,7,0,0,0,0,1,0,0,0,789539,1073,5830525,48
193452,11,4,4041344,R�desheimer Platz,2019,4,16,3,3,5,3,0,0,1,0,0,0,0,0,793379,1756,5821960,22
193453,11,12,12301205,Waidmannslust,2019,4,16,3,3,2,2,0,0,1,0,0,0,1,0,792464,8551,5837326,894
193454,11,4,4030518,Tegeler Weg,2019,4,14,6,3,5,2,0,0,1,0,1,0,0,0,791388,4928,5828585,36
193455,11,6,6030610,Lichterfelde West,2019,4,16,3,3,6,4,0,0,1,1,0,0,0,0,791878,5162,5818982,31
193456,11,6,6010205,S�dende,2019,4,15,5,3,2,6,0,0,1,0,0,0,0,0,795100,2279,5819675,569
193457,11,8,8010405,Hertzbergplatz,2019,4,16,3,3,1,1,0,0,1,0,0,0,0,0,801768,7801,5823786,264
193458,11,1,1044201,Reinickendorfer Stra�e,2019,4,16,2,3,2,6,0,0,1,0,0,0,0,0,796678,2998,5831653,58
193459,11,8,8030831,Gropiusstadt Ost,2019,4,17,5,3,5,3,0,1,1,0,0,0,0,0,804117,8197,5817627,958
193460,11,1,3071537,Kollwitzplatz,2019,4,18,3,3,2,6,0,0,1,0,0,0,0,0,799519,2538,5828857,611
193461,11,3,3020209,Niedersch�nhausen,2019,4,16,7,3,0,3,0,1,1,0,0,0,0,0,798124,485,5835605,449
193462,11,12,12214424,Scharnweberstra�e,2019,4,16,3,3,5,2,0,0,1,0,0,0,1,0,792902,1472,5832166,951
193463,11,6,6030610,Lichterfelde West,2019,4,18,3,3,0,6,0,1,0,0,0,0,1,0,792189,1758,5818718,978
193464,11,8,8010404,Rixdorf,2019,4,7,6,3,4,5,0,1,1,0,0,0,0,0,801976,4173,5822892,549
193465,11,2,2010102,Mehringplatz,2019,4,18,3,3,5,2,0,0,1,0,1,0,0,0,798334,1937,5825557,154
193466,11,1,1011304,Karl-Marx-Allee,2019,4,15,5,2,3,6,0,1,0,0,0,0,0,0,799737,7325,5827692,193
193467,11,2,2020203,Viktoriapark,2019,4,18,3,3,5,2,0,1,1,0,0,0,0,0,797843,44,5824926,336
193468,11,5,5020419,Magistratsweg,2019,4,11,1,3,1,5,0,1,1,0,0,0,0,0,782005,8276,5828367,369
193469,11,4,4030415,Schlo�garten,2019,4,17,3,2,6,7,0,0,1,1,0,0,0,0,791662,347,5827613,2
193470,11,1,1011201,Wilhelmstra�e,2019,4,16,5,3,2,2,0,1,1,0,0,0,0,0,797143,959,5826449,27
193471,11,11,11030720,Herzbergstra�e,2019,4,11,3,2,2,6,0,0,1,0,1,0,0,0,804617,6802,5829927,184
193472,11,4,4030827,Karl-August-Platz,2019,4,15,1,3,1,5,0,1,1,0,0,0,0,0,792105,56,5825991,547
193473,11,1,1011303,Alexanderplatzviertel,2019,4,17,3,2,5,2,0,0,1,0,1,0,0,0,799186,4977,5828678,81
193474,11,10,10010310,Alt-Marzahn,2019,4,8,3,3,3,6,0,0,1,0,0,1,0,0,807786,1483,5830791,461
193475,11,10,10010308,Marzahner Chaussee,2019,4,9,7,3,2,2,0,0,1,0,1,0,0,0,806580,621,5828344,93
193476,11,8,8020619,Buschkrugallee Nord,2019,4,23,3,2,5,2,2,0,0,0,1,0,1,0,801544,3045,5820646,99
193477,11,1,1011302,Oranienburger Stra�e,2019,4,22,3,3,1,5,2,0,1,0,0,0,0,0,798422,738,5828768,836
193478,11,8,8020727,Buckow Mitte,2019,4,20,6,2,5,3,2,1,1,0,0,0,0,0,801730,7488,5817139,199
193479,11,7,7010101,Wittenbergplatz/Viktoria-Luise-Platz,2019,4,21,3,3,6,4,2,0,1,1,0,0,0,0,794762,1287,5825692,966
193480,11,7,7030301,Friedenau,2019,4,18,5,3,6,4,0,1,0,1,0,0,0,0,793903,5752,5822951,543
193481,11,7,7070704,Nahariyastra�e,2019,4,21,3,3,5,2,2,0,1,0,0,0,1,0,800891,1616,5814179,572
193482,11,1,1022101,Huttenkiez,2019,4,22,1,3,5,3,2,0,1,0,0,0,0,0,792739,1497,5828287,577
193483,11,2,2010104,Wassertorplatz,2019,4,13,3,3,5,2,0,0,0,0,0,0,1,0,799064,611,5825613,45
193484,11,1,1033102,Gesundbrunnen,2019,4,12,3,3,2,6,0,0,1,0,0,0,0,0,797335,7412,5831216,626
193485,11,12,12214424,Scharnweberstra�e,2019,4,13,6,3,2,6,0,0,1,0,0,0,0,0,793179,3439,5832282,316
193486,11,3,3061227,Humannplatz,2019,4,12,3,3,2,6,0,0,1,0,0,0,0,0,799387,9352,5831788,462
193487,11,2,2030401,Reichenberger Stra�e,2019,4,12,3,3,0,2,0,0,0,0,0,0,1,0,800476,8876,5825763,251
193488,11,9,9052001,K�penick Nord,2019,4,14,3,3,4,6,0,0,1,0,0,0,0,0,809606,9805,5822254,985
193489,11,8,8030831,Gropiusstadt Ost,2019,4,13,7,3,2,6,0,0,1,0,0,0,0,0,803743,8605,5818003,903
193490,11,1,1044103,Westliche M�llerstra�e,2019,4,11,3,3,2,6,0,0,1,0,0,0,0,0,794798,3165,5830933,256
193491,11,9,9010401,Johannisthal West,2019,4,15,3,3,2,6,0,0,1,0,0,1,0,0,806281,4444,5820971,522
193492,11,1,1011301,Charit�viertel,2019,4,17,6,3,2,6,1,0,1,0,0,0,0,0,797647,9212,5828135,129
193493,11,5,5020625,Borkumer Stra�e,2019,4,11,3,3,1,1,0,0,1,0,1,0,0,0,784149,9174,5828026,68
193494,11,5,5010314,Carl-Schurz-Stra�e,2019,4,16,5,3,5,3,0,0,1,0,0,0,0,0,784006,3018,5829049,2
193495,11,12,12214422,Klixstra�e,2019,4,15,3,3,5,3,0,1,0,0,1,0,0,0,791930,4078,5833389,26
193496,11,5,5010314,Carl-Schurz-Stra�e,2019,4,19,1,3,5,3,0,0,1,0,0,0,1,0,784495,6925,5828871,961
193497,11,1,1011302,Oranienburger Stra�e,2019,4,11,3,3,3,6,0,0,1,0,1,0,1,0,797882,1463,5828529,245
193498,11,2,2040703,Wriezener Bahnhof/Entwicklungsgebiet,2019,4,15,3,2,3,6,0,1,1,0,0,0,0,0,801745,9908,5826253,908
193499,11,1,1033201,Brunnenstra�e,2019,4,15,6,3,5,2,0,1,1,0,0,0,0,0,798081,77,5830001,847
193500,11,4,4030518,Tegeler Weg,2019,4,16,3,2,5,2,0,0,1,0,1,0,0,0,791469,5071,5828283,532
193501,11,4,4030417,Schlo�stra�e,2019,4,10,3,2,6,7,0,0,0,1,0,0,1,0,791769,6853,5827104,258
193502,11,5,5030730,Zitadellenweg,2019,4,11,5,3,5,7,0,0,1,0,0,0,0,0,786557,7718,5830558,698
193503,11,1,1044202,Sparrplatz,2019,4,10,3,2,5,2,0,0,1,0,1,0,0,0,795534,6992,5830743,844
193504,11,1,1022206,L�neburger Stra�e,2019,4,11,3,3,1,5,0,1,0,0,0,0,1,0,796482,1622,5828645,599
193505,11,11,11051332,Karlshorst S�d,2019,4,8,5,3,5,2,0,1,1,0,0,0,0,0,807202,831,5823906,186
193506,11,2,2050801,Traveplatz,2019,4,10,3,3,0,4,0,1,1,0,0,0,1,0,803331,701,5827421,354
193507,11,6,6010102,Schlo�stra�e,2019,4,10,5,3,3,6,0,0,1,0,1,0,0,0,793684,159,5820596,387
193508,11,1,1011306,Heine-Viertel Ost,2019,4,9,3,3,1,5,0,1,0,0,0,0,1,0,800030,3172,5826464,125
193509,11,3,3061435,Conrad-Blenkle-Stra�e,2019,4,20,7,3,2,7,2,1,1,0,0,0,0,0,801698,1731,5829409,153
193510,11,1,1011302,Oranienburger Stra�e,2019,4,1,3,3,1,5,2,1,1,0,0,0,0,0,798200,4742,5828743,789
193511,11,5,5020625,Borkumer Stra�e,2019,4,5,3,3,5,3,2,0,1,0,0,0,0,0,784632,72,5828423,984
193512,11,9,9041501,Altstadt Kietz,2019,4,12,6,3,5,7,0,0,1,0,0,0,1,0,811352,1644,5819987,768
193513,11,9,9020501,Obersch�neweide West,2019,4,7,3,3,5,3,0,0,1,0,1,0,0,0,806252,8127,5822194,216
193514,11,5,5030832,Rohrdamm,2019,4,14,5,3,6,3,0,0,1,1,0,0,0,0,788802,9017,5830206,501
193515,11,11,11040926,Weitlingstra�e,2019,4,7,3,3,2,1,0,0,1,0,0,0,0,0,805755,7017,5827182,64
193516,11,12,12214422,Klixstra�e,2019,4,17,1,3,2,6,0,0,1,0,0,0,0,0,792067,9483,5832942,159
193517,11,5,5020625,Borkumer Stra�e,2019,4,5,5,3,2,6,2,0,1,0,1,0,0,0,784718,5759,5828571,16
193518,11,4,4030417,Schlo�stra�e,2019,4,7,3,3,6,7,0,0,1,1,0,0,0,0,791162,4385,5826636,186
193519,11,3,3050923,Wei�enseer Spitze,2019,4,16,7,3,5,3,0,0,1,0,0,0,0,0,800421,9557,5832305,752
193520,11,1,1044103,Westliche M�llerstra�e,2019,4,8,3,3,5,3,0,0,1,0,0,0,0,0,794814,4132,5830667,198
193521,11,1,1011105,N�rdlicher Landwehrkanal,2019,4,8,5,3,5,3,0,1,1,0,0,0,0,0,796123,173,5826294,134
193522,11,6,6040703,Nikolassee,2019,4,8,3,2,0,6,0,0,1,0,0,0,0,0,785348,6552,5818639,927
193523,11,12,12304314,Ziekowstra�e/Freie Scholle,2019,4,18,7,3,2,6,0,0,1,0,0,0,0,0,790720,279,5835389,21
193524,11,10,10010207,Marzahner Promenade,2019,4,8,3,3,5,2,0,0,1,0,0,0,0,0,808839,241,5831800,438
193525,11,4,4020311,Reichsstra�e,2019,4,9,3,2,6,2,0,0,1,1,0,0,0,0,789445,3532,5826652,797
193526,11,5,5020625,Borkumer Stra�e,2019,4,11,6,2,6,4,0,0,1,1,0,0,0,0,783961,1083,5828707,677
193527,11,2,2020204,Urbanstra�e,2019,4,18,2,3,3,6,1,1,0,0,0,0,0,0,798040,3466,5824836,506
193528,11,8,8041037,Alt-Rudow,2019,4,16,5,3,6,6,0,0,1,1,0,0,0,0,805538,5917,5817148,562
193529,11,1,1011302,Oranienburger Stra�e,2019,4,9,2,3,4,6,0,1,0,0,0,0,0,0,798791,1645,5829066,87
193530,11,8,8030830,Gropiusstadt S�d,2019,4,13,1,3,5,2,0,0,1,0,1,0,0,0,802292,8379,5817834,577
193531,11,9,9052001,K�penick Nord,2019,4,19,2,3,5,2,0,1,1,0,0,0,0,0,811081,4557,5821962,811
193532,11,11,11051229,Rummelsburg,2019,4,12,2,3,3,6,0,0,1,0,0,1,0,0,803872,2183,5826138,796
193533,11,4,4020314,Messegel�nde,2019,4,12,7,3,5,2,0,1,1,0,0,0,0,0,790025,7165,5825236,173
193534,11,7,7040403,Manteuffelstra�e,2019,4,12,2,3,5,2,0,1,1,0,0,0,0,0,797870,7518,5821888,92
193535,11,8,8010303,Donaustra�e,2019,4,16,2,3,1,5,0,1,1,0,0,0,0,0,801039,3387,5823941,757
193536,11,1,1011203,Unter den Linden S�d,2019,4,9,6,3,2,6,0,0,1,0,1,0,0,0,797453,6655,5827394,685
193537,11,12,12214125,Waldidyll/Flughafensee,2019,4,16,2,2,2,6,0,0,1,0,0,0,0,0,788333,5598,5832029,59
193538,11,10,10020622,Kaulsdorf Nord I,2019,4,17,5,3,5,3,0,1,1,0,0,0,0,0,811034,7713,5829168,46
193539,11,9,9020701,Adlershof West,2019,4,16,2,3,5,3,0,1,1,0,0,0,0,0,808810,4515,5819001,109
193540,11,8,8041036,Zittauer Stra�e,2019,4,7,6,3,3,6,0,1,1,0,0,0,0,0,804343,8247,5817008,628
193541,11,8,8010213,K�rnerpark,2019,4,15,2,3,5,3,0,1,0,0,0,0,1,0,801209,6008,5822594,389
193542,11,3,3040614,Pankow Zentrum,2019,4,12,5,3,5,2,0,0,0,0,0,1,1,0,800023,9726,5834669,569
193543,11,1,1011303,Alexanderplatzviertel,2019,4,15,2,3,2,4,0,1,1,1,0,0,0,0,799078,739,5828652,848
193544,11,5,5020523,Maulbeerallee,2019,4,14,1,3,5,2,0,0,1,0,0,0,0,0,782359,5205,5827215,934
193545,11,1,1011303,Alexanderplatzviertel,2019,4,15,2,3,5,3,0,1,0,0,0,0,0,0,799492,623,5828155,222
193546,11,1,1022204,Thomasiusstra�e,2019,4,15,2,3,5,2,0,1,1,0,0,0,0,0,794800,4801,5828308,971
193547,11,5,5020521,D�beritzer Weg,2019,4,15,7,3,5,2,0,0,1,0,0,0,0,0,780672,53,5827518,676
193548,11,5,5020417,Staakener Stra�e,2019,4,13,2,3,0,3,0,1,0,0,0,0,1,0,783068,7404,5828602,32
193549,11,10,10010308,Marzahner Chaussee,2019,4,14,2,3,5,3,0,1,0,0,0,0,1,0,806466,4796,5830188,432
193550,11,2,2010102,Mehringplatz,2019,4,7,5,3,3,6,0,1,0,0,0,0,0,0,798191,1307,5825520,901
193551,11,5,5020626,Adamstra�e,2019,4,14,2,3,5,3,0,0,1,0,1,0,0,0,784586,4914,5827976,26
193552,11,10,10020620,Kaulsdorf Nord II,2019,4,16,5,3,2,6,0,0,1,0,0,0,0,0,811281,1546,5829681,427
193553,11,6,6010210,Bismarckstra�e,2019,4,16,2,2,6,4,0,1,0,1,0,0,0,0,794764,8602,5821573,567
193554,11,3,3061227,Humannplatz,2019,4,13,7,3,5,3,0,1,1,0,0,0,0,0,799748,8568,5831750,897
193555,11,4,4030931,Breitscheidplatz,2019,4,18,2,3,1,5,0,0,1,0,0,0,0,0,794094,4952,5825723,652
193556,11,10,10040931,Mahlsdorf Nord,2019,4,13,2,3,5,3,0,1,1,0,0,0,0,0,813805,8283,5829744,574
193557,11,2,2020206,Graefekiez,2019,4,16,2,3,2,6,0,0,1,0,0,0,0,0,799070,5913,5824634,581
193558,11,3,3061434,Anton-Saefkow-Park,2019,4,19,1,3,2,6,0,0,1,0,0,0,0,0,801347,5457,5829653,981
193559,11,4,4041136,Hagenplatz,2019,4,12,2,3,1,5,0,1,1,0,0,0,0,0,790080,8315,5822967,803
193560,11,5,5030731,Gartenfelder Stra�e,2019,4,14,2,3,0,7,0,0,0,0,1,0,0,1,786983,4231,5829578,553
193561,11,4,4030828,Savignyplatz,2019,4,19,4,3,5,3,1,1,1,0,0,0,0,0,793467,6212,5826331,507
193562,11,2,2010104,Wassertorplatz,2019,4,18,6,3,5,3,0,0,1,0,0,0,0,0,799060,6754,5825597,59
193563,11,1,1044201,Reinickendorfer Stra�e,2019,4,17,2,3,5,5,0,1,1,0,0,0,0,0,796940,248,5831531,897
193564,11,1,1011402,Arkonaplatz,2019,4,18,4,3,2,6,0,0,1,0,0,0,0,0,798244,714,5829612,779
193565,11,5,5020625,Borkumer Stra�e,2019,4,12,2,3,2,6,0,0,1,0,0,0,0,0,784722,5527,5828624,191
193566,11,1,1011303,Alexanderplatzviertel,2019,4,18,4,3,3,6,0,1,1,0,0,0,0,0,799042,4544,5828828,203
193567,11,6,6040806,Fischtal,2019,4,14,5,3,5,2,0,0,1,0,1,0,0,0,789048,3194,5819042,53
193568,11,6,6020303,Lankwitz Kirche,2019,4,16,2,3,5,3,0,1,1,0,0,0,0,0,795778,994,5818439,984
193569,11,8,8010213,K�rnerpark,2019,4,18,4,3,2,7,0,1,0,0,0,0,1,0,801535,133,5822636,633
193570,11,3,3040818,Pankow S�d,2019,4,17,4,3,1,1,0,0,0,0,1,1,0,0,799980,2,5832363,256
193571,11,4,4030623,Ernst-Reuter-Platz,2019,4,9,5,3,5,7,0,0,1,0,0,0,0,0,793817,7887,5826703,716
193572,11,1,1011402,Arkonaplatz,2019,4,13,2,3,0,3,0,1,1,0,0,0,0,0,798672,5649,5829459,717
193573,11,9,9020802,K�llnische Vorstadt,2019,4,17,4,3,2,7,0,0,1,0,0,0,0,0,809994,9568,5820358,307
193574,11,4,4010102,Pl�tzensee,2019,4,18,7,3,6,4,1,0,0,1,1,0,0,0,792710,4184,5830652,843
193575,11,7,7010102,Nollendorfplatz,2019,4,17,4,3,0,6,0,0,1,0,0,0,1,0,795080,6897,5825808,97
193576,11,1,1044103,Westliche M�llerstra�e,2019,4,13,2,3,1,5,0,0,1,0,0,0,1,0,794931,3672,5831040,758
193577,11,4,4020311,Reichsstra�e,2019,4,17,4,3,5,3,0,0,1,0,1,0,0,0,789992,273,5826317,665
193578,11,5,5030731,Gartenfelder Stra�e,2019,4,18,2,3,5,2,0,1,1,0,0,0,0,0,786983,4223,5829577,424
193579,11,2,2050601,Hausburgviertel,2019,4,17,4,3,5,3,0,1,1,0,0,0,0,0,801966,6974,5829025,696
193580,11,7,7050501,Rathausstra�e,2019,4,10,6,3,3,6,0,0,1,0,1,0,0,0,797483,2632,5820263,559
193581,11,7,7020201,Bayerischer Platz,2019,4,11,2,3,2,6,0,0,1,0,0,0,0,0,794944,4721,5824454,423
193582,11,7,7040403,Manteuffelstra�e,2019,4,16,4,3,2,6,0,0,1,0,0,0,0,0,796911,1076,5820709,162
193583,11,2,2020204,Urbanstra�e,2019,4,16,4,3,5,2,0,1,1,0,0,0,0,0,798311,3687,5825328,12
193584,11,6,6030610,Lichterfelde West,2019,4,15,5,3,3,2,0,0,1,0,0,0,0,0,792937,9071,5817752,317
193585,11,6,6040701,Wannsee,2019,4,16,4,3,4,6,0,1,1,0,0,0,0,0,781474,5127,5813277,35
193586,11,7,7050502,Fritz-Werner-Stra�e,2019,4,14,6,3,5,3,0,0,1,0,0,0,0,0,797855,2601,5817824,508
193587,11,12,12301203,Wittenau S�d,2019,4,15,4,3,6,6,0,1,0,1,0,0,0,0,793557,8211,5835435,522
193588,11,4,4020311,Reichsstra�e,2019,4,15,4,3,5,3,0,0,1,0,0,0,0,0,788806,4094,5827270,419
193589,11,6,6010205,S�dende,2019,4,15,4,3,5,7,0,0,1,0,1,0,0,0,794806,715,5820061,12
193590,11,1,1011302,Oranienburger Stra�e,2019,4,14,5,3,5,7,0,0,1,0,1,0,0,0,798217,9588,5828412,841
193591,11,7,7020204,Sch�neberger Insel,2019,4,18,2,3,5,2,0,1,1,0,0,0,0,0,796253,4522,5822956,133
193592,11,7,7040405,Rathaus Tempelhof,2019,4,14,4,3,5,3,0,0,1,0,0,0,0,0,798886,1128,5820527,231
193593,11,4,4051652,Nikolsburger Platz,2019,4,16,2,3,6,4,0,0,1,1,0,0,0,0,793818,4343,5824654,804
193594,11,1,1011204,Leipziger Stra�e,2019,4,14,4,3,5,3,0,0,1,0,1,0,0,0,798854,387,5826757,48
193595,11,7,7040402,Lindenhofsiedlung,2019,4,7,5,3,0,7,0,0,0,1,1,0,0,0,796487,1793,5821140,488
193596,11,1,1011301,Charit�viertel,2019,4,10,2,3,6,2,0,0,1,1,0,0,0,0,797029,9306,5828455,926
193597,11,10,10010309,Springpfuhl,2019,4,17,4,3,0,1,0,0,0,0,1,0,0,0,807879,3028,5829198,878
193598,11,1,1033201,Brunnenstra�e,2019,4,17,7,3,6,7,0,1,0,1,0,0,0,0,797550,6104,5830944,853
193599,11,7,7040405,Rathaus Tempelhof,2019,4,8,4,3,5,3,0,0,1,0,0,0,0,0,798480,1511,5821774,481
193600,11,10,10040830,Kaulsdorf S�d,2019,4,17,2,2,5,2,0,0,1,0,1,0,0,0,811203,9997,5824713,67
193601,11,7,7010104,Dennewitzplatz,2019,4,8,4,3,5,2,0,1,1,0,0,0,0,0,796422,5798,5824865,98
193602,11,1,1044101,Rehberge,2019,4,18,2,3,6,4,0,0,1,1,0,0,0,0,793717,3837,5831833,798
193603,11,2,2030402,Wrangelkiez,2019,4,9,3,3,2,6,0,1,0,0,0,0,0,0,801957,2184,5825641,863
193604,11,4,4041344,R�desheimer Platz,2019,4,8,6,3,2,6,0,0,1,0,0,0,1,0,793047,9266,5822017,8
193605,11,3,3020307,Buchholz,2019,4,19,2,3,2,6,0,0,1,0,1,0,0,0,799227,2149,5837622,208
193606,11,1,1011202,Unter den Linden Nord,2019,4,18,3,3,5,2,0,0,1,0,0,0,0,0,797739,1048,5827587,546
193607,11,1,1011101,St�lerstra�e,2019,4,9,3,3,2,6,0,0,1,0,0,0,0,0,794558,619,5826085,973
193608,11,4,4041134,Bismarckallee,2019,4,16,5,3,2,6,0,0,1,0,0,0,0,0,790857,2986,5824362,42
193609,11,3,3040512,Wilhelmsruh,2019,4,12,3,3,5,2,0,1,1,0,0,0,0,0,795821,949,5835221,284
193610,11,8,8020619,Buschkrugallee Nord,2019,4,17,3,3,6,3,0,0,1,1,0,0,0,0,802615,4797,5820927,92
193611,11,9,9051702,B�lschestra�e,2019,4,11,1,3,2,6,0,0,1,0,0,0,0,0,813735,7581,5821732,686
193612,11,1,1022104,Emdener Stra�e,2019,4,17,3,3,6,4,0,1,0,1,0,0,0,0,794595,3594,5828452,249
193613,11,11,11051331,Karlshorst Nord,2019,4,20,2,2,6,4,2,0,1,1,0,0,0,0,807316,1062,5824786,772
193614,11,7,7070701,Kettinger Stra�e/Schillerstra�e,2019,4,10,2,3,5,2,0,1,0,0,0,1,0,0,799254,7145,5816248,93
193615,11,2,2020204,Urbanstra�e,2019,4,17,3,3,2,6,0,1,1,0,0,0,0,0,797886,542,5824886,242
193616,11,4,4020311,Reichsstra�e,2019,4,13,7,2,5,3,0,0,1,0,1,0,0,0,789010,6208,5827026,172
193617,11,7,7040403,Manteuffelstra�e,2019,4,12,3,3,5,3,0,0,1,0,0,0,0,0,797425,3103,5820942,286
193618,11,1,1011302,Oranienburger Stra�e,2019,4,9,2,3,5,3,0,1,1,0,0,0,0,0,798590,176,5828886,68
193619,11,1,1033203,Humboldthain Nordwest,2019,4,18,3,3,2,6,0,1,1,0,0,0,0,0,796451,5614,5829959,54