OBJECTID,LAND,BEZ,LOR,STRASSE,UJAHR,UMONAT,USTUNDE,UWOCHENTAG,UKATEGORIE,UART,UTYP1,ULICHTVERH,IstRad,IstPKW,IstFuss,IstKrad,IstGkfz,IstSonstige,USTRZUSTAND,LINREFX,LINREFY,XGCSWGS84,YGCSWGS84
193620,11,4,4061757,Forst Grunewald,2019,4,1,1,2,9,1,2,0,0,0,1,0,0,0,785774,6802,5825068,402
193621,11,6,6040809,Thielallee,2019,4,12,3,3,5,3,0,0,1,0,1,0,0,0,791208,1286,5819689,592
193622,11,3,3061429,Greifswalder Stra�e,2019,4,14,4,3,2,2,0,0,1,0,0,0,0,0,801704,6792,5830097,633
193623,11,10,10020413,Gut Hellersdorf,2019,4,9,2,3,5,3,0,1,1,0,0,0,0,0,811375,439,5831553,765
193624,11,8,8010404,Rixdorf,2019,4,11,3,3,6,4,0,0,1,1,0,0,0,0,802567,8446,5823054,332
193625,11,8,8010118,Silbersteinstra�e,2019,4,1,7,3,1,6,2,1,1,0,0,0,0,0,800773,2547,5822727,992
193626,11,6,6020409,K�nigsberger Stra�e,2019,4,11,3,3,5,3,0,0,1,0,0,0,0,0,794004,9187,5818143,132
193627,11,5,5030730,Zitadellenweg,2019,4,8,2,3,1,5,0,0,1,0,0,0,1,0,786049,4063,5829179,258
193628,11,4,4020311,Reichsstra�e,2019,4,10,3,3,5,3,0,0,1,0,0,0,0,0,789319,1483,5826829,795
193629,11,7,7010102,Nollendorfplatz,2019,4,8,2,3,2,6,0,0,0,0,1,0,1,0,795953,15,5825369,649
193630,11,1,1011303,Alexanderplatzviertel,2019,4,18,3,2,5,2,1,1,1,0,0,0,0,0,799111,8672,5828465,953
193631,11,6,6010207,Mittelstra�e,2019,4,11,6,3,1,5,0,1,1,0,0,0,1,0,793945,7622,5819587,701
193632,11,1,1022102,Beusselkiez,2019,4,8,2,2,6,4,0,0,1,1,0,0,0,0,793452,5371,5828523,661
193633,11,11,11030721,R�digerstra�e,2019,4,20,3,3,5,3,2,1,1,0,0,0,0,0,805694,9833,5827907,782
193634,11,4,4051652,Nikolsburger Platz,2019,4,10,3,3,2,7,0,1,0,0,0,0,1,0,793448,1251,5824304,447
193635,11,12,12214125,Waldidyll/Flughafensee,2019,4,20,5,3,5,3,2,0,1,0,0,0,0,0,791132,912,5833989,38
193636,11,2,2050803,Stralauer Kiez,2019,4,8,2,3,2,6,0,1,0,0,0,0,0,0,802514,4155,5826557,14
193637,11,12,12103115,Breitkopfbecken,2019,4,21,3,3,5,2,2,0,1,0,0,0,0,0,795480,4557,5833415,283
193638,11,1,1011401,Invalidenstra�e,2019,4,12,1,3,0,1,0,1,0,0,0,0,0,0,798211,6395,5829356,587
193639,11,4,4030726,Droysenstra�e,2019,4,10,3,3,3,6,0,1,1,0,0,0,0,0,792036,1492,5825773,688
193640,11,9,9010402,Johannisthal Ost,2019,4,11,2,2,0,1,0,0,0,0,1,0,0,0,806379,367,5819836,918
193641,11,12,12214424,Scharnweberstra�e,2019,4,17,2,3,2,6,0,0,1,0,0,0,1,0,792639,6501,5832795,717
193642,11,12,12224230,Heiligensee,2019,4,9,3,3,3,6,0,0,1,0,0,0,0,0,786968,9414,5838319,123
193643,11,1,1011306,Heine-Viertel Ost,2019,4,19,6,3,2,6,0,1,1,0,0,0,0,0,800211,4265,5826843,577
193644,11,9,9010302,Sp�thsfelde,2019,3,18,1,3,5,3,0,0,1,0,0,0,0,0,803094,187,5820940,736
193645,11,7,7010104,Dennewitzplatz,2019,4,21,3,3,5,2,2,1,1,0,0,0,0,0,796377,5754,5825236,689
193646,11,1,1044101,Rehberge,2019,3,18,1,3,3,6,0,0,1,0,1,0,0,0,793687,594,5832191,615
193647,11,5,5030832,Rohrdamm,2019,4,13,3,3,2,6,0,0,1,0,0,0,0,0,789473,4467,5829287,152
193648,11,1,1011302,Oranienburger Stra�e,2019,4,11,5,3,3,6,0,1,0,0,0,1,0,0,798845,456,5828565,208
193649,11,12,12301206,L�bars,2019,3,17,1,3,5,2,0,1,0,0,0,0,0,0,794207,2626,5838507,77
193650,11,2,2050802,Boxhagener Platz,2019,4,22,3,3,5,7,2,1,1,0,0,0,0,0,802221,186,5827333,61
193651,11,12,12214125,Waldidyll/Flughafensee,2019,3,17,1,3,2,2,0,0,1,0,0,0,0,0,791191,5785,5830904,403
193652,11,1,1022206,L�neburger Stra�e,2019,4,7,3,3,5,3,0,1,0,0,1,0,0,0,796119,6284,5828435,868
193653,11,9,9020502,Obersch�neweide Ost,2019,3,15,1,3,6,4,0,0,0,1,0,0,1,0,807136,4147,5821887,61
193654,11,7,7050503,Eisenacher Stra�e,2019,4,6,3,3,3,6,0,1,1,0,0,0,0,0,797966,447,5820453,83
193655,11,12,12214527,Alt-Tegel,2019,4,14,6,3,2,7,0,0,1,0,1,0,0,0,790181,307,5835149,479
193656,11,1,1011401,Invalidenstra�e,2019,3,13,1,3,5,2,0,1,1,0,0,0,0,0,798114,4359,5829346,758
193657,11,12,12214424,Scharnweberstra�e,2019,4,13,3,3,0,6,0,0,1,0,0,0,1,0,793349,9062,5832401,187
193658,11,3,3040818,Pankow S�d,2019,4,17,3,2,5,3,0,0,1,0,0,0,0,0,800188,5901,5834842,371
193659,11,10,10020415,Hellersdorfer Promenade,2019,4,17,5,3,6,4,0,0,1,1,0,0,0,0,812166,6672,5831031,303
193660,11,12,12214422,Klixstra�e,2019,3,16,1,3,3,6,0,0,1,0,0,0,0,0,792217,8923,5833729,52
193661,11,6,6030501,Berlepschstra�e,2019,4,11,3,2,6,4,0,0,1,1,0,0,0,0,787709,3991,5816953,529
193662,11,1,1011203,Unter den Linden S�d,2019,4,16,1,3,2,1,0,0,1,0,1,0,0,0,798105,2862,5827406,96
193663,11,6,6010206,Stadtpark,2019,4,22,3,2,6,2,2,0,1,1,0,0,0,0,794715,3906,5820068,772
193664,11,4,4030931,Breitscheidplatz,2019,3,16,1,2,2,6,0,0,1,0,0,0,0,0,794024,5071,5825930,494
193665,11,3,3050923,Wei�enseer Spitze,2019,3,1,1,3,6,4,2,0,1,1,0,0,0,0,800294,149,5832201,773
193666,11,4,4051652,Nikolsburger Platz,2019,4,9,3,3,1,5,0,1,1,0,0,0,1,0,793442,3269,5824131,256
193667,11,5,5030832,Rohrdamm,2019,4,18,6,3,5,2,1,1,1,0,0,0,0,0,789916,2313,5829223,82
193668,11,8,8010117,Schillerpromenade,2019,3,0,1,3,3,6,2,0,1,0,0,0,0,0,800560,6233,5823299,78
193669,11,4,4041343,Binger Stra�e,2019,4,17,3,3,1,5,0,1,1,0,0,0,0,0,792728,5228,5822835,13
193670,11,5,5020419,Magistratsweg,2019,3,9,1,3,2,6,0,0,1,0,0,0,0,0,781976,7862,5828460,462
193671,11,5,5020625,Borkumer Stra�e,2019,4,20,3,3,0,1,2,1,0,0,0,0,0,0,784615,8185,5828385,928
193672,11,8,8010509,Schulenburgpark,2019,4,15,5,3,6,4,0,0,1,1,0,0,0,0,803926,6462,5822015,214
193673,11,5,5020524,Weinmeisterhornweg,2019,3,11,1,3,5,3,0,1,1,0,0,0,0,0,782858,378,5826852,43
193674,11,1,1011202,Unter den Linden Nord,2019,4,17,3,3,0,1,0,1,0,0,0,0,0,0,797729,9195,5828158,655
193675,11,2,2050801,Traveplatz,2019,4,18,3,3,0,1,0,1,0,0,0,0,0,0,802167,1524,5827542,99
193676,11,10,10010308,Marzahner Chaussee,2019,4,9,5,3,5,2,0,1,1,0,0,0,0,0,806680,15,5829147,225
193677,11,4,4030518,Tegeler Weg,2019,3,12,1,3,5,2,0,0,1,0,0,0,0,0,791387,4637,5828587,468
193678,11,3,3030406,Alt-Karow,2019,4,7,3,2,5,3,0,1,1,0,0,0,0,0,803224,5867,5838598,208
193679,11,7,7050503,Eisenacher Stra�e,2019,4,18,7,2,5,3,0,1,1,0,0,0,0,0,799481,1328,5820508,321
193680,11,7,7010104,Dennewitzplatz,2019,4,16,3,3,1,5,0,1,1,0,0,0,0,0,796331,6984,5825121,98
193681,11,1,1011102,Gro�er Tiergarten,2019,4,16,3,3,5,2,0,0,1,0,1,0,0,0,796510,7689,5827614,387
193682,11,1,1011202,Unter den Linden Nord,2019,4,10,5,3,6,4,0,0,0,1,0,0,1,0,797694,95,5827848,279
193683,11,5,5020625,Borkumer Stra�e,2019,3,13,7,3,5,3,0,0,1,0,0,0,0,0,784518,1025,5828638,325
193684,11,9,9020701,Adlershof West,2019,4,16,3,3,5,2,0,1,1,0,0,0,0,0,808253,7967,5818811,915
193685,11,1,1011302,Oranienburger Stra�e,2019,4,23,7,3,5,7,2,0,1,0,0,0,1,0,799065,2353,5828982,261
193686,11,7,7060601,Marienfelder Allee Nordwest,2019,4,16,3,3,0,6,0,0,1,0,0,0,1,0,796421,704,5816580,246
193687,11,3,3020203,Blankenfelde,2019,3,15,7,3,5,3,0,1,1,0,0,0,0,0,796494,495,5839974,964
193688,11,7,7040405,Rathaus Tempelhof,2019,4,15,3,3,5,2,0,1,1,0,0,0,0,0,799587,3403,5820836,566
193689,11,12,12103218,Teichstra�e,2019,3,15,7,3,1,1,0,0,1,0,0,1,0,0,794276,9379,5832920,202
193690,11,11,11030721,R�digerstra�e,2019,4,15,3,2,6,4,0,0,1,1,0,0,0,0,803670,8997,5828632,259
193691,11,1,1011301,Charit�viertel,2019,4,13,6,3,3,6,0,0,1,0,1,0,0,0,796873,1741,5828871,512
193692,11,4,4030518,Tegeler Weg,2019,4,14,3,2,6,4,0,0,1,1,0,0,0,0,791616,798,5827959,22
193693,11,4,4030415,Schlo�garten,2019,4,14,3,3,2,6,0,0,1,0,1,0,0,0,790665,3948,5827366,854
193694,11,3,3061126,Arnimplatz,2019,3,14,7,3,5,3,0,1,0,0,0,0,0,0,799183,2068,5831331,857
193695,11,8,8010509,Schulenburgpark,2019,4,14,3,3,2,6,0,0,1,0,0,0,0,0,803645,9863,5822288,279
193696,11,7,7050503,Eisenacher Stra�e,2019,4,16,5,3,5,2,0,0,1,0,1,0,0,0,798106,2261,5820487,974
193697,11,7,7040401,Neu-Tempelhof,2019,3,14,7,3,5,2,0,0,1,0,1,0,0,0,797163,1618,5823809,165
193698,11,12,12103219,Sch�fersee,2019,4,14,3,3,5,2,0,0,1,0,0,0,1,0,795644,9498,5833009,388
193699,11,11,11030721,R�digerstra�e,2019,4,17,1,2,5,7,0,0,1,0,1,0,0,0,803449,3891,5828618,57
193700,11,1,1011303,Alexanderplatzviertel,2019,4,14,3,3,5,2,0,1,1,0,0,0,0,0,799108,7869,5828466,4
193701,11,2,2040501,Barnimkiez,2019,4,7,5,3,6,4,0,0,1,1,0,0,0,0,800494,8358,5828606,774
193702,11,3,3020210,Herthaplatz,2019,3,14,7,3,2,2,0,0,1,0,0,0,0,0,799315,5294,5835982,128
193703,11,2,2020203,Viktoriapark,2019,4,13,3,3,0,1,0,1,0,0,0,0,1,0,797146,6935,5824492,513
193704,11,4,4051652,Nikolsburger Platz,2019,4,16,7,3,1,5,0,1,1,0,0,0,0,0,793452,574,5824383,13
193705,11,12,12214527,Alt-Tegel,2019,4,13,3,3,5,2,0,0,1,0,0,0,0,0,789906,2212,5835692,762
193706,11,7,7070705,Franziusweg/Rohrbachstra�e,2019,3,14,7,2,5,2,0,1,1,0,0,0,0,0,798540,5011,5814419,384
193707,11,3,3040614,Pankow Zentrum,2019,4,13,3,3,5,2,0,0,0,0,1,0,1,0,799456,8781,5833930,499
193708,11,6,6020305,Gemeindepark Lankwitz,2019,3,13,7,2,0,5,0,0,0,0,1,0,1,0,795994,6379,5817763,885
193709,11,7,7020203,Kaiser-Wilhelm-Platz,2019,4,13,3,3,1,5,0,1,1,0,0,0,0,0,795659,6885,5824475,521
193710,11,2,2010103,Moritzplatz,2019,4,7,6,3,0,2,0,1,1,0,0,0,0,0,799229,3584,5825987,368
193711,11,11,11030618,Fennpfuhl West,2019,3,13,7,3,1,5,0,0,1,0,0,0,0,0,803824,6896,5828975,6
193712,11,11,11030720,Herzbergstra�e,2019,4,15,2,3,0,1,0,1,0,0,0,0,0,0,804438,3892,5829083,873
193713,11,3,3071536,Teutoburger Platz,2019,4,23,2,3,5,2,2,1,0,0,0,0,0,0,799148,4138,5829204,802
193714,11,8,8030829,Gropiusstadt Nord,2019,3,13,7,3,2,6,0,0,1,0,0,0,0,0,802853,7298,5818684,186
193715,11,3,3010104,Lietzengraben,2019,4,15,2,3,2,6,0,0,1,0,0,0,0,0,800837,166,5838746,425
193716,11,12,12214125,Waldidyll/Flughafensee,2019,3,13,7,2,5,3,0,1,1,0,0,0,0,0,791908,1241,5831508,141
193717,11,3,3040614,Pankow Zentrum,2019,4,15,2,3,6,2,0,0,1,1,0,0,0,0,798915,7475,5833763,205
193718,11,10,10020414,Helle Mitte,2019,4,16,6,2,6,4,0,0,1,1,0,0,0,0,812207,8375,5830677,245
193719,11,10,10010102,Havemannstra�e,2019,3,12,7,3,6,4,0,0,1,1,0,0,0,0,810203,4735,5833403,617
193720,11,5,5010101,Hakenfelde Nord,2019,4,17,2,3,5,3,0,1,1,0,0,0,0,0,785264,6124,5831584,788
193721,11,7,7040401,Neu-Tempelhof,2019,4,14,2,3,6,4,0,0,1,1,0,0,0,0,797283,273,5823252,853
193722,11,12,12103115,Breitkopfbecken,2019,4,14,5,3,1,5,0,0,1,0,1,0,0,0,795367,1514,5833921,721
193723,11,2,2020203,Viktoriapark,2019,3,8,7,2,5,2,0,0,1,0,0,0,0,0,797122,75,5823997,437
193724,11,1,1022205,Zillesiedlung,2019,4,15,2,3,2,7,0,0,1,0,0,0,0,0,795519,4884,5828343,361
193725,11,3,3040614,Pankow Zentrum,2019,4,15,1,3,0,2,0,1,1,0,0,0,0,0,799982,7569,5835096,756
193726,11,8,8010301,Reuterkiez,2019,4,8,2,3,5,3,0,1,1,0,0,0,0,0,800518,654,5824464,318
193727,11,12,12302108,M�rkisches Zentrum,2019,3,8,7,3,1,1,0,0,1,0,0,0,0,0,793996,6908,5836677,648
193728,11,7,7040405,Rathaus Tempelhof,2019,3,7,7,2,6,2,0,0,0,1,0,0,1,0,798895,1843,5821221,509
193729,11,4,4010101,Jungfernheide,2019,4,22,2,3,5,2,2,0,1,0,0,0,0,0,791287,3535,5830682,786
193730,11,6,6040701,Wannsee,2019,4,11,7,2,5,2,0,1,1,0,0,0,0,0,779429,8994,5815040,975
193731,11,3,3050925,Komponistenviertel Wei�ensee,2019,4,21,2,3,3,6,2,1,1,0,0,0,0,0,802268,288,5831574,409
193732,11,3,3061131,Falkplatz,2019,3,8,7,3,0,1,0,1,0,0,0,0,0,0,798806,5504,5831276,55
193733,11,8,8020622,Parchimer Allee,2019,4,20,2,3,6,7,2,0,1,1,0,0,0,0,802005,955,5820022,601
193734,11,5,5020626,Adamstra�e,2019,3,13,7,3,0,1,0,0,0,0,1,0,0,0,784768,5903,5827092,844
193735,11,2,2010103,Moritzplatz,2019,4,20,2,3,6,2,2,0,1,1,0,0,0,0,799843,2973,5825766,272
193736,11,4,4051448,Schaperstra�e,2019,4,19,6,3,4,5,1,1,0,0,0,0,0,0,794268,6378,5825046,108
193737,11,7,7010102,Nollendorfplatz,2019,3,0,7,3,5,3,2,0,1,0,0,0,0,0,794957,801,5825654,373
193738,11,2,2010102,Mehringplatz,2019,4,20,2,3,2,6,2,0,1,0,1,0,0,0,798365,9502,5825560,792
193739,11,8,8010405,Hertzbergplatz,2019,4,19,2,3,2,7,1,0,1,0,1,0,0,0,801805,2113,5823989,635
193740,11,5,5010311,Eiswerder,2019,4,17,5,3,2,6,0,0,1,0,0,0,0,0,786227,6428,5830462,948
193741,11,2,2030302,Lausitzer Platz,2019,3,15,7,3,0,4,0,1,0,1,0,0,0,0,800745,2632,5825821,399
193742,11,1,1022206,L�neburger Stra�e,2019,4,18,2,3,5,2,0,0,1,0,1,0,0,0,796122,213,5828428,873
193743,11,4,4051655,Babelsberger Stra�e,2019,4,19,1,3,6,2,2,0,1,1,0,0,0,0,794000,7785,5824043,812
193744,11,11,11020514,Gro�e-Leege-Stra�e,2019,4,18,2,3,5,2,0,1,1,0,0,0,0,0,804550,7888,5830582,598
193745,11,11,11030619,Fennpfuhl Ost,2019,3,15,7,3,2,2,0,0,1,0,0,0,0,0,803546,2607,5829751,574
193746,11,9,9020802,K�llnische Vorstadt,2019,4,17,2,3,2,6,0,0,1,0,0,1,0,0,810040,1358,5819480,675
193747,11,12,12304314,Ziekowstra�e/Freie Scholle,2019,4,12,5,3,5,2,0,0,1,0,0,0,1,0,790683,9355,5835383,35
193748,11,4,4030725,Amtsgerichtsplatz,2019,4,16,2,3,2,6,0,0,1,0,0,0,0,0,791373,7673,5826081,664
193749,11,9,9041501,Altstadt Kietz,2019,3,15,7,3,5,3,0,1,1,0,0,0,0,0,810794,6985,5820328,302
193750,11,2,2020206,Graefekiez,2019,4,8,2,3,3,6,0,0,1,0,0,0,0,0,800010,7501,5824455,637
193751,11,3,3061332,Helmholtzplatz,2019,4,12,1,3,2,6,0,1,1,0,0,0,0,0,799394,2247,5830824,59
193752,11,1,1011105,N�rdlicher Landwehrkanal,2019,4,8,2,3,5,3,0,1,1,0,0,0,0,0,796640,8219,5826649,78
193753,11,10,10020412,Alte Hellersdorfer Stra�e,2019,3,15,7,3,5,2,0,0,1,0,0,0,0,0,811351,449,5831955,948
193754,11,2,2020206,Graefekiez,2019,3,16,7,3,5,7,0,0,1,0,0,0,0,0,800283,9088,5824377,608
193755,11,4,4030931,Breitscheidplatz,2019,4,8,2,3,5,2,0,1,0,0,1,0,0,0,794465,626,5825854,221
193756,11,2,2050602,Samariterviertel,2019,4,14,7,3,0,3,0,0,1,0,1,0,0,0,803001,5844,5828275,934
193757,11,3,3061228,Erich-Weinert-Stra�e,2019,4,8,2,3,2,6,0,0,1,0,0,0,0,0,800464,55,5830781,81
193758,11,9,9020601,Schnellerstra�e,2019,3,16,7,3,2,6,0,0,1,0,0,0,1,0,805936,95,5821845,412
193759,11,9,9051801,Rahnsdorf/Hessenwinkel,2019,4,7,2,3,2,6,0,0,1,0,0,0,0,0,819184,6136,5819992,12
193760,11,1,1044202,Sparrplatz,2019,3,20,7,3,6,2,2,0,1,1,0,0,0,0,794894,3661,5830254,571
193761,11,2,2050802,Boxhagener Platz,2019,4,7,2,3,6,7,0,1,0,1,0,0,0,0,802190,3607,5826878,584
193762,11,11,11030618,Fennpfuhl West,2019,4,14,6,3,0,7,0,0,1,0,0,0,0,0,802642,3177,5829357,635
193763,11,12,12302108,M�rkisches Zentrum,2019,3,21,7,3,5,3,2,0,1,0,0,0,0,0,794480,9087,5837096,108
193764,11,1,1011202,Unter den Linden Nord,2019,4,8,2,3,2,6,0,1,1,0,0,0,0,0,797205,9045,5827497,87
193765,11,3,3061227,Humannplatz,2019,4,9,2,3,5,3,0,0,1,0,0,0,0,0,800112,7011,5831694,542
193766,11,7,7060602,Kirchstra�e,2019,4,17,5,2,0,7,0,1,0,0,0,0,0,0,797325,1638,5817266,872
193767,11,1,1044103,Westliche M�llerstra�e,2019,3,21,7,3,1,5,2,1,1,0,0,0,0,0,794771,4841,5830388,14
193768,11,2,2040701,Andreasviertel,2019,4,10,2,3,5,3,0,0,1,0,0,0,0,0,800585,7312,5827025,55
193769,11,6,6020411,Sch�tte-Lanz-Stra�e,2019,4,18,7,3,6,4,0,0,1,1,0,0,0,0,793720,43,5816402,912
193770,11,1,1011301,Charit�viertel,2019,4,10,2,3,5,3,0,0,1,0,0,0,0,0,796964,9112,5828855,81
193771,11,9,9010101,Elsenstra�e,2019,3,14,7,3,2,6,0,1,1,0,1,0,0,0,802430,4446,5824668,286
193772,11,2,2050801,Traveplatz,2019,3,21,7,3,0,7,2,1,0,0,0,0,0,0,803207,6682,5826818,79
193773,11,4,4020311,Reichsstra�e,2019,4,10,2,3,5,3,0,0,1,0,0,0,0,0,789490,713,5826785,36
193774,11,2,2010104,Wassertorplatz,2019,4,14,6,3,5,2,0,0,1,0,0,0,0,0,799071,3187,5825609,358
193775,11,10,10010308,Marzahner Chaussee,2019,4,11,2,3,2,6,0,0,1,0,0,0,0,0,806524,8745,5829350,305
193776,11,3,3061332,Helmholtzplatz,2019,3,20,7,3,0,1,2,1,0,0,0,0,0,0,799258,9079,5830528,125
193777,11,1,1022202,Heidestra�e,2019,4,12,2,3,2,6,0,0,1,0,1,0,0,0,795676,849,5829721,148
193778,11,4,4041137,Flinsberger Platz,2019,4,22,6,2,2,6,2,0,1,0,0,0,0,0,791895,435,5823949,254
193779,11,8,8010213,K�rnerpark,2019,4,13,2,3,6,7,0,0,1,1,0,0,0,0,801048,8665,5822344,462
193780,11,7,7020203,Kaiser-Wilhelm-Platz,2019,3,11,7,3,5,3,0,0,1,0,0,0,1,0,795970,8943,5824531,299
193781,11,5,5020625,Borkumer Stra�e,2019,4,12,2,3,5,3,0,0,1,0,0,0,0,0,783814,9115,5828690,411
193782,11,2,2040703,Wriezener Bahnhof/Entwicklungsgebiet,2019,3,23,6,3,5,7,2,1,1,0,0,0,0,0,801705,4775,5826158,34
193783,11,8,8010301,Reuterkiez,2019,4,12,2,3,2,2,0,0,1,0,0,0,1,0,800666,8535,5824389,872
193784,11,6,6010101,Fichtenberg,2019,4,11,5,3,5,2,0,0,1,0,0,0,0,0,793315,148,5820744,511
193785,11,2,2020206,Graefekiez,2019,3,9,6,3,1,7,0,0,1,0,0,0,0,0,799726,7438,5824717,269
193786,11,10,10030724,Oberfeldstra�e,2019,4,15,2,3,5,3,0,1,1,0,0,0,0,0,808578,3683,5829002,418
193787,11,3,3061332,Helmholtzplatz,2019,4,15,2,3,1,5,0,1,1,0,0,0,0,0,800026,9729,5830790,292
193788,11,2,2030402,Wrangelkiez,2019,4,10,5,3,2,6,0,0,1,0,1,0,0,0,801792,2393,5825783,79
193789,11,4,4041241,Breite Stra�e,2019,3,13,6,3,5,2,0,1,0,0,0,0,1,0,791278,3815,5822043,146
193790,11,11,11010204,Falkenberg Ost,2019,4,15,2,3,5,3,0,1,1,0,0,0,0,0,806923,9717,5834059,826
193791,11,1,1022103,Westhafen,2019,4,19,7,3,5,3,1,0,1,0,0,0,0,0,794422,6183,5829391,563
193792,11,4,4041241,Breite Stra�e,2019,4,15,2,3,1,5,0,1,1,0,0,0,0,0,791578,7929,5822623,524
193793,11,7,7060604,Marienfelde S�d,2019,3,12,6,3,2,2,0,0,1,0,0,0,0,0,797598,63,5815556,343
193794,11,8,8010213,K�rnerpark,2019,4,16,2,3,1,5,0,1,1,0,0,0,0,0,800916,6356,5822459,579
193795,11,7,7030301,Friedenau,2019,3,12,6,3,5,3,0,1,1,0,0,0,0,0,794246,8671,5822018,816
193796,11,8,8010301,Reuterkiez,2019,4,11,6,3,5,3,0,0,1,0,0,0,1,0,800559,9954,5825043,6
193797,11,4,4020310,Park Ruhwald,2019,4,18,4,3,6,4,0,1,0,1,0,0,0,0,790326,5635,5827297,479
193798,11,2,2010104,Wassertorplatz,2019,4,15,5,3,5,2,0,0,1,0,0,0,0,0,799067,5829,5825599,892
193799,11,1,1033102,Gesundbrunnen,2019,4,13,1,3,6,4,0,0,1,1,0,0,0,0,797709,2849,5831761,627
193800,11,5,5040936,J�gerallee,2019,4,15,4,2,0,2,0,0,0,0,0,0,1,0,781558,2863,5819636,169
193801,11,10,10040933,Mahlsdorf S�d,2019,4,19,4,3,5,2,0,1,1,0,0,0,0,0,812486,4973,5824890,536
193802,11,4,4030827,Karl-August-Platz,2019,4,9,4,3,3,6,0,1,1,0,0,0,0,0,792658,5954,5826096,791
193803,11,1,1011401,Invalidenstra�e,2019,4,10,7,2,0,1,0,1,0,0,0,0,0,0,798231,9458,5829359,295
193804,11,5,5010208,Germersheimer Platz,2019,4,17,6,3,5,2,0,1,0,0,0,0,1,0,783981,3829,5830108,287
193805,11,2,2050802,Boxhagener Platz,2019,4,15,6,3,6,7,0,1,0,1,0,0,0,0,801974,9288,5826927,588
193806,11,8,8010212,Rollberg,2019,4,16,6,3,2,6,0,0,1,0,0,0,0,0,801157,5405,5823536,887
193807,11,9,9041501,Altstadt Kietz,2019,4,13,6,3,0,7,0,1,0,0,0,0,0,0,811054,2938,5820256,887
193808,11,4,4030415,Schlo�garten,2019,4,14,6,3,2,6,0,0,1,0,0,0,0,0,790808,2101,5827385,79
193809,11,5,5010206,G�tersloher Weg,2019,4,11,6,3,5,3,0,1,1,0,0,0,0,0,782133,9344,5829921,89
193810,11,9,9051701,Hirschgarten,2019,4,10,6,2,0,6,0,0,1,0,1,0,0,0,812192,7213,5821359,76
193811,11,7,7040404,Marienh�he,2019,4,8,6,3,9,1,0,0,1,0,0,0,0,0,796917,6733,5820257,804
193812,11,4,4030620,Alt-Lietzow,2019,4,9,6,3,5,7,0,0,1,0,0,0,0,0,791783,1876,5827471,407
193813,11,4,4030623,Ernst-Reuter-Platz,2019,4,12,6,3,3,6,0,0,1,0,1,0,0,0,793261,6879,5826955,57
193814,11,5,5030731,Gartenfelder Stra�e,2019,4,14,6,3,2,2,0,0,1,0,0,0,0,0,787003,184,5829462,42
193815,11,4,4041344,R�desheimer Platz,2019,4,14,6,3,0,1,0,1,0,0,0,0,0,0,792711,171,5821801,363
193816,11,4,4020204,Olympiagel�nde,2019,4,11,6,3,0,1,0,0,0,0,1,0,0,0,787112,2678,5826167,416
193817,11,1,1011303,Alexanderplatzviertel,2019,4,16,6,3,6,2,0,1,0,1,0,0,0,0,798956,3708,5827843,358
193818,11,4,4020310,Park Ruhwald,2019,4,16,6,2,5,3,0,0,1,0,0,0,0,0,789850,3949,5827403,754
193819,11,7,7040401,Neu-Tempelhof,2019,4,14,4,2,5,3,0,1,1,0,0,0,0,0,797838,339,5822536,493
193820,11,7,7030303,Grazer Platz,2019,4,17,6,3,3,2,0,1,0,0,0,0,1,0,795892,688,5820833,479
193821,11,3,3061429,Greifswalder Stra�e,2019,4,17,6,2,1,5,0,1,1,0,0,0,0,0,801873,9557,5830359,741
193822,11,12,12214125,Waldidyll/Flughafensee,2019,4,18,6,3,2,6,0,0,1,0,0,0,0,0,791205,9618,5830828,227
193823,11,4,4030931,Breitscheidplatz,2019,4,20,6,3,2,6,2,0,1,0,0,0,0,0,794399,4293,5825883,582
193824,11,8,8010301,Reuterkiez,2019,4,17,6,3,5,7,0,0,1,0,0,0,0,0,801459,406,5823878,483
193825,11,4,4020313,K�nigin-Elisabeth-Stra�e,2019,4,18,6,3,0,1,0,1,0,0,0,0,0,0,790414,909,5825962,641
193826,11,12,12214527,Alt-Tegel,2019,4,15,5,3,0,1,0,1,0,0,0,0,0,0,790460,3261,5834734,95
193827,11,8,8010117,Schillerpromenade,2019,4,19,5,3,6,4,0,1,0,1,0,0,0,0,800642,6455,5823060,643
193828,11,1,1011101,St�lerstra�e,2019,4,16,5,3,0,2,0,1,1,0,0,0,0,0,795258,56,5826615,301
193829,11,2,2010104,Wassertorplatz,2019,4,20,5,3,6,4,2,0,0,1,1,0,0,0,799782,8324,5825716,2
193830,11,9,9041601,M�ggelheim,2019,4,14,5,3,2,2,0,1,0,0,0,0,1,0,816417,845,5817579,791
193831,11,12,12301203,Wittenau S�d,2019,4,20,5,3,1,5,1,0,1,0,1,0,0,0,792953,42,5835394,873
193832,11,11,11041128,Sewanstra�e,2019,4,20,5,3,1,5,1,0,1,0,1,0,0,0,806724,8294,5825651,509
193833,11,9,9051901,Dammvorstadt,2019,4,14,5,3,5,5,0,1,1,0,0,0,0,0,810116,9392,5821605,98
193834,11,10,10020416,B�hlener Stra�e,2019,4,5,5,3,5,7,0,0,1,0,1,0,0,0,813441,4219,5831116,771
193835,11,4,4030931,Breitscheidplatz,2019,4,20,5,2,5,7,0,0,1,0,1,0,0,0,793932,868,5826057,131