OBJECTID,LAND,BEZ,LOR,STRASSE,UJAHR,UMONAT,USTUNDE,UWOCHENTAG,UKATEGORIE,UART,UTYP1,ULICHTVERH,IstRad,IstPKW,IstFuss,IstKrad,IstGkfz,IstSonstige,USTRZUSTAND,LINREFX,LINREFY,XGCSWGS84,YGCSWGS84
193836,11,6,6010209,Feuerbachstra�e,2019,4,19,5,3,5,3,1,1,1,0,0,0,0,0,794553,8098,5821399,32
193837,11,10,10010203,Gewerbegebiet Bitterfelder Stra�e,2019,4,12,5,3,5,2,0,0,1,0,0,0,0,0,807605,3616,5832376,671
193838,11,8,8020625,Handwerker-Siedlung,2019,4,12,5,3,6,4,0,0,1,1,0,0,0,0,802375,9257,5818955,988
193839,11,1,1033102,Gesundbrunnen,2019,4,11,5,3,6,7,0,0,0,1,0,0,1,0,797128,322,5831826,11
193840,11,2,2030301,Oranienplatz,2019,4,19,5,3,5,3,0,1,1,0,0,0,0,0,800118,4228,5825756,993
193841,11,6,6020409,K�nigsberger Stra�e,2019,4,19,5,3,2,6,1,0,1,0,0,0,0,0,793091,2876,5816614,941
193842,11,2,2050601,Hausburgviertel,2019,4,18,5,3,6,2,0,0,1,1,0,0,0,0,801889,2795,5828453,941
193843,11,4,4051655,Babelsberger Stra�e,2019,4,18,5,3,5,3,0,1,1,0,0,0,0,0,794185,3726,5823227,397
193844,11,2,2050601,Hausburgviertel,2019,4,18,5,3,5,2,0,1,1,0,0,0,0,0,801865,7288,5828983,34
193845,11,1,1011302,Oranienburger Stra�e,2019,4,10,5,3,4,6,0,1,0,0,0,0,1,0,798332,689,5828366,856
193846,11,12,12302110,Dannenwalder Weg,2019,4,8,5,3,5,2,0,1,1,0,0,0,0,0,794819,992,5836297,618
193847,11,1,1022204,Thomasiusstra�e,2019,4,7,5,3,1,5,0,1,1,0,0,0,0,0,795020,9757,5828260,299
193848,11,5,5010314,Carl-Schurz-Stra�e,2019,4,5,5,3,2,7,0,0,0,0,1,0,1,0,784866,796,5829227,986
193849,11,12,12103115,Breitkopfbecken,2019,4,12,5,3,5,2,0,0,1,0,0,0,0,0,795338,2143,5833841,185
193850,11,5,5030730,Zitadellenweg,2019,4,12,5,3,2,6,0,0,1,0,0,0,0,0,786643,6379,5829241,32
193851,11,1,1011301,Charit�viertel,2019,4,11,5,3,0,1,0,1,0,0,0,0,0,0,797225,8584,5829070,62
193852,11,6,6030609,Augustaplatz,2019,4,4,5,3,1,1,2,1,1,0,0,0,0,0,792993,479,5819674,58
193853,11,3,3030715,Heinersdorf,2019,4,17,5,3,5,2,0,0,1,0,1,0,0,0,801170,9737,5833190,975
193854,11,1,1033102,Gesundbrunnen,2019,4,17,5,3,2,6,0,0,1,0,0,0,0,0,797004,6179,5831478,192
193855,11,1,1011103,L�tzowstra�e,2019,4,16,5,3,0,6,0,0,1,0,0,0,1,0,795290,221,5826132,728
193856,11,9,9010101,Elsenstra�e,2019,4,16,5,3,5,2,0,1,1,0,0,0,0,0,802326,4527,5825310,554
193857,11,1,1011201,Wilhelmstra�e,2019,4,15,5,3,5,3,0,1,1,0,0,0,0,0,797157,7267,5826452,482
193858,11,4,4051448,Schaperstra�e,2019,4,15,5,3,2,2,0,0,1,0,0,0,1,0,793473,5461,5824731,684
193859,11,5,5010311,Eiswerder,2019,4,15,5,3,2,6,0,0,1,0,0,0,0,0,785217,1,5831058,45
193860,11,4,4051549,Rathaus Wilmersdorf,2019,4,15,5,3,5,7,0,0,1,0,0,0,0,0,793316,111,5823617,992
193861,11,5,5020523,Maulbeerallee,2019,4,14,5,3,5,3,0,0,1,0,0,0,0,0,782797,484,5827821,202
193862,11,7,7040405,Rathaus Tempelhof,2019,4,14,5,3,5,2,0,0,1,0,0,0,0,0,799131,16,5821712,84
193863,11,10,10030724,Oberfeldstra�e,2019,4,17,4,3,2,3,0,1,1,0,0,0,0,0,809637,9877,5829697,958
193864,11,6,6040810,Dahlem,2019,4,17,4,3,1,1,0,1,1,0,0,0,0,0,792132,57,5821042,948
193865,11,1,1044201,Reinickendorfer Stra�e,2019,4,9,4,3,3,6,0,0,1,0,0,1,0,0,796554,672,5831927,42
193866,11,1,1011302,Oranienburger Stra�e,2019,4,12,4,3,6,7,0,0,1,1,0,0,0,0,798341,118,5828577,825
193867,11,1,1033102,Gesundbrunnen,2019,4,19,4,3,0,1,0,0,1,0,1,0,0,0,797647,6274,5831884,789
193868,11,1,1011401,Invalidenstra�e,2019,4,23,4,3,1,5,2,1,1,0,0,0,0,0,797729,8446,5829250,77
193869,11,6,6020409,K�nigsberger Stra�e,2019,4,23,4,3,8,1,2,0,1,0,0,0,0,0,793294,6211,5817692,842
193870,11,3,3040512,Wilhelmsruh,2019,4,22,4,3,5,3,2,0,1,0,0,0,0,0,795969,776,5835562,637
193871,11,6,6040701,Wannsee,2019,4,22,4,3,0,1,2,1,0,0,0,0,0,0,782829,8901,5817441,992
193872,11,5,5020415,Isenburger Weg,2019,4,22,4,2,5,3,2,0,1,0,0,0,1,0,780036,557,5829199,348
193873,11,12,12302109,Treuenbrietzener Stra�e,2019,4,20,4,3,6,7,1,0,1,1,0,0,0,0,794968,8251,5836428,42
193874,11,4,4020314,Messegel�nde,2019,4,20,4,3,3,2,2,0,0,0,1,1,0,0,790383,3,5825664,354
193875,11,5,5010312,Kurstra�e,2019,4,18,4,3,2,6,0,0,1,0,0,0,0,0,785433,3284,5829253,368
193876,11,1,1044103,Westliche M�llerstra�e,2019,4,11,4,3,1,7,0,1,1,0,0,0,0,0,794973,7022,5831001,123
193877,11,9,9020802,K�llnische Vorstadt,2019,4,10,4,3,5,3,0,1,1,0,0,0,0,0,810257,8182,5820349,139
193878,11,7,7070701,Kettinger Stra�e/Schillerstra�e,2019,4,10,4,3,5,2,0,0,1,0,0,0,0,0,799261,663,5816265,428
193879,11,3,3071638,Winsstra�e,2019,4,10,4,3,3,6,0,1,1,0,0,0,0,0,799671,5188,5829003,721
193880,11,4,4030931,Breitscheidplatz,2019,4,17,4,3,6,7,0,1,0,0,0,0,1,0,794091,1486,5825975,756
193881,11,5,5030833,Motardstra�e,2019,4,9,4,3,2,6,0,0,1,0,0,0,1,0,788063,4283,5829187,952
193882,11,9,9010301,Baumschulenstra�e,2019,4,9,4,3,5,3,0,1,1,0,0,0,0,0,805091,5655,5822807,704
193883,11,2,2030301,Oranienplatz,2019,4,9,4,3,6,4,0,1,0,1,0,0,0,0,800008,7156,5825473,508
193884,11,2,2050801,Traveplatz,2019,4,9,4,3,3,6,0,1,0,0,1,0,0,0,802448,545,5827415,9
193885,11,5,5020625,Borkumer Stra�e,2019,4,8,4,3,2,6,0,0,1,0,0,0,0,0,783705,3133,5828528,589
193886,11,3,3050920,Wei�er See,2019,4,8,4,3,5,3,0,0,1,0,0,0,1,0,802185,5057,5832421,73
193887,11,5,5010101,Hakenfelde Nord,2019,4,16,4,3,6,7,0,0,1,1,0,0,0,0,785662,7132,5831751,841
193888,11,3,3020209,Niedersch�nhausen,2019,4,7,4,3,0,3,0,0,1,0,1,0,0,0,797872,5035,5836024,766
193889,11,1,1044201,Reinickendorfer Stra�e,2019,4,12,4,3,5,3,0,1,1,0,0,0,0,0,796218,369,5831514,633
193890,11,11,11030721,R�digerstra�e,2019,4,9,4,2,5,3,0,0,1,0,1,0,0,0,804838,8951,5827755,761
193891,11,3,3040512,Wilhelmsruh,2019,4,13,4,3,8,1,0,0,1,0,0,0,0,0,797092,3363,5835720,109
193892,11,1,1044103,Westliche M�llerstra�e,2019,4,13,4,3,6,4,0,1,0,1,0,0,0,0,794861,4129,5830994,969
193893,11,11,11010102,Dorf Wartenberg,2019,4,14,4,3,2,2,0,1,1,0,0,0,0,0,806143,781,5834855,405
193894,11,10,10040933,Mahlsdorf S�d,2019,4,14,4,3,5,3,0,0,1,0,0,1,0,0,811683,7195,5824681,56
193895,11,9,9041601,M�ggelheim,2019,4,15,4,3,4,6,0,0,1,0,0,1,0,0,818727,9335,5818694,854
193896,11,7,7040401,Neu-Tempelhof,2019,4,15,4,3,2,6,0,0,1,0,0,0,0,0,797461,589,5823763,466
193897,11,4,4051445,Eisenzahnstra�e,2019,4,15,4,3,5,3,0,0,1,0,1,0,0,0,792314,7918,5824573,167
193898,11,1,1011302,Oranienburger Stra�e,2019,4,15,4,3,5,2,0,1,1,0,0,0,0,0,797990,1738,5828910,737
193899,11,5,5030731,Gartenfelder Stra�e,2019,4,15,4,3,1,5,0,0,1,0,1,0,0,0,787554,3244,5829435,91
193900,11,5,5010206,G�tersloher Weg,2019,4,16,4,2,2,1,0,0,1,0,1,0,0,0,781783,8897,5830638,81
193901,11,2,2050803,Stralauer Kiez,2019,4,16,4,3,0,5,0,1,1,0,0,0,0,0,803234,7822,5826322,504
193902,11,3,3071536,Teutoburger Platz,2019,4,16,4,3,6,4,0,1,0,1,0,0,0,0,798997,1663,5830065,102
193903,11,9,9051901,Dammvorstadt,2019,4,16,4,3,2,6,0,0,0,0,1,0,1,0,811136,233,5821575,68
193904,11,8,8020620,Tempelhofer Weg,2019,4,16,4,2,2,1,0,0,1,0,0,0,0,0,801291,629,5820456,174
193905,11,3,3050924,Behaimstra�e,2019,4,16,4,3,0,1,0,1,0,0,0,0,0,0,801237,5179,5831577,507
193906,11,5,5020628,Graetschelsteig,2019,4,11,4,2,0,7,0,0,1,0,0,0,0,0,784130,9891,5827301,91
193907,11,2,2010103,Moritzplatz,2019,4,16,3,3,0,5,0,0,1,0,1,0,0,0,798605,5167,5825607,377
193908,11,2,2050601,Hausburgviertel,2019,4,15,3,3,5,2,0,1,1,0,0,0,0,0,801870,3225,5829009,39
193909,11,2,2050801,Traveplatz,2019,4,18,3,3,5,3,0,0,1,0,0,0,0,0,803057,611,5827448,395
193910,11,9,9041501,Altstadt Kietz,2019,4,11,3,3,5,3,0,1,0,0,0,0,1,0,811055,3733,5820310,73
193911,11,2,2020203,Viktoriapark,2019,4,9,3,3,5,2,0,1,1,0,0,0,0,0,797814,7878,5824933,508
193912,11,2,2020206,Graefekiez,2019,4,10,3,3,2,6,0,1,1,0,0,0,0,0,799990,1,5824728,659
193913,11,1,1011301,Charit�viertel,2019,4,9,3,3,5,2,0,1,1,0,0,0,0,0,797550,5191,5828717,526
193914,11,1,1033102,Gesundbrunnen,2019,4,8,3,3,6,6,0,1,0,1,0,0,0,0,797719,9416,5831257,736
193915,11,1,1011202,Unter den Linden Nord,2019,4,17,3,3,0,7,0,0,0,0,1,0,0,0,797529,4644,5827886,581
193916,11,12,12214424,Scharnweberstra�e,2019,4,20,3,3,2,6,2,0,1,0,0,0,0,0,792917,8099,5832171,397
193917,11,11,11040926,Weitlingstra�e,2019,4,19,3,3,5,2,1,1,1,0,0,0,0,0,806684,9851,5826907,683
193918,11,2,2020206,Graefekiez,2019,4,10,3,3,6,4,0,1,0,1,0,0,0,0,800276,8459,5824801,21
193919,11,12,12214421,Reinickes Hof,2019,4,18,3,3,3,6,0,0,1,0,0,0,0,0,793537,9091,5834125,324
193920,11,5,5010312,Kurstra�e,2019,4,7,3,3,2,6,0,0,1,0,0,0,0,0,785431,5019,5829253,576
193921,11,10,10020414,Helle Mitte,2019,4,18,3,3,4,5,0,0,1,0,1,0,0,0,812038,1429,5830889,431
193922,11,8,8010117,Schillerpromenade,2019,4,18,3,3,5,3,0,1,1,0,0,0,0,0,800399,4711,5823335,403
193923,11,2,2040503,Richard-Sorge-Viertel,2019,4,6,3,3,5,3,0,0,0,0,1,0,1,0,801723,7065,5828129,18
193924,11,7,7030301,Friedenau,2019,4,18,3,3,2,6,0,0,1,0,0,0,0,0,793952,5,5822236,749
193925,11,7,7010101,Wittenbergplatz/Viktoria-Luise-Platz,2019,4,9,3,3,5,2,0,1,1,0,0,0,0,0,794782,3337,5825696,723
193926,11,2,2010101,Askanischer Platz,2019,4,8,3,3,2,6,0,0,1,0,0,0,0,0,797770,399,5826028,43
193927,11,3,3061430,Volkspark Prenzlauer Berg,2019,4,3,3,2,5,2,2,0,1,0,1,0,0,0,802184,535,5829413,744
193928,11,12,12302110,Dannenwalder Weg,2019,4,9,3,3,0,2,0,0,1,0,0,0,1,0,794902,641,5836310,745
193929,11,2,2030401,Reichenberger Stra�e,2019,4,22,3,3,0,6,2,0,1,0,1,0,0,0,800134,131,5825397,945
193930,11,8,8010117,Schillerpromenade,2019,4,21,3,3,5,2,2,1,1,0,0,0,0,0,800622,7614,5823114,628
193931,11,7,7030301,Friedenau,2019,4,17,3,3,1,5,0,1,1,0,0,0,0,0,793481,9515,5822137,45
193932,11,9,9010401,Johannisthal West,2019,4,16,3,3,3,6,0,0,1,0,1,0,0,0,806340,6309,5820990,562
193933,11,4,4051448,Schaperstra�e,2019,4,16,3,3,1,5,0,1,1,0,0,0,0,0,794250,5038,5825274,788
193934,11,7,7050505,Hundsteinweg,2019,4,15,3,2,4,6,0,0,1,0,0,0,0,0,799373,3481,5819048,75
193935,11,6,6010205,S�dende,2019,4,14,3,3,3,6,0,0,1,0,0,1,0,0,796241,9056,5819640,87
193936,11,9,9020802,K�llnische Vorstadt,2019,4,11,3,3,6,2,0,0,1,1,0,0,0,0,809789,4637,5820505,79
193937,11,5,5020626,Adamstra�e,2019,4,11,3,3,2,6,0,0,1,0,0,0,0,0,783347,7053,5827675,91
193938,11,2,2030401,Reichenberger Stra�e,2019,4,23,3,3,0,1,2,0,0,0,1,0,0,0,801498,2912,5825260,242
193939,11,8,8010301,Reuterkiez,2019,4,14,2,3,1,5,0,1,0,0,0,0,1,0,800450,1554,5824498,861
193940,11,1,1022206,L�neburger Stra�e,2019,4,13,4,2,6,4,0,0,1,1,0,0,0,0,796333,491,5828573,513
193941,11,4,4030623,Ernst-Reuter-Platz,2019,4,8,4,3,2,6,0,0,1,0,0,0,0,0,793312,8539,5827204,277
193942,11,11,11030618,Fennpfuhl West,2019,4,15,2,3,6,7,0,0,0,1,0,0,1,0,803849,6385,5828805,57
193943,11,1,1011306,Heine-Viertel Ost,2019,4,6,2,3,5,3,0,1,1,0,0,0,0,0,799778,4163,5826560,25
193944,11,10,10030727,Biesdorf S�d,2019,4,5,2,3,5,3,1,1,1,0,0,0,0,0,809589,9459,5825056,92
193945,11,2,2020205,Chamissokiez,2019,4,17,2,3,1,5,0,1,0,0,0,0,1,0,798045,2317,5824557,288
193946,11,4,4051448,Schaperstra�e,2019,4,18,2,3,5,2,0,0,1,0,1,0,0,0,794229,6395,5825408,59
193947,11,2,2020204,Urbanstra�e,2019,4,19,2,3,2,6,0,1,1,0,0,0,0,0,798328,9671,5825315,109
193948,11,9,9010301,Baumschulenstra�e,2019,4,19,2,3,6,2,0,0,1,1,0,0,0,0,805024,4499,5822715,671
193949,11,3,3040513,Sch�nholz,2019,4,18,2,3,5,3,0,1,1,0,0,0,0,0,797412,9109,5833971,188
193950,11,8,8020728,Buckow Ost,2019,4,18,2,2,6,4,0,0,1,1,0,0,0,0,802478,7077,5817003,17
193951,11,8,8020619,Buschkrugallee Nord,2019,4,16,2,3,5,2,0,1,1,0,0,0,0,0,802537,8709,5820721,881
193952,11,8,8010213,K�rnerpark,2019,4,16,2,3,0,5,0,0,1,0,1,0,0,0,800961,2436,5822392,771
193953,11,2,2030302,Lausitzer Platz,2019,4,9,4,3,3,6,0,1,0,0,0,1,0,0,801445,8618,5826052,327
193954,11,8,8020625,Handwerker-Siedlung,2019,4,14,2,3,5,3,0,1,1,0,0,0,0,0,801463,7502,5817983,26
193955,11,7,7030301,Friedenau,2019,4,16,2,3,5,3,0,0,1,0,0,0,0,0,793641,81,5822508,667
193956,11,5,5010311,Eiswerder,2019,4,15,2,3,2,6,0,0,1,0,0,0,0,0,786182,6423,5831235,323
193957,11,1,1011204,Leipziger Stra�e,2019,4,15,2,3,5,2,0,0,1,0,1,0,0,0,798870,7025,5827372,333
193958,11,10,10010309,Springpfuhl,2019,4,15,2,2,6,4,0,0,0,1,0,0,1,0,807951,3881,5829207,716
193959,11,5,5020627,Tiefwerder,2019,4,14,2,3,2,6,0,0,1,0,0,0,0,0,785382,6842,5828156,14
193960,11,9,9041601,M�ggelheim,2019,4,13,2,3,5,3,0,0,1,0,0,0,0,0,816503,6624,5816939,756
193961,11,7,7050505,Hundsteinweg,2019,4,12,2,3,3,6,0,0,1,0,0,0,0,0,799398,6105,5819046,797
193962,11,9,9041501,Altstadt Kietz,2019,4,8,2,3,5,2,0,1,1,0,0,0,0,0,811390,6154,5820161,35
193963,11,2,2010102,Mehringplatz,2019,4,9,2,3,5,3,0,1,1,0,0,0,0,0,797912,9552,5826214,131
193964,11,8,8041040,Waltersdorfer Chaussee Ost,2019,4,9,2,3,2,6,0,0,1,0,0,0,0,0,806374,5614,5817145,481
193965,11,9,9051901,Dammvorstadt,2019,4,11,2,3,5,3,0,1,1,0,0,0,0,0,810804,5122,5820796,285
193966,11,8,8040933,Vogelviertel S�d,2019,4,10,2,3,5,3,0,1,1,0,0,0,0,0,803004,6459,5819357,755
193967,11,7,7040401,Neu-Tempelhof,2019,4,10,2,3,5,2,0,1,1,0,0,0,0,0,797194,799,5823674,27
193968,11,2,2020205,Chamissokiez,2019,4,11,2,3,1,5,0,0,1,0,1,0,0,0,798266,8975,5824589,197
193969,11,2,2030401,Reichenberger Stra�e,2019,4,11,2,3,0,3,0,0,1,0,0,0,1,0,801034,495,5825237,639
193970,11,9,9030901,Dorf Altglienicke,2019,4,12,2,3,2,6,0,0,1,0,0,0,0,0,807697,2892,5817812,568
193971,11,1,1011401,Invalidenstra�e,2019,4,12,2,3,0,1,0,1,0,0,0,0,0,0,798305,5458,5829373,33
193972,11,7,7010104,Dennewitzplatz,2019,4,12,1,3,2,7,0,0,1,0,0,0,0,1,796000,5592,5825140,378
193973,11,6,6030504,Teltower Damm,2019,4,11,1,3,5,3,0,0,1,0,0,0,0,1,790387,4248,5817150,766
193974,11,4,4041136,Hagenplatz,2019,4,11,1,3,5,3,0,0,1,0,0,0,0,1,790279,1244,5823331,291
193975,11,3,3030406,Alt-Karow,2019,4,11,1,3,5,3,0,0,1,0,0,0,0,1,802868,9469,5838271,633
193976,11,9,9010101,Elsenstra�e,2019,4,9,1,3,5,3,0,0,1,0,0,0,0,1,802320,702,5825532,617
193977,11,10,10020412,Alte Hellersdorfer Stra�e,2019,4,5,1,3,1,5,1,0,1,0,0,0,1,1,811299,889,5831631,523
193978,11,9,9041301,Kietzer Feld/Nachtheide,2019,4,16,1,2,5,2,0,0,1,0,0,0,0,0,812392,2855,5819585,744
193979,11,4,4030725,Amtsgerichtsplatz,2019,4,16,1,2,5,2,0,0,1,0,1,0,0,0,791987,7406,5825969,797
193980,11,5,5010103,Amorbacher Weg,2019,4,20,1,3,1,5,2,1,1,0,0,0,0,0,784579,2585,5831845,193
193981,11,6,6040804,Krumme Lanke,2019,4,22,1,3,5,3,2,0,1,0,1,0,0,0,787477,9025,5817705,235
193982,11,6,6030610,Lichterfelde West,2019,4,10,7,3,3,6,0,0,1,0,0,0,0,0,792949,596,5817756,808
193983,11,8,8010301,Reuterkiez,2019,4,15,7,3,3,6,0,0,1,0,0,0,0,0,800587,1654,5824429,8
193984,11,4,4030931,Breitscheidplatz,2019,4,18,7,3,1,5,0,1,1,0,0,0,0,0,794351,4311,5825641,876
193985,11,1,1022204,Thomasiusstra�e,2019,4,22,7,2,5,2,2,1,1,0,0,0,0,0,794803,999,5828308,464
193986,11,1,1011302,Oranienburger Stra�e,2019,4,19,7,3,5,2,0,1,1,0,0,0,0,0,798964,405,5828777,155
193987,11,3,3071633,Th�lmannpark,2019,4,18,7,3,5,3,0,0,1,0,0,0,0,0,800122,6702,5830636,664
193988,11,8,8010118,Silbersteinstra�e,2019,4,18,7,3,5,3,0,0,1,0,0,0,0,0,801123,8548,5821899,348
193989,11,7,7030301,Friedenau,2019,4,16,7,3,6,4,0,0,1,1,0,0,0,0,794706,3405,5822788,53
193990,11,6,6010206,Stadtpark,2019,4,14,7,3,1,5,0,1,1,0,0,0,0,0,794637,8698,5820070,402
193991,11,11,11030720,Herzbergstra�e,2019,4,13,7,3,2,6,0,0,1,0,0,0,0,0,806137,7213,5830159,968
193992,11,4,4030931,Breitscheidplatz,2019,4,12,7,2,6,4,0,0,1,1,0,0,0,0,794405,6665,5825735,866
193993,11,10,10020414,Helle Mitte,2019,4,12,7,3,2,4,0,0,1,1,0,0,0,0,812185,7041,5830937,899
193994,11,3,3010102,Buch,2019,4,11,7,3,5,3,0,1,1,0,0,0,0,0,804213,1719,5841142,405
193995,11,1,1022206,L�neburger Stra�e,2019,4,10,7,2,6,4,0,0,1,1,0,0,0,0,796414,5701,5828590,914
193996,11,1,1022201,Stephankiez,2019,4,0,7,3,4,6,2,0,1,0,0,0,0,0,795952,4124,5828785,827
193997,11,7,7030301,Friedenau,2019,4,10,6,3,6,4,0,0,1,1,0,0,0,0,793773,5122,5822833,89
193998,11,7,7040404,Marienh�he,2019,4,14,6,3,5,5,0,0,1,0,0,0,0,0,797410,3941,5820424,514
193999,11,4,4010101,Jungfernheide,2019,4,14,6,3,5,2,0,0,1,0,1,0,0,0,791248,6015,5829731,165
194000,11,5,5010314,Carl-Schurz-Stra�e,2019,4,11,4,3,0,2,0,0,1,0,0,0,1,0,784837,7182,5829252,791
194001,11,12,12304313,Borsigwalde,2019,4,14,6,2,5,3,0,0,1,0,1,0,0,0,791658,3056,5834488,165
194002,11,12,12214424,Scharnweberstra�e,2019,4,13,6,3,1,5,0,0,1,0,0,0,1,0,793550,331,5832378,687
194003,11,8,8020625,Handwerker-Siedlung,2019,4,11,6,3,5,3,0,1,1,0,0,0,0,0,801413,8011,5819158,711
194004,11,1,1033102,Gesundbrunnen,2019,4,11,6,3,5,3,0,1,1,0,0,0,0,0,797140,9446,5831804,109
194005,11,11,11030721,R�digerstra�e,2019,4,10,6,3,5,2,0,1,1,0,0,0,0,0,803791,7288,5827706,607
194006,11,4,4020313,K�nigin-Elisabeth-Stra�e,2019,4,9,6,3,3,6,0,0,1,0,0,0,1,0,790227,9336,5826074,817
194007,11,3,3040818,Pankow S�d,2019,4,8,6,3,1,5,0,1,1,0,0,0,0,0,799699,5862,5832536,57
194008,11,1,1011203,Unter den Linden S�d,2019,4,8,6,3,3,6,0,1,0,0,0,1,0,0,797565,6405,5827415,109
194009,11,1,1011103,L�tzowstra�e,2019,4,12,6,3,2,1,0,0,1,0,1,0,0,0,795926,6537,5825636,435
194010,11,8,8041038,Wa�mannsdorfer Chaussee,2019,4,7,6,3,5,3,0,1,1,0,0,0,0,0,805654,693,5816444,725
194011,11,2,2020204,Urbanstra�e,2019,4,13,6,3,2,6,0,0,1,0,0,0,1,0,797934,4475,5824873,718
194012,11,12,12301203,Wittenau S�d,2019,4,10,6,3,5,2,0,0,1,0,0,0,1,0,793499,2482,5836110,987
194013,11,1,1011203,Unter den Linden S�d,2019,4,8,6,3,5,3,0,1,1,0,0,0,0,0,797761,9341,5827442,915
194014,11,9,9041501,Altstadt Kietz,2019,4,8,6,2,6,4,0,0,1,1,0,0,0,0,811344,3951,5820154,942
194015,11,9,9030901,Dorf Altglienicke,2019,4,23,6,3,1,5,2,0,1,0,0,0,0,0,808835,4073,5817207,828
194016,11,8,8030830,Gropiusstadt S�d,2019,4,21,6,3,5,3,2,0,1,0,0,0,0,0,802382,508,5817886,25
194017,11,2,2020206,Graefekiez,2019,4,19,6,3,5,7,1,0,1,0,0,0,0,0,799982,2198,5824731,738
194018,11,5,5010314,Carl-Schurz-Stra�e,2019,4,17,6,2,6,4,0,0,1,1,0,0,0,0,784746,502,5828819,331
194019,11,1,1011101,St�lerstra�e,2019,4,17,6,3,0,1,0,0,1,0,0,0,0,0,795295,4461,5826425,618
194020,11,6,6030501,Berlepschstra�e,2019,4,17,6,3,5,3,0,1,1,0,0,0,0,0,788569,306,5816884,689
194021,11,3,3051017,Rennbahnstra�e,2019,4,6,6,3,5,3,0,0,1,0,0,0,0,0,802327,4945,5832978,503
194022,11,5,5040937,Kladower Damm,2019,4,3,6,2,8,1,2,0,1,0,0,0,1,0,781590,5578,5819719,268
194023,11,9,9010202,K�penicker Landstra�e,2019,4,9,5,3,5,3,0,1,1,0,0,0,0,0,804134,236,5822928,372
194024,11,4,4051445,Eisenzahnstra�e,2019,4,9,5,3,6,2,0,0,1,1,0,0,0,0,792199,4594,5825009,536
194025,11,1,1044202,Sparrplatz,2019,4,19,5,2,6,4,1,0,1,1,0,0,0,0,795461,4993,5830149,391
194026,11,4,4020310,Park Ruhwald,2019,4,14,5,3,2,6,0,0,1,0,0,1,0,0,790260,104,5827966,443
194027,11,2,2030302,Lausitzer Platz,2019,4,19,5,3,5,2,0,1,1,0,0,0,0,0,801162,3723,5825951,462
194028,11,6,6040807,Zehlendorf Eiche,2019,4,14,5,3,5,2,0,1,0,0,1,0,0,0,789841,2436,5818778,755
194029,11,6,6020410,Oberhofer Platz,2019,4,14,5,3,5,3,0,1,1,0,0,0,0,0,794698,7338,5816312,673
194030,11,1,1022106,Elberfelder Stra�e,2019,4,17,5,3,0,1,1,1,0,0,0,0,0,0,793768,7328,5828135,743
194031,11,1,1011305,Heine-Viertel West,2019,4,13,5,3,5,3,0,1,1,0,0,0,0,0,799299,46,5827228,221
194032,11,6,6010206,Stadtpark,2019,4,17,5,3,5,3,0,0,1,0,1,0,1,0,794804,1812,5819837,286
194033,11,12,12304313,Borsigwalde,2019,4,12,5,3,5,2,0,0,1,0,0,0,1,0,792353,143,5834071,128
194034,11,9,9041301,Kietzer Feld/Nachtheide,2019,4,12,5,3,5,2,0,1,1,0,0,0,0,0,811683,2967,5819982,22
194035,11,10,10010308,Marzahner Chaussee,2019,4,11,5,3,2,6,0,0,1,0,0,0,0,0,806363,428,5830200,92
194036,11,1,1033102,Gesundbrunnen,2019,4,10,5,3,5,2,0,1,1,0,0,0,0,0,797157,6449,5831919,5
194037,11,7,7040403,Manteuffelstra�e,2019,4,17,5,3,0,2,0,0,1,0,0,0,1,0,797267,3646,5821069,606
194038,11,1,1033202,Humboldthain S�d,2019,4,10,5,3,6,4,0,0,1,1,0,0,0,0,797248,7368,5829765,919
194039,11,12,12214527,Alt-Tegel,2019,4,9,5,3,6,4,0,0,1,1,0,0,0,0,790524,577,5834504,168
194040,11,1,1011302,Oranienburger Stra�e,2019,4,9,5,3,3,6,0,1,1,0,0,0,0,0,798526,5133,5828981,867
194041,11,6,6020305,Gemeindepark Lankwitz,2019,4,8,5,3,5,2,0,1,1,0,0,0,0,0,795748,442,5817560,295
194042,11,3,3061228,Erich-Weinert-Stra�e,2019,4,8,5,3,2,6,0,0,1,0,0,0,1,0,800451,3811,5830768,969
194043,11,1,1022205,Zillesiedlung,2019,4,7,5,3,5,3,0,1,1,0,0,0,0,0,795562,7539,5828294,414
194044,11,4,4041137,Flinsberger Platz,2019,4,7,5,3,5,3,0,0,0,0,1,1,0,0,791266,479,5823337,794
194045,11,1,1011302,Oranienburger Stra�e,2019,4,7,5,2,0,1,0,0,0,0,1,0,0,1,798498,4585,5829055,309
194046,11,7,7040403,Manteuffelstra�e,2019,4,20,4,3,5,2,2,1,1,0,0,0,0,0,797851,2935,5821927,694
194047,11,1,1011201,Wilhelmstra�e,2019,4,9,4,2,1,5,0,1,1,0,0,0,0,0,796999,2932,5826862,98
194048,11,7,7050505,Hundsteinweg,2019,4,9,5,3,0,1,0,0,0,0,1,0,0,0,799743,7803,5819019,583
194049,11,1,1011303,Alexanderplatzviertel,2019,4,16,5,2,6,4,0,0,1,1,0,0,0,0,799578,9795,5828250,676
194050,11,7,7070703,John-Locke-Stra�e,2019,4,16,5,3,2,6,0,0,1,0,0,0,0,0,799172,8788,5814186,641
194051,11,11,11020513,Orankesee,2019,4,15,5,3,5,2,0,0,1,0,0,0,1,0,802920,9847,5831082,347