OBJECTID,LAND,BEZ,LOR,STRASSE,UJAHR,UMONAT,USTUNDE,UWOCHENTAG,UKATEGORIE,UART,UTYP1,ULICHTVERH,IstRad,IstPKW,IstFuss,IstKrad,IstGkfz,IstSonstige,USTRZUSTAND,LINREFX,LINREFY,XGCSWGS84,YGCSWGS84
194052,11,2,2020203,Viktoriapark,2019,4,18,5,3,5,3,0,0,1,0,0,0,1,0,797101,209,5824489,488
194053,11,9,9020501,Obersch�neweide West,2019,4,16,4,3,5,2,0,1,1,0,0,0,0,0,806236,7725,5823200,356
194054,11,12,12224230,Heiligensee,2019,4,16,4,3,5,2,0,1,1,0,0,0,0,0,787278,1054,5837913,642
194055,11,9,9051702,B�lschestra�e,2019,4,17,4,3,5,3,0,1,1,0,0,0,0,0,813752,2951,5821739,998
194056,11,7,7070704,Nahariyastra�e,2019,4,18,4,3,5,2,1,1,1,0,0,0,0,0,800941,8632,5813922,307
194057,11,9,9010402,Johannisthal Ost,2019,4,13,4,3,1,5,0,0,1,0,0,0,0,0,806030,93,5819128,674
194058,11,11,11030824,Frankfurter Allee S�d,2019,4,13,4,3,6,4,0,0,1,1,0,0,0,0,803691,1843,5827487,5
194059,11,4,4030519,Kaiserin-Augusta-Allee,2019,4,12,4,3,5,2,0,1,0,0,0,0,1,0,792084,1045,5828582,497
194060,11,2,2040503,Richard-Sorge-Viertel,2019,4,12,4,3,2,6,0,0,1,0,0,0,0,0,801565,4359,5828843,638
194061,11,6,6010205,S�dende,2019,4,11,4,3,6,4,0,0,0,1,0,0,1,0,795078,4624,5819648,181
194062,11,3,3071536,Teutoburger Platz,2019,4,20,4,3,0,6,2,1,1,0,0,0,0,0,799026,6608,5830118,612
194063,11,8,8010214,Glasower Stra�e,2019,4,9,4,3,2,7,0,0,0,0,1,0,1,0,801173,3817,5822201,529
194064,11,9,9052001,K�penick Nord,2019,4,9,3,3,6,7,0,0,1,1,0,0,0,0,810986,3215,5822007,526
194065,11,3,3061228,Erich-Weinert-Stra�e,2019,4,9,3,3,6,2,0,0,1,1,0,0,0,0,800883,5057,5831067,436
194066,11,4,4030623,Ernst-Reuter-Platz,2019,4,14,3,3,0,3,0,1,0,0,1,0,0,0,793246,758,5826749,937
194067,11,1,1044101,Rehberge,2019,4,9,3,3,2,6,0,0,1,0,0,0,1,0,793882,6011,5830089,62
194068,11,5,5030730,Zitadellenweg,2019,4,6,3,2,5,2,0,1,0,0,0,0,1,0,786580,51,5829222,898
194069,11,4,4051656,Hildegardstra�e,2019,4,14,2,3,6,4,0,1,0,1,0,0,0,0,793734,5452,5823218,344
194070,11,1,1011105,N�rdlicher Landwehrkanal,2019,4,8,3,2,5,3,0,1,1,0,0,0,0,0,796741,1578,5826914,659
194071,11,6,6040810,Dahlem,2019,4,8,3,3,5,3,0,1,1,0,0,0,0,0,792355,8168,5820952,826
194072,11,4,4051549,Rathaus Wilmersdorf,2019,4,8,3,3,0,2,0,1,1,0,0,0,0,0,792851,7623,5824009,402
194073,11,6,6030605,Botanischer Garten,2019,4,8,3,3,5,3,0,1,1,0,0,0,0,0,791782,1307,5819084,61
194074,11,1,1011301,Charit�viertel,2019,4,8,3,3,5,3,0,1,1,0,0,0,0,0,797046,915,5828181,34
194075,11,3,3020307,Buchholz,2019,4,7,3,3,2,6,0,0,1,0,0,1,0,0,799846,7788,5837916,233
194076,11,11,11030721,R�digerstra�e,2019,4,7,3,3,5,7,0,1,1,0,0,0,0,0,805206,6327,5828573,617
194077,11,7,7040403,Manteuffelstra�e,2019,4,16,3,2,5,2,0,1,1,0,0,0,0,0,797027,1304,5820706,17
194078,11,9,9020501,Obersch�neweide West,2019,4,16,3,2,5,3,0,1,1,0,0,0,0,0,806127,6899,5822108,873
194079,11,1,1033102,Gesundbrunnen,2019,4,17,3,3,5,3,0,1,1,0,0,0,0,0,797341,6807,5831211,579
194080,11,10,10030724,Oberfeldstra�e,2019,4,17,3,3,2,2,0,1,1,0,0,0,0,0,809552,767,5828021,983
194081,11,7,7060604,Marienfelde S�d,2019,4,17,3,3,2,6,0,0,1,0,0,0,0,0,796369,2682,5815914,954
194082,11,2,2040502,Friedenstra�e,2019,4,18,3,2,5,2,0,1,0,0,0,0,1,0,801247,5829,5827816,857
194083,11,2,2040502,Friedenstra�e,2019,4,18,3,3,5,2,0,1,0,0,0,0,1,0,801127,6921,5828576,18
194084,11,6,6020301,Alt-Lankwitz,2019,4,18,3,3,5,2,0,0,1,0,1,0,0,0,796058,6487,5818209,417
194085,11,1,1022106,Elberfelder Stra�e,2019,4,19,3,3,6,4,0,0,1,1,0,0,0,0,794426,8579,5828359,763
194086,11,5,5010311,Eiswerder,2019,4,7,3,3,2,6,0,0,1,0,0,0,0,0,785304,3314,5830024,56
194087,11,12,12301204,Wittenau Nord,2019,4,7,3,3,5,3,0,1,1,0,0,0,0,0,792653,947,5835839,398
194088,11,4,4041134,Bismarckallee,2019,4,19,3,2,5,3,1,1,1,0,0,0,0,0,790854,8921,5823647,131
194089,11,7,7040401,Neu-Tempelhof,2019,4,19,3,3,5,3,1,0,1,0,1,0,0,0,797387,6484,5822615,66
194090,11,2,2020202,Rathaus Yorckstra�e,2019,4,19,3,3,5,2,0,1,1,0,0,0,0,0,797941,2205,5825259,338
194091,11,2,2020204,Urbanstra�e,2019,4,12,3,3,0,1,0,0,0,0,1,0,0,0,798695,322,5824676,757
194092,11,5,5020625,Borkumer Stra�e,2019,4,15,3,3,2,6,0,0,1,0,0,0,0,0,784628,5093,5828388,14
194093,11,1,1011302,Oranienburger Stra�e,2019,4,17,3,3,2,6,0,1,0,0,0,0,0,0,798266,1178,5828848,826
194094,11,6,6010205,S�dende,2019,4,15,2,3,3,2,0,0,1,0,0,0,0,0,795894,1504,5819892,84
194095,11,6,6030502,Zehlendorf S�d,2019,4,6,2,3,0,2,0,1,1,0,0,0,0,1,789072,4493,5815763,303
194096,11,3,3061429,Greifswalder Stra�e,2019,4,21,2,3,5,3,2,1,0,0,0,0,1,0,801385,702,5830290,724
194097,11,10,10010311,Landsberger Tor,2019,4,20,2,2,6,4,2,0,1,1,0,0,0,0,810312,786,5831793,858
194098,11,4,4030415,Schlo�garten,2019,4,8,2,3,2,6,0,0,1,0,0,0,0,1,791241,468,5827470,591
194099,11,2,2010104,Wassertorplatz,2019,4,18,2,2,6,4,0,0,1,1,0,0,0,0,798611,6392,5825579,671
194100,11,9,9031202,Schm�ckwitz/Rauchfangswerder,2019,4,18,2,2,5,3,0,1,1,0,0,0,0,0,816911,788,5812168,967
194101,11,3,3040512,Wilhelmsruh,2019,4,17,2,3,5,7,0,1,1,0,0,0,0,0,795543,809,5835068,62
194102,11,11,11040925,Victoriastadt,2019,4,17,2,3,5,2,0,1,1,0,0,0,0,0,803865,438,5826828,232
194103,11,9,9010302,Sp�thsfelde,2019,4,16,2,3,0,4,0,0,0,1,0,0,1,0,804955,2088,5820711,685
194104,11,3,3050925,Komponistenviertel Wei�ensee,2019,4,16,2,3,1,5,0,1,1,0,0,0,0,0,802399,2005,5831140,467
194105,11,5,5010314,Carl-Schurz-Stra�e,2019,4,16,2,3,3,6,0,0,1,0,0,1,0,0,784934,731,5829388,15
194106,11,1,7010102,Nollendorfplatz,2019,4,6,2,3,2,6,1,0,1,0,0,0,0,1,795192,8587,5825865,55
194107,11,8,8010510,Gewerbegebiet K�llnische Heide,2019,4,7,2,3,5,3,0,0,1,0,0,0,0,1,803803,4324,5821739,508
194108,11,7,7030301,Friedenau,2019,4,7,2,3,0,7,0,0,1,0,1,0,0,1,793433,9737,5822274,186
194109,11,3,3050919,Gustav-Adolf-Stra�e,2019,4,8,2,3,6,4,0,0,1,1,0,0,0,1,801170,2197,5832336,586
194110,11,4,4010102,Pl�tzensee,2019,4,8,2,3,5,2,0,1,1,0,0,0,0,1,793328,3693,5829772,175
194111,11,8,8010301,Reuterkiez,2019,4,9,2,3,4,6,0,0,1,0,0,0,0,1,801457,418,5823887,892
194112,11,4,4020314,Messegel�nde,2019,4,9,2,3,2,6,0,0,1,0,0,0,0,1,790563,4161,5825415,56
194113,11,2,2040503,Richard-Sorge-Viertel,2019,4,9,2,3,6,4,0,0,1,1,0,0,0,1,801491,1364,5828800,463
194114,11,6,6030607,Goerzwerke,2019,4,10,2,3,2,6,0,0,1,0,0,0,1,1,792192,885,5816617,198
194115,11,12,12103218,Teichstra�e,2019,4,10,2,3,2,1,0,0,1,0,0,0,0,1,794990,3825,5833130,763
194116,11,12,12304313,Borsigwalde,2019,4,10,2,2,5,2,0,0,1,0,0,0,0,1,792353,6654,5834071,66
194117,11,5,5020523,Maulbeerallee,2019,4,10,2,3,6,2,0,0,1,1,0,0,0,1,782390,1614,5827029,101
194118,11,1,1011301,Charit�viertel,2019,4,11,2,3,2,7,0,1,1,0,0,0,0,0,796855,637,5828221,86
194119,11,2,2010104,Wassertorplatz,2019,4,13,2,3,5,3,0,1,1,0,0,0,0,1,798823,744,5825589,569
194120,11,10,10020414,Helle Mitte,2019,4,13,2,3,0,4,0,0,1,1,0,0,0,0,812225,3459,5830925,58
194121,11,5,5020523,Maulbeerallee,2019,4,15,2,2,5,3,0,1,1,0,0,0,0,0,782698,5198,5827487,572
194122,11,10,10010102,Havemannstra�e,2019,4,15,2,2,6,7,0,0,1,1,0,0,0,0,810181,9572,5833898,88
194123,11,4,4020204,Olympiagel�nde,2019,4,15,2,3,2,2,0,1,0,0,0,0,1,0,788291,7877,5826880,581
194124,11,9,9051801,Rahnsdorf/Hessenwinkel,2019,4,16,2,3,5,7,0,0,1,0,0,0,0,0,820737,7143,5819169,114
194125,11,4,4030623,Ernst-Reuter-Platz,2019,4,16,2,3,1,5,0,1,1,0,0,0,0,0,793541,8764,5826333,133
194126,11,1,1033203,Humboldthain Nordwest,2019,4,8,2,3,1,5,0,1,0,0,0,1,0,1,796859,8799,5831342,505
194127,11,6,6040808,H�ttenweg,2019,4,7,2,3,0,3,0,0,1,0,1,0,0,1,790050,9157,5819428,511
194128,11,12,12103117,Letteplatz,2019,4,6,2,3,2,2,1,0,1,0,1,0,0,1,795781,2846,5832577,624
194129,11,4,4030725,Amtsgerichtsplatz,2019,4,9,2,2,8,1,0,1,0,0,0,0,0,1,791441,9611,5826032,31
194130,11,2,2040501,Barnimkiez,2019,4,8,2,3,0,1,0,0,0,0,1,0,0,1,801281,5199,5828753,661
194131,11,4,4051448,Schaperstra�e,2019,4,6,2,3,0,1,0,0,0,0,1,0,0,1,794229,978,5825418,116
194132,11,1,1011402,Arkonaplatz,2019,4,17,1,3,0,1,0,1,0,0,0,0,0,0,798351,1314,5829393,416
194133,11,1,1044201,Reinickendorfer Stra�e,2019,4,21,1,3,0,7,2,0,0,0,0,1,1,0,795588,2816,5830805,847
194134,11,1,1022106,Elberfelder Stra�e,2019,4,23,1,3,5,2,2,1,1,0,0,0,0,0,794568,984,5828331,74
194135,11,11,11041128,Sewanstra�e,2019,4,18,1,3,1,5,0,1,1,0,0,0,0,0,805558,2177,5825985,845
194136,11,11,11010205,Falkenberg West,2019,4,17,1,3,4,6,0,0,1,0,0,0,0,0,806874,6864,5832658,617
194137,11,2,2020206,Graefekiez,2019,4,16,1,3,5,3,0,0,1,0,0,0,0,0,799552,814,5824898,452
194138,11,8,8010510,Gewerbegebiet K�llnische Heide,2019,4,14,1,3,0,6,0,0,1,0,1,0,0,0,802965,5705,5822502,309
194139,11,11,11020412,Hauptstra�e,2019,4,13,1,3,5,2,0,1,0,0,0,0,1,0,805154,7897,5831640,191
194140,11,2,2020206,Graefekiez,2019,4,8,1,3,1,5,0,1,1,0,0,0,0,1,800002,594,5825388,233
194141,11,2,2010103,Moritzplatz,2019,4,11,1,3,5,2,0,0,1,0,0,0,0,0,799220,3084,5825991,83
194142,11,11,11030721,R�digerstra�e,2019,4,13,1,3,0,1,0,0,0,0,1,0,0,0,803910,7516,5828363,453
194143,11,2,2030401,Reichenberger Stra�e,2019,4,17,7,3,5,7,0,1,1,0,0,0,0,0,801108,7954,5825448,782
194144,11,8,8010303,Donaustra�e,2019,4,0,7,3,6,2,2,0,1,1,0,0,0,1,801308,781,5823824,726
194145,11,7,7050502,Fritz-Werner-Stra�e,2019,4,21,7,3,2,6,2,0,1,0,0,0,0,0,798176,185,5818951,46
194146,11,6,6030502,Zehlendorf S�d,2019,4,15,7,3,0,7,0,1,0,0,0,0,0,0,789105,675,5815565,294
194147,11,1,1011302,Oranienburger Stra�e,2019,4,0,7,3,5,3,2,1,1,0,0,0,0,1,799063,7938,5828982,661
194148,11,4,4030930,George-Grosz-Platz,2019,4,16,7,3,3,6,0,1,1,0,0,0,0,0,792920,836,5825526,827
194149,11,1,1044202,Sparrplatz,2019,4,15,7,3,5,3,0,1,0,0,0,0,0,0,795046,8451,5829939,971
194150,11,4,4030622,Richard-Wagner-Stra�e,2019,4,14,7,3,5,2,0,1,1,0,0,0,0,0,792081,3667,5826801,406
194151,11,9,9041501,Altstadt Kietz,2019,4,14,7,3,4,6,0,1,0,0,0,0,0,0,810864,4215,5820305,408
194152,11,5,5030731,Gartenfelder Stra�e,2019,4,13,7,3,2,6,0,0,1,0,0,0,0,0,787500,9366,5829892,6
194153,11,3,3061126,Arnimplatz,2019,4,13,7,3,5,2,0,1,0,0,0,0,1,0,799212,7943,5831806,193
194154,11,7,7040401,Neu-Tempelhof,2019,4,13,7,3,5,2,0,1,0,0,1,0,0,0,797897,474,5823993,4
194155,11,1,1044101,Rehberge,2019,4,12,7,3,6,4,0,0,0,1,0,1,0,0,794665,4198,5831462,944
194156,11,8,8010301,Reuterkiez,2019,4,11,7,3,0,2,0,1,1,0,0,0,0,0,800657,3573,5824525,239
194157,11,11,11030721,R�digerstra�e,2019,4,10,7,3,6,2,0,0,1,1,0,0,0,0,805181,9179,5827914,561
194158,11,12,12231102,Frohnau,2019,4,8,7,2,3,6,0,1,0,0,0,0,0,0,789581,8513,5839728,279
194159,11,3,3050925,Komponistenviertel Wei�ensee,2019,4,3,7,3,0,1,2,0,1,0,0,0,0,1,802720,7701,5831745,98
194160,11,11,11030619,Fennpfuhl Ost,2019,4,23,7,3,0,1,2,1,0,0,0,0,0,0,804212,5482,5829057,891
194161,11,3,3061131,Falkplatz,2019,4,9,6,3,5,2,0,1,1,0,0,0,0,0,799178,6146,5831110,502
194162,11,9,9010301,Baumschulenstra�e,2019,4,17,6,3,5,3,0,1,1,0,0,0,0,0,804745,6067,5822303,526
194163,11,1,1011401,Invalidenstra�e,2019,4,23,6,3,5,2,2,1,0,0,1,0,0,0,797688,1972,5829240,419
194164,11,2,2030301,Oranienplatz,2019,4,20,6,3,5,2,1,1,1,0,0,0,0,0,799990,1634,5826204,586
194165,11,3,3040513,Sch�nholz,2019,4,20,6,3,5,3,0,1,1,0,0,0,0,0,797413,379,5833970,934
194166,11,8,8020622,Parchimer Allee,2019,4,19,6,3,2,6,1,0,1,0,0,0,0,0,801284,5059,5819668,198
194167,11,3,3020210,Herthaplatz,2019,4,18,6,3,5,3,0,1,1,0,0,0,0,0,799550,5591,5835429,366
194168,11,6,6040810,Dahlem,2019,4,18,6,3,5,5,0,1,1,0,0,0,0,0,792374,891,5820852,956
194169,11,12,12301205,Waidmannslust,2019,4,22,6,3,1,5,2,0,1,0,0,0,0,0,792324,9462,5837248,83
194170,11,8,8020619,Buschkrugallee Nord,2019,4,20,6,2,5,2,0,0,1,0,0,0,0,0,802479,1545,5820699,96
194171,11,4,4051446,Preu�enpark,2019,4,9,6,3,5,3,0,1,1,0,0,0,0,0,792400,8931,5825062,973
194172,11,7,7040403,Manteuffelstra�e,2019,4,8,6,3,0,7,0,0,1,0,0,0,1,0,797451,8596,5820558,382
194173,11,3,3071638,Winsstra�e,2019,4,7,6,3,1,5,0,1,0,0,0,0,1,0,800444,4647,5829725,867
194174,11,1,1011105,N�rdlicher Landwehrkanal,2019,4,7,6,3,1,5,0,1,1,0,0,0,0,0,796850,6254,5826159,49
194175,11,7,7010104,Dennewitzplatz,2019,4,9,6,3,1,5,0,1,1,0,0,0,0,0,796400,4461,5824750,77
194176,11,1,1044101,Rehberge,2019,4,10,6,3,3,6,0,0,1,0,0,1,0,0,793948,185,5830111,574
194177,11,4,4030417,Schlo�stra�e,2019,4,12,6,3,5,3,0,1,0,0,1,0,0,0,791185,55,5826502,927
194178,11,2,2050801,Traveplatz,2019,4,12,6,3,5,2,0,1,1,0,0,0,0,0,803578,9822,5827251,877
194179,11,1,1011203,Unter den Linden S�d,2019,4,14,6,3,5,3,0,0,1,0,0,1,0,0,797959,8412,5827080,318
194180,11,5,5030730,Zitadellenweg,2019,4,14,6,3,2,6,0,0,1,0,0,0,0,0,786439,3415,5831084,346
194181,11,4,4020311,Reichsstra�e,2019,4,14,6,3,3,6,0,1,1,0,0,0,0,0,789804,4801,5826344,368
194182,11,4,4030827,Karl-August-Platz,2019,4,14,6,3,3,6,0,1,1,0,0,0,0,0,792146,214,5826474,891
194183,11,10,11030720,Herzbergstra�e,2019,4,15,6,3,2,6,0,0,1,0,0,0,0,0,806289,7591,5830171,449
194184,11,1,1022104,Emdener Stra�e,2019,4,17,6,3,1,5,0,1,1,0,0,0,0,0,794260,5912,5828452,536
194185,11,9,9031001,Bohnsdorf,2019,4,16,6,3,2,6,0,0,1,0,0,0,1,0,810015,3674,5816020,722
194186,11,3,3061332,Helmholtzplatz,2019,4,16,6,3,6,4,0,0,1,1,0,0,0,0,799899,7069,5830608,422
194187,11,6,6030504,Teltower Damm,2019,4,16,6,3,5,3,0,1,1,0,0,0,0,0,790839,9497,5817584,754
194188,11,8,8010301,Reuterkiez,2019,4,16,6,3,2,6,0,0,1,0,0,0,0,0,800684,9757,5824989,945
194189,11,6,6030609,Augustaplatz,2019,4,17,6,3,2,6,0,0,1,0,1,0,0,0,793299,1418,5818922,562
194190,11,8,8010301,Reuterkiez,2019,4,17,6,3,5,2,0,0,1,0,0,0,0,0,800663,8472,5824386,211
194191,11,7,7030301,Friedenau,2019,4,13,6,3,1,5,0,0,1,0,0,0,0,0,794540,318,5822679,555
194192,11,10,10040933,Mahlsdorf S�d,2019,4,11,5,3,5,3,0,1,1,0,0,0,0,0,813472,452,5824893,868
194193,11,10,10020414,Helle Mitte,2019,4,20,5,3,0,2,1,0,1,0,0,0,1,0,812237,6057,5830686,518
194194,11,7,7010104,Dennewitzplatz,2019,4,12,5,3,5,3,0,1,1,0,0,0,0,0,796576,6901,5824829,316
194195,11,4,4020311,Reichsstra�e,2019,4,16,5,3,6,2,0,0,1,1,0,0,0,0,789726,5398,5826409,797
194196,11,4,4020314,Messegel�nde,2019,4,18,5,3,3,6,0,0,1,0,0,1,0,0,790411,545,5825795,998
194197,11,7,7040402,Lindenhofsiedlung,2019,4,18,5,3,2,2,0,0,1,0,0,0,0,0,796144,2381,5820776,295
194198,11,8,8020727,Buckow Mitte,2019,4,17,5,3,2,6,0,0,1,0,1,0,0,0,801602,1252,5817444,888
194199,11,7,7010104,Dennewitzplatz,2019,4,7,5,3,6,4,0,0,1,1,0,0,0,0,796015,2328,5825137,69
194200,11,7,7050503,Eisenacher Stra�e,2019,4,6,5,3,3,6,0,0,1,0,0,0,0,0,798649,5398,5820508,38
194201,11,3,3071537,Kollwitzplatz,2019,4,17,5,3,1,5,0,1,1,0,0,0,0,0,799327,936,5830077,249
194202,11,7,7040404,Marienh�he,2019,4,16,5,3,0,3,0,0,1,0,1,0,0,0,796820,3246,5820139,648
194203,11,5,5020629,B�rnicker Stra�e,2019,4,16,5,3,0,3,0,0,1,0,0,0,1,0,785563,3451,5826155,458
194204,11,2,2040703,Wriezener Bahnhof/Entwicklungsgebiet,2019,4,16,5,3,5,1,0,0,1,0,1,0,0,0,801458,406,5827274,313
194205,11,9,9051901,Dammvorstadt,2019,4,16,5,2,5,3,0,1,1,0,0,0,0,0,809656,3168,5821501,986
194206,11,4,4041134,Bismarckallee,2019,4,16,5,3,0,4,0,1,0,1,0,0,0,0,790788,1732,5824798,841
194207,11,3,3020307,Buchholz,2019,4,15,5,2,5,3,0,1,1,0,0,0,0,0,800516,6052,5836163,158
194208,11,4,4051448,Schaperstra�e,2019,4,16,5,3,2,6,0,0,1,0,0,0,0,0,793930,953,5825041,733
194209,11,6,6040804,Krumme Lanke,2019,4,15,5,3,5,2,0,1,1,0,0,0,0,0,788224,898,5818882,666
194210,11,9,9020802,K�llnische Vorstadt,2019,4,15,5,3,3,6,0,0,1,0,1,0,0,0,810530,6137,5820315,245
194211,11,2,2050601,Hausburgviertel,2019,4,5,5,2,2,6,0,1,1,0,0,0,0,0,801830,3115,5828987,959
194212,11,1,1011303,Alexanderplatzviertel,2019,4,15,5,3,2,2,0,1,1,0,0,0,0,0,799248,351,5828469,191
194213,11,11,11040925,Victoriastadt,2019,4,13,5,3,5,5,0,1,1,0,0,0,1,0,803513,5106,5826456,442
194214,11,9,9041501,Altstadt Kietz,2019,4,12,5,2,5,3,0,1,1,0,0,0,0,0,811636,2127,5820017,711
194215,11,3,3030711,Blankenburg,2019,4,12,5,3,5,3,0,1,0,0,0,0,1,0,801579,3545,5836356,45
194216,11,9,9041301,Kietzer Feld/Nachtheide,2019,4,12,5,3,0,3,0,1,1,0,0,0,0,0,811639,6673,5818610,11
194217,11,5,5020415,Isenburger Weg,2019,4,12,5,3,5,3,0,0,1,0,1,0,0,0,780885,8714,5829128,976
194218,11,2,2050601,Hausburgviertel,2019,4,12,5,3,5,2,0,0,1,0,1,0,0,0,801864,804,5828982,56
194219,11,7,7010101,Wittenbergplatz/Viktoria-Luise-Platz,2019,4,11,5,3,5,3,0,1,1,0,0,0,0,0,794736,482,5825538,538
194220,11,3,3050923,Wei�enseer Spitze,2019,4,10,5,3,3,6,0,1,1,0,0,0,0,0,801269,9545,5831848,101
194221,11,9,9030901,Dorf Altglienicke,2019,4,9,5,3,5,2,0,1,0,0,0,1,0,0,807686,6878,5817735,954
194222,11,8,8010302,Bouch�stra�e,2019,4,9,5,3,1,5,0,1,1,0,0,0,0,0,801498,457,5824692,6
194223,11,12,12301203,Wittenau S�d,2019,4,9,5,3,0,6,0,0,0,0,0,0,1,0,793465,3911,5836104,558
194224,11,3,3050919,Gustav-Adolf-Stra�e,2019,4,9,5,3,5,2,0,1,1,0,0,0,0,0,801855,7578,5832900,487
194225,11,7,7030303,Grazer Platz,2019,4,8,5,3,5,3,0,1,1,0,0,0,0,0,795395,8201,5821210,634
194226,11,1,1011402,Arkonaplatz,2019,4,8,5,3,5,3,0,1,1,0,0,0,0,0,798589,419,5829514,15
194227,11,2,2030401,Reichenberger Stra�e,2019,4,13,5,3,1,7,0,0,1,0,0,0,0,0,801001,6775,5825499,645
194228,11,3,3061429,Greifswalder Stra�e,2019,4,16,5,3,5,7,0,1,1,0,0,0,0,0,801841,191,5830733,662
194229,11,5,5030730,Zitadellenweg,2019,4,20,4,3,1,1,2,0,1,0,0,0,0,0,786652,7915,5830453,765
194230,11,5,5010209,An der Kappe,2019,4,20,4,2,5,3,2,0,1,0,1,0,0,0,782818,7088,5830395,794
194231,11,9,9051801,Rahnsdorf/Hessenwinkel,2019,4,16,4,3,0,3,0,1,1,0,0,0,0,0,820200,6077,5819629,404
194232,11,2,2010103,Moritzplatz,2019,4,22,4,3,6,2,2,0,1,1,0,0,0,0,799599,2407,5825844,639
194233,11,9,9052001,K�penick Nord,2019,4,11,4,3,0,3,0,0,1,0,0,0,0,0,809216,4716,5823033,17
194234,11,1,1022206,L�neburger Stra�e,2019,4,11,4,3,2,6,0,0,1,0,1,0,0,0,796222,713,5828479,488
194235,11,1,1044101,Rehberge,2019,4,20,4,3,5,3,2,0,1,0,0,0,1,0,793686,5861,5832251,554
194236,11,4,4051446,Preu�enpark,2019,4,5,4,3,6,2,1,1,0,1,0,0,0,0,792875,9004,5824340,117
194237,11,2,2020205,Chamissokiez,2019,4,20,4,3,5,3,1,1,0,0,0,0,0,0,797956,2256,5824572,259
194238,11,7,7020204,Sch�neberger Insel,2019,4,22,4,3,3,6,2,0,1,0,0,0,0,0,795859,9075,5823156,402
194239,11,1,1011101,St�lerstra�e,2019,4,21,4,3,5,7,2,0,1,0,1,0,0,0,794737,4757,5826038,95
194240,11,4,4030930,George-Grosz-Platz,2019,4,20,4,3,5,3,1,1,1,0,0,0,0,0,792956,8541,5825541,968
194241,11,6,6040809,Thielallee,2019,4,18,4,3,3,6,0,1,1,0,0,0,0,0,791446,323,5819340,96
194242,11,7,7030303,Grazer Platz,2019,4,18,4,3,0,6,0,1,0,0,0,0,1,0,795851,7939,5822567,74
194243,11,5,5010313,Ackerstra�e,2019,4,17,4,3,6,7,0,0,1,1,0,0,0,0,784859,9298,5829533,696
194244,11,6,6030503,Zehlendorf Mitte,2019,4,20,4,3,1,1,1,0,1,0,0,0,0,0,790476,5668,5817557,308
194245,11,1,1011103,L�tzowstra�e,2019,4,13,4,3,0,1,0,1,0,0,0,0,0,0,795945,711,5825827,545
194246,11,3,3020307,Buchholz,2019,4,17,4,3,1,1,0,0,1,0,1,0,0,0,800483,2138,5836390,306
194247,11,7,7040405,Rathaus Tempelhof,2019,4,17,4,3,2,6,0,0,1,0,0,0,0,0,798893,7152,5821134,63
194248,11,10,10020414,Helle Mitte,2019,4,12,4,3,2,6,0,0,1,0,1,0,0,0,812197,9682,5830919,895
194249,11,2,2040502,Friedenstra�e,2019,4,12,4,3,2,7,0,0,1,0,0,0,1,0,800984,3166,5828251,911
194250,11,11,11030720,Herzbergstra�e,2019,4,16,4,3,6,4,0,0,1,1,0,0,0,0,804578,699,5829087,519
194251,11,1,1011401,Invalidenstra�e,2019,4,13,4,3,1,5,0,1,1,0,0,0,0,0,798437,707,5829159,231
194252,11,2,2040703,Wriezener Bahnhof/Entwicklungsgebiet,2019,4,13,4,3,5,2,0,1,1,0,0,0,0,0,801765,173,5826249,193
194253,11,5,5010313,Ackerstra�e,2019,4,13,4,3,5,2,0,0,1,0,0,0,0,0,784662,6664,5829704,43
194254,11,1,1011402,Arkonaplatz,2019,4,15,4,3,5,3,0,1,1,0,0,0,0,0,798582,1308,5829513,656
194255,11,1,1044101,Rehberge,2019,4,15,4,3,5,2,0,1,1,0,0,0,0,0,793952,8586,5830171,198
194256,11,1,1033201,Brunnenstra�e,2019,4,10,4,3,5,2,0,0,1,0,0,0,1,0,798079,604,5829993,131
194257,11,11,11051229,Rummelsburg,2019,4,10,4,3,2,2,0,1,0,0,0,0,1,0,803334,8062,5826303,637
194258,11,1,1011301,Charit�viertel,2019,4,10,4,3,6,2,0,1,0,1,0,0,0,0,797079,7622,5828184,997
194259,11,5,5010314,Carl-Schurz-Stra�e,2019,4,9,4,3,2,6,0,0,1,0,0,0,0,0,784586,6278,5829180,428
194260,11,10,10030724,Oberfeldstra�e,2019,4,8,4,3,5,2,0,1,1,0,0,0,0,0,809117,8859,5829716,913
194261,11,3,3040614,Pankow Zentrum,2019,4,6,4,3,2,2,0,0,1,0,0,0,0,0,799387,9321,5835264,99
194262,11,8,8010117,Schillerpromenade,2019,4,17,4,3,1,2,0,0,1,1,0,0,1,0,800479,9787,5823616,33
194263,11,7,7040405,Rathaus Tempelhof,2019,4,14,3,3,5,2,0,1,1,0,0,0,0,0,798730,812,5821869,15
194264,11,3,3061228,Erich-Weinert-Stra�e,2019,4,21,3,3,6,4,2,1,1,1,0,0,0,0,800914,8682,5830713,172
194265,11,12,12304314,Ziekowstra�e/Freie Scholle,2019,4,21,3,3,2,2,2,0,1,0,0,0,0,0,790731,245,5835265,945
194266,11,1,1033202,Humboldthain S�d,2019,4,21,3,3,0,7,2,0,0,0,1,0,0,0,797927,969,5829908,712
194267,11,11,11010102,Dorf Wartenberg,2019,4,10,3,3,5,2,0,0,1,0,1,0,0,0,806095,1541,5834571,353
194268,11,4,4010102,Pl�tzensee,2019,4,10,3,3,5,3,0,1,1,0,0,0,0,0,791665,3445,5830679,34