OBJECTID,LAND,BEZ,LOR,STRASSE,UJAHR,UMONAT,USTUNDE,UWOCHENTAG,UKATEGORIE,UART,UTYP1,ULICHTVERH,IstRad,IstPKW,IstFuss,IstKrad,IstGkfz,IstSonstige,USTRZUSTAND,LINREFX,LINREFY,XGCSWGS84,YGCSWGS84
194269,11,9,9020701,Adlershof West,2019,4,20,3,3,5,2,2,0,1,0,0,0,0,0,808977,649,5818113,376
194270,11,12,12302211,L�barser Stra�e,2019,4,10,3,3,2,2,0,0,1,0,0,0,0,0,792927,309,5837087,5
194271,11,5,5010314,Carl-Schurz-Stra�e,2019,4,12,3,3,2,6,0,0,1,0,0,0,0,0,784789,412,5828838,99
194272,11,4,4041342,Schlangenbader Stra�e,2019,4,17,3,3,5,2,0,0,1,0,1,0,0,0,792055,444,5822456,13
194273,11,5,5020417,Staakener Stra�e,2019,4,10,3,3,8,1,0,0,1,0,0,0,0,0,782120,7773,5827991,353
194274,11,1,1011201,Wilhelmstra�e,2019,4,9,3,3,5,3,0,1,1,0,0,0,0,0,796957,4239,5826860,907
194275,11,7,7020203,Kaiser-Wilhelm-Platz,2019,4,9,3,3,0,2,0,0,1,0,0,0,1,0,795525,365,5823858,672
194276,11,4,4030621,Spreestadt,2019,4,9,3,2,5,2,0,1,1,0,0,0,0,0,794163,4,5826986,618
194277,11,3,3061228,Erich-Weinert-Stra�e,2019,4,8,3,3,5,2,0,0,1,0,0,0,0,0,800221,7068,5831191,252
194278,11,3,3061430,Volkspark Prenzlauer Berg,2019,4,9,3,3,2,6,0,0,0,0,1,0,1,0,801741,4495,5830058,95
194279,11,4,4051448,Schaperstra�e,2019,4,9,3,3,3,6,0,0,1,0,0,0,0,0,794171,2948,5825334,72
194280,11,3,3050919,Gustav-Adolf-Stra�e,2019,4,8,3,3,5,3,0,0,1,0,0,0,0,0,801991,3283,5832821,39
194281,11,5,5010205,An der Tr�nke,2019,4,8,3,2,5,2,0,0,1,0,1,0,0,0,780081,9237,5830182,741
194282,11,5,5010314,Carl-Schurz-Stra�e,2019,4,8,3,3,5,7,0,0,1,0,1,0,0,0,785448,3156,5828608,739
194283,11,1,1033203,Humboldthain Nordwest,2019,4,8,3,2,5,3,0,1,1,0,0,0,0,0,796541,3588,5829874,363
194284,11,5,5020625,Borkumer Stra�e,2019,4,7,3,3,5,2,0,1,0,0,0,0,1,0,784734,2423,5828588,874
194285,11,9,9020501,Obersch�neweide West,2019,4,6,3,3,5,3,0,1,1,0,0,0,0,0,805715,2015,5823995,11
194286,11,2,2020203,Viktoriapark,2019,4,11,3,2,2,6,0,0,1,0,1,0,0,0,797373,2477,5824874,809
194287,11,4,4041239,Stadion Wilmersdorf,2019,4,11,3,3,5,2,0,1,1,0,0,0,0,0,792600,8069,5823072,879
194288,11,1,1022204,Thomasiusstra�e,2019,4,11,3,3,5,2,0,0,1,0,0,0,0,0,794906,5318,5828293,701
194289,11,5,5020417,Staakener Stra�e,2019,4,12,3,3,2,7,0,1,1,0,0,0,0,0,781715,5641,5829145,928
194290,11,8,8020620,Tempelhofer Weg,2019,4,12,3,3,0,7,0,0,1,0,0,0,0,0,801181,5049,5820594,769
194291,11,12,12214422,Klixstra�e,2019,4,12,3,3,2,6,0,0,1,0,0,0,0,0,792067,133,5832942,138
194292,11,9,9052001,K�penick Nord,2019,4,13,3,3,2,6,0,0,1,0,0,0,0,0,809338,593,5822682,147
194293,11,4,4051550,Leon-Jessel-Platz,2019,4,14,3,3,0,7,0,0,1,0,0,0,1,0,793331,818,5824306,102
194294,11,7,7050503,Eisenacher Stra�e,2019,4,13,3,3,2,6,0,0,1,0,0,0,1,0,799059,6851,5819743,743
194295,11,4,4030622,Richard-Wagner-Stra�e,2019,4,14,3,3,1,5,0,1,1,0,0,0,0,0,792154,185,5827256,586
194296,11,8,8010404,Rixdorf,2019,4,14,3,3,0,6,0,0,1,0,1,0,0,0,802520,362,5823137,956
194297,11,5,5040936,J�gerallee,2019,4,15,3,3,2,6,0,0,1,0,0,0,0,0,781126,8621,5820046,881
194298,11,4,4051446,Preu�enpark,2019,4,15,3,3,6,4,0,0,1,1,0,0,0,0,793054,1234,5825234,726
194299,11,9,9051702,B�lschestra�e,2019,4,16,3,2,5,2,0,1,1,0,0,0,0,0,814209,9275,5821928,129
194300,11,1,1011302,Oranienburger Stra�e,2019,4,16,3,3,5,3,0,1,1,0,0,0,0,0,798658,8791,5828820,445
194301,11,1,1022207,Hansaviertel,2019,4,16,3,3,5,2,0,0,1,0,1,0,0,0,794405,322,5827596,943
194302,11,1,1044101,Rehberge,2019,4,15,2,3,2,2,0,0,1,0,0,0,0,0,794018,7826,5830174,786
194303,11,8,8030831,Gropiusstadt Ost,2019,4,14,2,3,5,2,0,1,1,0,0,0,0,0,804702,8475,5817818,272
194304,11,2,2010102,Mehringplatz,2019,4,15,2,3,2,6,0,0,1,0,0,0,0,0,798626,4927,5826386,806
194305,11,1,1044201,Reinickendorfer Stra�e,2019,4,22,2,3,1,5,2,0,1,0,1,0,0,0,795871,8214,5831152,289
194306,11,4,4020314,Messegel�nde,2019,4,19,2,3,5,7,2,0,1,0,0,0,0,0,790398,4917,5825655,644
194307,11,1,1033203,Humboldthain Nordwest,2019,4,0,2,3,2,6,2,0,1,0,0,0,0,0,796633,8928,5829795,261
194308,11,11,11040926,Weitlingstra�e,2019,4,23,2,3,5,3,2,0,1,0,0,0,0,0,805479,1079,5826709,51
194309,11,12,12214527,Alt-Tegel,2019,4,18,2,3,6,4,0,0,1,1,0,0,0,0,789586,8102,5834345,239
194310,11,10,10010207,Marzahner Promenade,2019,4,18,2,3,5,2,0,0,1,0,0,0,0,0,809288,6192,5831671,631
194311,11,9,9041301,Kietzer Feld/Nachtheide,2019,4,18,2,2,0,1,0,0,0,0,1,0,0,0,814778,518,5818254,595
194312,11,3,3061429,Greifswalder Stra�e,2019,4,16,2,2,2,6,0,1,0,0,0,0,0,0,801655,986,5830131,325
194313,11,9,9041501,Altstadt Kietz,2019,4,14,2,3,0,7,0,1,0,1,0,0,0,0,811239,5968,5820234,22
194314,11,10,10040931,Mahlsdorf Nord,2019,4,14,2,3,5,3,0,1,0,0,0,0,0,0,814334,1088,5830073,418
194315,11,9,9020701,Adlershof West,2019,4,14,2,2,4,1,0,0,1,0,0,0,0,0,808012,3533,5819781,715
194316,11,9,9031001,Bohnsdorf,2019,4,13,2,3,0,2,0,0,1,0,0,0,1,0,811334,4335,5815644,977
194317,11,8,8030830,Gropiusstadt S�d,2019,4,13,2,3,2,6,0,1,1,0,0,0,0,0,802511,942,5817956,63
194318,11,9,9041601,M�ggelheim,2019,4,10,2,3,5,3,0,1,1,0,0,0,0,0,816925,2586,5817159,654
194319,11,2,2020202,Rathaus Yorckstra�e,2019,4,9,2,2,5,3,0,0,1,0,1,0,0,0,797615,8904,5825532,86
194320,11,9,9030901,Dorf Altglienicke,2019,4,10,1,2,5,3,0,0,1,0,0,0,1,0,807941,2417,5816571,334
194321,11,4,4010101,Jungfernheide,2019,4,18,1,3,6,4,0,1,0,1,0,0,0,0,791240,7003,5829696,332
194322,11,7,7060604,Marienfelde S�d,2019,4,16,1,3,5,3,0,1,1,0,0,0,0,0,797858,3473,5815725,804
194323,11,8,8020726,Buckow West,2019,4,16,1,3,5,3,0,0,1,0,1,0,0,0,799853,5367,5816513,466
194324,11,9,9041301,Kietzer Feld/Nachtheide,2019,4,16,1,3,6,7,0,1,0,1,0,0,0,0,812159,8944,5819710,566
194325,11,2,2030302,Lausitzer Platz,2019,4,15,1,3,6,7,0,1,0,1,0,0,0,0,800565,628,5825807,808
194326,11,3,3061126,Arnimplatz,2019,4,11,1,3,5,7,0,1,1,0,0,0,0,0,799219,868,5831773,706
194327,11,10,10010204,Wuhletalstra�e,2019,4,17,1,2,1,5,0,1,1,0,0,0,0,0,809827,7192,5832983,341
194328,11,8,8010404,Rixdorf,2019,4,3,1,3,1,1,2,0,1,0,0,0,1,0,801780,8785,5822803,604
194329,11,11,11010206,Wartenberg S�d,2019,4,14,1,3,0,2,0,0,0,0,0,0,1,0,806293,676,5834079,293
194330,11,3,3071536,Teutoburger Platz,2019,4,16,1,3,1,1,0,0,1,0,1,0,0,0,799131,3766,5830269,174
194331,11,11,11030619,Fennpfuhl Ost,2019,4,7,1,3,0,1,0,1,0,0,0,0,0,0,803822,9132,5829137,841
194332,11,1,1044201,Reinickendorfer Stra�e,2019,4,15,1,3,5,2,0,0,1,0,0,0,1,0,796447,1721,5831945,214
194333,11,1,1033201,Brunnenstra�e,2019,4,18,1,3,0,1,0,0,0,0,1,0,0,0,797834,3294,5830450,71
194334,11,5,5010313,Ackerstra�e,2019,4,3,7,1,9,1,2,0,1,0,0,1,0,0,784381,6805,5829957,697
194335,11,3,3020203,Blankenfelde,2019,4,17,7,3,5,2,0,1,1,0,0,0,0,0,796558,2255,5840101,447
194336,11,9,9051702,B�lschestra�e,2019,4,9,7,2,1,5,0,1,1,0,0,0,0,0,814697,5324,5820825,206
194337,11,7,7060604,Marienfelde S�d,2019,4,14,7,3,1,5,0,1,1,0,0,0,0,0,795538,8427,5815979,416
194338,11,4,4030827,Karl-August-Platz,2019,4,20,7,3,1,5,1,1,1,0,0,0,0,0,792586,5383,5826114,97
194339,11,2,2010104,Wassertorplatz,2019,4,18,7,3,5,2,0,1,1,0,0,0,0,0,799065,5907,5825613,522
194340,11,8,8010404,Rixdorf,2019,4,15,7,3,3,6,0,1,1,0,0,0,0,0,801701,5992,5822577,47
194341,11,9,9051702,B�lschestra�e,2019,4,15,7,3,6,4,0,0,1,1,0,0,0,0,814202,5887,5821321,26
194342,11,5,5010206,G�tersloher Weg,2019,4,13,7,3,5,2,0,0,1,0,0,0,0,0,782366,4659,5830501,279
194343,11,6,6030501,Berlepschstra�e,2019,4,13,7,3,0,7,0,1,0,0,0,0,0,0,787534,9809,5817273,121
194344,11,2,2020203,Viktoriapark,2019,4,12,7,3,5,2,0,0,1,0,0,0,1,0,797751,8312,5824596,901
194345,11,8,8010301,Reuterkiez,2019,4,11,7,3,2,2,0,0,0,0,1,0,1,0,801302,133,5823988,251
194346,11,7,7070703,John-Locke-Stra�e,2019,4,1,7,3,0,3,2,0,1,0,0,0,1,0,799428,2881,5813175,173
194347,11,8,8041037,Alt-Rudow,2019,4,7,7,2,5,3,0,0,1,0,0,0,0,0,805536,28,5818566,233
194348,11,12,12214424,Scharnweberstra�e,2019,4,8,7,3,5,2,0,1,1,0,0,0,0,0,793390,7319,5832515,873
194349,11,6,6010205,S�dende,2019,4,9,7,3,5,3,0,1,1,0,0,0,0,0,795532,335,5819966,641
194350,11,7,7070703,John-Locke-Stra�e,2019,4,10,7,3,2,6,0,0,1,0,0,0,0,0,799818,5648,5813186,494
194351,11,6,6030609,Augustaplatz,2019,4,10,7,2,6,2,0,0,1,1,0,0,0,0,793275,4515,5819096,86
194352,11,7,7050501,Rathausstra�e,2019,4,10,7,3,2,2,0,0,1,0,0,0,0,0,798021,4115,5819648,762
194353,11,2,2040701,Andreasviertel,2019,4,5,7,2,5,3,2,0,1,0,0,0,1,0,800718,317,5827875,86
194354,11,11,11030721,R�digerstra�e,2019,5,14,5,3,5,7,0,1,1,0,0,0,0,1,804688,929,5828427,135
194355,11,1,1033102,Gesundbrunnen,2019,5,14,5,3,0,6,0,1,1,0,0,0,0,0,797433,396,5831263,498
194356,11,6,6010207,Mittelstra�e,2019,5,17,5,3,1,5,0,1,1,0,0,0,0,0,793963,3532,5820437,767
194357,11,9,9020701,Adlershof West,2019,5,12,5,3,5,3,0,1,1,0,0,0,0,0,808809,4645,5819002,117
194358,11,6,6020306,Lankwitz S�d,2019,5,17,5,3,5,3,0,0,1,0,0,0,0,0,796519,1,5817311,25
194359,11,9,9010302,Sp�thsfelde,2019,5,14,5,3,5,3,0,0,1,0,1,0,0,1,804938,7156,5820712,241
194360,11,4,4030828,Savignyplatz,2019,5,13,5,3,1,5,0,1,1,0,0,0,0,1,793062,9351,5826099,304
194361,11,2,2040503,Richard-Sorge-Viertel,2019,5,17,5,3,2,6,0,1,1,0,0,0,0,0,801492,826,5827923,972
194362,11,7,7010101,Wittenbergplatz/Viktoria-Luise-Platz,2019,5,14,5,3,5,2,0,1,1,0,0,0,0,0,794770,9525,5825692,85
194363,11,11,11040926,Weitlingstra�e,2019,5,17,5,3,5,2,0,1,1,0,0,0,0,0,804587,552,5826362,866
194364,11,3,3020209,Niedersch�nhausen,2019,5,16,5,3,5,3,0,1,1,0,0,0,0,0,798133,1058,5836522,369
194365,11,2,2040701,Andreasviertel,2019,5,16,5,3,0,3,0,1,1,0,0,0,0,0,800314,7511,5827618,16
194366,11,12,12103218,Teichstra�e,2019,5,16,5,3,2,6,0,0,1,0,0,1,0,0,793590,8079,5832534,444
194367,11,9,9031202,Schm�ckwitz/Rauchfangswerder,2019,5,5,5,2,4,6,1,0,0,0,0,0,1,1,816844,268,5812910,541
194368,11,9,9041501,Altstadt Kietz,2019,5,9,5,2,6,3,0,0,1,1,0,0,0,0,810989,9744,5820319,478
194369,11,4,4051652,Nikolsburger Platz,2019,5,8,5,3,3,6,0,1,1,0,0,0,0,0,793444,5305,5823962,165
194370,11,1,1011302,Oranienburger Stra�e,2019,5,9,5,3,5,3,0,1,0,0,0,0,1,0,799060,4355,5829007,208
194371,11,8,8010404,Rixdorf,2019,5,7,5,3,2,3,0,1,0,0,0,0,0,0,802163,9174,5823362,712
194372,11,2,2020201,Gleisdreieck/Entwicklungsgebiet,2019,5,7,5,3,5,2,0,1,1,0,0,0,0,1,796768,6885,5826034,571
194373,11,10,10020622,Kaulsdorf Nord I,2019,5,7,5,3,5,3,0,1,1,0,0,0,0,0,811153,5421,5828388,181
194374,11,2,2050601,Hausburgviertel,2019,5,7,5,3,5,2,0,1,0,0,0,0,1,1,801865,7288,5828983,34
194375,11,12,12214422,Klixstra�e,2019,5,7,5,3,5,2,0,1,0,0,0,0,1,0,792304,4734,5833990,785
194376,11,10,10030724,Oberfeldstra�e,2019,5,14,5,3,5,2,0,0,0,0,1,0,1,1,809629,5328,5828924,246
194377,11,12,12103115,Breitkopfbecken,2019,5,13,5,3,5,3,0,1,1,0,0,0,0,1,796233,2757,5833661,649
194378,11,2,2050601,Hausburgviertel,2019,5,13,5,2,4,6,0,0,1,0,0,1,0,1,802126,3503,5828462,974
194379,11,5,5020523,Maulbeerallee,2019,5,13,5,2,5,2,0,0,1,0,0,0,0,0,782379,9454,5827031,936
194380,11,9,9052001,K�penick Nord,2019,5,12,5,3,5,2,0,1,0,0,0,0,0,0,811182,7153,5822107,388
194381,11,1,1011105,N�rdlicher Landwehrkanal,2019,5,11,5,2,5,3,0,0,1,0,0,0,0,0,796437,2104,5826324,14
194382,11,4,4041137,Flinsberger Platz,2019,5,10,5,3,5,2,0,0,1,0,0,0,0,0,791265,9289,5823330,345
194383,11,4,4020208,Kranzallee,2019,5,10,5,3,6,2,0,0,1,1,0,0,0,0,786924,4429,5825820,218
194384,11,10,10020414,Helle Mitte,2019,5,6,4,3,5,2,0,1,1,0,0,0,0,0,812227,8769,5830702,522
194385,11,11,11041128,Sewanstra�e,2019,5,10,4,3,3,6,0,0,0,0,1,0,1,0,807091,4065,5825784,744
194386,11,3,3071537,Kollwitzplatz,2019,5,13,4,3,5,2,0,1,1,0,0,0,0,0,799544,3764,5830089,96
194387,11,5,5040934,Alt-Gatow,2019,5,10,4,3,2,6,0,0,1,0,0,0,0,0,783940,223,5823367,917
194388,11,7,7030303,Grazer Platz,2019,5,20,4,3,6,4,0,0,1,1,0,0,0,0,795431,1577,5821687,531
194389,11,5,5040936,J�gerallee,2019,5,18,4,3,5,3,0,0,1,0,0,0,0,0,780053,1994,5819443,377
194390,11,2,2050802,Boxhagener Platz,2019,5,8,4,3,0,6,0,1,1,0,0,0,0,0,802842,8777,5826587,4
194391,11,11,11041022,Rosenfelder Ring,2019,5,7,4,2,6,4,0,0,0,1,0,0,1,0,806602,1766,5827734,549
194392,11,5,5010101,Hakenfelde Nord,2019,5,21,4,3,5,3,2,1,1,0,0,0,0,0,784421,2177,5831938,433
194393,11,3,3061228,Erich-Weinert-Stra�e,2019,5,20,4,2,5,2,1,1,1,0,0,0,0,0,800192,7513,5830931,51
194394,11,10,10040933,Mahlsdorf S�d,2019,5,16,4,3,5,3,0,1,1,0,0,0,0,0,812640,3779,5825270,994
194395,11,7,7030303,Grazer Platz,2019,5,16,4,3,5,2,0,0,1,0,1,0,0,0,795392,1195,5820977,953
194396,11,8,8041036,Zittauer Stra�e,2019,5,15,4,3,5,3,0,1,1,0,0,0,0,0,805190,1034,5816496,393
194397,11,1,1011303,Alexanderplatzviertel,2019,5,15,4,3,2,2,0,1,1,0,0,0,0,0,799109,5983,5828466,17
194398,11,1,1022206,L�neburger Stra�e,2019,5,17,4,3,2,6,0,0,1,0,0,0,0,0,795751,8283,5828194,682
194399,11,4,4020310,Park Ruhwald,2019,5,17,4,3,5,3,0,0,1,0,0,0,0,0,790361,6202,5827321,356
194400,11,1,1011303,Alexanderplatzviertel,2019,5,16,4,3,2,6,0,0,1,0,1,0,0,0,799567,6423,5828743,121
194401,11,4,4030930,George-Grosz-Platz,2019,5,16,4,3,2,6,0,0,1,0,0,0,0,0,792839,8313,5825503,3
194402,11,6,6040805,Fischerh�ttenstra�e,2019,5,16,4,3,0,1,0,1,0,0,0,0,0,0,789182,8873,5818567,649
194403,11,7,7030303,Grazer Platz,2019,5,15,4,3,2,6,0,0,1,0,0,0,0,0,795437,6871,5821007,18
194404,11,7,7040403,Manteuffelstra�e,2019,5,14,4,3,3,6,0,0,1,0,1,0,0,0,797323,5431,5821806,776
194405,11,5,5010101,Hakenfelde Nord,2019,5,7,4,2,5,3,0,1,1,0,0,0,0,0,785933,2119,5831674,59
194406,11,2,2010101,Askanischer Platz,2019,5,13,4,3,0,2,0,1,0,0,0,0,1,0,797034,962,5825879,766
194407,11,2,2050801,Traveplatz,2019,5,15,4,2,0,1,0,0,0,0,1,0,0,0,803360,7658,5826703,563
194408,11,4,4010101,Jungfernheide,2019,5,14,4,3,2,6,0,0,1,0,0,0,0,0,791220,753,5830669,205
194409,11,1,1044101,Rehberge,2019,5,13,4,2,5,2,0,0,1,0,1,0,0,0,794524,6174,5831566,174
194410,11,9,9041301,Kietzer Feld/Nachtheide,2019,5,13,4,3,2,6,0,0,1,0,0,0,0,0,812118,4446,5819731,742
194411,11,6,6030503,Zehlendorf Mitte,2019,5,12,4,3,6,7,0,0,1,1,0,0,0,0,789932,1301,5817661,168
194412,11,8,8041037,Alt-Rudow,2019,5,12,4,3,6,7,0,0,1,1,0,0,0,0,805724,102,5816948,163
194413,11,1,1011303,Alexanderplatzviertel,2019,5,11,4,3,2,6,0,0,1,0,0,0,0,0,799208,301,5828464,611
194414,11,8,8010213,K�rnerpark,2019,5,11,4,3,5,2,0,1,1,0,0,0,0,0,801242,3411,5822469,41
194415,11,1,1011204,Leipziger Stra�e,2019,5,9,4,3,5,2,0,0,1,0,1,0,0,0,798311,9975,5826963,785
194416,11,1,1033202,Humboldthain S�d,2019,5,9,4,3,5,3,0,1,1,0,0,0,0,0,796971,925,5830138,85
194417,11,2,2030402,Wrangelkiez,2019,5,9,4,3,5,2,0,0,1,0,1,0,0,0,801945,254,5825652,14
194418,11,8,8010509,Schulenburgpark,2019,5,9,4,3,0,1,0,0,0,0,1,0,0,0,803825,4356,5822133,277
194419,11,4,4041134,Bismarckallee,2019,5,9,4,2,2,6,0,0,1,0,0,0,0,0,790856,9311,5824316,495
194420,11,5,5020417,Staakener Stra�e,2019,5,9,4,3,5,3,0,0,1,0,0,0,0,0,783412,2115,5828627,715
194421,11,9,9020701,Adlershof West,2019,5,9,4,3,5,3,0,0,1,0,0,0,0,0,807416,147,5818311,215
194422,11,3,3040818,Pankow S�d,2019,5,8,4,3,2,2,0,0,1,0,0,0,0,0,800276,341,5831757,379
194423,11,2,2040701,Andreasviertel,2019,5,8,4,3,5,2,0,1,1,0,0,0,0,0,800426,7408,5827979,713
194424,11,11,11020513,Orankesee,2019,5,8,4,3,0,2,0,0,0,0,0,1,1,0,802985,7456,5830861,267
194425,11,4,4030828,Savignyplatz,2019,5,7,4,3,0,5,0,1,1,0,0,0,0,0,793543,94,5826368,36
194426,11,1,1022202,Heidestra�e,2019,5,6,4,3,5,2,0,0,1,0,1,0,0,0,796305,5,5828920,954
194427,11,4,4020311,Reichsstra�e,2019,5,8,3,3,0,6,0,0,1,0,0,0,0,0,789148,2701,5826072,509
194428,11,1,1011101,St�lerstra�e,2019,5,19,3,3,0,3,0,0,1,0,1,0,0,0,795314,6341,5826263,95
194429,11,1,1011103,L�tzowstra�e,2019,5,19,3,3,5,3,0,1,1,0,0,0,0,0,795384,968,5826005,478
194430,11,2,2040703,Wriezener Bahnhof/Entwicklungsgebiet,2019,5,19,3,3,1,5,0,1,1,0,0,0,0,0,801667,8082,5826285,162
194431,11,2,2030301,Oranienplatz,2019,5,22,3,3,1,5,2,1,1,0,0,0,0,0,799612,2945,5826218,574
194432,11,3,3061429,Greifswalder Stra�e,2019,5,18,3,3,6,6,0,1,0,1,0,0,0,0,801137,6586,5830739,437
194433,11,12,12302107,Schorfheidestra�e,2019,5,18,3,3,5,2,0,0,1,0,1,0,0,0,794338,8013,5835703,626
194434,11,7,7050503,Eisenacher Stra�e,2019,5,18,3,3,0,1,0,0,1,0,0,0,0,0,799004,597,5819644,293
194435,11,11,11020514,Gro�e-Leege-Stra�e,2019,5,13,3,3,2,6,0,0,1,0,0,0,0,0,804498,2384,5830968,62
194436,11,8,8010214,Glasower Stra�e,2019,5,17,3,3,5,2,0,0,1,0,1,0,0,0,801679,8523,5822337,213
194437,11,9,9020702,Adlershof Ost,2019,5,17,3,2,0,1,0,1,1,0,0,0,0,0,809143,648,5819515,67
194438,11,3,3050924,Behaimstra�e,2019,5,17,3,3,4,5,0,0,1,0,0,0,1,0,801387,7637,5831905,76
194439,11,5,5010314,Carl-Schurz-Stra�e,2019,5,16,3,3,2,6,0,0,1,0,0,0,0,0,785279,4718,5829297,366
194440,11,3,3061228,Erich-Weinert-Stra�e,2019,5,16,3,3,5,2,0,1,1,0,0,0,0,0,800938,789,5831179,531
194441,11,5,5010314,Carl-Schurz-Stra�e,2019,5,15,3,3,2,6,0,0,1,0,1,0,0,0,784645,6254,5829284,376
194442,11,4,4030622,Richard-Wagner-Stra�e,2019,5,16,3,2,6,7,0,0,1,1,0,0,0,0,792023,8119,5827237,286
194443,11,2,2050801,Traveplatz,2019,5,15,3,2,3,6,0,1,1,0,0,0,0,0,802483,9704,5827406,978
194444,11,2,2020203,Viktoriapark,2019,5,15,3,3,2,6,0,0,1,0,0,0,0,0,797826,775,5824903,963
194445,11,2,2050802,Boxhagener Platz,2019,5,12,3,3,1,5,0,1,1,0,0,0,0,0,802214,33,5827126,509
194446,11,4,4030518,Tegeler Weg,2019,5,11,3,3,4,6,0,0,1,0,0,1,0,0,792003,4164,5828567,33
194447,11,1,1011401,Invalidenstra�e,2019,5,10,3,3,3,6,0,1,1,0,0,0,0,0,797360,28,5829277,149
194448,11,4,4030929,Hindemithplatz,2019,5,9,3,3,5,3,0,1,1,0,0,0,0,0,792625,7998,5825458,587
194449,11,4,4030519,Kaiserin-Augusta-Allee,2019,5,8,3,3,5,3,0,0,1,0,1,0,0,0,792066,9018,5828230,815
194450,11,12,12302107,Schorfheidestra�e,2019,5,8,3,3,2,2,0,0,1,0,0,0,1,0,794382,21,5836232,761
194451,11,1,1011201,Wilhelmstra�e,2019,5,7,3,3,1,5,0,1,1,0,0,0,0,0,797309,304,5827210,91
194452,11,12,12301205,Waidmannslust,2019,5,7,3,3,5,3,0,1,1,0,0,0,0,0,791780,7795,5836929,471
194453,11,1,1011303,Alexanderplatzviertel,2019,5,7,3,3,3,6,0,0,1,0,0,0,0,0,799589,1844,5828777,55
194454,11,12,12214421,Reinickes Hof,2019,5,5,3,3,2,6,1,0,1,0,1,0,0,1,793438,7793,5833416,61
194455,11,3,3061126,Arnimplatz,2019,5,15,2,2,5,2,0,1,1,0,0,0,0,0,798963,3807,5831449,56
194456,11,6,6020409,K�nigsberger Stra�e,2019,5,10,2,3,1,5,0,0,1,0,0,0,0,0,793893,1798,5817750,323
194457,11,1,1011204,Leipziger Stra�e,2019,5,16,2,3,2,2,0,0,1,0,0,0,1,0,798699,8408,5827083,256
194458,11,1,1022104,Emdener Stra�e,2019,5,22,2,3,5,3,2,1,1,0,0,0,0,0,794558,808,5828452,24
194459,11,4,4030621,Spreestadt,2019,5,20,2,2,6,4,2,0,1,1,0,0,0,0,793201,119,5827792,842
194460,11,1,1011305,Heine-Viertel West,2019,5,19,2,2,5,3,0,1,1,0,0,0,0,0,799457,4152,5827067,357
194461,11,1,1011103,L�tzowstra�e,2019,5,19,2,3,2,6,2,0,1,0,0,0,0,0,795770,2352,5825717,509
194462,11,2,2020202,Rathaus Yorckstra�e,2019,5,18,2,3,0,2,0,1,1,0,0,0,0,0,797913,354,5825279,649
194463,11,6,6040808,H�ttenweg,2019,5,18,2,3,2,6,0,0,1,0,0,0,0,1,790162,74,5819744,332
194464,11,7,7040403,Manteuffelstra�e,2019,5,17,2,2,2,6,0,0,1,0,1,0,0,0,797256,1102,5820930,401
194465,11,7,7010103,Barbarossaplatz,2019,5,16,2,3,5,3,0,1,1,0,0,0,0,0,795620,9184,5824477,768
194466,11,11,11020412,Hauptstra�e,2019,5,17,2,3,5,3,0,0,1,0,0,0,0,0,806390,923,5831399,427
194467,11,6,6040701,Wannsee,2019,5,16,2,3,1,5,0,1,1,0,0,0,0,0,784491,9874,5816959,32
194468,11,6,6030610,Lichterfelde West,2019,5,16,2,3,2,6,0,0,1,0,0,0,0,0,792382,905,5818469,596
194469,11,5,5010339,Freiheit,2019,5,17,2,3,1,5,0,0,1,0,0,0,1,0,787737,8261,5828231,447
194470,11,3,3061126,Arnimplatz,2019,5,16,2,3,5,2,0,1,1,0,0,0,0,0,799215,969,5831774,87
194471,11,4,4030930,George-Grosz-Platz,2019,5,16,2,3,0,3,0,0,1,0,0,0,1,0,793133,5202,5825589,392
194472,11,8,8030831,Gropiusstadt Ost,2019,5,15,2,3,2,6,0,0,1,0,0,0,0,0,803926,2493,5818240,965
194473,11,1,1011203,Unter den Linden S�d,2019,5,15,2,3,1,5,0,1,1,0,0,0,1,0,798120,5502,5827409,443
194474,11,3,3010102,Buch,2019,5,14,2,3,1,5,0,1,1,0,0,0,0,0,804085,3347,5840223,73
194475,11,6,6040809,Thielallee,2019,5,14,2,3,5,2,0,1,1,0,0,0,0,0,791620,21,5820656,732
194476,11,4,4030623,Ernst-Reuter-Platz,2019,5,13,2,3,0,5,0,0,1,0,0,0,0,0,793542,2895,5826345,978
194477,11,9,9041601,M�ggelheim,2019,5,13,2,3,5,3,0,1,1,0,0,0,0,0,817518,8169,5818243,225
194478,11,12,12103115,Breitkopfbecken,2019,5,16,2,3,5,3,0,1,1,0,0,0,0,0,796310,35,5833949,513
194479,11,7,7040404,Marienh�he,2019,5,13,2,3,5,3,0,1,1,0,0,0,0,0,797010,2559,5820402,42
194480,11,6,6030608,Schweizer Viertel,2019,5,12,2,3,1,5,0,0,1,0,0,0,0,0,792494,8062,5817042,861
194481,11,7,7050502,Fritz-Werner-Stra�e,2019,5,11,2,2,3,6,0,1,0,0,0,1,0,0,798156,9645,5819022,544
194482,11,7,7070702,Alt-Lichtenrade/T�pchiner Weg,2019,5,6,2,3,5,3,0,0,1,0,1,0,0,0,800637,2129,5814907,274
194483,11,10,10020517,Adele-Sandrock-Stra�e,2019,5,7,2,3,6,2,0,0,1,1,0,0,0,0,812420,484,5830374,664
194484,11,4,4041241,Breite Stra�e,2019,5,12,2,3,5,2,0,1,1,0,0,0,0,0,791877,6547,5822388,264