OBJECTID,LAND,BEZ,LOR,STRASSE,UJAHR,UMONAT,USTUNDE,UWOCHENTAG,UKATEGORIE,UART,UTYP1,ULICHTVERH,IstRad,IstPKW,IstFuss,IstKrad,IstGkfz,IstSonstige,USTRZUSTAND,LINREFX,LINREFY,XGCSWGS84,YGCSWGS84
194485,11,6,6040810,Dahlem,2019,5,7,2,3,6,4,0,1,0,1,0,0,0,0,790951,9943,5820700,806
194486,11,8,8010509,Schulenburgpark,2019,5,6,2,3,5,3,0,0,1,0,1,0,0,0,803863,6123,5821820,379
194487,11,3,3020209,Niedersch�nhausen,2019,5,6,2,3,5,3,0,0,1,0,1,0,0,0,797866,2487,5835308,21
194488,11,6,6020304,Kaiser-Wilhelm-Stra�e,2019,5,7,2,3,5,7,0,1,1,0,0,0,0,0,794848,6531,5817553,856
194489,11,5,5010314,Carl-Schurz-Stra�e,2019,5,7,2,3,5,2,0,0,1,0,0,0,0,0,785604,77,5828574,33
194490,11,12,12302110,Dannenwalder Weg,2019,5,7,2,3,6,4,0,0,1,1,0,0,0,0,794782,184,5836291,863
194491,11,7,7040401,Neu-Tempelhof,2019,5,8,2,2,5,3,0,0,1,0,0,0,0,0,797688,6443,5823493,14
194492,11,6,6030607,Goerzwerke,2019,5,8,2,3,0,3,0,0,1,0,1,0,0,0,791348,9019,5816108,91
194493,11,11,11041022,Rosenfelder Ring,2019,5,8,2,2,6,4,0,0,1,1,0,0,0,0,806606,4847,5827753,215
194494,11,1,1011203,Unter den Linden S�d,2019,5,9,2,3,3,6,0,1,0,0,0,0,0,0,798277,7946,5827479,54
194495,11,9,9020701,Adlershof West,2019,5,9,2,3,3,6,0,0,1,0,0,0,1,0,808537,5568,5819110,451
194496,11,4,4051655,Babelsberger Stra�e,2019,5,9,2,3,6,4,0,0,1,1,0,0,0,0,794044,3734,5823103,788
194497,11,6,6040810,Dahlem,2019,5,10,2,3,5,2,0,0,1,0,0,0,0,0,790148,897,5819770,493
194498,11,1,1011304,Karl-Marx-Allee,2019,5,10,2,3,5,3,0,1,0,0,0,0,1,0,799687,8117,5827827,87
194499,11,4,4020310,Park Ruhwald,2019,5,10,2,2,2,6,0,0,1,0,0,0,0,0,788261,2005,5827800,388
194500,11,4,4030929,Hindemithplatz,2019,5,10,2,3,2,6,0,1,1,0,0,0,0,0,792705,4296,5825893,894
194501,11,4,4030827,Karl-August-Platz,2019,5,11,2,3,1,5,0,1,1,0,0,0,0,0,792298,4509,5826012,903
194502,11,9,9020601,Schnellerstra�e,2019,5,11,2,3,5,2,0,1,1,0,0,0,0,0,805903,9782,5821819,79
194503,11,12,12103116,Hausotterplatz,2019,5,11,2,3,6,4,0,0,1,1,0,0,0,0,796727,9007,5833305,516
194504,11,5,5010312,Kurstra�e,2019,5,11,2,3,5,2,0,1,1,0,0,0,0,0,785077,1717,5829876,784
194505,11,9,9051702,B�lschestra�e,2019,5,12,2,3,0,1,0,1,0,0,0,0,0,0,814202,1963,5821284,925
194506,11,5,5020417,Staakener Stra�e,2019,5,12,2,3,3,6,0,0,1,0,0,0,0,0,783024,355,5828580,341
194507,11,1,1033202,Humboldthain S�d,2019,5,5,1,3,6,4,1,1,0,1,0,0,0,0,797451,1788,5830054,635
194508,11,1,1011201,Wilhelmstra�e,2019,5,15,1,3,5,2,0,1,1,0,0,0,0,0,796960,8965,5826701,878
194509,11,8,8010404,Rixdorf,2019,5,17,1,3,0,7,0,0,1,0,1,0,0,0,802024,3567,5823487,484
194510,11,6,6020303,Lankwitz Kirche,2019,5,17,1,3,1,5,0,1,1,0,0,0,0,0,795285,1301,5818576,985
194511,11,8,8010118,Silbersteinstra�e,2019,5,14,1,3,5,2,0,1,1,0,0,0,0,0,800773,2206,5822754,829
194512,11,3,3071537,Kollwitzplatz,2019,5,14,1,3,6,4,0,1,0,1,0,0,0,0,799854,3403,5829796,666
194513,11,8,8010118,Silbersteinstra�e,2019,5,12,1,3,6,4,0,0,0,1,1,0,0,0,800851,5144,5822529,81
194514,11,2,2020204,Urbanstra�e,2019,5,14,1,2,6,4,0,1,0,1,0,0,0,0,798715,6214,5825011,778
194515,11,10,10020621,Gelbes Viertel,2019,5,18,1,2,6,4,0,0,1,1,0,0,0,0,811408,764,5829835,227
194516,11,8,8041037,Alt-Rudow,2019,5,20,1,2,5,3,1,0,1,0,0,0,0,0,805316,4929,5817686,377
194517,11,2,2010104,Wassertorplatz,2019,5,11,1,2,6,4,0,0,1,1,0,0,0,0,799701,9112,5825677,409
194518,11,8,8020726,Buckow West,2019,5,9,1,3,5,3,0,0,1,0,1,0,0,0,799852,9118,5816514,875
194519,11,4,4030929,Hindemithplatz,2019,5,8,1,2,0,2,0,0,1,0,0,0,0,0,792707,631,5825467,903
194520,11,12,12301205,Waidmannslust,2019,5,3,1,2,1,5,2,0,1,0,0,0,0,0,791625,9962,5836754,338
194521,11,6,6010101,Fichtenberg,2019,5,13,1,3,2,6,0,0,1,0,0,0,1,0,793396,6998,5820359,578
194522,11,12,12214527,Alt-Tegel,2019,5,14,1,3,5,2,0,0,1,0,0,0,0,0,789903,1543,5835694,804
194523,11,7,7010101,Wittenbergplatz/Viktoria-Luise-Platz,2019,5,16,7,2,6,2,0,0,0,1,0,0,1,0,794963,4986,5824889,41
194524,11,4,4051655,Babelsberger Stra�e,2019,5,12,7,3,1,5,0,0,1,0,0,0,0,0,794221,9305,5823923,713
194525,11,3,3040614,Pankow Zentrum,2019,5,19,7,3,5,2,1,1,1,0,0,0,0,0,800025,322,5834542,94
194526,11,1,1011402,Arkonaplatz,2019,5,17,7,3,5,3,0,1,0,0,0,0,1,0,798731,3362,5829568,325
194527,11,12,12302108,M�rkisches Zentrum,2019,5,21,7,2,6,4,2,0,1,1,0,0,0,0,793826,5854,5836350,248
194528,11,12,12302108,M�rkisches Zentrum,2019,5,21,7,3,6,6,2,0,1,1,0,0,0,0,793817,42,5836446,814
194529,11,1,1044101,Rehberge,2019,5,19,7,3,5,2,0,1,1,0,0,0,0,0,794526,2011,5831579,1
194530,11,9,9020802,K�llnische Vorstadt,2019,5,19,7,3,5,3,0,0,1,0,0,0,0,0,810306,2572,5819727,921
194531,11,7,7050501,Rathausstra�e,2019,5,17,7,3,5,2,0,0,1,0,1,0,0,0,797213,3135,5819550,569
194532,11,9,9041501,Altstadt Kietz,2019,5,18,7,3,2,6,0,0,1,0,0,0,0,1,811260,2851,5820195,324
194533,11,10,10040933,Mahlsdorf S�d,2019,5,18,7,2,1,5,0,0,1,0,1,0,0,0,813910,8792,5825561,296
194534,11,1,1044202,Sparrplatz,2019,5,18,7,3,2,6,0,0,1,0,0,0,0,0,795045,571,5830316,297
194535,11,10,10020413,Gut Hellersdorf,2019,5,17,7,3,5,3,0,0,1,0,1,0,0,0,812010,4312,5830589,805
194536,11,1,1011306,Heine-Viertel Ost,2019,5,16,7,3,1,5,0,0,1,0,0,0,0,0,799906,8773,5826955,879
194537,11,2,2030401,Reichenberger Stra�e,2019,5,1,7,3,5,3,2,0,1,0,0,0,0,1,800871,992,5825304,613
194538,11,5,5020523,Maulbeerallee,2019,5,14,7,2,0,6,0,0,1,0,0,0,1,0,782434,9399,5827016,673
194539,11,1,1044101,Rehberge,2019,5,14,7,3,6,4,0,0,1,1,0,0,0,1,794790,4156,5831159,972
194540,11,10,10020413,Gut Hellersdorf,2019,5,13,7,2,0,1,0,1,0,0,0,0,0,0,810968,6965,5830834,146
194541,11,8,8041040,Waltersdorfer Chaussee Ost,2019,5,13,7,3,5,2,0,1,1,0,0,0,0,0,805807,5909,5816836,148
194542,11,12,12301206,L�bars,2019,5,12,7,3,5,3,0,1,1,0,0,0,0,0,793791,716,5838387,289
194543,11,3,3030406,Alt-Karow,2019,5,11,7,3,5,3,0,0,1,0,0,0,0,0,802871,7582,5838290,452
194544,11,6,6040701,Wannsee,2019,5,10,7,3,0,1,0,0,1,0,0,0,0,0,784608,7136,5816618,354
194545,11,4,4051551,Brabanter Platz,2019,5,3,6,3,1,1,2,0,1,0,0,0,0,0,793294,5183,5823078,694
194546,11,10,10040933,Mahlsdorf S�d,2019,5,8,6,3,5,2,0,1,1,0,0,0,0,0,813089,3001,5827106,998
194547,11,9,9051901,Dammvorstadt,2019,5,12,6,3,6,7,0,0,1,1,0,0,0,0,811036,5617,5821843,97
194548,11,5,5040936,J�gerallee,2019,5,14,6,3,6,6,0,0,1,1,0,0,0,0,781031,1745,5819392,18
194549,11,7,7030301,Friedenau,2019,5,22,6,3,2,2,2,0,1,0,0,0,0,0,794083,5444,5821722,798
194550,11,7,7040403,Manteuffelstra�e,2019,5,6,6,3,3,6,0,0,1,0,0,0,1,0,797300,836,5821360,397
194551,11,2,2030402,Wrangelkiez,2019,5,21,6,3,6,4,2,1,0,1,0,0,0,0,801475,9238,5825766,403
194552,11,8,8010303,Donaustra�e,2019,5,19,6,3,1,5,0,1,1,0,0,0,1,0,801422,6668,5823868,16
194553,11,8,8010301,Reuterkiez,2019,5,7,6,3,5,3,0,0,1,0,0,0,0,0,800566,6502,5825140,195
194554,11,12,12103219,Sch�fersee,2019,5,18,6,3,5,2,0,0,1,0,0,0,0,0,795066,6558,5832467,641
194555,11,7,7010104,Dennewitzplatz,2019,5,18,6,3,1,5,0,1,1,0,0,0,1,0,796478,9357,5824878,982
194556,11,11,11020411,Malchower Weg,2019,5,7,6,3,1,1,0,0,1,0,0,1,0,0,804591,1166,5832766,386
194557,11,9,9020701,Adlershof West,2019,5,17,6,3,5,3,0,1,1,0,0,0,0,0,807405,1348,5818330,199
194558,11,1,1011302,Oranienburger Stra�e,2019,5,8,6,3,5,2,0,1,1,0,0,0,0,0,799055,7572,5828996,62
194559,11,1,1011201,Wilhelmstra�e,2019,5,8,6,3,1,5,0,1,1,0,0,0,0,0,797320,9324,5827179,819
194560,11,6,6040701,Wannsee,2019,5,0,6,3,1,5,2,1,0,0,0,1,1,0,781636,4579,5814901,696
194561,11,1,1011301,Charit�viertel,2019,5,8,6,3,2,6,0,0,1,0,1,0,0,0,796689,4316,5828765,441
194562,11,5,5020626,Adamstra�e,2019,5,9,6,2,6,4,0,0,1,1,0,0,0,0,784637,7828,5827259,952
194563,11,7,7060603,Marienfelde Nordost,2019,5,9,6,2,6,4,0,0,1,1,0,0,0,0,798082,9263,5815826,686
194564,11,1,1011204,Leipziger Stra�e,2019,5,9,6,3,5,5,0,0,1,0,1,0,0,0,797954,8117,5826681,62
194565,11,1,1022106,Elberfelder Stra�e,2019,5,10,6,3,1,5,0,0,1,0,1,0,0,0,793890,4918,5827657,664
194566,11,6,6010209,Feuerbachstra�e,2019,5,11,6,3,2,6,0,0,1,0,0,0,0,0,794204,3995,5821446,42
194567,11,5,5020625,Borkumer Stra�e,2019,5,12,6,3,2,6,0,0,1,0,0,0,0,0,784791,3084,5828770,72
194568,11,8,8010301,Reuterkiez,2019,5,12,6,3,5,2,0,1,0,0,0,0,1,0,800975,2383,5824764,517
194569,11,2,2020204,Urbanstra�e,2019,5,13,6,2,5,3,0,0,1,0,1,0,0,0,798420,4282,5824745,839
194570,11,6,6010101,Fichtenberg,2019,5,13,6,3,5,7,0,1,1,0,0,0,0,0,793077,4855,5820686,71
194571,11,3,3061332,Helmholtzplatz,2019,5,13,6,3,0,7,0,0,1,0,1,0,0,0,800033,175,5830686,507
194572,11,1,1033102,Gesundbrunnen,2019,5,14,6,3,2,6,0,0,1,0,1,0,0,0,797571,7037,5831890,308
194573,11,2,2020203,Viktoriapark,2019,5,15,6,3,5,7,0,0,1,0,1,0,0,0,797032,9532,5824470,717
194574,11,12,12301203,Wittenau S�d,2019,5,15,6,2,5,2,0,1,1,0,0,0,0,0,793539,1536,5835464,4
194575,11,1,1011204,Leipziger Stra�e,2019,5,16,5,3,1,5,0,1,1,0,0,0,1,0,797991,7643,5826838,456
194576,11,3,3061429,Greifswalder Stra�e,2019,5,8,5,3,5,3,0,1,1,0,0,0,0,0,801415,9424,5830909,621
194577,11,8,8010510,Gewerbegebiet K�llnische Heide,2019,5,6,5,2,2,7,0,0,1,0,1,0,0,0,803600,451,5821923,667
194578,11,1,1011203,Unter den Linden S�d,2019,5,11,5,3,6,2,0,0,1,1,0,0,0,0,797913,3963,5827274,605
194579,11,9,9020701,Adlershof West,2019,5,18,5,3,5,2,0,1,1,0,0,0,0,0,808974,666,5818112,353
194580,11,1,1011305,Heine-Viertel West,2019,5,18,5,3,0,3,0,1,1,0,0,0,0,0,799126,1116,5827120,575
194581,11,1,1011306,Heine-Viertel Ost,2019,5,8,5,3,5,3,0,1,1,0,0,0,0,0,799898,9024,5826523,844
194582,11,12,12214422,Klixstra�e,2019,5,16,5,3,5,2,0,1,1,0,0,0,0,0,792217,2608,5833939,835
194583,11,4,4030621,Spreestadt,2019,5,15,5,3,1,5,0,0,1,0,1,0,0,0,793503,6914,5827893,8
194584,11,2,2010103,Moritzplatz,2019,5,14,5,3,5,5,0,1,1,0,0,0,0,0,799564,6194,5826307,676
194585,11,8,8030830,Gropiusstadt S�d,2019,5,15,5,2,5,2,0,0,1,0,0,0,0,0,802294,9254,5817848,234
194586,11,12,12301203,Wittenau S�d,2019,5,15,5,3,2,6,0,0,1,0,0,0,0,0,792548,31,5834467,682
194587,11,3,3051022,Hansastra�e,2019,5,15,5,2,5,2,0,0,1,0,1,0,0,0,803342,4377,5831580,71
194588,11,6,6010101,Fichtenberg,2019,5,9,5,2,5,3,0,1,1,0,0,0,0,0,792711,912,5821670,605
194589,11,5,5030730,Zitadellenweg,2019,5,12,5,3,5,3,0,0,0,0,1,0,1,0,786106,7127,5829356,904
194590,11,1,1022103,Westhafen,2019,5,12,5,3,5,2,0,1,0,0,0,1,0,0,793500,9477,5829389,725
194591,11,4,4030725,Amtsgerichtsplatz,2019,5,11,5,3,5,3,0,0,1,0,0,0,0,0,791292,4732,5826060,761
194592,11,6,6010102,Schlo�stra�e,2019,5,15,5,3,6,7,0,0,1,1,0,0,0,0,793520,2365,5820658,453
194593,11,9,9030903,K�lner Viertel,2019,5,15,5,3,6,7,0,0,1,1,0,0,0,0,808749,8299,5815317,378
194594,11,7,7010104,Dennewitzplatz,2019,5,10,5,3,5,3,0,1,1,0,0,0,0,0,796364,5711,5825091,324
194595,11,2,2050803,Stralauer Kiez,2019,5,10,5,3,5,2,0,0,1,0,0,0,1,0,802950,2125,5826077,699
194596,11,7,7030303,Grazer Platz,2019,5,8,5,3,2,6,0,0,1,0,0,0,1,0,795332,6233,5821559,26
194597,11,1,1011303,Alexanderplatzviertel,2019,5,8,5,3,3,6,0,0,0,0,0,0,1,0,799113,834,5828309,341
194598,11,2,2010102,Mehringplatz,2019,5,8,5,2,0,1,0,0,0,0,1,0,0,0,798433,2438,5826505,333
194599,11,2,2040701,Andreasviertel,2019,5,0,5,3,1,5,2,1,1,0,0,0,0,0,800645,1725,5827393,33
194600,11,7,7040403,Manteuffelstra�e,2019,5,8,5,3,0,1,0,1,0,0,0,0,0,0,797284,38,5821143,507
194601,11,2,2040703,Wriezener Bahnhof/Entwicklungsgebiet,2019,5,16,4,3,6,2,0,1,0,1,0,0,0,0,800921,742,5826861,776
194602,11,6,6030610,Lichterfelde West,2019,5,19,4,3,5,2,0,0,1,0,0,0,0,0,792938,7022,5817767,983
194603,11,8,8010303,Donaustra�e,2019,5,19,4,2,3,6,0,0,1,0,0,0,0,0,801027,423,5823894,33
194604,11,2,2030401,Reichenberger Stra�e,2019,5,22,4,3,6,4,2,1,0,1,0,0,0,0,800480,428,5825761,597
194605,11,3,3030716,M�rchenland,2019,5,12,4,3,5,2,0,1,1,0,0,0,0,0,803366,1508,5833523,539
194606,11,5,5020625,Borkumer Stra�e,2019,5,21,4,2,2,6,2,0,1,0,1,0,0,0,784391,5608,5828680,705
194607,11,12,12302107,Schorfheidestra�e,2019,5,19,4,3,5,2,0,0,1,0,1,0,0,0,794339,284,5835706,267
194608,11,2,2040701,Andreasviertel,2019,5,18,4,3,6,7,0,0,1,1,0,0,0,0,801071,1201,5827121,581
194609,11,9,9010101,Elsenstra�e,2019,5,18,4,3,6,2,0,0,1,1,0,0,0,0,802309,9897,5825530,661
194610,11,7,7040403,Manteuffelstra�e,2019,5,14,4,3,6,7,0,1,0,1,0,0,0,0,797855,421,5821652,3
194611,11,4,4031032,Halensee,2019,5,13,4,3,5,2,0,0,1,0,1,0,0,0,791577,9677,5824878,875
194612,11,6,6040809,Thielallee,2019,5,13,4,3,1,5,0,1,1,0,0,0,1,0,792269,5007,5820610,285
194613,11,5,5030731,Gartenfelder Stra�e,2019,5,12,4,3,2,2,0,0,1,0,1,0,0,0,787665,754,5829975,328
194614,11,4,4030620,Alt-Lietzow,2019,5,12,4,3,3,6,0,1,1,0,0,0,0,0,792661,1466,5827139,968
194615,11,2,2010103,Moritzplatz,2019,5,17,4,3,5,2,0,0,1,0,1,0,0,0,798718,12,5825880,516
194616,11,8,8020625,Handwerker-Siedlung,2019,5,12,4,3,5,3,0,0,1,0,0,0,0,0,801478,55,5817971,456
194617,11,12,12231102,Frohnau,2019,5,12,4,3,5,3,0,1,1,0,0,0,0,0,790579,8,5839713,713
194618,11,4,4051448,Schaperstra�e,2019,5,15,4,3,0,2,0,0,1,0,0,0,1,0,793503,5733,5825309,422
194619,11,4,4051549,Rathaus Wilmersdorf,2019,5,15,4,3,0,6,0,1,1,0,0,0,0,0,793303,783,5823754,17
194620,11,10,10020622,Kaulsdorf Nord I,2019,5,16,4,3,2,1,0,0,1,0,0,0,0,0,810512,3879,5827974,251
194621,11,2,2010103,Moritzplatz,2019,5,10,4,3,0,1,0,0,0,0,1,0,0,1,799282,541,5826219,366
194622,11,12,12304313,Borsigwalde,2019,4,17,3,3,5,3,0,1,1,0,0,0,0,0,790967,1499,5834529,37
194623,11,7,7010104,Dennewitzplatz,2019,4,6,3,2,5,3,0,0,1,0,1,0,0,0,796332,2021,5825092,714
194624,11,1,1033102,Gesundbrunnen,2019,4,9,3,3,2,2,0,0,1,0,0,0,0,0,797179,4009,5831917,919
194625,11,9,9020701,Adlershof West,2019,4,15,3,3,6,6,0,1,0,1,0,0,0,0,808562,4573,5819104,777
194626,11,2,2030301,Oranienplatz,2019,4,17,3,3,1,5,0,0,1,0,1,0,0,0,799852,1146,5825823,338
194627,11,1,1044101,Rehberge,2019,4,7,3,3,2,6,1,0,1,0,0,0,0,0,793878,4,5830231,523
194628,11,9,9020701,Adlershof West,2019,4,23,3,3,5,3,2,0,1,0,1,0,0,0,807417,875,5818311,38
194629,11,1,1033203,Humboldthain Nordwest,2019,4,15,3,2,5,2,0,0,0,0,1,0,1,0,796634,192,5829789,723
194630,11,1,1044201,Reinickendorfer Stra�e,2019,4,15,3,3,3,6,0,1,1,0,0,0,0,0,796919,9784,5831542,388
194631,11,9,9010401,Johannisthal West,2019,4,15,3,3,5,3,0,1,1,0,0,0,0,0,806015,4078,5820102,357
194632,11,7,7040401,Neu-Tempelhof,2019,4,15,3,3,5,3,0,1,0,0,0,0,1,0,797146,8825,5823822,619
194633,11,7,7030301,Friedenau,2019,4,15,3,3,5,3,0,1,1,0,0,0,0,0,793747,1463,5821713,614
194634,11,4,4020314,Messegel�nde,2019,4,15,3,2,5,7,0,1,1,0,0,0,0,0,790410,8026,5825382,653
194635,11,2,2010102,Mehringplatz,2019,4,15,3,2,5,2,0,1,1,0,0,0,0,0,798680,182,5826445,145
194636,11,1,1022201,Stephankiez,2019,4,15,3,2,5,7,0,0,1,0,1,0,0,0,794854,6689,5828992,144
194637,11,2,2010102,Mehringplatz,2019,4,14,3,3,5,3,0,1,1,0,0,0,0,0,798514,8682,5826169,425
194638,11,1,1022101,Huttenkiez,2019,4,14,3,3,5,2,0,1,0,0,0,1,0,0,793408,2861,5829078,436
194639,11,10,10040933,Mahlsdorf S�d,2019,4,14,3,3,3,6,0,1,0,0,0,0,1,0,813212,9248,5825316,6
194640,11,4,4030724,Lietzensee,2019,4,15,3,3,1,5,0,0,1,0,0,0,0,0,791051,6605,5826351,101
194641,11,7,7020203,Kaiser-Wilhelm-Platz,2019,4,13,3,3,5,7,0,1,1,0,0,0,0,0,795707,2049,5824041,262
194642,11,4,4051446,Preu�enpark,2019,4,11,3,3,5,2,0,1,1,0,0,0,0,0,792891,6925,5824757,108
194643,11,9,9020501,Obersch�neweide West,2019,4,6,3,3,5,7,0,0,1,0,0,1,0,0,806236,26,5822494,19
194644,11,3,3061228,Erich-Weinert-Stra�e,2019,5,18,5,3,2,6,0,0,1,0,0,0,0,0,800925,6469,5831198,171
194645,11,10,10010203,Gewerbegebiet Bitterfelder Stra�e,2019,4,6,3,3,1,5,0,0,1,0,0,1,0,0,807447,93,5830728,883
194646,11,5,5030731,Gartenfelder Stra�e,2019,4,6,3,3,5,3,0,0,1,0,0,0,0,0,787269,2566,5830242,612
194647,11,7,7050502,Fritz-Werner-Stra�e,2019,5,18,5,3,5,3,0,0,1,0,0,0,0,0,797929,7911,5818556,127
194648,11,3,3061126,Arnimplatz,2019,5,14,5,3,5,3,0,1,0,0,0,0,0,1,798836,454,5831456,127
194649,11,1,1044201,Reinickendorfer Stra�e,2019,4,6,3,3,2,6,0,0,1,0,0,0,0,0,796543,9255,5831927,801
194650,11,10,10030724,Oberfeldstra�e,2019,5,14,5,2,2,6,0,0,1,0,0,0,0,1,809588,9,5828534,85
194651,11,11,11040926,Weitlingstra�e,2019,5,14,5,3,5,3,0,1,1,0,0,0,0,1,806449,4155,5826869,53
194652,11,6,6010102,Schlo�stra�e,2019,5,16,6,3,1,5,0,1,1,0,0,0,0,0,793574,2415,5820963,488
194653,11,11,11030618,Fennpfuhl West,2019,5,16,6,3,2,2,0,0,0,0,1,0,1,0,802427,995,5828890,968
194654,11,2,2040701,Andreasviertel,2019,5,16,6,3,2,6,0,0,1,0,1,0,0,0,800168,844,5827328,842
194655,11,12,12214125,Waldidyll/Flughafensee,2019,5,15,6,2,2,6,0,0,1,0,0,0,0,0,791191,5785,5830904,403
194656,11,1,1011301,Charit�viertel,2019,5,15,6,3,1,5,0,1,1,0,0,0,0,0,797040,27,5828398,904
194657,11,5,5040934,Alt-Gatow,2019,5,15,6,3,5,2,0,0,1,0,1,0,0,0,783507,6076,5822041,799
194658,11,2,2010102,Mehringplatz,2019,5,15,6,3,2,6,0,0,1,0,0,0,1,0,798083,715,5826489,931
194659,11,11,11020513,Orankesee,2019,5,13,6,3,5,2,0,0,0,0,0,1,1,0,803007,8226,5830784,44
194660,11,4,4051448,Schaperstra�e,2019,5,13,6,2,5,2,0,1,1,0,0,0,0,0,793633,6498,5824865,512
194661,11,1,1011302,Oranienburger Stra�e,2019,5,13,6,3,0,5,0,1,0,0,0,0,1,0,797752,4679,5828802,39
194662,11,2,2030301,Oranienplatz,2019,5,13,6,3,5,3,0,0,1,0,0,0,0,0,799704,9067,5826006,481
194663,11,11,2050803,Stralauer Kiez,2019,5,12,6,3,3,6,0,1,0,0,0,0,1,0,803275,6778,5826146,86
194664,11,9,9020701,Adlershof West,2019,5,11,6,3,0,3,0,0,1,0,0,0,1,0,808740,2692,5818502,998
194665,11,9,9010101,Elsenstra�e,2019,5,9,5,3,3,6,0,1,0,0,0,0,1,0,801672,6423,5825161,335
194666,11,6,6030609,Augustaplatz,2019,5,20,5,3,2,6,1,0,1,0,0,0,0,0,793196,7893,5819819,793
194667,11,5,5030832,Rohrdamm,2019,5,19,5,3,5,2,0,0,1,0,0,0,0,1,789675,18,5829301,72
194668,11,1,1022201,Stephankiez,2019,5,19,5,3,5,3,0,1,1,0,0,0,0,1,795774,917,5829084,13
194669,11,1,1044203,Leopoldplatz,2019,5,19,5,3,2,6,0,0,1,0,0,0,0,1,795770,8142,5831869,86
194670,11,12,12214125,Waldidyll/Flughafensee,2019,5,23,5,3,0,1,2,0,0,0,1,0,0,1,791164,151,5834024,744
194671,11,6,6020408,Lichterfelde S�d,2019,5,8,5,3,0,1,0,0,0,0,0,0,1,1,792720,5039,5816241,39
194672,11,5,5010312,Kurstra�e,2019,5,12,5,3,2,4,0,0,1,1,0,0,0,1,784885,3067,5830156,404
194673,11,4,4020314,Messegel�nde,2019,5,12,5,3,2,6,0,0,1,0,0,1,0,1,790563,8669,5825419,472
194674,11,6,6020408,Lichterfelde S�d,2019,5,12,5,3,6,2,0,0,0,1,0,0,1,1,793052,7272,5816371,776
194675,11,2,2020204,Urbanstra�e,2019,5,11,5,3,5,3,0,0,1,0,0,0,0,1,798538,9619,5825340,119
194676,11,10,10030724,Oberfeldstra�e,2019,5,10,5,3,6,2,0,0,1,1,0,0,0,1,809190,2108,5830208,994
194677,11,2,2050802,Boxhagener Platz,2019,5,10,5,3,0,2,0,0,1,0,0,0,1,1,802039,4521,5827167,37
194678,11,2,2040701,Andreasviertel,2019,5,10,5,3,2,6,0,0,0,0,0,0,1,1,800870,9334,5826856,409
194679,11,2,2040703,Wriezener Bahnhof/Entwicklungsgebiet,2019,5,9,5,3,5,3,0,1,1,0,0,0,0,1,801108,4021,5827043,87
194680,11,2,2030401,Reichenberger Stra�e,2019,5,9,5,3,5,3,0,0,1,0,1,0,0,1,800625,1704,5825680,819
194681,11,12,12103116,Hausotterplatz,2019,5,9,5,3,5,3,0,0,1,0,0,0,0,1,796741,1278,5833529,995
194682,11,2,2020204,Urbanstra�e,2019,5,8,5,3,2,6,0,0,1,0,0,0,0,1,798501,383,5825362,595
194683,11,1,1044201,Reinickendorfer Stra�e,2019,5,8,5,3,5,2,0,0,1,0,0,0,0,1,796695,7454,5831632,59
194684,11,2,2050602,Samariterviertel,2019,5,8,5,2,5,2,0,0,1,0,1,0,0,1,802768,3787,5827684,86
194685,11,3,3030715,Heinersdorf,2019,5,8,5,3,4,6,0,0,1,0,0,1,0,1,800997,7698,5833690,921
194686,11,7,7050501,Rathausstra�e,2019,5,6,5,3,6,2,0,0,1,1,0,0,0,1,797506,2777,5819279,941
194687,11,4,4030621,Spreestadt,2019,5,5,5,2,1,1,1,0,1,0,0,0,0,1,793593,1639,5827840,79
194688,11,11,11030721,R�digerstra�e,2019,5,2,5,2,6,4,2,0,0,1,0,1,0,1,803909,919,5828257,616
194689,11,6,6020303,Lankwitz Kirche,2019,5,17,5,2,6,4,0,0,1,1,0,0,0,0,795273,5393,5818159,212
194690,11,3,3071537,Kollwitzplatz,2019,5,17,5,3,2,6,0,0,1,0,1,0,0,1,799571,5765,5828972,39
194691,11,5,5010314,Carl-Schurz-Stra�e,2019,5,13,5,3,1,5,0,1,1,0,0,0,0,1,785642,3046,5828568,896
194692,11,11,11041128,Sewanstra�e,2019,5,17,5,2,1,5,0,1,1,0,0,0,0,0,805966,5069,5825290,122
194693,11,2,2030402,Wrangelkiez,2019,5,17,5,3,1,5,0,1,1,0,0,0,0,0,801778,8935,5825794,152
194694,11,2,2050602,Samariterviertel,2019,5,16,5,3,0,2,0,0,0,0,1,0,1,1,802768,38,5827682,907
194695,11,1,1044201,Reinickendorfer Stra�e,2019,5,16,5,3,6,4,0,0,1,1,0,0,0,1,796836,4116,5831496,938
194696,11,1,1011201,Wilhelmstra�e,2019,5,15,5,3,6,2,0,0,1,1,0,0,0,1,797253,17,5827355,928
194697,11,3,3040818,Pankow S�d,2019,5,15,5,3,1,5,0,1,1,0,0,0,0,1,799611,6666,5832084,792
194698,11,4,4030623,Ernst-Reuter-Platz,2019,5,15,5,3,5,5,0,0,0,0,1,0,1,1,793453,4467,5826556,98
194699,11,12,12301203,Wittenau S�d,2019,5,15,5,2,0,1,0,0,0,0,1,0,0,1,793134,2464,5835277,916
194700,11,7,7040403,Manteuffelstra�e,2019,5,14,5,3,2,6,0,0,1,0,0,0,0,1,797244,3536,5820762,254
194701,11,1,1044201,Reinickendorfer Stra�e,2019,5,14,5,3,2,6,0,0,1,0,0,0,0,1,797036,1036,5831894,135
194702,11,10,10010310,Alt-Marzahn,2019,5,10,4,3,2,6,0,0,1,0,0,0,0,0,809906,7119,5831576,953