OBJECTID,LAND,BEZ,LOR,STRASSE,UJAHR,UMONAT,USTUNDE,UWOCHENTAG,UKATEGORIE,UART,UTYP1,ULICHTVERH,IstRad,IstPKW,IstFuss,IstKrad,IstGkfz,IstSonstige,USTRZUSTAND,LINREFX,LINREFY,XGCSWGS84,YGCSWGS84
194703,11,4,4020311,Reichsstra�e,2019,5,10,4,2,5,3,0,0,1,0,1,0,0,0,789829,513,5826308,723
194704,11,7,7040406,Germaniagarten,2019,5,11,4,3,5,2,0,1,1,0,0,0,0,0,800108,112,5821434,533
194705,11,1,1011303,Alexanderplatzviertel,2019,5,12,4,3,5,3,0,1,1,0,0,0,0,0,799139,8896,5827828,865
194706,11,3,3061131,Falkplatz,2019,5,14,4,3,2,6,0,0,0,0,0,1,1,0,799036,172,5830376,173
194707,11,9,9052001,K�penick Nord,2019,5,14,4,3,5,3,0,1,1,0,0,0,0,1,811115,3389,5822357,823
194708,11,5,5010206,G�tersloher Weg,2019,5,15,4,3,1,5,0,1,1,0,0,0,0,0,782063,847,5830186,162
194709,11,5,5020626,Adamstra�e,2019,5,16,4,3,5,3,0,1,1,0,0,0,0,0,784596,4003,5827970,939
194710,11,4,4031032,Halensee,2019,5,16,4,3,2,6,0,0,1,0,0,0,0,0,790895,9026,5824758,164
194711,11,5,5020521,D�beritzer Weg,2019,5,16,4,3,2,6,0,0,1,0,0,0,0,0,779568,472,5827837,31
194712,11,1,1011305,Heine-Viertel West,2019,5,17,4,3,1,5,0,1,1,0,0,0,0,0,798870,2126,5826660,16
194713,11,4,4030415,Schlo�garten,2019,5,17,4,3,2,6,0,0,1,0,0,0,0,0,790747,6763,5827375,957
194714,11,10,10020413,Gut Hellersdorf,2019,5,18,4,3,5,3,0,1,1,0,0,0,0,0,812010,4005,5830589,949
194715,11,10,10020517,Adele-Sandrock-Stra�e,2019,5,15,4,2,6,4,0,0,1,1,0,0,0,1,813246,9276,5831036,357
194716,11,5,5020420,Werkstra�e,2019,5,12,4,3,0,5,0,0,1,0,0,0,1,0,780159,733,5828726,952
194717,11,4,4030725,Amtsgerichtsplatz,2019,5,17,4,3,2,6,0,0,1,0,0,0,0,0,791929,9608,5826205,316
194718,11,1,1011101,St�lerstra�e,2019,5,10,4,3,2,6,0,0,1,0,0,0,0,0,794775,114,5826232,823
194719,11,3,3061126,Arnimplatz,2019,5,10,4,3,2,2,0,0,0,0,1,0,0,0,798656,8318,5831793,983
194720,11,4,4030726,Droysenstra�e,2019,5,9,4,2,6,7,0,0,1,1,0,0,0,0,791967,817,5825240,483
194721,11,1,1022204,Thomasiusstra�e,2019,5,9,4,3,5,3,0,1,1,0,0,0,0,0,794797,2141,5828309,441
194722,11,2,2020204,Urbanstra�e,2019,5,9,4,3,5,2,0,1,1,0,0,0,0,0,798797,741,5824935,578
194723,11,1,1011304,Karl-Marx-Allee,2019,5,9,4,3,2,6,0,1,0,0,0,0,0,0,800138,224,5827373,49
194724,11,4,4020313,K�nigin-Elisabeth-Stra�e,2019,5,9,4,3,3,6,0,0,1,0,0,0,0,0,790492,6671,5826677,484
194725,11,2,2020203,Viktoriapark,2019,5,9,4,3,2,2,0,0,1,0,0,0,0,0,797781,5727,5824941,956
194726,11,4,4030726,Droysenstra�e,2019,5,22,4,3,0,2,2,0,1,0,1,0,0,0,791964,814,5825257,345
194727,11,1,1011203,Unter den Linden S�d,2019,5,8,4,3,2,3,0,1,1,0,0,0,0,0,797765,4326,5827448,796
194728,11,2,2010103,Moritzplatz,2019,5,8,4,3,6,2,0,0,0,1,0,0,1,0,799593,2433,5825828,281
194729,11,12,12214125,Waldidyll/Flughafensee,2019,5,8,4,3,5,3,0,1,1,0,0,0,0,0,791374,32,5833124,802
194730,11,11,11030721,R�digerstra�e,2019,5,8,4,3,1,5,0,1,1,0,0,0,0,0,803824,3205,5828349,301
194731,11,7,7020202,Volkspark (Rudolf-Wilde-Park),2019,5,7,4,3,5,3,0,1,1,0,0,0,0,0,794798,2513,5823734,554
194732,11,9,9020701,Adlershof West,2019,5,7,4,3,6,4,0,0,1,1,0,0,0,0,808552,9596,5819121,429
194733,11,1,1033203,Humboldthain Nordwest,2019,5,21,4,3,8,1,2,0,1,0,0,0,0,1,796744,552,5830484,306
194734,11,8,8010404,Rixdorf,2019,5,7,4,3,6,4,0,0,1,1,0,0,0,0,801794,426,5823034,397
194735,11,9,9020802,K�llnische Vorstadt,2019,5,7,4,3,5,3,0,0,1,0,1,0,0,0,810473,7888,5820264,69
194736,11,5,5010339,Freiheit,2019,5,7,4,2,5,2,0,1,1,0,0,0,0,0,786719,5581,5828213,484
194737,11,5,5030832,Rohrdamm,2019,5,6,4,3,2,6,0,0,1,0,0,0,0,0,789773,6498,5829265,461
194738,11,4,4051448,Schaperstra�e,2019,5,18,4,3,5,2,0,1,1,0,0,0,0,1,793474,2577,5824732,169
194739,11,9,9031101,Gr�nau,2019,5,7,3,3,4,6,0,1,0,0,0,0,0,0,811048,5536,5816925,14
194740,11,11,11020515,Landsberger Allee,2019,5,6,3,3,5,2,0,1,1,0,0,0,0,0,803330,1831,5830082,83
194741,11,4,4051551,Brabanter Platz,2019,5,18,3,3,5,2,0,0,1,0,0,0,0,0,793343,8697,5823071,599
194742,11,9,9051901,Dammvorstadt,2019,5,17,3,3,6,4,0,0,1,1,0,0,0,0,810657,4944,5821080,43
194743,11,12,12214422,Klixstra�e,2019,5,16,3,3,6,2,0,0,1,1,0,0,0,0,792284,5413,5833928,505
194744,11,1,1033101,Soldiner Stra�e,2019,5,16,3,2,6,4,0,0,1,1,0,0,0,0,796442,1858,5832092,99
194745,11,5,5030730,Zitadellenweg,2019,5,5,3,3,5,2,0,1,1,0,0,0,0,0,786252,1905,5829129,244
194746,11,5,5010209,An der Kappe,2019,5,19,3,3,5,3,0,0,1,0,0,0,0,0,782800,1153,5830384,756
194747,11,5,5030731,Gartenfelder Stra�e,2019,5,16,3,2,5,7,0,0,1,0,0,1,0,0,787999,8715,5830187,348
194748,11,1,1011301,Charit�viertel,2019,5,17,3,3,8,1,0,0,1,0,0,0,0,0,797576,7802,5828569,24
194749,11,1,1033203,Humboldthain Nordwest,2019,5,13,3,3,5,2,0,0,1,0,0,0,0,0,796855,324,5830644,512
194750,11,4,4031032,Halensee,2019,5,22,3,2,6,4,2,0,1,1,0,0,0,0,791174,1439,5824964,605
194751,11,7,7070705,Franziusweg/Rohrbachstra�e,2019,5,13,3,3,5,2,0,1,1,0,0,0,0,0,798861,3012,5813649,347
194752,11,12,12302108,M�rkisches Zentrum,2019,5,13,3,3,5,3,0,1,1,0,0,0,0,0,793826,9076,5836348,108
194753,11,3,3061228,Erich-Weinert-Stra�e,2019,5,13,3,3,5,2,0,1,1,0,0,0,0,0,800190,4756,5830932,505
194754,11,7,7030301,Friedenau,2019,5,11,3,3,5,2,0,1,1,0,0,0,0,0,793989,873,5821548,87
194755,11,7,7010102,Nollendorfplatz,2019,5,9,3,3,5,2,0,1,1,0,0,0,0,0,794952,1199,5825645,634
194756,11,11,11051331,Karlshorst Nord,2019,5,9,3,3,0,7,0,1,0,0,0,0,0,0,807586,926,5824501,725
194757,11,9,9041501,Altstadt Kietz,2019,5,15,3,3,0,4,0,0,0,1,0,0,1,0,811257,7372,5820224,523
194758,11,7,7060603,Marienfelde Nordost,2019,5,9,3,2,5,7,0,0,1,0,0,0,0,0,798347,557,5815900,579
194759,11,6,6040810,Dahlem,2019,5,9,3,3,2,6,0,0,1,0,0,0,0,0,790161,3871,5819797,243
194760,11,5,5020625,Borkumer Stra�e,2019,5,8,3,3,3,2,0,0,1,0,0,1,0,0,784709,8552,5828610,857
194761,11,3,3040614,Pankow Zentrum,2019,5,8,3,3,2,6,0,0,1,0,0,1,0,0,799540,559,5833962,642
194762,11,7,7050501,Rathausstra�e,2019,5,7,3,3,5,2,0,1,0,0,0,0,1,0,797204,5773,5818623,52
194763,11,5,5010103,Amorbacher Weg,2019,5,7,3,3,5,7,0,0,1,0,1,0,0,0,784077,5348,5831148,963
194764,11,3,3040818,Pankow S�d,2019,5,7,3,3,5,3,0,0,1,0,0,0,0,0,799744,2674,5831841,938
194765,11,9,9020701,Adlershof West,2019,5,16,3,3,2,6,0,0,1,0,0,0,1,0,808355,907,5819446,392
194766,11,3,3061131,Falkplatz,2019,5,16,3,3,5,3,0,1,1,0,0,0,0,0,799127,4215,5830556,244
194767,11,3,3061227,Humannplatz,2019,5,16,3,3,5,3,0,1,1,0,0,0,0,0,800085,705,5831671,197
194768,11,8,8041037,Alt-Rudow,2019,5,15,3,3,2,6,0,0,1,0,0,0,0,0,805300,9048,5818198,645
194769,11,2,2030302,Lausitzer Platz,2019,5,15,3,3,1,5,0,1,1,0,0,0,0,0,800891,5997,5826110,274
194770,11,7,7040403,Manteuffelstra�e,2019,5,15,3,3,1,5,0,1,0,0,0,0,1,0,797208,1037,5821393,361
194771,11,1,1022204,Thomasiusstra�e,2019,5,11,3,3,5,3,0,1,0,0,1,0,0,0,795211,2,5828229,304
194772,11,8,8010118,Silbersteinstra�e,2019,5,11,3,3,0,6,0,1,0,0,0,0,1,0,800997,7986,5822176,36
194773,11,10,10010206,Ringkolonnaden,2019,5,14,2,3,5,3,0,0,1,0,0,0,0,0,810011,6813,5832304,951
194774,11,2,2020204,Urbanstra�e,2019,5,16,2,3,6,7,0,1,0,1,0,0,0,0,798629,4544,5825311,279
194775,11,3,3061441,Eldenaer Stra�e,2019,5,12,2,3,1,5,0,1,1,0,0,0,0,0,802801,5972,5828576,123
194776,11,7,7060604,Marienfelde S�d,2019,5,9,2,2,0,5,0,0,1,0,0,0,1,0,796117,279,5815936,531
194777,11,11,11040926,Weitlingstra�e,2019,5,15,2,3,5,3,0,1,1,0,0,0,0,0,805491,9218,5827157,94
194778,11,5,5020524,Weinmeisterhornweg,2019,5,11,2,2,0,1,0,0,1,0,1,0,0,0,783447,9605,5826733,803
194779,11,1,1011305,Heine-Viertel West,2019,5,9,2,3,3,6,0,1,0,0,0,0,0,0,799107,9376,5827140,17
194780,11,2,2040701,Andreasviertel,2019,5,15,2,3,5,3,0,0,1,0,0,0,0,0,800591,8972,5827048,699
194781,11,11,11010204,Falkenberg Ost,2019,5,15,2,3,6,7,0,0,0,1,1,0,0,0,806791,6013,5833787,367
194782,11,3,3061435,Conrad-Blenkle-Stra�e,2019,5,14,2,3,2,2,0,1,1,0,0,0,0,0,801740,3856,5829170,432
194783,11,11,11041128,Sewanstra�e,2019,5,14,2,3,5,2,0,1,1,0,0,0,0,0,806996,9693,5825780,863
194784,11,11,11040926,Weitlingstra�e,2019,5,14,2,2,5,7,0,0,1,0,0,0,1,0,806701,7124,5826903,615
194785,11,5,5030832,Rohrdamm,2019,5,14,2,3,5,3,0,1,1,0,0,0,0,0,788963,6388,5829790,687
194786,11,8,8041035,Blumenviertel,2019,5,13,2,3,2,6,0,0,1,0,0,0,0,0,804076,24,5819258,85
194787,11,2,2030402,Wrangelkiez,2019,5,11,2,3,5,2,0,0,1,0,1,0,0,0,801701,6579,5825858,233
194788,11,1,1033203,Humboldthain Nordwest,2019,5,10,2,3,2,2,0,1,1,0,0,0,0,0,796636,2115,5829797,861
194789,11,10,10010310,Alt-Marzahn,2019,5,9,2,3,2,6,0,0,1,0,0,0,0,0,809391,801,5831416,355
194790,11,8,8010303,Donaustra�e,2019,5,10,2,3,0,1,0,0,0,0,1,0,0,0,801105,6963,5824045,46
194791,11,1,1011303,Alexanderplatzviertel,2019,5,9,2,2,5,2,0,1,0,0,0,1,0,0,799108,7869,5828466,4
194792,11,11,11020514,Gro�e-Leege-Stra�e,2019,5,15,2,3,5,3,0,0,1,0,0,0,0,0,804696,1207,5830719,916
194793,11,9,9041301,Kietzer Feld/Nachtheide,2019,5,14,2,3,8,1,0,0,1,0,0,0,0,0,811809,5241,5818140,945
194794,11,2,2030401,Reichenberger Stra�e,2019,5,8,2,2,5,2,0,1,1,0,0,0,0,0,800949,2019,5825524,498
194795,11,1,1011204,Leipziger Stra�e,2019,5,8,2,3,1,5,0,1,1,0,0,0,1,0,798538,8936,5826790,929
194796,11,7,7010102,Nollendorfplatz,2019,5,8,2,2,6,4,0,0,0,1,1,0,0,0,795199,5541,5825605,528
194797,11,6,6010210,Bismarckstra�e,2019,5,8,2,3,2,7,0,0,1,0,1,1,0,0,794997,2999,5821377,3
194798,11,9,9031101,Gr�nau,2019,5,8,2,3,5,2,0,1,0,0,0,1,0,0,810277,4531,5818053,555
194799,11,6,6040810,Dahlem,2019,5,7,2,3,0,1,0,0,0,0,1,0,0,0,790682,2482,5821048,534
194800,11,4,4041344,R�desheimer Platz,2019,5,7,2,3,5,3,0,0,1,0,1,0,0,0,793085,124,5822780,311
194801,11,7,7060604,Marienfelde S�d,2019,5,12,2,3,5,3,0,1,1,0,0,0,0,0,798071,4168,5814690,199
194802,11,2,2050801,Traveplatz,2019,5,20,2,3,5,3,0,0,1,0,0,0,1,0,803201,5498,5827260,878
194803,11,7,7050501,Rathausstra�e,2019,5,19,2,3,1,1,0,0,1,0,0,0,0,0,797746,1973,5820398,892
194804,11,12,12214424,Scharnweberstra�e,2019,5,18,2,3,2,6,0,0,1,0,0,0,0,0,793511,6257,5832411,789
194805,11,12,12214423,Mellerbogen,2019,5,18,2,2,6,4,1,0,1,1,0,0,0,0,792727,349,5833871,973
194806,11,4,4041343,Binger Stra�e,2019,5,18,2,3,6,7,0,0,1,1,0,0,0,0,792695,8545,5823099,215
194807,11,10,10020412,Alte Hellersdorfer Stra�e,2019,5,17,2,3,5,3,0,1,1,0,0,0,0,0,811770,6273,5831763,74
194808,11,1,1011305,Heine-Viertel West,2019,5,17,2,3,1,5,0,1,0,0,0,0,1,0,799528,6038,5826741,844
194809,11,5,5020625,Borkumer Stra�e,2019,5,16,2,2,6,4,0,0,1,1,0,0,0,0,784521,2249,5828650,413
194810,11,2,2050601,Hausburgviertel,2019,5,16,2,3,5,3,0,0,1,0,0,0,1,0,801772,1931,5828665,675
194811,11,9,9010101,Elsenstra�e,2019,5,15,2,3,5,2,0,1,0,0,0,0,1,0,802327,5175,5825309,564
194812,11,1,1011305,Heine-Viertel West,2019,5,13,2,3,5,3,0,1,1,0,0,0,0,0,799698,2284,5827210,26
194813,11,5,5010206,G�tersloher Weg,2019,5,12,2,3,3,3,0,0,1,0,0,0,0,0,782558,6477,5830463,657
194814,11,8,8010508,Wei�e Siedlung,2019,5,20,1,3,0,7,1,1,1,0,0,0,0,0,803014,658,5823520,194
194815,11,4,4031032,Halensee,2019,5,19,1,3,1,7,0,1,1,0,0,0,0,0,791849,4621,5825196,742
194816,11,6,6030609,Augustaplatz,2019,5,18,1,3,5,7,0,0,1,0,1,0,0,0,793003,9873,5817867,185
194817,11,7,7010102,Nollendorfplatz,2019,5,17,1,3,5,2,0,1,1,0,0,0,0,0,795448,8276,5825344,347
194818,11,6,6020408,Lichterfelde S�d,2019,5,17,1,3,1,5,0,1,1,0,0,0,0,0,792860,1046,5815408,961
194819,11,9,9051702,B�lschestra�e,2019,5,16,1,3,6,7,0,0,0,1,1,0,0,0,814080,546,5821883,941
194820,11,9,9051901,Dammvorstadt,2019,5,16,1,3,5,2,0,1,1,0,0,0,0,0,810635,8732,5821048,723
194821,11,3,3061227,Humannplatz,2019,5,16,1,3,2,6,0,0,1,0,1,0,0,0,800275,4868,5831605,725
194822,11,6,6040804,Krumme Lanke,2019,5,16,1,3,5,3,0,0,1,0,0,0,0,0,787738,5978,5818260,43
194823,11,6,6030609,Augustaplatz,2019,5,12,1,3,1,7,0,1,1,0,0,0,0,0,793062,9022,5818173,343
194824,11,10,10020517,Adele-Sandrock-Stra�e,2019,5,15,1,3,5,2,0,0,1,0,0,0,0,0,812579,558,5830318,931
194825,11,9,9052001,K�penick Nord,2019,5,14,1,3,3,6,0,0,1,0,0,0,0,0,811720,8954,5823293,614
194826,11,3,3030711,Blankenburg,2019,5,12,1,3,0,3,0,1,1,0,0,0,0,0,801627,5346,5836352,235
194827,11,8,8010301,Reuterkiez,2019,5,16,1,3,3,6,0,1,1,0,0,0,0,0,801054,61,5824921,287
194828,11,1,1022102,Beusselkiez,2019,5,11,1,2,5,7,0,0,1,0,1,0,0,0,793541,291,5829060,8
194829,11,2,2020203,Viktoriapark,2019,5,9,1,3,4,6,0,1,0,0,0,0,0,0,797613,1853,5824984,564
194830,11,4,4020314,Messegel�nde,2019,5,10,1,2,5,2,0,0,1,0,0,0,0,0,790387,6752,5825674,979
194831,11,2,2020206,Graefekiez,2019,5,13,1,3,6,4,0,1,0,1,0,0,0,0,800201,2074,5824411,83
194832,11,1,1011301,Charit�viertel,2019,5,13,1,3,2,2,0,1,1,0,0,0,0,0,797590,3553,5828353,179
194833,11,9,9020502,Obersch�neweide Ost,2019,5,10,1,3,5,2,0,0,1,0,0,0,1,0,809391,89,5821482,711
194834,11,8,8010303,Donaustra�e,2019,5,4,1,3,5,7,1,0,1,0,0,0,0,1,800675,26,5824113,57
194835,11,9,9010101,Elsenstra�e,2019,5,20,1,3,0,7,0,0,1,0,0,0,0,0,802657,2975,5824431,568
194836,11,12,12302109,Treuenbrietzener Stra�e,2019,5,19,1,2,5,3,0,0,1,0,0,0,0,0,795259,8949,5836637,935
194837,11,7,7020202,Volkspark (Rudolf-Wilde-Park),2019,5,12,7,3,5,3,0,1,0,0,0,0,1,0,795000,7494,5823312,432
194838,11,5,5020419,Magistratsweg,2019,5,18,1,3,5,3,0,0,1,0,1,0,0,0,781738,1891,5828424,998
194839,11,1,1044101,Rehberge,2019,5,14,7,3,6,2,0,0,1,1,0,0,0,0,794612,8561,5831374,565
194840,11,4,4030931,Breitscheidplatz,2019,5,18,1,2,2,6,0,0,1,0,0,0,0,0,794205,5548,5826084,382
194841,11,5,5010101,Hakenfelde Nord,2019,5,17,1,2,6,4,0,0,1,1,0,0,0,0,785595,3343,5832202,449
194842,11,1,1022104,Emdener Stra�e,2019,5,11,7,3,3,6,0,1,0,0,0,0,0,0,794318,25,5828450,573
194843,11,4,4041137,Flinsberger Platz,2019,5,16,1,3,1,5,0,0,1,0,0,0,0,0,790964,741,5823218,889
194844,11,1,1022202,Heidestra�e,2019,5,17,1,2,5,2,0,0,1,0,0,0,1,0,795663,6242,5829738,909
194845,11,5,5020625,Borkumer Stra�e,2019,5,12,7,3,2,7,0,0,1,0,0,0,0,0,784573,7714,5828437,344
194846,11,8,8010301,Reuterkiez,2019,5,16,1,3,0,1,0,0,0,0,1,0,0,1,800881,7321,5824265,286
194847,11,11,11030618,Fennpfuhl West,2019,5,17,7,2,0,1,0,0,0,0,1,0,0,1,803239,8134,5829620,784
194848,11,9,9051801,Rahnsdorf/Hessenwinkel,2019,5,16,1,2,5,3,0,1,1,0,0,0,0,0,818930,6181,5820234,175
194849,11,1,1011401,Invalidenstra�e,2019,5,16,1,3,3,6,0,1,1,0,0,0,0,0,798211,6395,5829356,587
194850,11,6,6020304,Kaiser-Wilhelm-Stra�e,2019,5,23,7,3,5,2,2,0,1,0,0,0,0,0,794871,372,5817933,697
194851,11,5,5010313,Ackerstra�e,2019,5,19,7,3,5,2,0,0,1,0,0,0,0,1,784356,7062,5830003,74
194852,11,6,6020302,Komponistenviertel Lankwitz,2019,5,16,1,3,0,1,0,0,1,0,1,0,0,1,795155,4358,5818833,71
194853,11,1,1022206,L�neburger Stra�e,2019,5,15,1,3,5,2,0,1,1,0,0,0,0,0,795703,8228,5828178,73
194854,11,5,5020523,Maulbeerallee,2019,5,18,7,3,5,3,1,0,1,0,0,0,0,1,782606,1708,5827484,517
194855,11,6,6040703,Nikolassee,2019,5,13,1,3,1,5,0,1,1,0,0,0,0,0,786758,5891,5817508,623
194856,11,2,2030401,Reichenberger Stra�e,2019,5,18,7,3,5,2,0,1,1,0,0,0,0,1,800634,9945,5825676,122
194857,11,3,3020307,Buchholz,2019,5,12,7,3,5,3,0,1,1,0,0,0,0,0,799917,928,5837070,13
194858,11,6,6040701,Wannsee,2019,5,13,1,3,0,3,0,0,1,0,1,0,0,0,782753,228,5815836,286
194859,11,5,5010206,G�tersloher Weg,2019,5,12,1,3,0,2,0,0,1,0,1,0,0,0,782360,4733,5830492,369
194860,11,5,5010207,Darbystra�e,2019,5,11,7,3,5,2,0,0,1,0,0,0,0,0,783575,2,5830201,53
194861,11,1,1011104,K�rnerstra�e,2019,5,11,1,3,2,6,0,0,1,0,0,0,0,0,796631,4743,5826181,262
194862,11,4,4020313,K�nigin-Elisabeth-Stra�e,2019,5,12,7,3,5,2,0,1,1,0,0,0,0,0,790488,5731,5826704,84
194863,11,3,3030406,Alt-Karow,2019,5,11,1,2,1,5,0,1,1,0,0,0,0,0,803031,6796,5838268,828
194864,11,4,4030621,Spreestadt,2019,5,20,7,3,5,2,0,0,1,0,1,0,0,1,793485,8797,5827580,173
194865,11,4,4030827,Karl-August-Platz,2019,5,9,1,3,5,2,0,1,1,0,0,0,0,0,792719,6214,5826110,195
194866,11,6,6020409,K�nigsberger Stra�e,2019,5,13,7,3,5,3,0,1,0,0,0,0,0,0,793245,6077,5817229,265
194867,11,1,1022205,Zillesiedlung,2019,5,1,1,3,0,7,2,1,1,0,0,0,0,1,795997,3409,5828697,642
194868,11,4,4041342,Schlangenbader Stra�e,2019,5,15,7,3,1,5,0,1,1,0,0,0,0,1,792131,812,5822350,51
194869,11,4,4041240,Messelpark,2019,5,10,7,3,0,7,0,1,0,0,0,0,0,0,790746,208,5822639,186
194870,11,6,6020302,Komponistenviertel Lankwitz,2019,5,15,7,3,5,3,0,1,1,0,0,0,0,1,794581,2149,5818532,314
194871,11,1,1011104,K�rnerstra�e,2019,5,23,7,3,5,2,2,1,1,0,0,0,0,0,796253,7912,5825960,454
194872,11,2,2040701,Andreasviertel,2019,5,16,7,3,5,3,0,1,1,0,0,0,0,1,800613,4675,5827116,752
194873,11,6,6030610,Lichterfelde West,2019,5,9,7,3,1,5,0,1,1,0,0,0,0,0,791806,6711,5818880,989
194874,11,10,10030724,Oberfeldstra�e,2019,5,9,7,3,5,3,0,0,1,0,0,0,0,0,809115,4543,5829717,28
194875,11,1,1011303,Alexanderplatzviertel,2019,5,17,7,3,1,5,0,0,1,0,0,0,0,1,799133,31,5827816,55
194876,11,10,10010311,Landsberger Tor,2019,5,9,7,3,5,3,0,1,1,0,0,0,0,0,810697,9725,5832013,543
194877,11,10,10010205,Marzahn Ost,2019,5,11,7,3,5,2,0,1,1,0,0,0,0,0,810681,42,5832016,168
194878,11,9,9010101,Elsenstra�e,2019,5,5,7,3,0,7,0,1,0,0,0,0,0,0,802024,2654,5824662,166
194879,11,9,9010402,Johannisthal Ost,2019,5,1,7,3,1,5,2,1,1,0,0,0,0,0,806261,7387,5819264,546
194880,11,12,12224229,Konradsh�he/Tegelort,2019,5,17,7,3,5,3,0,0,1,0,0,0,0,1,786547,8451,5833207,975
194881,11,9,9010302,Sp�thsfelde,2019,5,20,7,3,6,4,0,0,1,1,0,0,0,0,804383,7433,5820898,263
194882,11,1,1011301,Charit�viertel,2019,5,15,7,3,0,1,0,0,0,0,1,0,0,1,797002,835,5828944,464
194883,11,10,10040828,Kaulsdorf Nord,2019,5,19,7,2,0,1,0,1,0,0,0,0,0,0,811446,3376,5828143,649
194884,11,1,1033101,Soldiner Stra�e,2019,5,11,7,3,6,4,0,1,0,1,0,0,0,0,797199,3445,5831985,216
194885,11,5,5020625,Borkumer Stra�e,2019,5,18,7,3,5,2,0,0,1,0,0,0,0,0,784452,915,5828671,699
194886,11,10,10010204,Wuhletalstra�e,2019,5,4,7,3,5,3,1,0,1,0,0,0,0,0,810060,348,5832630,419
194887,11,1,1011305,Heine-Viertel West,2019,5,8,7,3,5,2,0,1,1,0,0,0,0,0,799434,6834,5826506,279
194888,11,10,10030727,Biesdorf S�d,2019,5,18,7,3,2,7,0,0,1,0,0,0,0,0,809586,2961,5824129,283
194889,11,2,2020202,Rathaus Yorckstra�e,2019,5,15,6,3,3,6,0,1,0,0,0,0,0,0,797740,9873,5825304,328
194890,11,8,8020622,Parchimer Allee,2019,5,8,6,3,5,7,0,0,1,0,0,0,0,0,801458,8432,5820198,823
194891,11,1,1044101,Rehberge,2019,5,10,7,3,2,6,0,0,1,0,0,0,0,0,793894,3131,5831930,32
194892,11,7,7070703,John-Locke-Stra�e,2019,5,7,6,3,6,2,0,0,1,1,0,0,0,0,799597,71,5813174,918
194893,11,5,5030731,Gartenfelder Stra�e,2019,5,10,7,2,2,7,0,0,1,0,1,0,0,0,788010,961,5829392,7
194894,11,3,3030406,Alt-Karow,2019,5,7,6,3,5,3,0,1,1,0,0,0,0,1,802811,918,5838572,483
194895,11,1,1011401,Invalidenstra�e,2019,5,11,7,3,1,5,0,1,1,0,0,0,0,0,798437,2547,5829160,5
194896,11,5,5020625,Borkumer Stra�e,2019,5,11,7,2,6,2,0,0,1,1,0,0,0,0,784354,571,5828103,753
194897,11,8,8010301,Reuterkiez,2019,5,7,6,3,0,7,0,1,0,0,0,0,1,1,801336,6489,5824528,31
194898,11,3,3020307,Buchholz,2019,5,7,6,3,0,3,0,1,1,0,0,0,0,1,799695,2847,5837327,334
194899,11,3,3051022,Hansastra�e,2019,5,12,7,3,2,6,0,0,1,0,1,0,0,0,803418,5177,5831717,759
194900,11,5,5010101,Hakenfelde Nord,2019,5,12,7,1,2,6,0,0,1,0,0,0,0,0,785221,9711,5831811,814
194901,11,8,8040933,Vogelviertel S�d,2019,5,6,6,3,5,2,1,0,1,0,0,0,0,0,803748,3054,5818747,774
194902,11,4,4020205,Siedlung Ruhleben,2019,5,12,7,3,2,6,0,0,1,0,0,0,0,0,788158,5609,5827234,726
194903,11,11,11020411,Malchower Weg,2019,5,5,6,3,5,3,0,1,1,0,0,0,0,1,804938,3843,5833108,856
194904,11,4,4010102,Pl�tzensee,2019,5,13,7,3,5,2,0,0,1,0,0,0,1,0,793352,206,5829681,351
194905,11,1,1044101,Rehberge,2019,5,12,7,3,2,6,0,0,1,0,0,0,1,0,793898,2723,5830072,62
194906,11,9,9052001,K�penick Nord,2019,5,5,6,3,5,3,0,1,1,0,0,0,0,0,811143,8069,5822084,988
194907,11,10,10020622,Kaulsdorf Nord I,2019,5,13,7,3,2,7,0,0,1,0,0,0,1,0,811156,8458,5829120,943
194908,11,3,3050923,Wei�enseer Spitze,2019,5,5,6,3,1,5,0,1,1,0,0,0,0,1,800365,9092,5831838,285
194909,11,5,5010339,Freiheit,2019,5,14,7,2,1,5,0,0,1,0,1,0,0,0,787284,7207,5828331,371
194910,11,2,2040701,Andreasviertel,2019,5,21,6,2,5,3,2,1,1,0,0,0,0,0,800146,1304,5827337,53
194911,11,6,6030608,Schweizer Viertel,2019,5,14,7,3,5,3,0,0,1,0,0,0,0,0,792501,2981,5817473,166
194912,11,1,1011303,Alexanderplatzviertel,2019,5,18,6,3,1,5,0,1,1,0,0,0,1,0,798756,4545,5828241,172
194913,11,3,3030716,M�rchenland,2019,5,15,7,3,5,3,0,1,1,0,0,0,0,0,802580,1589,5833492,771
194914,11,7,7010102,Nollendorfplatz,2019,5,15,7,3,2,6,0,0,1,0,0,0,0,0,795255,5938,5824956,696
194915,11,4,4030620,Alt-Lietzow,2019,5,17,6,3,5,3,0,0,1,0,0,0,0,0,791777,4225,5827470,973
194916,11,9,9031001,Bohnsdorf,2019,5,17,6,2,6,4,0,0,1,1,0,0,0,0,809742,5999,5815209,602
194917,11,4,4030417,Schlo�stra�e,2019,5,15,7,3,2,6,0,0,1,0,0,0,1,0,791749,7278,5827305,286
194918,11,2,2010101,Askanischer Platz,2019,5,17,7,2,3,2,0,1,1,0,0,0,0,0,797667,7742,5826292,497
194919,11,10,10040829,Alt-Kaulsdorf,2019,5,17,6,2,5,3,0,0,1,0,0,0,1,0,811407,8664,5827590,8