OBJECTID,LAND,BEZ,LOR,STRASSE,UJAHR,UMONAT,USTUNDE,UWOCHENTAG,UKATEGORIE,UART,UTYP1,ULICHTVERH,IstRad,IstPKW,IstFuss,IstKrad,IstGkfz,IstSonstige,USTRZUSTAND,LINREFX,LINREFY,XGCSWGS84,YGCSWGS84
194920,11,9,9010402,Johannisthal Ost,2019,5,22,7,3,5,2,2,0,1,0,1,0,0,0,806064,7276,5818827,917
194921,11,2,2010101,Askanischer Platz,2019,5,16,6,3,2,6,0,0,1,0,0,0,0,0,797601,5705,5825939,344
194922,11,3,3051017,Rennbahnstra�e,2019,5,7,6,3,5,3,0,1,1,0,0,0,0,0,802447,882,5832660,97
194923,11,7,7040405,Rathaus Tempelhof,2019,5,15,6,3,3,6,0,0,1,0,1,1,0,0,797850,1659,5820787,365
194924,11,11,11051330,Karlshorst West,2019,5,14,6,2,5,2,0,0,1,0,0,0,1,0,807283,2944,5825410,58
194925,11,1,1011203,Unter den Linden S�d,2019,5,13,6,3,5,3,0,0,1,0,1,0,0,0,797880,979,5827169,725
194926,11,10,10030725,Buckower Ring,2019,5,17,6,3,1,6,0,1,1,0,0,0,0,0,810130,452,5827932,772
194927,11,10,10020517,Adele-Sandrock-Stra�e,2019,5,14,6,2,6,4,0,0,1,1,0,0,0,0,813446,589,5830082,558
194928,11,2,2010101,Askanischer Platz,2019,5,0,6,3,0,1,2,1,0,0,0,0,0,1,797751,7086,5826074,807
194929,11,1,1011301,Charit�viertel,2019,5,14,6,2,6,4,0,0,0,1,0,0,1,0,797594,2033,5828462,34
194930,11,12,12231101,Hermsdorf,2019,5,11,6,3,5,3,0,1,1,0,0,0,0,0,791765,3947,5838949,581
194931,11,5,5010314,Carl-Schurz-Stra�e,2019,5,13,6,3,2,6,0,0,1,0,0,0,0,0,783652,4794,5829475,511
194932,11,5,5030832,Rohrdamm,2019,5,11,6,3,2,6,0,0,1,0,0,0,0,0,789604,4688,5829289,775
194933,11,8,8010405,Hertzbergplatz,2019,5,19,6,3,1,5,0,0,1,0,0,0,0,0,801825,2115,5823845,623
194934,11,1,1044201,Reinickendorfer Stra�e,2019,5,13,6,3,6,4,0,0,1,1,0,0,0,0,797134,2339,5831887,179
194935,11,11,11030721,R�digerstra�e,2019,5,22,6,2,6,2,2,0,0,1,0,0,1,0,804807,5071,5827484,63
194936,11,7,7040406,Germaniagarten,2019,5,14,6,3,2,2,0,0,1,0,0,0,0,0,800102,2095,5821437,796
194937,11,6,6040807,Zehlendorf Eiche,2019,5,20,6,3,1,5,0,0,1,0,1,0,0,0,789631,992,5818562,356
194938,11,8,8010214,Glasower Stra�e,2019,5,12,6,2,6,4,0,0,0,1,0,0,1,0,801033,9277,5822165,315
194939,11,3,3061227,Humannplatz,2019,5,19,6,3,5,2,0,0,1,0,0,0,0,0,799680,937,5831267,785
194940,11,9,9041301,Kietzer Feld/Nachtheide,2019,5,19,6,3,2,6,0,0,1,0,0,0,0,0,812628,3076,5819457,585
194941,11,8,8020622,Parchimer Allee,2019,5,11,6,3,1,5,0,0,1,0,0,0,1,0,801472,629,5820191,605
194942,11,2,2020203,Viktoriapark,2019,5,10,6,3,5,3,0,1,1,0,0,0,0,0,797768,9764,5824598,139
194943,11,1,1011301,Charit�viertel,2019,5,18,6,3,0,2,0,1,1,0,0,0,0,0,796661,6214,5829006,56
194944,11,2,2050801,Traveplatz,2019,5,18,6,3,3,6,0,1,1,0,0,0,0,0,803224,8942,5827326,276
194945,11,1,1011301,Charit�viertel,2019,5,0,6,3,0,2,2,1,1,0,0,0,0,0,797013,799,5828942,3
194946,11,12,12231101,Hermsdorf,2019,5,17,6,3,5,2,0,0,1,0,0,0,0,0,791681,8037,5838148,221
194947,11,5,5010314,Carl-Schurz-Stra�e,2019,5,13,5,3,5,7,0,1,1,0,0,0,0,0,784159,2716,5829360,171
194948,11,4,4030930,George-Grosz-Platz,2019,5,17,6,3,3,6,0,1,1,0,0,0,0,0,793214,5304,5825402,99
194949,11,11,11051229,Rummelsburg,2019,5,17,6,2,5,2,0,1,0,0,0,0,1,0,804957,777,5825153,846
194950,11,9,9051702,B�lschestra�e,2019,5,12,5,2,5,3,0,1,0,0,0,0,0,0,813761,7326,5821406,951
194951,11,9,9020701,Adlershof West,2019,5,17,6,3,2,6,0,0,1,0,0,0,0,0,807862,773,5818113,753
194952,11,4,4051551,Brabanter Platz,2019,5,9,6,3,0,6,0,0,0,0,1,0,1,0,793267,1238,5823077,71
194953,11,3,3071639,B�tzowstra�e,2019,5,6,5,3,6,4,0,1,0,1,0,0,0,0,800821,4757,5829579,394
194954,11,3,3071638,Winsstra�e,2019,5,9,6,3,1,5,0,1,1,0,0,0,0,0,799971,5485,5829009,52
194955,11,12,12231101,Hermsdorf,2019,5,9,6,3,4,7,0,0,1,0,0,0,0,0,790622,9454,5837362,98
194956,11,7,7020201,Bayerischer Platz,2019,5,18,5,3,5,3,0,1,1,0,0,0,0,0,794933,9657,5824599,751
194957,11,12,12301206,L�bars,2019,5,16,6,3,5,2,0,1,1,0,0,0,0,0,794737,227,5838696,47
194958,11,5,5020419,Magistratsweg,2019,5,13,5,3,1,5,0,0,1,0,0,0,1,0,781324,9228,5828392,789
194959,11,3,3061227,Humannplatz,2019,5,8,6,3,5,3,0,0,1,0,0,0,0,0,800112,7011,5831694,542
194960,11,5,5010314,Carl-Schurz-Stra�e,2019,5,12,5,3,0,1,0,0,1,0,1,0,0,1,784317,7052,5828922,32
194961,11,3,3071536,Teutoburger Platz,2019,5,9,6,3,1,5,0,1,0,0,0,0,1,0,799180,9002,5829462,542
194962,11,5,5020417,Staakener Stra�e,2019,5,5,5,2,5,3,0,0,1,0,0,0,0,1,781726,1239,5828529,553
194963,11,4,4041134,Bismarckallee,2019,5,16,6,3,5,3,0,1,0,0,0,0,1,0,790862,9042,5824695,216
194964,11,3,3050925,Komponistenviertel Wei�ensee,2019,5,10,6,2,6,2,0,0,1,1,0,0,0,0,802320,1908,5831349,597
194965,11,2,2050803,Stralauer Kiez,2019,5,21,5,3,5,3,2,1,1,0,0,0,0,1,802715,687,5826048,933
194966,11,2,2040703,Wriezener Bahnhof/Entwicklungsgebiet,2019,5,20,5,3,1,5,1,1,1,0,0,0,1,1,800973,4979,5826772,877
194967,11,3,3010102,Buch,2019,5,8,6,3,3,6,0,1,1,0,0,0,0,0,804070,1346,5841245,894
194968,11,3,3071537,Kollwitzplatz,2019,5,8,6,2,2,6,0,0,1,0,0,0,0,0,799795,6774,5829593,967
194969,11,12,12103218,Teichstra�e,2019,5,19,5,2,5,3,0,0,1,0,1,0,0,0,794711,2205,5834897,639
194970,11,3,3071639,B�tzowstra�e,2019,5,8,6,3,2,6,0,0,1,0,0,0,1,0,800401,593,5829064,265
194971,11,1,1011306,Heine-Viertel Ost,2019,5,19,5,3,1,5,0,1,1,0,0,0,0,0,800191,5123,5826762,78
194972,11,3,3030715,Heinersdorf,2019,5,8,6,3,5,2,0,0,1,0,0,1,0,0,800127,2602,5833864,297
194973,11,6,6010103,Markelstra�e,2019,5,16,5,3,1,6,0,1,1,0,0,0,0,0,793245,471,5821587,344
194974,11,5,5010314,Carl-Schurz-Stra�e,2019,5,7,6,3,5,3,0,1,1,0,0,0,0,0,784686,6859,5829337,549
194975,11,8,8010509,Schulenburgpark,2019,5,16,5,3,0,5,0,0,1,0,0,0,1,0,803346,9891,5822593,117
194976,11,3,3061429,Greifswalder Stra�e,2019,5,21,6,3,5,2,2,0,1,0,1,0,0,0,801904,6774,5830332,404
194977,11,3,3061441,Eldenaer Stra�e,2019,5,18,6,3,5,3,0,0,1,0,0,0,0,0,802909,8067,5828625,565
194978,11,10,10040933,Mahlsdorf S�d,2019,5,15,5,3,5,2,0,1,1,0,0,0,0,1,812391,4439,5824301,726
194979,11,1,1011402,Arkonaplatz,2019,5,15,5,3,5,3,0,0,1,0,0,0,0,0,798241,4122,5829624,14
194980,11,6,6030502,Zehlendorf S�d,2019,5,16,6,2,5,3,0,1,1,0,0,0,0,0,789317,3247,5815691,724
194981,11,5,5030832,Rohrdamm,2019,5,15,5,3,2,6,0,0,1,0,0,0,0,0,789773,6498,5829265,461
194982,11,12,12103116,Hausotterplatz,2019,5,16,3,2,1,5,0,1,1,0,0,0,0,0,796733,4497,5833361,312
194983,11,8,8041037,Alt-Rudow,2019,5,16,3,3,0,1,0,0,0,0,1,0,0,0,806901,3494,5817785,599
194984,11,7,7020203,Kaiser-Wilhelm-Platz,2019,5,16,3,2,0,7,0,0,0,0,1,0,0,0,795995,407,5824293,699
194985,11,4,4020311,Reichsstra�e,2019,5,17,3,3,0,3,0,0,1,0,1,0,0,0,789992,273,5826317,665
194986,11,3,3040513,Sch�nholz,2019,5,17,3,3,5,3,0,1,1,0,0,0,0,0,797412,6341,5833971,338
194987,11,4,4030621,Spreestadt,2019,5,11,3,3,6,4,0,0,1,1,0,0,0,0,793184,4468,5827779,432
194988,11,5,5020629,B�rnicker Stra�e,2019,5,11,3,3,5,3,0,1,1,0,0,0,0,0,783795,2782,5826000,909
194989,11,7,7010101,Wittenbergplatz/Viktoria-Luise-Platz,2019,5,18,3,3,6,2,0,0,1,1,0,0,0,0,794963,2181,5824888,28
194990,11,5,5010101,Hakenfelde Nord,2019,5,18,3,3,4,6,0,1,0,0,0,0,0,0,785721,4158,5832286,295
194991,11,5,5030730,Zitadellenweg,2019,5,21,3,3,5,3,2,1,1,0,0,0,0,0,785711,7941,5829289,68
194992,11,7,7020201,Bayerischer Platz,2019,5,17,3,3,5,3,0,0,1,0,0,0,0,0,794938,7897,5824457,994
194993,11,2,2010102,Mehringplatz,2019,5,19,3,3,0,6,0,1,1,0,0,0,0,0,798359,8869,5825516,686
194994,11,9,9031202,Schm�ckwitz/Rauchfangswerder,2019,5,18,3,1,0,1,0,1,0,0,0,0,0,0,818774,4206,5812579,517
194995,11,3,3061429,Greifswalder Stra�e,2019,5,18,2,3,5,2,0,1,1,0,0,0,0,0,801129,8586,5830744,457
194996,11,6,6040809,Thielallee,2019,5,11,2,3,5,3,0,0,1,0,0,0,0,0,791193,3734,5819179,764
194997,11,4,4031032,Halensee,2019,5,20,2,3,5,7,2,0,1,0,0,0,0,0,791769,6074,5825166,573
194998,11,4,4020313,K�nigin-Elisabeth-Stra�e,2019,5,19,2,3,6,7,0,0,1,1,0,0,0,0,790079,683,5826150,271
194999,11,7,7050505,Hundsteinweg,2019,5,19,2,3,2,6,0,0,1,0,0,0,1,1,799065,8081,5819071,614
195000,11,1,1011306,Heine-Viertel Ost,2019,5,18,2,2,1,5,0,1,0,0,0,0,1,0,799907,1804,5826955,77
195001,11,2,2020206,Graefekiez,2019,5,17,2,3,5,2,0,1,1,0,0,0,0,0,799907,155,5824470,972
195002,11,3,3050920,Wei�er See,2019,5,18,2,3,0,1,0,1,0,0,0,0,0,1,801683,7889,5831794,279
195003,11,10,10020517,Adele-Sandrock-Stra�e,2019,5,18,2,3,0,1,0,0,0,0,1,0,0,1,812480,2949,5830372,265
195004,11,7,7070703,John-Locke-Stra�e,2019,5,7,2,3,5,3,0,1,1,0,0,0,0,0,798994,2511,5814277,24
195005,11,8,8010118,Silbersteinstra�e,2019,5,7,2,3,5,2,0,1,1,0,0,0,0,0,800897,6386,5822374,821
195006,11,12,12304314,Ziekowstra�e/Freie Scholle,2019,5,8,2,3,2,6,0,0,1,0,0,0,0,0,790205,7672,5835859,767
195007,11,5,5020625,Borkumer Stra�e,2019,5,10,2,3,6,7,0,0,1,1,0,0,0,0,784468,694,5828145,57
195008,11,10,10010311,Landsberger Tor,2019,5,10,2,3,6,4,0,0,1,1,0,0,0,0,810447,5091,5830952,436
195009,11,12,12103117,Letteplatz,2019,5,18,2,3,2,6,0,0,1,0,0,0,0,0,796643,4763,5832435,278
195010,11,12,12301203,Wittenau S�d,2019,5,10,2,3,5,2,0,1,0,0,0,1,0,0,792996,3794,5835636,922
195011,11,1,1033102,Gesundbrunnen,2019,5,10,2,3,5,2,0,1,1,0,0,0,0,0,797159,977,5831919,401
195012,11,4,4051653,Prager Platz,2019,5,18,2,3,5,2,0,1,1,0,0,0,0,0,793957,4572,5824711,292
195013,11,8,8010404,Rixdorf,2019,5,11,2,2,6,4,0,0,1,1,0,0,0,0,801742,1883,5823676,731
195014,11,1,1022106,Elberfelder Stra�e,2019,5,12,2,2,2,6,0,0,1,0,0,0,0,0,793718,3377,5828117,162
195015,11,2,2030302,Lausitzer Platz,2019,5,18,2,3,6,4,0,0,1,1,1,0,0,0,801448,5897,5826026,302
195016,11,7,7040404,Marienh�he,2019,5,13,2,3,2,6,0,0,1,0,0,0,0,0,796439,4907,5819785,785
195017,11,10,10040932,Alt-Mahlsdorf,2019,5,15,2,3,2,6,0,0,1,0,0,0,0,0,812927,6411,5827912,95
195018,11,9,9031001,Bohnsdorf,2019,5,17,2,3,6,2,0,0,1,1,0,0,0,0,810554,2398,5816698,482
195019,11,12,12231102,Frohnau,2019,5,10,2,3,0,1,0,1,0,0,0,0,0,0,790166,827,5839979,374
195020,11,6,6020302,Komponistenviertel Lankwitz,2019,5,16,2,3,2,6,0,0,1,0,0,0,0,0,794533,2881,5819142,248
195021,11,1,1022104,Emdener Stra�e,2019,5,16,2,3,2,6,0,0,1,0,0,0,0,0,794409,772,5828450,388
195022,11,2,2020206,Graefekiez,2019,5,15,2,3,5,3,0,1,1,0,0,0,0,0,800147,1936,5825071,241
195023,11,2,2020205,Chamissokiez,2019,5,15,2,3,2,7,0,1,1,0,0,0,0,0,798242,1693,5824523,57
195024,11,12,12214527,Alt-Tegel,2019,5,12,2,3,5,5,0,1,1,0,0,0,0,0,790455,1482,5834889,623
195025,11,3,3061227,Humannplatz,2019,5,18,2,3,2,6,0,0,1,0,0,0,1,1,799262,536,5831802,491
195026,11,11,11010309,Zingster Stra�e West,2019,5,13,1,2,5,3,0,1,1,0,0,0,0,0,805042,4287,5833528,237
195027,11,12,12224230,Heiligensee,2019,5,13,1,3,0,5,0,1,1,0,0,0,0,0,785959,6269,5839260,577
195028,11,7,7030301,Friedenau,2019,5,14,1,3,5,3,0,0,1,0,0,0,0,0,793977,7483,5822276,43
195029,11,9,9020802,K�llnische Vorstadt,2019,5,9,1,3,1,5,0,1,1,0,0,0,1,0,810281,4797,5819711,382
195030,11,2,2030301,Oranienplatz,2019,5,9,1,3,5,3,0,0,1,0,0,0,0,0,799908,1898,5825974,643
195031,11,2,2010104,Wassertorplatz,2019,5,12,1,3,2,2,0,1,1,0,0,0,0,0,799085,5509,5825615,1
195032,11,4,4051448,Schaperstra�e,2019,5,14,1,3,6,4,0,1,0,1,0,0,0,0,793693,4687,5824912,319
195033,11,3,3020210,Herthaplatz,2019,5,14,1,3,2,6,0,0,1,0,1,0,0,0,800068,9307,5835830,91
195034,11,1,1011303,Alexanderplatzviertel,2019,5,17,1,2,5,3,0,1,0,0,0,0,0,0,799744,6594,5828647,151
195035,11,9,9010401,Johannisthal West,2019,5,18,1,3,6,4,0,0,0,1,0,0,1,0,805698,366,5820151,187
195036,11,2,2030401,Reichenberger Stra�e,2019,5,6,1,3,1,5,0,0,1,0,0,0,0,0,801154,5657,5825113,516
195037,11,11,11030619,Fennpfuhl Ost,2019,5,3,1,3,5,3,2,0,1,0,0,0,1,0,803823,9929,5829051,83
195038,11,5,5020521,D�beritzer Weg,2019,5,13,1,3,2,6,0,0,1,0,0,0,0,0,780652,9209,5827524,464
195039,11,6,6020409,K�nigsberger Stra�e,2019,5,1,1,2,1,5,2,0,1,0,0,0,0,0,793342,7694,5817703,402
195040,11,4,4030620,Alt-Lietzow,2019,5,13,1,3,0,7,0,1,0,0,0,0,0,0,792008,4605,5827371,882
195041,11,1,1011202,Unter den Linden Nord,2019,5,22,1,3,6,4,2,1,0,1,0,0,0,0,797205,3726,5827479,96
195042,11,1,1033102,Gesundbrunnen,2019,5,23,1,3,3,6,2,0,1,0,0,0,1,0,797408,1847,5831901,115
195043,11,8,8010211,Flughafenstra�e,2019,5,22,1,3,3,6,2,1,1,0,0,0,0,0,800452,2186,5823679,595
195044,11,3,3061227,Humannplatz,2019,5,20,1,3,0,1,0,1,0,0,0,0,0,0,799647,554,5831207,767
195045,11,11,11010310,M�hlengrund,2019,5,17,7,3,3,6,0,0,1,0,0,0,0,0,805325,554,5833257,683
195046,11,8,8010404,Rixdorf,2019,5,22,7,3,2,5,2,1,1,0,0,0,0,0,801922,565,5823547,775
195047,11,3,3040614,Pankow Zentrum,2019,5,11,7,3,2,6,0,0,1,0,0,1,0,0,799688,636,5835436,344
195048,11,1,1022101,Huttenkiez,2019,5,16,7,3,6,6,0,0,0,1,0,0,1,0,793609,663,5828135,69
195049,11,2,2040701,Andreasviertel,2019,5,15,7,3,1,5,0,0,1,0,1,0,0,0,800956,2249,5827735,18
195050,11,2,2050804,Stralauer Halbinsel,2019,5,16,7,3,5,7,0,0,1,0,1,0,0,0,803150,3747,5825734,411
195051,11,8,8010404,Rixdorf,2019,5,22,7,3,1,5,2,0,1,0,1,0,0,0,801965,3738,5823307,655
195052,11,5,5020625,Borkumer Stra�e,2019,5,23,7,3,2,6,2,0,1,0,0,0,0,0,784717,8555,5828569,968
195053,11,2,2050801,Traveplatz,2019,5,13,7,3,5,3,0,1,1,0,0,0,0,0,802813,1362,5827293,458
195054,11,2,2030402,Wrangelkiez,2019,5,13,7,3,5,7,0,1,1,0,0,0,0,0,801591,1146,5825953,52
195055,11,2,2050803,Stralauer Kiez,2019,5,13,7,3,3,6,0,0,1,0,0,0,0,0,802769,85,5826120,186
195056,11,10,10040933,Mahlsdorf S�d,2019,5,11,7,3,5,2,0,1,1,0,0,0,0,0,812533,1242,5825006,755
195057,11,4,4030930,George-Grosz-Platz,2019,5,10,7,3,2,6,0,0,1,0,0,0,0,0,792974,327,5825562,937
195058,11,2,2040702,Weberwiese,2019,5,10,7,3,6,4,0,1,0,1,0,0,0,0,801916,653,5827101,831
195059,11,7,7040401,Neu-Tempelhof,2019,5,9,7,3,6,4,0,0,1,1,0,0,0,0,797022,517,5823342,145
195060,11,7,7040403,Manteuffelstra�e,2019,5,10,7,3,5,2,0,0,1,0,0,0,0,0,796914,5626,5822289,425
195061,11,6,6020304,Kaiser-Wilhelm-Stra�e,2019,5,11,7,3,5,3,0,0,1,0,0,0,0,0,794600,511,5817730,272
195062,11,4,4030931,Breitscheidplatz,2019,5,11,7,2,5,5,0,0,1,0,1,0,0,0,794544,5123,5825991,551
195063,11,1,1022205,Zillesiedlung,2019,5,21,7,3,3,6,2,0,1,0,1,0,0,0,796037,2618,5828541,61
195064,11,1,1044202,Sparrplatz,2019,5,20,7,3,0,7,0,0,1,0,0,0,0,0,795711,9082,5830584,61
195065,11,3,3061126,Arnimplatz,2019,5,20,7,3,5,2,0,1,1,0,0,0,0,0,798417,536,5831797,421
195066,11,12,12231102,Frohnau,2019,5,19,7,3,1,5,0,1,1,0,0,0,0,0,790370,5357,5840109,321
195067,11,1,1011302,Oranienburger Stra�e,2019,5,19,7,3,2,6,0,0,1,0,0,0,0,0,797920,834,5828871,13
195068,11,3,3071536,Teutoburger Platz,2019,5,19,7,3,5,7,0,1,1,0,0,0,0,0,799055,8067,5830171,953
195069,11,11,11030721,R�digerstra�e,2019,5,19,7,3,5,3,0,1,0,0,0,0,0,0,804933,6423,5828166,667
195070,11,8,8010404,Rixdorf,2019,5,18,7,3,5,2,0,0,1,0,0,0,1,0,802539,1967,5822977,212
195071,11,7,7020204,Sch�neberger Insel,2019,5,17,7,3,5,3,0,1,1,0,0,0,0,0,796594,6817,5823923,579
195072,11,7,7070702,Alt-Lichtenrade/T�pchiner Weg,2019,5,17,7,3,2,6,0,0,1,0,1,0,0,0,799945,273,5814578,95
195073,11,11,11051331,Karlshorst Nord,2019,5,17,7,3,5,3,0,0,1,0,0,0,0,0,807677,8027,5824533,403
195074,11,8,8020622,Parchimer Allee,2019,5,16,7,3,1,5,0,1,1,0,0,0,1,0,802363,193,5820217,517
195075,11,6,6010207,Mittelstra�e,2019,5,23,7,3,0,1,2,1,0,0,0,0,0,0,793485,2932,5820199,963
195076,11,12,12214424,Scharnweberstra�e,2019,5,15,7,3,2,6,0,0,1,0,0,0,1,0,793246,1308,5832513,798
195077,11,8,8010214,Glasower Stra�e,2019,5,15,7,3,2,6,0,0,1,0,1,0,0,0,801801,41,5821981,15
195078,11,9,9010301,Baumschulenstra�e,2019,5,14,7,3,5,3,0,0,1,0,0,0,0,0,804928,6515,5822553,322
195079,11,4,4051446,Preu�enpark,2019,5,14,7,3,5,2,0,0,1,0,0,0,0,0,792407,3209,5824952,922
195080,11,12,12301203,Wittenau S�d,2019,5,14,7,2,5,2,0,0,0,0,1,1,0,0,793423,7824,5836090,167
195081,11,7,7050501,Rathausstra�e,2019,5,13,7,2,1,5,0,0,1,0,0,0,0,0,797376,435,5818673,678
195082,11,6,6040703,Nikolassee,2019,5,17,7,3,0,5,0,0,1,0,1,0,0,0,784501,3803,5817251,528
195083,11,3,3020209,Niedersch�nhausen,2019,5,22,6,3,5,3,2,0,1,0,0,0,0,0,797904,7327,5835174,888
195084,11,10,10030727,Biesdorf S�d,2019,5,20,6,3,2,6,0,0,1,0,1,0,0,0,809581,4176,5824962,3
195085,11,3,3061430,Volkspark Prenzlauer Berg,2019,5,18,6,3,6,4,0,1,0,1,0,0,0,0,802303,2841,5829213,752
195086,11,8,8020619,Buschkrugallee Nord,2019,5,19,6,3,2,2,1,0,1,0,1,0,0,0,802682,9982,5820805,763
195087,11,2,2010104,Wassertorplatz,2019,5,12,6,3,5,3,0,1,0,0,0,0,0,0,798664,8359,5825569,378
195088,11,7,7010102,Nollendorfplatz,2019,5,11,6,3,5,2,0,0,1,0,1,0,0,0,795022,4572,5825424,543
195089,11,1,1044201,Reinickendorfer Stra�e,2019,5,10,6,3,5,3,0,0,1,0,0,0,0,0,796676,6965,5831912,555
195090,11,8,8010301,Reuterkiez,2019,5,10,6,3,5,2,0,1,1,0,0,0,0,0,801044,8315,5824192,76
195091,11,12,12103219,Sch�fersee,2019,5,9,6,3,0,3,0,0,1,0,1,0,0,0,795635,339,5833005,716
195092,11,4,4020310,Park Ruhwald,2019,5,7,6,3,5,2,0,0,1,0,1,0,0,0,789835,8862,5827385,457
195093,11,1,1011301,Charit�viertel,2019,5,8,6,3,5,2,0,1,1,0,0,0,0,0,797091,2736,5828086,576
195094,11,4,4030827,Karl-August-Platz,2019,5,7,6,3,0,1,0,1,1,0,0,0,0,0,792727,8912,5826154,675
195095,11,7,7040405,Rathaus Tempelhof,2019,5,6,6,3,5,2,0,0,1,0,0,0,0,0,799188,5337,5821729,352
195096,11,10,10020414,Helle Mitte,2019,5,9,6,3,5,3,0,0,1,0,0,0,0,0,812203,7654,5830920,95
195097,11,2,2040502,Friedenstra�e,2019,5,8,6,3,2,6,0,0,1,0,0,0,0,0,800684,9507,5828487,468
195098,11,2,2010104,Wassertorplatz,2019,5,11,6,2,2,6,0,0,0,0,0,1,0,0,798616,4909,5825580,39
195099,11,5,5020626,Adamstra�e,2019,5,13,6,3,6,2,0,0,1,1,0,0,0,0,784770,4113,5827278,681
195100,11,4,4030931,Breitscheidplatz,2019,5,14,6,3,6,4,0,0,1,1,0,0,0,0,794533,8584,5825973,11
195101,11,4,4041241,Breite Stra�e,2019,5,14,6,3,5,3,0,1,1,0,0,0,0,0,791286,7756,5822041,28
195102,11,4,4030620,Alt-Lietzow,2019,5,15,6,3,5,2,0,1,1,0,0,0,0,0,792635,769,5827081,702
195103,11,5,5020626,Adamstra�e,2019,5,14,6,3,1,5,0,0,0,0,1,0,1,0,784457,3127,5827729,483
195104,11,1,1022201,Stephankiez,2019,5,15,6,3,3,6,0,1,1,0,0,0,0,0,795088,6116,5829212,164
195105,11,6,6020302,Komponistenviertel Lankwitz,2019,5,15,6,3,5,3,0,0,1,0,0,0,0,0,794444,1102,5818850,351
195106,11,1,1011101,St�lerstra�e,2019,5,16,6,3,5,2,0,1,1,0,0,0,0,0,795256,98,5826619,461
195107,11,1,1044203,Leopoldplatz,2019,5,16,6,3,5,3,0,1,0,0,0,0,1,0,795878,7812,5831961,412
195108,11,4,4051446,Preu�enpark,2019,5,16,6,3,5,2,0,1,1,0,0,0,0,0,792914,3567,5824391,903
195109,11,10,10010310,Alt-Marzahn,2019,5,17,6,3,5,3,0,0,1,0,0,0,0,0,807795,406,5830767,254
195110,11,3,3020307,Buchholz,2019,5,17,6,3,2,6,0,0,1,0,0,0,1,0,800159,5052,5838188,34
195111,11,7,7060604,Marienfelde S�d,2019,5,17,6,3,5,3,0,0,1,0,0,0,0,0,795811,9702,5816032,84
195112,11,12,12103218,Teichstra�e,2019,5,17,6,3,5,7,0,0,1,0,1,0,0,0,795362,2366,5833345,167
195113,11,7,7050501,Rathausstra�e,2019,5,17,6,3,0,2,0,1,1,0,0,0,0,0,797101,9851,5819466,509
195114,11,9,9051801,Rahnsdorf/Hessenwinkel,2019,5,16,6,2,5,3,0,1,1,0,0,0,0,0,820540,9574,5820238,253
195115,11,2,2030301,Oranienplatz,2019,5,16,6,3,1,5,0,1,1,0,0,0,0,0,799966,4567,5826136,889
195116,11,5,5010103,Amorbacher Weg,2019,5,18,6,3,2,2,0,1,1,0,0,0,0,0,783904,9479,5831564,69
195117,11,2,2050801,Traveplatz,2019,5,15,6,3,3,6,0,1,0,0,0,0,0,0,802191,4045,5827533,842
195118,11,3,3020209,Niedersch�nhausen,2019,5,15,5,3,3,6,0,1,1,0,0,0,0,0,797388,5311,5835020,781
195119,11,2,2020204,Urbanstra�e,2019,5,15,5,3,6,4,0,1,0,1,0,0,0,0,798689,4145,5825124,687
195120,11,12,12103218,Teichstra�e,2019,5,8,5,3,1,5,0,0,1,0,0,0,1,0,795092,616,5834845,67
195121,11,10,10020412,Alte Hellersdorfer Stra�e,2019,5,6,5,3,5,2,0,1,1,0,0,0,0,0,811339,7545,5831835,777
195122,11,11,11010310,M�hlengrund,2019,5,18,5,3,2,3,0,1,1,0,0,0,0,0,805362,98,5833283,513
195123,11,1,1033203,Humboldthain Nordwest,2019,5,17,5,3,2,6,0,0,0,0,1,0,1,0,796652,3115,5831081,169
195124,11,3,3050923,Wei�enseer Spitze,2019,5,15,5,3,3,2,0,1,1,0,0,0,0,0,800865,3729,5832082,763
195125,11,2,2010102,Mehringplatz,2019,5,23,5,3,2,6,2,0,1,0,0,0,0,0,798492,7363,5825554,579
195126,11,3,3020210,Herthaplatz,2019,5,8,5,3,2,6,0,0,1,0,0,0,0,0,800095,1856,5835999,105
195127,11,4,4041344,R�desheimer Platz,2019,5,11,5,3,5,3,0,0,1,0,0,0,0,0,793356,8495,5822575,996
195128,11,9,9030901,Dorf Altglienicke,2019,5,8,5,3,6,2,0,0,1,1,0,0,0,0,808030,699,5816810,613
195129,11,9,9041501,Altstadt Kietz,2019,5,11,5,3,5,2,0,0,1,0,0,0,0,0,811356,8138,5820043,17
195130,11,10,11030720,Herzbergstra�e,2019,5,9,5,3,3,6,0,0,1,0,1,0,0,0,806287,3904,5830171,49
195131,11,2,2020202,Rathaus Yorckstra�e,2019,5,11,5,3,2,6,0,0,1,0,1,0,0,0,797276,694,5825534,52
195132,11,11,11030721,R�digerstra�e,2019,5,9,5,3,5,3,0,1,1,0,0,0,0,0,803878,685,5828207,966
195133,11,2,2040502,Friedenstra�e,2019,5,13,5,3,3,6,0,1,0,0,0,0,0,0,801279,79,5828680,159
195134,11,9,9010202,K�penicker Landstra�e,2019,5,9,5,2,5,2,0,1,0,0,0,1,0,0,804112,8254,5823601,66
195135,11,4,4010102,Pl�tzensee,2019,5,13,5,2,2,7,0,0,1,0,1,0,0,0,791608,2553,5830690,191
195136,11,4,4030931,Breitscheidplatz,2019,5,13,5,3,0,1,0,1,0,0,0,0,0,0,793606,572,5825771,728