OBJECTID,LAND,BEZ,LOR,STRASSE,UJAHR,UMONAT,USTUNDE,UWOCHENTAG,UKATEGORIE,UART,UTYP1,ULICHTVERH,IstRad,IstPKW,IstFuss,IstKrad,IstGkfz,IstSonstige,USTRZUSTAND,LINREFX,LINREFY,XGCSWGS84,YGCSWGS84
195137,11,9,9020702,Adlershof Ost,2019,5,9,5,2,6,4,0,0,1,1,0,0,0,0,809160,4166,5819527,885
195138,11,1,1011302,Oranienburger Stra�e,2019,5,9,5,3,2,6,0,0,1,0,0,0,1,0,798673,9192,5828695,5
195139,11,2,2030302,Lausitzer Platz,2019,5,22,5,3,5,3,2,1,1,0,0,0,0,0,800679,3079,5825791,206
195140,11,2,2010104,Wassertorplatz,2019,5,21,5,3,5,3,2,0,1,0,0,0,0,0,798585,383,5825563,875
195141,11,3,3071536,Teutoburger Platz,2019,5,21,5,3,0,7,2,0,1,0,0,0,0,0,799066,3919,5830051,8
195142,11,1,1033102,Gesundbrunnen,2019,5,20,5,3,5,2,0,0,1,0,0,0,1,0,796994,1055,5831497,681
195143,11,4,4030725,Amtsgerichtsplatz,2019,5,18,5,3,3,6,0,1,1,0,0,0,0,0,791868,1203,5826504,184
195144,11,11,11020514,Gro�e-Leege-Stra�e,2019,5,17,5,3,5,2,0,1,1,0,0,0,1,0,804671,4536,5831135,931
195145,11,1,1011203,Unter den Linden S�d,2019,5,17,5,3,3,6,0,1,0,0,0,0,0,0,797756,907,5827480,333
195146,11,7,7010102,Nollendorfplatz,2019,5,16,5,3,6,3,0,1,0,1,0,0,0,0,795469,6245,5825556,633
195147,11,1,1011105,N�rdlicher Landwehrkanal,2019,5,16,5,3,5,3,0,1,1,0,0,0,0,0,795765,6848,5826672,26
195148,11,12,12231102,Frohnau,2019,5,15,5,3,2,6,0,1,1,0,0,0,0,0,790562,939,5840571,16
195149,11,5,5030832,Rohrdamm,2019,5,15,5,3,2,6,0,0,1,0,0,0,0,0,787986,9097,5830627,58
195150,11,4,4030620,Alt-Lietzow,2019,5,15,5,3,5,7,0,1,1,0,0,0,0,0,791788,63,5827482,294
195151,11,10,10020413,Gut Hellersdorf,2019,5,14,5,3,5,7,0,0,1,0,0,0,0,0,810904,7314,5831251,795
195152,11,9,9010301,Baumschulenstra�e,2019,5,13,5,3,2,2,0,0,1,0,0,0,0,0,804267,2183,5822791,669
195153,11,4,4051654,Wilhelmsaue,2019,5,13,5,3,2,6,0,0,1,0,1,0,0,0,793516,104,5823947,419
195154,11,8,8010405,Hertzbergplatz,2019,5,17,5,3,0,1,0,0,0,0,1,0,0,0,802010,3834,5823604,26
195155,11,11,11030721,R�digerstra�e,2019,5,8,5,2,5,2,0,1,0,0,0,1,0,0,803861,7432,5828653,4
195156,11,8,8020728,Buckow Ost,2019,5,8,5,3,0,3,0,0,1,0,1,0,0,0,801903,2867,5817541,786
195157,11,6,6010210,Bismarckstra�e,2019,5,8,5,2,0,1,0,0,0,0,1,0,0,0,795150,8615,5820966,652
195158,11,3,3061131,Falkplatz,2019,5,8,5,3,5,2,0,1,0,0,0,0,1,0,799183,188,5831223,96
195159,11,5,5030731,Gartenfelder Stra�e,2019,5,7,5,3,5,2,0,1,1,0,0,0,0,0,787975,1697,5830384,53
195160,11,5,5020521,D�beritzer Weg,2019,5,6,5,3,2,7,0,0,1,0,0,0,1,0,779665,19,5827806,651
195161,11,1,1022104,Emdener Stra�e,2019,5,15,5,3,0,1,0,1,0,0,0,0,0,0,793732,3461,5828907,75
195162,11,7,7010101,Wittenbergplatz/Viktoria-Luise-Platz,2019,5,19,5,3,0,1,0,0,0,0,0,0,1,0,794600,3049,5825483,134
195163,11,1,1011105,N�rdlicher Landwehrkanal,2019,5,7,4,3,5,2,0,1,0,0,0,0,1,0,796636,597,5826666,634
195164,11,6,6020409,K�nigsberger Stra�e,2019,5,11,4,3,5,3,0,0,1,0,0,0,0,1,793663,785,5817267,185
195165,11,2,2040701,Andreasviertel,2019,5,16,4,3,5,2,0,1,0,0,0,0,1,0,800579,7165,5827007,119
195166,11,1,1022101,Huttenkiez,2019,5,21,4,3,3,6,2,0,1,0,0,0,0,0,793523,1691,5829247,47
195167,11,7,7030303,Grazer Platz,2019,5,18,4,3,5,3,0,1,1,0,0,0,0,1,795307,7008,5821644,562
195168,11,6,6030605,Botanischer Garten,2019,5,16,4,3,5,2,0,1,0,0,0,0,1,0,791769,333,5819272,427
195169,11,7,7010101,Wittenbergplatz/Viktoria-Luise-Platz,2019,5,16,4,3,2,6,0,0,1,0,0,0,0,1,794573,928,5825808,598
195170,11,2,2020203,Viktoriapark,2019,5,16,4,3,6,4,0,1,0,1,0,0,0,1,797763,5826,5824918,883
195171,11,1,1011303,Alexanderplatzviertel,2019,5,16,4,3,6,4,0,1,0,1,0,0,0,1,799496,2879,5828148,72
195172,11,1,1011302,Oranienburger Stra�e,2019,5,15,4,2,0,1,0,0,0,0,1,0,0,1,798474,5261,5828257,921
195173,11,4,4020310,Park Ruhwald,2019,5,3,4,3,5,2,2,0,0,0,0,1,1,1,790354,8912,5827305,254
195174,11,5,5020419,Magistratsweg,2019,5,0,4,3,5,3,2,0,1,0,0,0,0,1,781973,84,5828471,791
195175,11,6,6020409,K�nigsberger Stra�e,2019,5,7,4,3,2,6,0,0,1,0,0,0,0,0,793602,1474,5817678,206
195176,11,6,6030609,Augustaplatz,2019,5,7,4,3,5,3,0,0,1,0,1,0,0,1,793312,6287,5818865,318
195177,11,3,3040614,Pankow Zentrum,2019,5,7,4,3,5,2,1,1,1,0,0,0,0,1,799605,3578,5834738,431
195178,11,6,6030504,Teltower Damm,2019,5,7,4,3,5,2,0,1,1,0,0,0,0,1,790623,3253,5815225,97
195179,11,9,9020702,Adlershof Ost,2019,5,7,4,3,5,2,0,0,1,0,0,0,0,1,809292,9986,5819720,822
195180,11,8,8030830,Gropiusstadt S�d,2019,5,8,4,3,5,3,0,0,1,0,1,0,0,1,802280,251,5817848,25
195181,11,11,11030721,R�digerstra�e,2019,5,8,4,3,0,1,0,1,1,0,0,0,0,1,805182,315,5827837,204
195182,11,4,4010102,Pl�tzensee,2019,5,8,4,3,2,3,0,0,1,0,1,0,0,1,793354,575,5829674,619
195183,11,1,1011105,N�rdlicher Landwehrkanal,2019,5,8,4,3,1,5,0,1,1,0,0,0,0,1,795810,2861,5826685,986
195184,11,1,1044202,Sparrplatz,2019,5,9,4,3,5,2,0,0,1,0,0,0,0,1,795526,447,5830753,349
195185,11,8,8010118,Silbersteinstra�e,2019,5,11,4,3,2,6,0,0,1,0,0,0,0,1,800946,6352,5822296,124
195186,11,4,4051549,Rathaus Wilmersdorf,2019,5,12,4,3,5,3,0,1,1,0,0,0,0,1,792980,6357,5823902,112
195187,11,2,2030302,Lausitzer Platz,2019,5,13,4,3,5,3,0,0,1,0,0,0,0,1,800615,6709,5826272,387
195188,11,9,9020501,Obersch�neweide West,2019,5,13,4,3,3,6,0,0,0,0,1,0,1,0,806089,4411,5823419,425
195189,11,8,8010117,Schillerpromenade,2019,5,13,4,3,0,2,0,1,0,0,0,1,0,0,800515,933,5823441,38
195190,11,11,11051330,Karlshorst West,2019,5,14,4,3,5,3,0,0,1,0,0,0,1,1,806560,296,5824917,53
195191,11,3,3020307,Buchholz,2019,5,14,4,3,5,3,0,1,1,0,0,0,0,1,800359,6905,5837805,332
195192,11,7,7040406,Germaniagarten,2019,5,15,4,3,2,6,0,1,1,0,0,0,0,1,799906,1036,5821888,904
195193,11,4,4020206,Angerburger Allee,2019,5,15,4,3,5,3,0,0,0,0,0,0,1,1,786554,453,5826166,334
195194,11,3,3030711,Blankenburg,2019,5,15,4,3,5,2,0,1,1,0,0,0,0,0,801924,4182,5836374,748
195195,11,2,2040502,Friedenstra�e,2019,5,15,4,3,2,7,0,1,1,0,0,0,0,1,801016,1031,5828084,115
195196,11,5,5030832,Rohrdamm,2019,5,17,4,3,2,6,0,0,0,0,0,0,1,0,789445,664,5829294,93
195197,11,9,9051702,B�lschestra�e,2019,5,15,3,3,0,7,0,0,0,0,1,1,0,0,814161,2421,5821919,589
195198,11,2,2050601,Hausburgviertel,2019,5,5,3,3,5,2,0,1,0,0,0,0,1,0,801865,7288,5828983,34
195199,11,7,7040404,Marienh�he,2019,5,8,3,3,5,7,0,0,1,0,1,0,0,0,796545,2366,5819676,997
195200,11,4,4020314,Messegel�nde,2019,5,17,3,3,5,3,0,0,1,0,0,0,0,0,789938,945,5825097,876
195201,11,3,3040513,Sch�nholz,2019,5,17,3,3,2,2,0,1,1,0,0,0,0,0,798044,564,5833592,222
195202,11,9,9041501,Altstadt Kietz,2019,5,13,3,3,6,4,0,0,1,1,0,0,0,0,810774,631,5820308,538
195203,11,3,3050923,Wei�enseer Spitze,2019,5,14,3,3,5,3,0,1,1,0,0,0,0,0,801107,4894,5831516,386
195204,11,12,12214125,Waldidyll/Flughafensee,2019,5,16,3,3,2,6,0,0,1,0,1,0,0,0,792056,7588,5831732,365
195205,11,4,4020310,Park Ruhwald,2019,5,15,3,3,2,6,0,0,1,0,0,0,0,0,790038,1744,5827339,673
195206,11,1,1022104,Emdener Stra�e,2019,5,14,3,3,5,3,0,1,1,0,0,0,0,0,794236,9884,5828849,169
195207,11,1,1022206,L�neburger Stra�e,2019,5,14,3,3,6,4,0,0,0,1,0,1,0,0,795961,6987,5828341,387
195208,11,3,3061126,Arnimplatz,2019,5,16,4,2,5,2,0,1,0,0,0,0,1,0,799224,9727,5832060,27
195209,11,9,9020501,Obersch�neweide West,2019,5,16,3,3,5,2,0,1,1,0,0,0,0,0,806076,723,5823423,187
195210,11,6,6040807,Zehlendorf Eiche,2019,5,17,4,3,2,2,0,0,1,0,0,0,0,0,789694,9635,5818444,219
195211,11,1,1011303,Alexanderplatzviertel,2019,5,17,3,3,6,4,0,0,1,1,0,0,0,0,799498,19,5828344,449
195212,11,4,4030518,Tegeler Weg,2019,5,16,4,3,0,7,0,0,1,0,1,0,0,0,791905,7084,5828172,897
195213,11,4,4051652,Nikolsburger Platz,2019,5,18,3,3,0,7,0,0,1,0,1,0,0,1,793702,5129,5824057,299
195214,11,9,9020701,Adlershof West,2019,5,16,4,2,4,6,0,1,0,0,0,0,0,0,809201,8881,5818633,952
195215,11,2,2020202,Rathaus Yorckstra�e,2019,5,19,3,3,5,3,0,1,0,0,0,0,0,0,797262,5512,5825257,527
195216,11,11,11030618,Fennpfuhl West,2019,5,13,4,2,1,5,0,1,1,0,0,0,0,0,803023,1567,5829186,892
195217,11,9,9020701,Adlershof West,2019,5,19,3,3,5,2,0,1,1,0,0,0,0,0,809342,5514,5818504,736
195218,11,2,2050801,Traveplatz,2019,5,17,4,3,0,1,0,1,0,0,0,0,0,0,802245,5088,5827511,862
195219,11,11,11030720,Herzbergstra�e,2019,5,0,3,3,2,6,2,0,0,0,1,0,1,0,805195,4214,5829062,516
195220,11,8,8010302,Bouch�stra�e,2019,5,19,3,3,2,1,0,1,1,0,1,0,0,0,801787,324,5824354,842
195221,11,8,8041038,Wa�mannsdorfer Chaussee,2019,5,14,4,3,5,2,0,0,1,0,1,0,0,0,806240,1998,5816372,401
195222,11,1,1011301,Charit�viertel,2019,5,13,3,3,2,6,0,0,1,0,0,0,1,0,797073,7299,5828869,11
195223,11,1,1022106,Elberfelder Stra�e,2019,5,14,4,3,6,2,0,0,1,1,0,0,0,0,794317,3291,5828375,969
195224,11,1,1033203,Humboldthain Nordwest,2019,5,19,3,3,0,6,1,0,1,0,0,0,1,0,796280,859,5830603,234
195225,11,3,3050923,Wei�enseer Spitze,2019,5,11,3,3,6,4,0,0,1,1,0,0,0,0,800493,3988,5832237,437
195226,11,11,11030721,R�digerstra�e,2019,5,14,4,3,2,6,0,0,0,0,0,1,1,0,803771,5451,5827656,382
195227,11,7,7070703,John-Locke-Stra�e,2019,5,11,3,3,1,5,0,0,1,0,0,0,1,0,799565,174,5813981,274
195228,11,3,3020307,Buchholz,2019,5,16,4,3,5,2,0,1,1,0,0,0,0,0,800044,1612,5837360,225
195229,11,7,7010102,Nollendorfplatz,2019,5,10,3,2,1,5,0,1,0,0,0,0,1,0,795167,5597,5825482,469
195230,11,11,11030721,R�digerstra�e,2019,5,15,4,3,1,5,0,0,1,0,0,0,1,0,805125,3412,5827919,771
195231,11,4,4030931,Breitscheidplatz,2019,5,11,3,3,1,7,0,0,1,0,0,0,0,0,793666,1349,5825719,469
195232,11,6,6010102,Schlo�stra�e,2019,5,15,4,3,1,5,0,1,1,0,0,0,0,0,793337,6142,5821268,6
195233,11,7,7040403,Manteuffelstra�e,2019,5,10,3,3,5,3,0,1,1,0,0,0,0,0,797361,6639,5821916,205
195234,11,4,4051654,Wilhelmsaue,2019,5,10,3,3,0,4,0,1,0,1,0,0,0,0,793413,2754,5823940,385
195235,11,4,4041343,Binger Stra�e,2019,5,15,4,3,5,3,0,0,1,0,0,0,0,0,792739,2564,5822309,679
195236,11,8,8010117,Schillerpromenade,2019,5,15,4,3,5,3,0,1,1,0,0,0,0,0,800497,74,5823509,314
195237,11,1,1022204,Thomasiusstra�e,2019,5,10,3,3,1,5,0,1,1,0,0,0,0,0,795071,3152,5827889,774
195238,11,8,8041036,Zittauer Stra�e,2019,5,17,4,3,5,3,0,0,1,0,0,0,0,0,805152,2159,5817163,683
195239,11,1,1044202,Sparrplatz,2019,5,9,3,3,5,2,0,0,1,0,0,0,1,0,795354,6807,5830377,425
195240,11,7,7040406,Germaniagarten,2019,5,15,4,3,6,4,0,0,1,1,0,0,0,0,800053,1082,5821656,853
195241,11,1,1044203,Leopoldplatz,2019,5,9,3,3,3,6,0,0,1,0,0,0,0,0,795709,1552,5831857,773
195242,11,1,1022206,L�neburger Stra�e,2019,5,9,3,3,5,2,0,0,1,0,0,0,1,0,796254,7982,5828526,535
195243,11,12,12214125,Waldidyll/Flughafensee,2019,5,15,4,3,0,3,0,0,1,0,0,0,0,0,791760,8415,5833982,51
195244,11,3,3040614,Pankow Zentrum,2019,5,15,4,3,0,2,0,1,1,0,0,0,0,0,798498,345,5833253,786
195245,11,1,1011303,Alexanderplatzviertel,2019,5,9,3,3,5,2,0,1,1,0,0,0,0,0,799108,7869,5828466,4
195246,11,3,3061126,Arnimplatz,2019,5,8,3,3,2,6,0,0,1,0,0,0,1,0,798441,4345,5831830,535
195247,11,6,6010102,Schlo�stra�e,2019,5,16,4,3,2,3,0,0,1,0,0,0,0,0,793425,3875,5820365,86
195248,11,4,4031032,Halensee,2019,5,8,3,3,5,2,0,1,1,0,0,0,0,0,791191,4355,5824986,16
195249,11,11,11020412,Hauptstra�e,2019,5,16,4,3,5,2,0,1,1,0,0,0,0,0,805973,5284,5831929,3
195250,11,2,2020206,Graefekiez,2019,5,8,3,3,5,2,0,1,0,0,0,0,1,0,799077,3217,5824615,27
195251,11,4,4051551,Brabanter Platz,2019,5,8,3,3,5,2,0,0,1,0,0,0,0,0,792895,848,5823289,803
195252,11,6,6040703,Nikolassee,2019,5,15,4,3,5,3,0,0,1,0,1,0,0,0,786104,6195,5817659,921
195253,11,9,9010401,Johannisthal West,2019,5,7,3,3,5,2,0,0,1,0,0,0,0,0,806201,504,5820269,154
195254,11,5,5020627,Tiefwerder,2019,5,15,4,2,5,2,0,0,1,0,0,0,1,0,785942,4293,5827983,648
195255,11,4,4020313,K�nigin-Elisabeth-Stra�e,2019,5,8,3,3,0,3,0,0,1,0,1,0,0,0,790529,5737,5826497,83
195256,11,4,4030417,Schlo�stra�e,2019,5,7,4,3,2,6,0,1,0,0,0,0,0,0,791183,4792,5826512,26
195257,11,9,9020702,Adlershof Ost,2019,5,7,3,2,2,6,0,0,1,0,1,0,0,0,809518,4536,5819768,833
195258,11,1,1033201,Brunnenstra�e,2019,5,23,4,3,0,1,2,0,1,0,1,0,0,0,798006,1532,5830348,478
195259,11,5,5020521,D�beritzer Weg,2019,5,7,3,3,2,6,0,0,1,0,0,0,0,0,779658,7112,5827808,667
195260,11,9,9020502,Obersch�neweide Ost,2019,5,6,3,3,5,3,0,0,1,0,0,0,0,1,807081,4952,5822527,206
195261,11,6,6030607,Goerzwerke,2019,5,7,4,3,2,6,0,0,1,0,0,0,0,0,792960,11,5817739,614
195262,11,1,1011304,Karl-Marx-Allee,2019,5,7,4,3,2,3,0,1,1,0,0,0,0,0,799584,768,5828056,936
195263,11,10,10020413,Gut Hellersdorf,2019,5,22,3,3,5,2,2,0,1,0,0,0,1,1,811354,1809,5830679,765
195264,11,6,6040805,Fischerh�ttenstra�e,2019,5,8,3,3,0,7,0,1,0,0,0,0,0,0,789273,2963,5818332,171
195265,11,7,7070703,John-Locke-Stra�e,2019,5,7,4,3,5,3,0,1,1,0,0,0,0,0,799194,3645,5813897,592
195266,11,4,4030725,Amtsgerichtsplatz,2019,5,17,2,3,2,6,0,0,1,0,0,0,0,1,791630,2464,5826099,408
195267,11,3,3061430,Volkspark Prenzlauer Berg,2019,5,8,4,3,5,2,0,1,1,0,0,0,0,0,802330,572,5829224,293
195268,11,6,6010205,S�dende,2019,5,19,2,3,5,3,0,1,1,0,0,0,0,1,795072,4029,5820021,88
195269,11,1,1033101,Soldiner Stra�e,2019,5,8,4,3,6,2,0,0,1,1,0,0,0,0,797713,7549,5832892,46
195270,11,8,8010404,Rixdorf,2019,5,18,2,3,6,4,0,0,1,1,0,0,0,1,801218,9811,5823688,699
195271,11,1,1011301,Charit�viertel,2019,5,9,4,3,2,6,0,1,1,0,0,0,0,0,797196,6692,5828328,854
195272,11,11,11030619,Fennpfuhl Ost,2019,5,18,2,3,0,1,0,0,1,0,1,0,0,1,803958,8596,5829072,233
195273,11,1,1011102,Gro�er Tiergarten,2019,5,9,4,2,5,2,0,1,1,0,0,0,0,0,796577,9454,5827796,978
195274,11,10,10020416,B�hlener Stra�e,2019,5,18,2,3,5,7,0,0,1,0,0,0,0,1,814247,6893,5831030,784
195275,11,2,2020206,Graefekiez,2019,5,7,4,3,5,3,0,0,1,0,0,0,0,0,800142,6591,5825066,643
195276,11,4,4041137,Flinsberger Platz,2019,5,18,2,3,5,2,0,0,1,0,0,0,0,1,790963,4793,5823016,366
195277,11,1,1033201,Brunnenstra�e,2019,5,17,2,3,5,2,0,1,1,0,0,0,0,1,798084,371,5829995,762
195278,11,4,4010101,Jungfernheide,2019,5,18,3,3,2,6,0,0,1,0,0,0,0,0,791239,2394,5829690,825
195279,11,4,4041134,Bismarckallee,2019,5,17,2,3,5,3,0,1,1,0,0,0,0,1,790925,4127,5823808,884
195280,11,4,4041136,Hagenplatz,2019,5,17,3,3,7,7,0,1,0,0,0,0,0,0,789481,905,5823567,18
195281,11,1,1011402,Arkonaplatz,2019,5,18,2,3,1,5,0,1,1,0,0,0,0,1,798585,927,5829278,804
195282,11,6,6020409,K�nigsberger Stra�e,2019,5,11,3,3,5,3,0,0,1,0,0,0,0,0,793646,5281,5817259,152
195283,11,6,6020409,K�nigsberger Stra�e,2019,5,17,2,3,5,3,0,0,1,0,0,0,0,1,793628,9764,5817259,248
195284,11,12,12214527,Alt-Tegel,2019,5,8,3,3,1,5,0,1,1,0,0,0,0,0,790380,4582,5834845,957
195285,11,9,9041501,Altstadt Kietz,2019,5,19,2,3,0,1,0,1,0,0,0,0,0,1,811225,559,5820128,656
195286,11,2,2010102,Mehringplatz,2019,5,17,2,3,6,7,0,0,1,1,0,0,0,1,798734,3192,5826189,696
195287,11,12,12302107,Schorfheidestra�e,2019,5,8,3,3,1,5,0,0,1,0,0,0,0,0,794122,1122,5835868,969
195288,11,9,9041501,Altstadt Kietz,2019,5,7,3,3,6,4,0,1,0,1,0,0,0,0,811515,5249,5820087,778
195289,11,3,3050923,Wei�enseer Spitze,2019,5,16,2,2,5,3,0,1,1,0,0,0,0,1,801070,3141,5831429,991
195290,11,1,1011402,Arkonaplatz,2019,5,16,2,3,0,1,0,1,0,0,0,0,0,1,798773,6058,5829654,34
195291,11,7,7020203,Kaiser-Wilhelm-Platz,2019,5,7,3,3,6,4,0,0,1,1,0,0,0,0,795972,2789,5824032,47
195292,11,4,4030726,Droysenstra�e,2019,5,11,2,3,3,6,0,0,1,0,0,0,0,0,792081,215,5825301,437
195293,11,8,8030830,Gropiusstadt S�d,2019,5,8,3,3,2,6,0,0,1,0,0,0,0,0,802308,6986,5817856,776
195294,11,1,1011204,Leipziger Stra�e,2019,5,14,2,3,2,2,0,0,1,0,0,0,0,0,798576,3652,5826865,805
195295,11,7,7030301,Friedenau,2019,5,14,2,3,5,2,0,1,1,0,0,0,0,0,793712,8331,5821648,221
195296,11,1,1011105,N�rdlicher Landwehrkanal,2019,5,9,3,3,3,6,0,1,1,0,0,0,0,0,795592,9516,5826267,68
195297,11,12,12304313,Borsigwalde,2019,5,12,2,3,6,7,0,1,0,1,0,0,0,0,791399,5708,5834261,64
195298,11,2,2010104,Wassertorplatz,2019,5,12,2,3,2,6,0,0,1,0,0,0,0,0,799058,618,5825596,911
195299,11,9,9010301,Baumschulenstra�e,2019,5,7,3,2,5,2,0,1,0,0,0,1,0,0,804641,202,5822121,473
195300,11,11,11030721,R�digerstra�e,2019,5,14,2,2,6,4,0,0,1,1,0,0,0,0,803751,2009,5828639,906
195301,11,9,9051901,Dammvorstadt,2019,5,12,2,2,2,6,0,0,1,0,0,1,1,0,809660,9197,5821481,488
195302,11,8,8010404,Rixdorf,2019,5,6,3,3,5,3,0,0,1,0,0,0,0,0,801908,5569,5822702,477
195303,11,4,4020207,Flatowallee,2019,5,16,2,3,2,7,0,0,1,0,0,1,0,0,788116,6455,5826424,785
195304,11,4,4010101,Jungfernheide,2019,5,6,3,3,1,5,0,0,1,0,1,0,0,0,789751,7475,5829849,139
195305,11,8,8020727,Buckow Mitte,2019,5,11,2,3,5,2,0,0,1,0,0,0,0,0,800173,7285,5817058,35
195306,11,9,9031101,Gr�nau,2019,5,0,3,3,9,1,2,0,0,0,1,0,0,0,810995,2135,5816879,573
195307,11,5,5030832,Rohrdamm,2019,5,13,2,3,0,1,0,1,0,0,0,0,0,0,788976,8398,5829789,238
195308,11,1,1022206,L�neburger Stra�e,2019,5,15,3,3,2,6,0,0,1,0,1,0,0,0,796215,8652,5828475,895
195309,11,5,5010314,Carl-Schurz-Stra�e,2019,5,9,2,3,3,6,0,0,1,0,0,0,1,0,784944,12,5829399,737
195310,11,11,11030720,Herzbergstra�e,2019,5,7,2,2,0,1,0,1,0,0,0,0,0,0,805149,9305,5829103,171
195311,11,1,1011306,Heine-Viertel Ost,2019,5,15,3,3,3,2,0,1,1,0,0,0,0,0,799986,5093,5826927,117
195312,11,2,2020206,Graefekiez,2019,5,15,3,3,1,5,0,1,0,0,0,0,1,0,799631,5178,5825078,245
195313,11,8,8010404,Rixdorf,2019,5,7,2,3,2,7,0,0,1,0,0,0,1,0,802362,7085,5822766,97
195314,11,12,12214527,Alt-Tegel,2019,5,11,2,3,3,6,0,1,0,0,0,0,0,0,790372,677,5834860,228
195315,11,7,7020204,Sch�neberger Insel,2019,5,15,3,3,2,7,0,0,1,0,0,0,0,0,796533,246,5823983,608
195316,11,8,8041037,Alt-Rudow,2019,5,10,2,3,6,2,0,0,1,1,0,0,0,0,805533,7468,5818557,601
195317,11,3,3010101,Bucher Forst,2019,5,14,3,3,5,2,0,1,1,0,0,0,0,0,803931,7778,5841354,675
195318,11,12,12214125,Waldidyll/Flughafensee,2019,5,10,2,3,1,7,0,1,1,0,0,0,0,0,790769,3381,5834508,58
195319,11,12,12231101,Hermsdorf,2019,5,14,3,3,5,3,0,0,1,0,1,0,0,0,792325,892,5839054,714
195320,11,4,4051448,Schaperstra�e,2019,5,10,2,3,5,3,0,1,1,0,0,0,0,0,793965,8941,5824966,37
195321,11,1,1033102,Gesundbrunnen,2019,5,13,3,3,5,7,0,0,1,0,0,0,0,0,797359,5377,5831681,282
195322,11,2,2040501,Barnimkiez,2019,5,9,2,3,1,5,0,1,1,0,0,0,0,0,800408,46,5828302,828
195323,11,9,9041402,Siedlung K�mmereiheide,2019,5,11,2,3,5,3,0,1,1,0,0,0,0,0,812142,1828,5820293,29
195324,11,3,3010102,Buch,2019,5,13,3,2,4,6,0,0,1,0,0,0,0,0,804405,9632,5840572,143
195325,11,1,1044101,Rehberge,2019,5,16,3,3,5,7,2,1,0,0,1,0,0,0,793687,3445,5832241,68
195326,11,2,2020204,Urbanstra�e,2019,5,12,1,3,2,6,0,0,1,0,0,0,0,0,798282,9066,5825471,912
195327,11,9,9030901,Dorf Altglienicke,2019,5,16,3,2,5,3,0,1,1,0,0,0,0,0,807975,3504,5817754,544
195328,11,1,1044203,Leopoldplatz,2019,6,16,5,3,2,6,0,0,1,0,0,1,0,1,795457,9263,5831617,404
195329,11,7,7050501,Rathausstra�e,2019,6,16,5,2,0,2,0,1,1,0,0,0,0,1,797889,82,5819627,76
195330,11,8,8020619,Buschkrugallee Nord,2019,6,16,5,3,5,2,0,1,0,0,0,0,1,0,802622,7176,5820750,658
195331,11,4,4030828,Savignyplatz,2019,6,16,5,3,5,2,0,1,1,0,0,0,0,1,793311,696,5826220,712
195332,11,2,2020203,Viktoriapark,2019,6,9,5,3,5,2,0,1,1,0,0,0,0,0,797111,702,5824238,346
195333,11,1,1022103,Westhafen,2019,6,13,5,3,5,2,0,1,1,0,0,0,0,0,794587,3105,5829777,201
195334,11,11,11030721,R�digerstra�e,2019,6,15,5,3,5,3,0,0,1,0,0,0,0,1,804599,5693,5827842,195
195335,11,4,4051655,Babelsberger Stra�e,2019,6,8,5,3,0,7,0,0,1,0,0,0,1,0,794134,397,5823925,952
195336,11,4,4030725,Amtsgerichtsplatz,2019,6,8,5,3,5,3,0,0,1,0,0,0,0,0,791289,8573,5826076,683
195337,11,4,4051446,Preu�enpark,2019,6,8,5,3,5,3,0,1,1,0,0,0,0,0,792911,9613,5824396,112
195338,11,4,4010103,Paul-Hertz-Siedlung,2019,6,7,5,3,2,6,0,0,1,0,0,0,0,0,791106,5738,5829127,238
195339,11,10,10020623,Rotes Viertel,2019,6,7,5,3,5,3,0,1,1,0,0,0,0,0,811507,8478,5828872,16
195340,11,8,8041038,Wa�mannsdorfer Chaussee,2019,6,7,5,3,5,2,0,1,0,0,0,0,0,0,806562,1642,5815922,467
195341,11,10,10020622,Kaulsdorf Nord I,2019,6,6,5,3,1,5,0,0,1,0,0,0,0,0,810838,9053,5829002,184
195342,11,7,7020203,Kaiser-Wilhelm-Platz,2019,6,23,4,3,7,7,2,1,0,0,0,0,0,0,795482,6644,5823906,983
195343,11,4,4010103,Paul-Hertz-Siedlung,2019,6,16,4,3,4,6,0,1,1,0,0,0,0,0,791489,2664,5829731,419
195344,11,12,12231102,Frohnau,2019,6,19,4,3,5,2,0,0,1,0,1,0,0,0,790222,8874,5839935,403
195345,11,4,4041137,Flinsberger Platz,2019,6,18,4,3,2,6,0,0,1,0,0,0,0,0,791736,6045,5823809,289
195346,11,2,2020202,Rathaus Yorckstra�e,2019,6,18,4,3,5,3,0,1,1,0,0,0,0,0,797263,8589,5825192,285
195347,11,4,4030725,Amtsgerichtsplatz,2019,6,23,4,3,1,5,2,0,1,0,1,0,0,0,791503,3483,5826282,273
195348,11,2,2020203,Viktoriapark,2019,6,22,4,3,5,3,2,1,1,0,0,0,0,0,796973,143,5824453,606
195349,11,1,1044201,Reinickendorfer Stra�e,2019,6,22,4,2,2,6,2,0,1,0,0,0,0,0,796599,616,5831776,118
195350,11,2,2030302,Lausitzer Platz,2019,6,18,4,3,3,6,0,1,1,0,0,0,0,0,801638,8672,5826059,459
195351,11,9,9020702,Adlershof Ost,2019,6,18,4,3,5,3,0,1,1,0,0,0,0,0,809507,55,5819511,287
195352,11,6,6030610,Lichterfelde West,2019,6,18,4,3,0,7,0,1,0,0,0,0,0,0,791844,1624,5817836,803
195353,11,3,3061429,Greifswalder Stra�e,2019,6,18,4,3,5,3,0,1,0,0,1,0,0,0,801315,9055,5831017,478