OBJECTID,LAND,BEZ,LOR,STRASSE,UJAHR,UMONAT,USTUNDE,UWOCHENTAG,UKATEGORIE,UART,UTYP1,ULICHTVERH,IstRad,IstPKW,IstFuss,IstKrad,IstGkfz,IstSonstige,USTRZUSTAND,LINREFX,LINREFY,XGCSWGS84,YGCSWGS84
195354,11,12,12103218,Teichstra�e,2019,6,16,4,3,5,2,0,0,1,0,0,0,0,0,795441,7329,5834154,72
195355,11,1,1022106,Elberfelder Stra�e,2019,6,16,4,3,5,2,0,1,1,0,0,0,0,0,793687,8012,5828003,297
195356,11,1,1033202,Humboldthain S�d,2019,6,15,4,3,0,1,0,0,0,0,1,0,0,0,798014,6677,5829956,976
195357,11,4,4010102,Pl�tzensee,2019,6,22,4,3,5,2,2,0,1,0,0,0,0,0,793352,206,5829681,351
195358,11,2,2020204,Urbanstra�e,2019,6,20,4,3,5,2,0,1,0,1,0,0,0,0,797856,954,5824923,146
195359,11,4,4030417,Schlo�stra�e,2019,6,15,4,3,5,3,0,1,0,0,0,0,1,0,791433,253,5827295,473
195360,11,11,11040926,Weitlingstra�e,2019,6,14,4,3,5,3,0,1,1,0,0,0,0,0,806134,9171,5827017,696
195361,11,3,3020210,Herthaplatz,2019,6,14,4,3,5,3,0,0,1,0,0,0,1,0,798889,5151,5835615,233
195362,11,10,10010310,Alt-Marzahn,2019,6,14,4,2,6,4,0,1,0,1,0,0,0,0,809407,983,5831062,863
195363,11,2,2050602,Samariterviertel,2019,6,13,4,3,5,2,0,0,1,0,0,0,0,0,802586,161,5827698,72
195364,11,8,8041037,Alt-Rudow,2019,6,13,4,3,5,3,0,1,1,0,0,0,0,0,805555,3092,5818563,88
195365,11,3,3061332,Helmholtzplatz,2019,6,13,4,3,1,7,0,0,0,0,1,0,0,0,799452,853,5831128,102
195366,11,9,9051901,Dammvorstadt,2019,6,13,4,2,6,4,0,0,1,1,0,0,0,0,811008,9609,5821785,53
195367,11,3,3030406,Alt-Karow,2019,6,8,4,3,0,1,0,0,0,0,1,0,0,0,802331,3129,5838821,49
195368,11,11,11040926,Weitlingstra�e,2019,6,10,4,3,0,2,0,1,1,0,0,0,0,0,804589,9708,5826362,149
195369,11,3,3071536,Teutoburger Platz,2019,6,10,4,3,2,7,0,0,0,0,1,1,0,0,798992,4358,5829272,297
195370,11,6,6020304,Kaiser-Wilhelm-Stra�e,2019,6,13,4,3,5,3,0,1,1,0,0,0,0,0,794683,2021,5817424,333
195371,11,4,4010102,Pl�tzensee,2019,6,10,4,3,2,6,0,0,1,0,1,0,0,0,793388,697,5829914,92
195372,11,11,11020411,Malchower Weg,2019,6,8,4,2,0,1,0,1,0,0,0,0,0,0,806298,2898,5832119,179
195373,11,5,5010312,Kurstra�e,2019,6,12,4,3,2,2,0,0,1,0,0,0,1,0,785191,2732,5829706,722
195374,11,3,3040614,Pankow Zentrum,2019,6,9,4,3,5,2,0,1,1,0,0,0,0,0,799955,553,5835682,51
195375,11,7,7040402,Lindenhofsiedlung,2019,6,11,4,3,5,2,0,1,1,0,0,0,0,0,796145,3415,5820785,22
195376,11,8,8010115,Hasenheide,2019,6,8,4,3,5,2,0,1,1,0,0,0,0,0,799270,5205,5823820,525
195377,11,8,8020622,Parchimer Allee,2019,6,8,4,3,5,2,0,1,1,0,0,0,0,0,802574,1122,5819912,961
195378,11,9,9052001,K�penick Nord,2019,6,7,4,3,5,7,0,0,1,0,1,0,0,0,809225,9709,5822860,971
195379,11,3,3061227,Humannplatz,2019,6,7,4,2,5,3,0,1,1,0,0,0,0,0,800111,9525,5831694,925
195380,11,1,1011301,Charit�viertel,2019,6,2,4,2,0,7,2,0,1,0,0,0,1,0,797377,5451,5828939,739
195381,11,2,2020203,Viktoriapark,2019,6,8,3,3,3,6,0,0,1,0,1,0,0,0,797534,1768,5824980,306
195382,11,4,4030827,Karl-August-Platz,2019,6,14,3,3,0,7,0,0,1,0,0,0,0,0,792394,112,5826057,655
195383,11,1,1011402,Arkonaplatz,2019,6,13,3,3,0,3,0,1,0,0,0,0,1,0,798681,4975,5829454,201
195384,11,1,1022104,Emdener Stra�e,2019,6,8,3,3,6,4,0,0,1,1,0,0,0,0,794350,5463,5828579,549
195385,11,1,1011202,Unter den Linden Nord,2019,6,16,3,3,2,2,0,1,1,0,0,0,0,0,797135,457,5827775,166
195386,11,12,12301203,Wittenau S�d,2019,6,16,3,3,5,2,0,1,1,0,0,0,0,0,793862,7627,5835438,782
195387,11,2,2030401,Reichenberger Stra�e,2019,6,16,3,3,5,2,0,1,1,0,0,0,0,0,801191,634,5825184,744
195388,11,7,7040401,Neu-Tempelhof,2019,6,15,3,3,0,2,0,1,1,0,0,0,0,0,797415,2768,5823703,78
195389,11,11,11030720,Herzbergstra�e,2019,6,15,3,3,2,6,0,0,1,0,0,0,0,0,805316,5978,5830022,476
195390,11,3,3061227,Humannplatz,2019,6,14,3,3,5,7,0,1,1,0,0,0,0,0,799595,4182,5831292,563
195391,11,5,5020419,Magistratsweg,2019,6,14,3,3,0,6,0,1,0,0,0,0,0,0,781939,5837,5828463,66
195392,11,9,9020501,Obersch�neweide West,2019,6,13,3,3,5,2,0,0,0,0,1,0,1,0,806268,862,5822161,2
195393,11,6,6020305,Gemeindepark Lankwitz,2019,6,18,3,3,6,4,0,0,1,1,0,0,0,0,795491,92,5817582,806
195394,11,4,4030929,Hindemithplatz,2019,6,12,3,3,3,6,0,0,1,0,1,0,0,0,792713,4498,5825710,295
195395,11,7,7050503,Eisenacher Stra�e,2019,6,12,3,3,6,7,0,0,1,1,0,0,0,0,798358,6693,5819903,3
195396,11,5,5020625,Borkumer Stra�e,2019,6,11,3,3,2,2,0,0,1,0,0,0,0,0,784711,3804,5828610,451
195397,11,1,1011105,N�rdlicher Landwehrkanal,2019,6,11,3,3,5,2,0,1,1,0,0,0,0,0,796635,4551,5826670,495
195398,11,9,9041301,Kietzer Feld/Nachtheide,2019,6,11,3,3,3,6,0,1,0,0,0,0,0,0,811682,718,5819968,789
195399,11,11,11041022,Rosenfelder Ring,2019,6,13,3,2,5,3,0,1,1,0,0,0,0,0,806596,466,5827370,338
195400,11,4,4030622,Richard-Wagner-Stra�e,2019,6,11,3,2,2,7,0,1,1,0,0,0,0,0,792033,9153,5826857,7
195401,11,1,1044201,Reinickendorfer Stra�e,2019,6,11,3,3,2,2,0,0,1,0,0,0,0,0,796423,9958,5831972,409
195402,11,1,1033201,Brunnenstra�e,2019,6,10,3,3,3,6,0,0,1,0,1,0,0,0,798279,6793,5830092,791
195403,11,4,4010102,Pl�tzensee,2019,6,10,3,3,5,2,0,0,1,0,0,0,0,0,793352,8684,5829679,469
195404,11,8,8041037,Alt-Rudow,2019,6,10,3,3,5,3,0,0,1,0,0,0,0,0,805094,456,5817915,933
195405,11,4,4030518,Tegeler Weg,2019,6,9,3,3,5,3,0,1,1,0,0,0,0,0,791936,663,5828318,382
195406,11,2,2020202,Rathaus Yorckstra�e,2019,6,23,3,2,5,2,2,1,1,0,0,0,0,0,797916,269,5825263,65
195407,11,1,1022104,Emdener Stra�e,2019,6,20,3,3,2,6,0,0,1,0,0,0,0,0,794029,8575,5828460,733
195408,11,2,2010102,Mehringplatz,2019,6,8,3,3,5,3,0,1,1,0,0,0,0,0,798264,3827,5825734,828
195409,11,8,8010213,K�rnerpark,2019,6,9,3,3,1,5,0,1,1,0,0,0,0,0,801392,4588,5822960,85
195410,11,3,3061430,Volkspark Prenzlauer Berg,2019,6,9,3,3,2,6,0,0,1,0,1,0,0,0,802014,4093,5829661,574
195411,11,5,5020524,Weinmeisterhornweg,2019,6,7,3,3,0,1,0,1,0,0,0,0,0,0,783642,4947,5825508,227
195412,11,11,11020514,Gro�e-Leege-Stra�e,2019,6,8,3,3,5,3,0,1,1,0,0,0,0,0,804456,4143,5830937,524
195413,11,6,6020302,Komponistenviertel Lankwitz,2019,6,20,3,3,6,7,0,1,0,1,0,0,0,0,794274,8905,5819344,777
195414,11,10,10020413,Gut Hellersdorf,2019,6,19,3,2,6,4,0,0,1,1,0,0,0,0,810834,6214,5830942,63
195415,11,12,12214422,Klixstra�e,2019,6,8,3,2,5,2,0,1,1,0,0,0,0,0,792185,2074,5832955,97
195416,11,3,3061430,Volkspark Prenzlauer Berg,2019,6,19,3,3,5,2,0,1,1,0,0,0,0,0,802418,4068,5829234,25
195417,11,7,7040406,Germaniagarten,2019,6,8,3,3,3,6,0,0,1,0,0,1,0,0,799951,9255,5821299,952
195418,11,8,8030831,Gropiusstadt Ost,2019,6,19,3,3,6,2,0,0,1,1,0,0,0,0,803715,423,5818000,808
195419,11,4,4051448,Schaperstra�e,2019,6,19,3,3,1,5,0,1,1,0,0,0,1,0,793601,4256,5825243,999
195420,11,3,3020209,Niedersch�nhausen,2019,6,8,3,3,5,3,0,1,1,0,0,0,0,0,797534,7777,5834855,4
195421,11,12,12214422,Klixstra�e,2019,6,7,3,3,2,6,0,0,1,0,0,0,0,0,792157,5669,5832941,828
195422,11,4,4030828,Savignyplatz,2019,6,7,3,3,5,3,0,0,1,0,0,0,1,0,793262,1425,5826081,537
195423,11,2,2020206,Graefekiez,2019,6,18,3,3,3,6,0,1,1,0,0,0,0,0,799991,515,5825411,924
195424,11,4,4030518,Tegeler Weg,2019,6,18,3,2,5,2,0,0,1,0,1,0,0,0,791785,8375,5828225,159
195425,11,12,12214125,Waldidyll/Flughafensee,2019,6,18,3,3,2,6,0,0,1,0,0,0,0,0,791914,501,5831520,756
195426,11,2,2020203,Viktoriapark,2019,6,7,3,3,1,1,0,0,1,0,1,0,0,0,797370,1478,5824872,937
195427,11,11,11020515,Landsberger Allee,2019,6,4,3,3,5,3,1,0,1,0,0,0,0,0,803985,2031,5830279,257
195428,11,9,9020502,Obersch�neweide Ost,2019,6,17,3,3,1,5,0,1,1,0,0,0,0,0,807525,722,5821627,774
195429,11,9,9051901,Dammvorstadt,2019,6,4,3,3,0,1,1,1,0,0,0,0,0,0,811999,9543,5821166,6
195430,11,1,1011101,St�lerstra�e,2019,6,17,3,3,5,3,0,0,1,0,0,0,1,0,794983,8905,5826147,484
195431,11,10,10010308,Marzahner Chaussee,2019,6,17,3,3,0,2,0,1,1,0,0,0,0,0,806628,4689,5830238,426
195432,11,9,9030901,Dorf Altglienicke,2019,6,12,2,3,2,6,0,0,1,0,1,0,0,0,807552,4587,5815370,726
195433,11,2,2010102,Mehringplatz,2019,6,18,2,3,1,5,0,1,1,0,0,0,0,0,798504,4933,5826129,934
195434,11,11,11020411,Malchower Weg,2019,6,12,2,3,5,3,0,1,0,0,0,0,0,0,805334,4515,5832884,709
195435,11,6,6030610,Lichterfelde West,2019,6,12,2,3,6,7,0,1,0,1,0,0,0,0,792581,3032,5817837,8
195436,11,11,11020411,Malchower Weg,2019,6,22,2,3,8,1,2,0,1,0,0,0,0,1,806502,409,5832279,515
195437,11,8,8010509,Schulenburgpark,2019,6,22,2,3,0,3,2,1,1,0,0,0,0,1,803950,6014,5822021,11
195438,11,1,1022206,L�neburger Stra�e,2019,6,21,2,3,5,3,0,0,1,0,0,0,0,0,796228,5364,5828214,796
195439,11,7,7040403,Manteuffelstra�e,2019,6,20,2,3,5,2,0,0,1,0,0,0,1,0,796914,542,5822289,442
195440,11,9,9020501,Obersch�neweide West,2019,6,20,2,3,5,2,0,1,1,0,0,0,0,0,806455,522,5822104,81
195441,11,8,8010213,K�rnerpark,2019,6,19,2,3,0,3,0,1,1,0,0,0,0,1,801143,484,5822843,549
195442,11,10,10040933,Mahlsdorf S�d,2019,6,20,2,3,5,3,0,0,1,0,0,0,1,1,812489,1631,5824946,873
195443,11,3,3061227,Humannplatz,2019,6,20,2,3,5,3,1,1,1,0,0,0,0,1,799770,4934,5831409,32
195444,11,9,9020702,Adlershof Ost,2019,6,19,2,2,0,1,0,1,0,0,0,0,0,1,809569,5743,5819802,871
195445,11,9,9031001,Bohnsdorf,2019,6,20,2,2,1,7,1,0,1,0,0,0,0,1,810536,7814,5816296,424
195446,11,7,7040405,Rathaus Tempelhof,2019,6,19,2,3,8,1,0,0,1,0,0,0,0,1,799538,8553,5821808,631
195447,11,1,1044101,Rehberge,2019,6,18,2,3,2,2,0,1,1,0,0,0,0,0,793819,788,5831725,809
195448,11,4,4030621,Spreestadt,2019,6,18,2,3,2,6,0,0,1,0,0,0,0,0,793549,4379,5827732,561
195449,11,2,2050802,Boxhagener Platz,2019,6,18,2,2,5,2,0,1,1,0,0,0,0,0,802107,3253,5827355,98
195450,11,4,4031032,Halensee,2019,6,18,2,3,1,5,0,1,1,0,0,0,0,0,791292,7781,5825004,868
195451,11,4,4051652,Nikolsburger Platz,2019,6,17,2,3,2,6,0,0,1,0,0,0,0,0,793515,7699,5824046,691
195452,11,6,6030503,Zehlendorf Mitte,2019,6,15,2,3,3,6,0,0,1,0,1,0,0,0,789522,7543,5817483,272
195453,11,7,7040405,Rathaus Tempelhof,2019,6,17,2,3,5,3,0,0,1,0,0,0,0,0,798626,8361,5820663,485
195454,11,10,10040931,Mahlsdorf Nord,2019,6,17,2,3,5,3,0,1,1,0,0,0,0,0,814259,2633,5829301,131
195455,11,9,9010301,Baumschulenstra�e,2019,6,22,2,3,5,2,2,1,1,0,0,0,0,1,804531,42,5821714,577
195456,11,3,3020307,Buchholz,2019,6,15,2,3,5,3,0,1,0,0,0,0,0,0,799883,9204,5837959,226
195457,11,6,6010102,Schlo�stra�e,2019,6,14,2,3,5,3,0,1,1,0,0,0,0,0,793425,588,5820368,851
195458,11,1,1011104,K�rnerstra�e,2019,6,14,2,3,0,2,0,0,1,0,0,0,1,0,796256,8989,5825959,676
195459,11,2,2020206,Graefekiez,2019,6,14,2,3,2,6,0,0,1,0,0,0,0,0,800315,6647,5824569,108
195460,11,3,3030715,Heinersdorf,2019,6,13,2,3,2,6,0,0,1,0,0,1,0,0,800735,709,5833607,495
195461,11,5,5010209,An der Kappe,2019,6,12,2,3,1,5,0,1,0,0,0,0,1,0,783196,5081,5830090,414
195462,11,8,8020619,Buschkrugallee Nord,2019,6,11,2,3,5,7,0,0,1,0,0,0,0,0,801471,7689,5820904,62
195463,11,1,1044203,Leopoldplatz,2019,6,12,2,3,2,6,0,0,1,0,0,0,0,0,795793,896,5831890,866
195464,11,1,1011302,Oranienburger Stra�e,2019,6,0,2,3,5,2,2,1,1,0,0,0,0,0,798494,3787,5829062,257
195465,11,4,4030929,Hindemithplatz,2019,6,12,2,3,5,7,0,0,1,0,1,0,0,0,792407,3687,5825612,226
195466,11,1,1011402,Arkonaplatz,2019,6,11,2,3,6,4,0,1,0,1,0,0,0,0,798523,9629,5829141,341
195467,11,1,1033102,Gesundbrunnen,2019,6,11,2,2,5,2,0,0,1,0,0,0,0,0,797364,2415,5831210,392
195468,11,9,9041301,Kietzer Feld/Nachtheide,2019,6,16,2,3,5,3,0,0,1,0,1,0,0,0,811750,9201,5819776,663
195469,11,2,2020203,Viktoriapark,2019,6,11,2,3,5,2,0,1,1,0,0,0,0,0,797802,39,5824910,25
195470,11,1,1044201,Reinickendorfer Stra�e,2019,6,11,2,3,3,6,0,0,1,0,1,0,0,0,796834,2216,5831942,209
195471,11,10,10030725,Buckower Ring,2019,6,16,2,2,0,5,0,1,1,0,0,0,0,0,809955,1726,5828031,183
195472,11,5,5010101,Hakenfelde Nord,2019,6,10,2,2,5,2,0,0,1,0,1,0,0,0,785222,4364,5831822,854
195473,11,9,9051901,Dammvorstadt,2019,6,16,2,3,5,3,0,1,1,0,0,0,0,0,809945,8114,5821592,81
195474,11,4,4030415,Schlo�garten,2019,6,10,2,3,2,6,0,0,1,0,1,0,0,0,791649,497,5827653,217
195475,11,8,8030830,Gropiusstadt S�d,2019,6,10,2,3,5,7,0,1,1,0,0,0,0,0,802702,256,5818043,2
195476,11,3,3061430,Volkspark Prenzlauer Berg,2019,6,15,2,3,0,7,0,0,1,0,0,0,0,0,802305,7357,5829235,442
195477,11,9,9010401,Johannisthal West,2019,6,15,2,3,0,6,0,1,1,0,0,0,0,0,805441,3094,5821500,211
195478,11,2,2040701,Andreasviertel,2019,6,9,2,3,5,3,0,1,1,0,0,0,0,0,800778,505,5827188,74
195479,11,5,5020626,Adamstra�e,2019,6,9,2,3,5,2,0,1,1,0,0,0,0,0,784218,851,5827369,133
195480,11,2,2020204,Urbanstra�e,2019,6,8,2,3,5,2,0,1,1,0,0,0,0,0,798314,8855,5825383,127
195481,11,4,4020310,Park Ruhwald,2019,6,8,2,3,5,2,0,0,1,0,0,0,0,0,790211,4519,5827297,934
195482,11,2,2030301,Oranienplatz,2019,6,7,2,3,2,6,0,0,1,0,0,1,0,0,799975,5727,5825746,689
195483,11,5,5020625,Borkumer Stra�e,2019,6,15,2,3,6,4,0,0,1,1,0,0,0,0,784458,4571,5828663,554
195484,11,9,9052001,K�penick Nord,2019,6,7,2,3,5,3,0,0,1,0,0,0,0,0,810947,1361,5822198,973
195485,11,1,1011105,N�rdlicher Landwehrkanal,2019,6,6,2,3,5,7,0,0,1,0,0,0,0,0,795336,7708,5826631,6
195486,11,12,12214125,Waldidyll/Flughafensee,2019,6,15,2,3,0,2,0,0,1,0,0,0,1,0,790944,8486,5833788,281
195487,11,1,1011302,Oranienburger Stra�e,2019,6,6,2,3,2,6,0,0,1,0,0,0,0,0,799078,1247,5828998,61
195488,11,9,9020702,Adlershof Ost,2019,6,6,2,3,0,3,0,1,1,0,0,0,0,0,809668,744,5819050,76
195489,11,1,1011304,Karl-Marx-Allee,2019,6,15,2,2,2,2,0,0,1,0,0,0,0,0,799727,7436,5827760,655
195490,11,3,3061228,Erich-Weinert-Stra�e,2019,6,5,2,3,1,5,0,0,1,0,1,0,0,0,800486,9949,5831261,907
195491,11,2,2050601,Hausburgviertel,2019,6,1,2,3,5,2,2,0,1,0,0,0,0,0,801777,9822,5828668,491
195492,11,1,1011401,Invalidenstra�e,2019,6,8,2,3,0,1,0,1,0,0,0,0,0,0,798106,7921,5829363,715
195493,11,11,11030720,Herzbergstra�e,2019,6,20,2,3,5,2,0,1,1,0,0,0,0,1,805123,4827,5829991,758
195494,11,6,6040810,Dahlem,2019,6,9,2,3,5,2,0,1,0,0,0,0,1,0,791848,9725,5821376,437
195495,11,10,10010203,Gewerbegebiet Bitterfelder Stra�e,2019,6,17,2,1,1,7,0,0,1,0,0,0,0,0,807352,427,5832454,823
195496,11,4,4030724,Lietzensee,2019,6,14,1,3,2,6,0,1,0,0,0,0,0,0,790965,9526,5826026,471
195497,11,4,4041238,Kissinger Stra�e,2019,6,14,1,3,5,3,0,1,1,0,0,0,0,0,791553,9247,5823245,511
195498,11,1,1011401,Invalidenstra�e,2019,6,14,1,3,6,7,0,0,1,1,0,0,0,0,797521,9227,5829149,117
195499,11,9,9041501,Altstadt Kietz,2019,6,19,1,3,3,6,0,1,1,0,0,0,0,0,811012,9502,5820412,725
195500,11,1,1044201,Reinickendorfer Stra�e,2019,6,21,1,3,5,3,0,0,1,0,0,0,0,0,795854,7449,5831132,303
195501,11,11,2050803,Stralauer Kiez,2019,6,20,1,2,4,6,0,0,1,0,1,0,0,0,803311,958,5826289,712
195502,11,2,2040701,Andreasviertel,2019,6,20,1,3,1,5,0,1,1,0,0,0,1,0,800846,907,5826869,321
195503,11,4,4010102,Pl�tzensee,2019,6,17,1,3,0,2,0,1,1,0,0,0,0,0,791834,2318,5830684,825
195504,11,2,2010102,Mehringplatz,2019,6,17,1,2,5,3,0,0,1,0,1,0,0,0,798331,7871,5825629,632
195505,11,10,10040933,Mahlsdorf S�d,2019,6,15,1,2,5,3,0,0,1,0,1,0,0,0,812575,854,5824282,132
195506,11,7,7010104,Dennewitzplatz,2019,6,16,1,3,5,2,0,1,1,0,0,0,0,0,795999,7539,5824957,198
195507,11,3,3071633,Th�lmannpark,2019,6,16,1,3,0,1,0,1,0,0,0,0,0,0,800029,1676,5830416,599
195508,11,11,11051331,Karlshorst Nord,2019,6,14,1,3,5,3,0,0,1,0,0,0,0,0,808003,4667,5824739,716
195509,11,7,7010102,Nollendorfplatz,2019,6,14,1,3,5,3,0,0,1,0,1,0,0,0,794954,3795,5825404,27
195510,11,1,1011101,St�lerstra�e,2019,6,14,1,3,5,3,0,0,1,0,0,0,0,0,794991,914,5826149,61
195511,11,1,1011202,Unter den Linden Nord,2019,6,14,1,3,5,2,0,0,1,0,1,0,0,0,797703,8288,5827795,443
195512,11,11,11051331,Karlshorst Nord,2019,6,14,1,2,5,3,0,1,1,0,0,0,0,0,808002,764,5824740,141
195513,11,3,3061126,Arnimplatz,2019,6,13,1,3,2,6,0,0,1,0,0,0,0,0,798310,987,5831834,952
195514,11,11,11051330,Karlshorst West,2019,6,12,6,3,5,2,0,1,1,0,0,0,0,0,807062,6312,5824409,718
195515,11,8,8020619,Buschkrugallee Nord,2019,6,13,1,3,2,6,0,0,1,0,0,0,0,0,801401,2667,5821120,991
195516,11,7,7040403,Manteuffelstra�e,2019,6,12,1,2,5,3,0,0,1,0,1,0,0,0,797649,4987,5822186,485
195517,11,1,1033102,Gesundbrunnen,2019,6,12,6,3,5,2,0,1,0,0,0,0,1,0,797141,2919,5831886,679
195518,11,1,1044101,Rehberge,2019,6,1,1,2,5,2,2,0,1,0,0,0,0,0,793962,7642,5830161,353
195519,11,6,6040809,Thielallee,2019,6,17,6,2,5,2,0,1,1,0,0,0,0,0,792354,529,5820772,49
195520,11,11,11020411,Malchower Weg,2019,6,2,1,3,5,3,2,0,1,0,0,0,0,0,804988,9884,5833003,16
195521,11,8,8020625,Handwerker-Siedlung,2019,6,12,6,3,3,6,0,1,0,0,0,1,0,0,801490,3895,5817788,317
195522,11,12,12301203,Wittenau S�d,2019,6,10,1,3,4,5,0,0,1,0,0,0,0,0,793707,74,5835028,565
195523,11,12,12301203,Wittenau S�d,2019,6,7,6,2,5,2,0,1,0,0,0,1,0,0,792848,8962,5835170,88
195524,11,1,1044202,Sparrplatz,2019,6,10,1,3,5,2,0,0,1,0,0,0,0,0,794619,775,5829877,865
195525,11,1,1033102,Gesundbrunnen,2019,6,11,1,3,5,3,0,0,1,0,0,0,1,0,797153,9337,5831897,15
195526,11,5,5010101,Hakenfelde Nord,2019,6,12,6,3,5,3,0,1,1,0,0,0,0,0,785933,6378,5831651,73
195527,11,6,6030607,Goerzwerke,2019,6,12,1,2,2,1,0,0,1,0,0,0,0,0,791970,4502,5816407,285
195528,11,4,4051448,Schaperstra�e,2019,6,12,6,3,0,6,0,0,1,0,1,0,0,0,793484,7223,5825053,893
195529,11,11,11030618,Fennpfuhl West,2019,6,1,1,3,0,1,2,0,0,0,1,0,0,0,803678,9343,5828763,369
195530,11,4,4041342,Schlangenbader Stra�e,2019,6,11,6,3,5,2,0,0,1,0,1,0,0,0,792115,2887,5822352,903
195531,11,8,8010301,Reuterkiez,2019,6,0,1,3,0,1,2,1,0,0,0,0,0,0,801355,2814,5823951,9
195532,11,8,8020727,Buckow Mitte,2019,6,11,6,3,5,2,0,1,1,0,0,0,0,0,800946,5111,5817042,181
195533,11,2,2040701,Andreasviertel,2019,6,12,7,3,5,3,0,0,1,0,0,0,0,0,800157,9541,5827367,796
195534,11,3,3071536,Teutoburger Platz,2019,6,18,7,3,5,3,0,0,1,0,0,0,0,0,798953,1672,5829166,35
195535,11,9,9041401,Allende I,2019,6,12,6,3,5,3,0,0,1,0,0,0,1,0,811644,1419,5820420,711
195536,11,3,3051017,Rennbahnstra�e,2019,6,13,6,2,5,3,0,1,1,0,0,0,0,0,803391,1171,5832799,33
195537,11,6,6030606,Hindenburgdamm,2019,6,15,7,3,1,5,0,1,1,0,0,0,0,0,793693,4001,5819262,561
195538,11,10,10010206,Ringkolonnaden,2019,6,18,7,2,5,3,0,1,1,0,0,0,0,0,809970,5197,5832029,817
195539,11,9,9020802,K�llnische Vorstadt,2019,6,12,6,2,3,6,0,1,0,0,0,1,0,0,810467,96,5820310,159
195540,11,7,7040401,Neu-Tempelhof,2019,6,15,7,3,5,2,0,1,0,0,0,0,0,0,797776,6614,5823273,751
195541,11,4,4020311,Reichsstra�e,2019,6,16,6,3,5,3,0,1,1,0,0,0,0,0,789559,8855,5826580,372
195542,11,1,1022104,Emdener Stra�e,2019,6,14,7,3,5,2,0,0,1,0,1,0,0,0,794242,987,5828441,211
195543,11,1,1044201,Reinickendorfer Stra�e,2019,6,19,7,3,2,6,0,0,1,0,0,0,0,0,796684,9964,5831917,808
195544,11,8,8020727,Buckow Mitte,2019,6,16,6,3,5,3,0,0,1,0,1,0,0,0,801575,1342,5816649,688
195545,11,2,2030301,Oranienplatz,2019,6,19,7,3,5,3,0,1,1,0,0,0,0,0,799598,6806,5826095,896
195546,11,4,4030931,Breitscheidplatz,2019,6,13,7,3,5,2,0,1,1,0,0,0,0,0,794117,342,5826092,18
195547,11,3,3030405,Karow Nord,2019,6,16,6,3,6,4,0,0,1,1,0,0,0,0,803515,117,5839643,54
195548,11,11,11051332,Karlshorst S�d,2019,6,19,7,3,2,6,0,0,1,0,0,0,0,0,807229,562,5824116,198
195549,11,9,9041501,Altstadt Kietz,2019,6,16,6,2,5,2,0,1,1,0,0,0,0,0,811692,3888,5819923,671
195550,11,4,4020310,Park Ruhwald,2019,6,16,6,2,4,6,0,1,0,0,0,0,0,0,790150,5424,5828210,8
195551,11,7,7020201,Bayerischer Platz,2019,6,19,7,3,5,3,0,0,1,0,0,0,0,0,794964,5671,5824059,457
195552,11,2,2010104,Wassertorplatz,2019,6,15,6,2,5,7,0,0,1,0,0,1,0,0,799444,6735,5825642,377
195553,11,2,2030302,Lausitzer Platz,2019,6,12,7,2,5,2,0,1,1,0,0,0,0,0,800946,851,5826400,28
195554,11,4,4030621,Spreestadt,2019,6,16,6,3,5,2,0,1,0,0,1,0,0,0,793559,2538,5827756,96
195555,11,6,6040806,Fischtal,2019,6,22,7,3,6,4,2,0,1,1,0,0,0,0,788845,7188,5819607,9
195556,11,7,7070702,Alt-Lichtenrade/T�pchiner Weg,2019,6,12,7,3,1,5,0,0,1,0,0,0,0,0,800128,5192,5814982,438
195557,11,7,7010102,Nollendorfplatz,2019,6,16,6,3,1,5,0,1,1,0,0,0,0,0,795883,5766,5825470,29
195558,11,4,4041238,Kissinger Stra�e,2019,6,9,6,3,2,7,0,0,1,0,0,0,0,0,791683,1119,5823653,805
195559,11,5,5010314,Carl-Schurz-Stra�e,2019,6,11,7,3,0,2,0,0,1,0,0,0,1,0,784843,1873,5829239,963
195560,11,5,5010339,Freiheit,2019,6,10,7,3,5,2,0,1,1,0,0,0,0,0,788103,7111,5827867,4
195561,11,3,3050924,Behaimstra�e,2019,6,12,6,2,1,1,0,0,1,0,0,0,1,0,801589,5728,5831780,427
195562,11,1,1011302,Oranienburger Stra�e,2019,6,23,7,2,0,1,2,1,0,0,0,0,0,0,798496,293,5828386,934
195563,11,2,2010102,Mehringplatz,2019,6,17,6,3,5,3,0,0,1,0,0,0,0,0,798411,8411,5825784,562
195564,11,8,8020622,Parchimer Allee,2019,6,9,7,3,5,7,0,0,1,0,0,0,0,0,802374,663,5819912,366
195565,11,1,1033201,Brunnenstra�e,2019,6,9,7,2,5,2,0,1,0,0,0,1,0,0,798071,6509,5829988,77
195566,11,8,8010117,Schillerpromenade,2019,6,15,6,3,6,2,0,0,1,1,0,0,0,0,800651,7363,5823014,231
195567,11,4,4051445,Eisenzahnstra�e,2019,5,5,6,3,5,2,0,1,1,0,0,0,0,0,791762,2535,5824375,355
195568,11,3,3050923,Wei�enseer Spitze,2019,5,7,6,3,5,3,0,0,1,0,1,0,0,0,800994,2425,5831899,738
195569,11,2,2010102,Mehringplatz,2019,6,23,6,2,5,3,2,0,1,0,0,0,0,0,798531,8039,5826271,364
195570,11,4,4030519,Kaiserin-Augusta-Allee,2019,5,9,6,3,5,2,0,1,1,0,0,0,0,0,792326,574,5828251,913