OBJECTID,LAND,BEZ,LOR,STRASSE,UJAHR,UMONAT,USTUNDE,UWOCHENTAG,UKATEGORIE,UART,UTYP1,ULICHTVERH,IstRad,IstPKW,IstFuss,IstKrad,IstGkfz,IstSonstige,USTRZUSTAND,LINREFX,LINREFY,XGCSWGS84,YGCSWGS84
195571,11,11,11010103,Dorf Falkenberg,2019,6,15,6,3,5,2,0,0,1,0,1,0,0,0,807931,2058,5833796,26
195572,11,4,4030725,Amtsgerichtsplatz,2019,5,9,6,3,5,2,0,0,1,0,0,0,0,0,791916,419,5826239,76
195573,11,7,7050503,Eisenacher Stra�e,2019,5,15,6,3,2,6,0,0,1,0,0,0,0,0,799139,9432,5819915,761
195574,11,7,7050501,Rathausstra�e,2019,6,11,6,3,1,5,0,1,1,0,0,0,1,0,797853,1267,5819621,187
195575,11,3,3050923,Wei�enseer Spitze,2019,6,11,6,3,2,1,0,0,1,0,0,0,0,0,801160,4459,5831611,249
195576,11,12,12214423,Mellerbogen,2019,5,15,6,3,5,3,0,0,1,0,0,0,0,0,792601,3061,5833665,675
195577,11,7,7040401,Neu-Tempelhof,2019,5,15,6,3,5,2,0,1,1,0,0,0,0,0,797748,2126,5822532,304
195578,11,4,4030416,Klausenerplatz,2019,6,18,6,3,0,7,0,1,0,0,0,0,0,0,791296,1495,5827183,946
195579,11,9,9031001,Bohnsdorf,2019,5,13,6,3,5,3,0,1,1,0,0,0,0,0,810544,9155,5815073,19
195580,11,2,2010104,Wassertorplatz,2019,6,10,6,2,6,4,0,1,0,1,0,0,0,0,799774,2389,5825695,517
195581,11,12,12214424,Scharnweberstra�e,2019,5,13,6,2,5,2,0,0,1,0,0,0,0,0,793186,3101,5832306,134
195582,11,12,12302107,Schorfheidestra�e,2019,5,16,6,3,5,3,0,0,1,0,0,0,0,0,793845,7033,5836158,9
195583,11,4,5030833,Motardstra�e,2019,5,17,6,2,2,6,0,0,1,0,0,0,0,0,790383,9967,5829032,405
195584,11,12,12231102,Frohnau,2019,6,15,6,3,1,5,0,0,1,0,0,0,0,0,789775,4404,5839769,236
195585,11,9,9010202,K�penicker Landstra�e,2019,5,17,6,2,5,2,0,1,1,0,0,0,0,0,804483,659,5823234,787
195586,11,3,3061131,Falkplatz,2019,6,10,6,3,5,2,0,0,1,0,1,0,0,0,798625,4236,5831114,243
195587,11,2,2020206,Graefekiez,2019,5,19,6,3,5,7,0,1,0,0,0,0,1,0,799780,1101,5824852,426
195588,11,5,5030731,Gartenfelder Stra�e,2019,6,9,6,3,1,5,0,1,1,0,0,0,1,0,786995,5361,5829344,1
195589,11,2,2020206,Graefekiez,2019,5,19,6,3,0,6,0,0,1,0,0,0,1,0,799529,413,5824906,783
195590,11,2,2030301,Oranienplatz,2019,6,9,6,3,5,3,0,1,1,0,0,0,0,0,799702,925,5826016,308
195591,11,12,12214424,Scharnweberstra�e,2019,5,20,6,3,5,2,0,0,1,0,0,0,0,1,793277,7366,5832576,995
195592,11,9,9010402,Johannisthal Ost,2019,6,15,6,3,5,3,0,1,1,0,0,0,0,0,806460,1913,5820700,254
195593,11,7,7040405,Rathaus Tempelhof,2019,5,21,6,3,2,6,2,0,1,0,0,0,1,1,798915,8768,5821220,273
195594,11,7,7070703,John-Locke-Stra�e,2019,6,15,6,3,1,5,0,1,1,0,0,0,0,0,799689,621,5813178,698
195595,11,2,2020205,Chamissokiez,2019,5,18,6,3,0,1,0,1,0,0,0,0,0,0,799191,7976,5824231,976
195596,11,6,6010101,Fichtenberg,2019,5,9,6,3,2,2,0,0,1,0,0,0,1,0,792655,7477,5820908,331
195597,11,4,4010102,Pl�tzensee,2019,6,14,6,3,5,2,0,1,1,0,0,0,0,0,793170,9312,5830158,347
195598,11,9,9051801,Rahnsdorf/Hessenwinkel,2019,5,10,6,3,5,2,0,1,1,0,0,0,0,0,819383,6943,5819909,118
195599,11,4,4030620,Alt-Lietzow,2019,6,14,6,3,5,2,0,1,1,0,0,0,0,0,791852,6099,5827431,584
195600,11,3,3071537,Kollwitzplatz,2019,5,12,6,3,2,6,0,0,1,0,0,0,0,0,799869,2738,5829787,294
195601,11,1,1011306,Heine-Viertel Ost,2019,5,12,6,3,0,7,0,1,0,0,0,0,1,1,799883,9208,5826480,63
195602,11,3,3061126,Arnimplatz,2019,6,14,6,2,5,2,0,1,1,0,0,0,0,0,798642,4057,5831469,185
195603,11,1,1044203,Leopoldplatz,2019,5,12,6,3,2,6,0,0,1,0,0,0,0,0,795445,7201,5831557,49
195604,11,6,6020303,Lankwitz Kirche,2019,6,13,6,3,1,5,0,1,1,0,0,0,0,0,795430,6847,5818542,783
195605,11,2,2030302,Lausitzer Platz,2019,5,12,6,3,2,6,0,0,1,0,0,0,1,0,801215,309,5826225,282
195606,11,6,6040808,H�ttenweg,2019,6,14,6,3,2,6,0,0,1,0,0,1,0,0,790129,1696,5819679,493
195607,11,1,1011306,Heine-Viertel Ost,2019,5,12,6,3,0,7,0,0,0,0,1,0,1,1,799884,913,5826475,448
195608,11,1,1044101,Rehberge,2019,6,10,6,3,2,6,0,0,1,0,0,1,0,0,793964,9749,5830169,605
195609,11,12,12301203,Wittenau S�d,2019,5,23,6,3,2,6,2,0,1,0,0,0,0,1,793941,3213,5835293,842
195610,11,1,1011301,Charit�viertel,2019,5,21,6,3,0,1,2,0,0,0,1,0,0,1,797011,4463,5828945,174
195611,11,1,1022106,Elberfelder Stra�e,2019,6,8,6,3,1,1,0,0,1,0,0,0,0,0,793989,87,5828215,839
195612,11,11,11051332,Karlshorst S�d,2019,6,8,6,1,6,4,0,0,0,1,0,1,0,0,807133,9037,5823935,226
195613,11,2,2010101,Askanischer Platz,2019,5,18,5,3,6,7,0,0,1,1,0,0,0,0,797701,214,5826004,969
195614,11,8,8010406,Treptower Stra�e Nord,2019,6,16,5,3,0,2,0,1,0,0,0,0,1,1,802517,8258,5824218,267
195615,11,7,7070704,Nahariyastra�e,2019,5,18,5,2,5,2,0,0,1,0,1,0,0,0,800164,9566,5814068,965
195616,11,2,2010102,Mehringplatz,2019,6,18,5,3,3,6,0,1,1,0,0,0,0,0,797760,4877,5826437,829
195617,11,4,4041344,R�desheimer Platz,2019,5,17,5,3,6,4,0,0,1,1,0,0,0,0,792980,2962,5822529,243
195618,11,10,10020519,Boulevard Kastanienallee,2019,5,17,5,2,5,3,0,1,1,0,0,0,0,0,812267,9107,5830209,467
195619,11,12,12214527,Alt-Tegel,2019,6,15,5,3,2,6,0,0,1,0,0,0,0,0,790646,3225,5834378,22
195620,11,9,9041501,Altstadt Kietz,2019,6,7,5,3,5,2,0,1,1,0,0,0,0,0,811004,6205,5820318,672
195621,11,3,3020209,Niedersch�nhausen,2019,5,16,5,3,5,3,0,0,1,0,0,0,0,0,797239,9163,5835063,787
195622,11,10,10040828,Kaulsdorf Nord,2019,5,16,5,2,5,3,0,1,1,0,0,0,0,0,811909,316,5829755,694
195623,11,9,9020701,Adlershof West,2019,6,7,5,3,5,2,0,1,1,0,0,0,0,0,809340,9173,5818506,28
195624,11,1,1022106,Elberfelder Stra�e,2019,5,18,5,3,5,2,0,1,1,0,0,0,0,0,794316,304,5828379,61
195625,11,5,5010102,Goltzstra�e,2019,6,6,5,3,5,3,0,0,1,0,1,0,0,0,785203,8256,5831871,763
195626,11,12,12231102,Frohnau,2019,5,16,5,3,0,1,0,1,0,0,0,0,0,0,790567,1911,5841249,854
195627,11,10,10010102,Havemannstra�e,2019,5,16,5,3,5,7,0,0,1,0,0,0,0,0,809347,2347,5834283,652
195628,11,8,8010508,Wei�e Siedlung,2019,6,6,5,3,5,2,0,1,0,0,1,0,0,0,803180,965,5822713,857
195629,11,2,2040701,Andreasviertel,2019,5,23,5,2,6,4,2,0,1,1,0,0,0,0,800883,174,5826849,831
195630,11,1,1044203,Leopoldplatz,2019,6,21,5,3,5,7,2,1,1,0,0,0,0,1,795873,6255,5831960,346
195631,11,8,8010214,Glasower Stra�e,2019,5,22,5,3,5,7,2,1,1,0,0,0,0,0,801152,3466,5822196,66
195632,11,8,8010117,Schillerpromenade,2019,6,21,5,3,2,6,1,1,1,0,0,0,0,1,800715,726,5822880,25
195633,11,4,4051446,Preu�enpark,2019,5,20,5,3,5,3,1,1,1,0,0,0,0,0,792912,4407,5824395,27
195634,11,4,4030828,Savignyplatz,2019,6,21,5,3,6,4,1,0,1,1,0,0,0,1,793150,5614,5826111,657
195635,11,3,3051017,Rennbahnstra�e,2019,5,20,5,3,5,2,1,1,1,0,0,0,0,0,804447,8874,5832668,121
195636,11,1,1022204,Thomasiusstra�e,2019,5,19,5,3,1,5,0,1,1,0,0,0,0,0,794705,3814,5828322,533
195637,11,8,8041038,Wa�mannsdorfer Chaussee,2019,6,12,5,2,6,2,0,0,1,1,0,0,0,0,805682,6494,5816732,619
195638,11,3,3061228,Erich-Weinert-Stra�e,2019,6,23,5,3,5,3,2,0,1,0,0,0,0,1,800312,204,5831547,272
195639,11,10,10030727,Biesdorf S�d,2019,5,18,5,3,2,6,0,1,0,0,0,0,0,0,809633,2375,5825751,669
195640,11,10,10040830,Kaulsdorf S�d,2019,5,18,5,3,5,3,0,0,1,0,0,0,0,0,810496,826,5824818,404
195641,11,3,3030716,M�rchenland,2019,6,15,5,3,0,7,0,0,1,0,0,0,0,0,802837,2,5835346,607
195642,11,1,1011202,Unter den Linden Nord,2019,5,15,5,3,3,6,0,1,1,0,0,0,0,0,797682,2716,5827925,576
195643,11,8,8010303,Donaustra�e,2019,6,15,5,3,5,2,0,0,1,0,0,0,0,1,801015,6259,5823905,729
195644,11,4,4020311,Reichsstra�e,2019,5,15,5,3,5,3,0,0,1,0,0,0,0,0,789024,1779,5827024,15
195645,11,1,1022101,Huttenkiez,2019,6,15,5,3,1,5,0,1,1,0,0,0,1,1,793066,1171,5828301,705
195646,11,3,3040508,Rosenthal,2019,5,14,5,3,2,2,0,0,1,0,0,0,0,0,796933,4,5836537,757
195647,11,7,7060601,Marienfelder Allee Nordwest,2019,6,13,5,2,2,6,0,1,1,0,0,0,0,0,796571,7072,5816237,907
195648,11,4,4051549,Rathaus Wilmersdorf,2019,5,14,5,3,2,6,0,0,1,0,0,0,0,0,792463,7819,5824037,338
195649,11,11,11030721,R�digerstra�e,2019,6,12,5,2,6,2,0,0,1,1,0,0,0,0,804306,3817,5828168,337
195650,11,11,11040926,Weitlingstra�e,2019,5,13,5,3,6,2,0,0,0,1,0,0,1,0,805353,67,5827358,962
195651,11,2,2040502,Friedenstra�e,2019,6,12,5,3,5,2,0,1,1,0,0,0,0,0,800928,5868,5828504,474
195652,11,5,5040934,Alt-Gatow,2019,5,13,5,2,1,5,0,1,1,0,0,0,0,0,783897,6421,5823452,484
195653,11,6,6030608,Schweizer Viertel,2019,5,10,5,2,5,7,0,0,1,0,1,0,0,0,792904,7046,5817699,674
195654,11,1,1022205,Zillesiedlung,2019,6,12,5,3,5,2,0,0,1,0,1,0,0,0,796061,5195,5828499,804
195655,11,5,5020625,Borkumer Stra�e,2019,5,6,5,2,1,5,0,0,1,0,0,0,0,0,784036,3263,5827974,402
195656,11,9,9020501,Obersch�neweide West,2019,6,12,5,3,2,6,0,0,1,0,0,0,0,0,806434,868,5822979,87
195657,11,12,12214528,Tegeler Forst,2019,5,16,4,3,2,6,0,0,1,0,0,0,0,0,787918,8952,5836238,85
195658,11,2,2020205,Chamissokiez,2019,6,11,5,2,5,7,0,1,1,0,0,0,0,0,798201,4225,5824527,251
195659,11,4,4010102,Pl�tzensee,2019,5,18,4,3,2,2,0,1,1,0,0,0,0,0,793341,673,5829714,923
195660,11,6,6040703,Nikolassee,2019,6,11,5,3,5,2,0,0,1,0,1,0,0,0,786983,8973,5817341,288
195661,11,2,2040703,Wriezener Bahnhof/Entwicklungsgebiet,2019,5,18,4,3,5,2,0,1,0,0,0,0,1,0,801759,6367,5826240,48
195662,11,1,1022104,Emdener Stra�e,2019,5,16,4,3,3,6,0,0,1,0,1,0,0,0,794571,404,5828597,616
195663,11,10,10010310,Alt-Marzahn,2019,6,11,5,3,2,6,0,0,1,0,0,0,0,0,809467,4359,5831424,554
195664,11,9,9051702,B�lschestra�e,2019,6,7,5,3,6,2,0,0,1,1,0,0,0,0,814708,2746,5821927,342
195665,11,9,9051901,Dammvorstadt,2019,5,23,4,3,0,1,2,1,0,0,0,0,0,0,810257,7465,5821474,36
195666,11,4,4030622,Richard-Wagner-Stra�e,2019,5,17,4,3,6,4,0,0,1,1,0,0,0,0,792063,7493,5826935,87
195667,11,2,2050802,Boxhagener Platz,2019,6,10,5,3,5,5,0,0,1,0,1,0,0,0,802166,7874,5827344,11
195668,11,1,1011204,Leipziger Stra�e,2019,5,20,4,3,0,2,1,1,0,0,0,1,0,0,797855,1246,5826858,942
195669,11,4,4030621,Spreestadt,2019,6,10,5,3,2,2,0,0,1,0,0,0,0,0,794160,1722,5827008,865
195670,11,4,4051653,Prager Platz,2019,5,18,4,3,5,3,0,1,1,0,0,0,0,0,793977,113,5824687,13
195671,11,9,9010301,Baumschulenstra�e,2019,5,18,4,2,5,2,0,0,1,0,0,0,0,0,804391,857,5821738,307
195672,11,4,4051448,Schaperstra�e,2019,6,9,5,3,6,2,0,1,0,1,0,0,0,0,793503,775,5825217,488
195673,11,2,2020203,Viktoriapark,2019,5,23,4,3,5,3,2,0,1,0,0,0,0,0,797839,9179,5824927,167
195674,11,11,11040926,Weitlingstra�e,2019,5,22,4,3,5,2,2,0,1,0,0,0,0,0,804587,552,5826362,866
195675,11,11,11010310,M�hlengrund,2019,6,9,5,2,6,4,0,0,0,1,0,0,1,0,805456,5376,5833348,812
195676,11,3,3040818,Pankow S�d,2019,5,21,4,3,5,2,1,1,1,0,0,0,0,0,800014,579,5833422,155
195677,11,3,3061332,Helmholtzplatz,2019,5,18,4,3,0,2,0,0,1,0,1,0,0,0,799528,8817,5831002,162
195678,11,4,4030929,Hindemithplatz,2019,6,19,5,3,2,6,0,1,0,0,1,0,0,1,792711,8957,5825652,153
195679,11,1,1044203,Leopoldplatz,2019,5,18,4,3,5,2,0,1,1,0,0,0,0,0,796010,1208,5831416,59
195680,11,1,1011302,Oranienburger Stra�e,2019,6,18,5,3,0,1,0,1,0,0,0,0,0,1,798646,18,5828482,384
195681,11,5,5020625,Borkumer Stra�e,2019,5,15,4,3,6,2,0,0,1,1,0,0,0,0,784673,2814,5828461,76
195682,11,1,1011302,Oranienburger Stra�e,2019,6,18,5,3,0,3,0,1,0,0,1,0,0,1,798119,3663,5828960,15
195683,11,10,10040830,Kaulsdorf S�d,2019,5,18,4,3,5,3,0,1,1,0,0,0,0,0,810635,6804,5825832,55
195684,11,5,5010314,Carl-Schurz-Stra�e,2019,6,18,5,3,0,2,0,1,1,0,0,0,0,1,784493,338,5828877,794
195685,11,6,6010101,Fichtenberg,2019,5,9,4,2,3,6,0,0,1,0,1,0,0,0,793367,92,5820349,127
195686,11,2,2030302,Lausitzer Platz,2019,5,11,4,3,5,3,0,1,1,0,0,0,0,0,800624,6462,5826273,879
195687,11,1,1011201,Wilhelmstra�e,2019,6,18,5,2,5,3,1,1,1,0,0,0,0,1,797910,1197,5826572,8
195688,11,12,12302109,Treuenbrietzener Stra�e,2019,6,18,5,3,5,2,0,1,1,0,0,0,0,1,795103,567,5836856,314
195689,11,4,4051446,Preu�enpark,2019,5,18,4,3,2,6,0,0,1,0,0,0,0,0,792307,7887,5825309,517
195690,11,4,4041136,Hagenplatz,2019,5,11,4,3,5,2,0,0,1,0,0,1,0,0,790536,3376,5822781,428
195691,11,6,6040806,Fischtal,2019,6,18,5,2,6,4,0,0,1,1,0,0,0,1,788900,4661,5819429,736
195692,11,7,7010102,Nollendorfplatz,2019,5,11,4,3,5,7,0,0,1,0,0,0,0,0,795484,179,5825581,347
195693,11,1,1011301,Charit�viertel,2019,6,18,5,3,0,1,0,0,0,0,1,0,0,1,796778,4258,5828817,975
195694,11,5,5010314,Carl-Schurz-Stra�e,2019,5,11,4,3,5,2,0,0,1,0,1,0,0,0,784685,25,5829353,95
195695,11,2,2030301,Oranienplatz,2019,6,17,5,2,6,4,0,0,0,1,1,0,0,1,799854,844,5825830,614
195696,11,2,2040703,Wriezener Bahnhof/Entwicklungsgebiet,2019,5,12,4,3,1,5,0,1,1,0,0,0,1,0,801448,4442,5826394,208
195697,11,12,12224230,Heiligensee,2019,6,16,5,2,0,1,0,1,0,0,0,0,0,1,787421,995,5838721,999
195698,11,9,9010302,Sp�thsfelde,2019,5,17,4,3,2,6,0,1,1,0,0,0,0,0,804041,8239,5821222,142
195699,11,4,4020311,Reichsstra�e,2019,5,17,4,2,6,4,0,0,1,1,0,0,0,0,789061,7861,5827078,67
195700,11,1,1022102,Beusselkiez,2019,6,16,5,3,6,4,0,0,1,1,0,0,0,1,793557,2543,5828335,358
195701,11,7,7050505,Hundsteinweg,2019,6,15,5,3,1,5,0,0,1,0,0,0,0,1,798266,3731,5818954,37
195702,11,6,6020410,Oberhofer Platz,2019,5,17,4,3,5,3,0,0,1,0,0,0,1,0,794204,1863,5816869,231
195703,11,4,4030417,Schlo�stra�e,2019,6,17,5,3,5,3,0,1,1,0,0,0,0,0,791792,5745,5827046,45
195704,11,1,1033101,Soldiner Stra�e,2019,6,17,5,3,4,6,0,0,0,0,1,1,0,0,796660,9602,5832032,766
195705,11,4,4030519,Kaiserin-Augusta-Allee,2019,6,17,5,3,5,3,0,0,1,0,0,0,0,0,791333,4184,5828705,526
195706,11,12,12103219,Sch�fersee,2019,6,17,5,3,5,3,0,1,1,0,0,0,0,0,795563,458,5833222,522
195707,11,1,1011306,Heine-Viertel Ost,2019,6,16,5,3,5,3,0,0,1,0,0,0,1,0,800065,5959,5826411,893
195708,11,6,6030504,Teltower Damm,2019,6,16,5,3,5,2,0,1,1,0,0,0,0,0,790858,999,5817586,205
195709,11,4,4030620,Alt-Lietzow,2019,6,16,5,2,5,3,0,1,1,0,0,0,0,0,792630,7151,5827088,365
195710,11,3,3010102,Buch,2019,6,16,5,3,5,2,0,1,1,0,0,0,0,0,804276,5729,5841093,313
195711,11,1,1011301,Charit�viertel,2019,6,16,5,3,5,2,0,0,1,0,1,0,0,0,797074,6823,5829292,201
195712,11,10,10020621,Gelbes Viertel,2019,6,20,5,3,2,6,0,0,1,0,1,0,0,0,811337,3735,5829835,24
195713,11,2,2050801,Traveplatz,2019,6,20,5,3,5,3,0,1,1,0,0,0,0,0,803553,1542,5827194,927
195714,11,2,2050601,Hausburgviertel,2019,6,19,5,3,5,3,0,1,1,0,0,0,0,0,801966,6973,5829025,696
195715,11,11,11040926,Weitlingstra�e,2019,6,19,5,3,2,2,0,0,1,0,0,0,0,0,804467,6155,5826384,245
195716,11,5,5020626,Adamstra�e,2019,6,19,5,3,1,5,0,0,1,0,0,0,1,0,784701,6351,5827273,318
195717,11,10,10020412,Alte Hellersdorfer Stra�e,2019,6,18,5,3,2,6,0,0,1,0,0,0,1,0,811702,5599,5831880,642
195718,11,6,6040810,Dahlem,2019,6,18,5,3,0,7,0,1,0,0,0,0,0,0,790576,9004,5821720,593
195719,11,1,1022104,Emdener Stra�e,2019,6,18,5,3,5,3,0,1,1,0,0,0,0,0,794564,483,5829100,632
195720,11,1,1011401,Invalidenstra�e,2019,6,18,5,3,0,1,0,1,0,0,0,0,0,0,798305,3221,5829373,244
195721,11,7,7060604,Marienfelde S�d,2019,6,18,5,3,0,2,0,1,1,0,0,0,0,0,795656,9348,5816070,422
195722,11,9,9020502,Obersch�neweide Ost,2019,6,15,5,3,6,7,0,1,0,1,0,0,0,0,807236,4344,5822135,766
195723,11,9,9051901,Dammvorstadt,2019,6,17,5,3,2,6,0,0,1,0,1,0,0,0,809683,3583,5821307,296
195724,11,2,2050602,Samariterviertel,2019,6,15,5,3,6,4,0,0,1,1,0,0,0,0,802688,7741,5828129,335
195725,11,9,9020501,Obersch�neweide West,2019,6,15,5,3,2,6,0,0,1,0,0,0,0,0,806504,8231,5822090,641
195726,11,2,2010104,Wassertorplatz,2019,6,15,5,3,5,7,0,0,1,0,0,0,0,0,799332,99,5825627,348
195727,11,10,10010203,Gewerbegebiet Bitterfelder Stra�e,2019,6,6,5,2,5,2,0,1,1,0,0,0,0,0,808083,5429,5832324,671
195728,11,3,3040614,Pankow Zentrum,2019,6,7,5,2,5,3,0,1,1,0,0,0,0,0,798990,5836,5835036,513
195729,11,1,1011102,Gro�er Tiergarten,2019,6,14,5,3,6,4,0,0,1,1,0,0,0,0,794938,9804,5827271,4
195730,11,11,11051229,Rummelsburg,2019,6,7,5,3,3,6,0,0,1,0,1,0,0,1,803699,3924,5826242,401
195731,11,2,2030402,Wrangelkiez,2019,6,7,5,3,3,6,0,1,0,0,0,0,1,0,801597,5221,5825937,283
195732,11,6,6010205,S�dende,2019,6,7,5,3,3,6,0,0,1,0,1,0,0,0,795822,2132,5819719,904
195733,11,6,6030503,Zehlendorf Mitte,2019,6,7,5,2,5,2,0,0,1,0,1,0,0,1,788909,923,5817930,331
195734,11,1,1044201,Reinickendorfer Stra�e,2019,6,8,5,3,5,3,0,1,1,0,0,0,0,0,796113,3924,5831188,849
195735,11,11,11020412,Hauptstra�e,2019,6,8,5,3,6,4,0,0,1,1,0,0,0,0,806173,8233,5831244,78
195736,11,9,9010101,Elsenstra�e,2019,6,8,5,3,5,2,0,1,1,0,0,0,0,0,802352,5717,5824748,49
195737,11,9,9020501,Obersch�neweide West,2019,6,9,5,3,5,2,0,1,1,0,0,0,0,0,806199,7972,5823259,926
195738,11,1,1011203,Unter den Linden S�d,2019,6,14,5,3,5,7,0,0,1,0,1,0,0,0,798142,92,5827413,83
195739,11,1,1011202,Unter den Linden Nord,2019,6,10,5,3,5,3,0,1,1,0,0,0,0,0,797160,435,5827685,961
195740,11,11,11041128,Sewanstra�e,2019,6,10,5,2,5,3,0,1,0,0,0,1,0,0,807089,5401,5825838,724
195741,11,4,4041136,Hagenplatz,2019,6,12,5,3,2,6,0,1,1,0,0,0,0,0,790046,636,5822991,8
195742,11,3,3051022,Hansastra�e,2019,6,12,5,3,1,5,0,1,1,0,0,0,0,0,802858,4508,5831759,3
195743,11,2,2020204,Urbanstra�e,2019,6,12,5,3,0,3,0,1,0,0,0,1,0,0,798491,9379,5825234,696
195744,11,4,4030726,Droysenstra�e,2019,6,8,5,2,0,1,0,1,0,0,0,0,0,0,792087,792,5825285,928
195745,11,4,4020208,Kranzallee,2019,6,16,5,3,5,3,0,1,0,0,0,0,1,0,786960,292,5825533,407
195746,11,6,6030610,Lichterfelde West,2019,6,15,4,3,6,7,0,0,0,1,1,0,0,0,791522,147,5818101,647
195747,11,1,1033202,Humboldthain S�d,2019,6,11,4,3,6,4,0,1,0,1,0,0,0,0,797706,136,5829665,789
195748,11,1,1011301,Charit�viertel,2019,6,19,4,3,0,1,0,0,0,0,1,0,0,1,797222,1328,5829068,629
195749,11,8,8010509,Schulenburgpark,2019,6,19,4,3,0,1,1,1,0,0,0,0,0,1,803814,9189,5822123,38
195750,11,3,3010102,Buch,2019,6,11,4,2,4,6,0,0,1,0,0,1,0,0,804873,5719,5841344,509
195751,11,2,2020203,Viktoriapark,2019,6,8,4,3,0,1,0,0,0,0,1,0,0,1,797102,1111,5824461,43
195752,11,1,1033102,Gesundbrunnen,2019,6,23,4,3,0,2,2,1,1,0,0,0,0,1,797656,133,5831888,78
195753,11,1,1033203,Humboldthain Nordwest,2019,6,22,4,3,0,3,2,0,1,0,1,0,0,1,796542,1253,5829873,613
195754,11,12,12302108,M�rkisches Zentrum,2019,6,22,4,3,5,3,2,0,1,0,0,0,0,1,793946,4197,5836639,163
195755,11,6,6010206,Stadtpark,2019,6,15,4,3,5,2,0,0,1,0,1,0,0,0,794789,3652,5819837,703
195756,11,10,10020412,Alte Hellersdorfer Stra�e,2019,6,15,4,2,6,4,0,0,1,1,0,0,0,0,811301,9219,5831644,18
195757,11,7,7040405,Rathaus Tempelhof,2019,6,15,4,3,0,7,0,0,1,0,0,0,1,0,798507,165,5820918,369
195758,11,1,1011201,Wilhelmstra�e,2019,6,16,4,3,6,4,0,1,0,1,0,0,0,0,797135,8407,5826451,252
195759,11,9,9051901,Dammvorstadt,2019,6,18,4,3,5,2,0,1,1,0,0,0,0,1,810939,7698,5821589,109
195760,11,9,9020802,K�llnische Vorstadt,2019,6,18,4,3,6,4,0,0,1,1,0,0,0,1,810176,6919,5819580,752
195761,11,4,4030620,Alt-Lietzow,2019,6,18,4,3,5,3,0,1,1,0,0,0,0,1,791815,9749,5827721,353
195762,11,11,11030824,Frankfurter Allee S�d,2019,6,19,4,3,0,7,0,0,1,0,0,0,0,1,804744,6384,5827412,75
195763,11,8,8010405,Hertzbergplatz,2019,6,18,4,3,5,2,0,0,0,0,1,0,1,0,802184,3121,5823750,843
195764,11,5,5010206,G�tersloher Weg,2019,6,17,4,3,6,4,0,1,0,1,0,0,0,0,781626,8029,5830689,753
195765,11,3,3061430,Volkspark Prenzlauer Berg,2019,6,16,4,3,6,4,0,1,0,1,0,0,0,0,802231,7584,5829343,843
195766,11,3,3040818,Pankow S�d,2019,6,16,4,3,5,3,0,0,1,0,0,0,1,0,800015,434,5833422,212
195767,11,8,8010303,Donaustra�e,2019,6,22,4,3,2,6,2,0,1,0,0,0,0,1,800343,3043,5824377,42
195768,11,3,3050920,Wei�er See,2019,6,20,4,3,5,3,1,1,1,0,0,0,0,1,801828,3152,5831741,146
195769,11,5,5020626,Adamstra�e,2019,6,16,4,3,2,6,0,0,1,0,0,0,0,0,783392,355,5827691,34
195770,11,1,1011201,Wilhelmstra�e,2019,6,20,4,3,1,5,0,1,1,0,0,0,0,1,797212,284,5827200,14
195771,11,1,1033201,Brunnenstra�e,2019,6,19,4,2,5,7,0,0,1,0,0,0,1,1,798032,9586,5830088,787
195772,11,8,8030829,Gropiusstadt Nord,2019,6,18,4,3,0,1,1,1,0,0,0,0,0,1,803039,4929,5818352,386
195773,11,1,1011302,Oranienburger Stra�e,2019,6,10,4,3,1,5,0,1,1,0,0,0,1,0,798660,1176,5828529,973
195774,11,6,6030610,Lichterfelde West,2019,6,13,4,3,5,2,0,1,1,0,0,0,0,0,792762,5723,5817959,17
195775,11,5,5010311,Eiswerder,2019,6,14,4,3,5,2,0,1,1,0,0,0,0,0,785392,594,5830299,982
195776,11,6,6040703,Nikolassee,2019,6,14,4,3,5,3,0,0,1,0,0,0,0,0,785991,2499,5817398,888
195777,11,2,2010103,Moritzplatz,2019,6,12,4,3,2,6,0,1,1,0,0,0,0,0,799535,5179,5825861,18
195778,11,2,2030402,Wrangelkiez,2019,6,13,4,3,5,2,0,0,1,0,1,0,0,0,801837,1915,5825745,476
195779,11,1,1022201,Stephankiez,2019,6,13,4,3,5,3,0,1,1,0,0,0,0,0,795089,579,5828866,944
195780,11,4,4020313,K�nigin-Elisabeth-Stra�e,2019,6,13,4,3,5,3,0,1,1,0,0,0,0,0,790494,101,5826545,703
195781,11,6,6020305,Gemeindepark Lankwitz,2019,6,15,4,3,5,2,0,1,1,0,0,0,0,0,795596,1917,5817084,586
195782,11,4,4051653,Prager Platz,2019,6,15,4,3,2,6,0,0,1,0,0,0,0,0,793967,9715,5824808,709
195783,11,4,4030724,Lietzensee,2019,6,12,4,2,5,3,0,1,1,0,0,0,0,0,791284,9177,5826353,81
195784,11,6,6020410,Oberhofer Platz,2019,6,13,4,3,2,6,0,0,1,0,0,0,0,0,794926,3511,5816245,19
195785,11,3,3051021,Buschallee,2019,6,10,4,3,5,7,0,0,1,0,0,0,1,0,803489,245,5832275,531
195786,11,1,1044201,Reinickendorfer Stra�e,2019,6,19,4,3,3,6,0,0,1,0,0,0,0,1,796941,6989,5831531,146
195787,11,2,2020206,Graefekiez,2019,6,19,4,3,0,5,0,1,1,0,0,0,0,1,799391,5706,5824779,84