OBJECTID,LAND,BEZ,LOR,STRASSE,UJAHR,UMONAT,USTUNDE,UWOCHENTAG,UKATEGORIE,UART,UTYP1,ULICHTVERH,IstRad,IstPKW,IstFuss,IstKrad,IstGkfz,IstSonstige,USTRZUSTAND,LINREFX,LINREFY,XGCSWGS84,YGCSWGS84
195788,11,11,11030619,Fennpfuhl Ost,2019,6,4,4,3,0,7,1,0,0,0,1,0,1,1,803815,4113,5829076,625
195789,11,4,4041344,R�desheimer Platz,2019,6,5,4,3,0,3,0,0,1,0,1,0,0,1,793355,9089,5822576,2
195790,11,1,1011203,Unter den Linden S�d,2019,6,6,4,3,5,3,0,0,1,0,0,0,0,1,797959,9349,5827080,333
195791,11,9,9020502,Obersch�neweide Ost,2019,6,6,4,3,5,3,0,0,1,0,0,0,0,0,807026,6737,5822418,551
195792,11,10,10010308,Marzahner Chaussee,2019,6,10,4,3,5,3,0,1,1,0,0,0,0,0,806466,208,5830189,797
195793,11,4,4030621,Spreestadt,2019,6,6,4,3,2,7,0,0,0,0,1,1,0,1,793558,9085,5827755,268
195794,11,4,4051445,Eisenzahnstra�e,2019,6,7,4,3,5,7,0,0,1,0,0,0,0,0,792443,672,5824097,216
195795,11,11,11030619,Fennpfuhl Ost,2019,6,7,4,3,5,2,0,1,1,0,0,0,0,0,803973,8845,5829075,174
195796,11,5,5020522,Pillnitzer Weg,2019,6,8,4,3,5,2,0,1,1,0,0,0,0,1,782287,798,5827413,14
195797,11,2,2020204,Urbanstra�e,2019,6,9,4,3,3,6,0,1,0,0,0,0,0,0,798125,518,5825283,641
195798,11,1,1011303,Alexanderplatzviertel,2019,6,9,4,3,5,2,0,1,1,0,0,0,0,0,799107,7908,5828466,68
195799,11,9,9041501,Altstadt Kietz,2019,6,9,4,3,2,6,0,0,1,0,0,1,0,0,811250,131,5820228,506
195800,11,2,2030301,Oranienplatz,2019,6,9,4,3,5,2,0,0,1,0,1,0,0,0,800080,396,5825641,56
195801,11,6,6030605,Botanischer Garten,2019,6,8,4,3,5,3,0,1,1,0,0,0,0,0,791767,8694,5819273,967
195802,11,4,4030519,Kaiserin-Augusta-Allee,2019,6,9,4,3,6,4,0,0,1,1,0,0,0,0,792064,486,5828315,791
195803,11,3,3061441,Eldenaer Stra�e,2019,6,8,4,3,1,5,0,0,1,0,0,0,0,0,803018,9307,5828592,455
195804,11,3,3061228,Erich-Weinert-Stra�e,2019,6,9,4,3,2,6,0,1,0,0,0,0,1,0,800378,9307,5831547,391
195805,11,7,7040404,Marienh�he,2019,6,8,4,3,6,4,0,1,0,1,0,0,0,0,797285,4013,5820652,56
195806,11,12,12302108,M�rkisches Zentrum,2019,6,8,4,3,5,3,0,0,1,0,0,0,1,0,793960,5279,5836628,458
195807,11,4,4030929,Hindemithplatz,2019,6,8,4,3,0,1,0,0,0,0,1,0,0,0,792362,8208,5825380,274
195808,11,3,3040512,Wilhelmsruh,2019,6,15,3,3,2,6,0,0,1,0,0,0,0,0,796783,2187,5835811,127
195809,11,1,1044201,Reinickendorfer Stra�e,2019,6,18,3,3,2,6,0,1,1,0,0,0,0,0,796853,464,5831545,802
195810,11,1,1033102,Gesundbrunnen,2019,6,14,3,3,6,7,0,1,0,1,0,0,0,0,797575,6596,5831644,311
195811,11,8,8010302,Bouch�stra�e,2019,6,14,3,3,2,6,0,0,1,0,0,0,0,0,801411,203,5824757,381
195812,11,1,1011102,Gro�er Tiergarten,2019,6,12,3,3,6,7,0,1,0,1,0,0,0,0,796844,3881,5827831,729
195813,11,5,5020523,Maulbeerallee,2019,6,19,3,3,5,3,0,0,1,0,0,0,0,0,783195,1955,5827093,798
195814,11,1,1011204,Leipziger Stra�e,2019,6,18,3,3,2,6,0,1,1,0,0,0,0,0,797900,3201,5826589,912
195815,11,3,3061126,Arnimplatz,2019,6,17,3,3,2,6,0,0,0,0,1,1,0,0,799197,2725,5831774,778
195816,11,1,1044202,Sparrplatz,2019,6,18,3,3,0,7,0,0,1,0,0,0,1,0,795010,5105,5830118,168
195817,11,5,5020627,Tiefwerder,2019,6,18,3,3,2,6,0,0,1,0,0,0,0,0,785673,4113,5828035,441
195818,11,2,2040702,Weberwiese,2019,6,18,3,3,5,3,0,0,1,0,0,0,0,0,801692,8906,5827209,464
195819,11,4,4030930,George-Grosz-Platz,2019,6,18,3,3,6,2,0,0,1,1,0,0,0,0,792840,4625,5825525,391
195820,11,11,11041128,Sewanstra�e,2019,6,17,3,2,5,3,0,1,0,0,0,0,0,0,806719,1922,5826792,695
195821,11,3,3061131,Falkplatz,2019,6,17,3,3,6,4,0,1,0,1,0,0,0,0,798932,8972,5831058,934
195822,11,1,1011105,N�rdlicher Landwehrkanal,2019,6,17,3,3,5,2,0,1,1,0,0,0,0,0,795768,64,5826683,928
195823,11,1,1033203,Humboldthain Nordwest,2019,6,17,3,3,2,6,0,0,1,0,0,0,0,0,796684,5093,5830138,275
195824,11,11,11051331,Karlshorst Nord,2019,6,16,3,3,6,7,0,1,0,1,0,0,0,0,807313,9746,5824881,731
195825,11,9,9051901,Dammvorstadt,2019,6,15,3,3,5,2,0,0,1,0,1,0,0,0,811143,1605,5821575,203
195826,11,8,8010211,Flughafenstra�e,2019,6,15,3,3,2,7,0,0,1,0,1,0,0,0,800356,61,5824216,3
195827,11,7,7060601,Marienfelder Allee Nordwest,2019,6,10,2,2,8,1,0,0,1,0,0,0,0,0,796416,5495,5816591,13
195828,11,4,4051653,Prager Platz,2019,6,15,3,3,2,6,0,0,1,0,0,0,0,0,793964,8353,5824913,94
195829,11,11,11040926,Weitlingstra�e,2019,6,8,2,3,0,7,0,0,0,0,1,1,0,1,805242,2613,5826268,277
195830,11,12,12214424,Scharnweberstra�e,2019,6,14,3,3,1,5,0,1,1,0,0,0,1,0,793175,5019,5832628,33
195831,11,3,3040818,Pankow S�d,2019,6,10,2,3,0,1,0,1,0,0,0,0,0,0,799393,2568,5833497,771
195832,11,9,9010301,Baumschulenstra�e,2019,6,14,3,3,5,2,0,0,1,0,0,0,0,0,804392,667,5821738,632
195833,11,2,2020204,Urbanstra�e,2019,6,19,2,3,5,2,0,1,1,0,0,0,0,0,798295,5952,5825328,39
195834,11,5,5020418,Spandauer Stra�e,2019,6,19,2,3,2,7,0,0,0,0,1,0,1,0,781092,3282,5828603,198
195835,11,5,5030731,Gartenfelder Stra�e,2019,6,14,3,3,1,5,0,1,1,0,0,0,0,0,787276,4277,5829779,866
195836,11,12,12302211,L�barser Stra�e,2019,6,13,3,3,3,6,0,0,1,0,1,0,0,0,793482,3701,5837003,29
195837,11,1,1044201,Reinickendorfer Stra�e,2019,6,19,2,3,5,2,0,1,1,0,0,0,0,0,796204,1673,5831516,889
195838,11,2,2040701,Andreasviertel,2019,6,21,2,2,9,1,1,0,0,0,1,0,0,0,800370,4598,5827871,597
195839,11,11,11010207,Wartenberg Nord,2019,6,17,3,3,8,1,0,0,1,0,0,0,0,0,805115,8068,5834607,679
195840,11,3,3061131,Falkplatz,2019,6,18,2,2,0,1,0,0,0,0,1,0,0,0,798866,1188,5830435,524
195841,11,1,1011101,St�lerstra�e,2019,6,9,3,3,3,6,0,1,0,0,0,0,1,0,794563,4151,5826098,673
195842,11,10,10040932,Alt-Mahlsdorf,2019,6,18,2,3,5,3,0,0,1,0,0,0,1,0,813028,1536,5827272,349
195843,11,6,6030608,Schweizer Viertel,2019,6,18,2,3,5,3,0,1,1,0,0,0,0,0,790992,1676,5817440,521
195844,11,2,2050601,Hausburgviertel,2019,6,17,2,3,5,3,0,0,1,0,0,1,0,0,801765,695,5828662,158
195845,11,1,1022104,Emdener Stra�e,2019,6,10,3,3,2,6,0,1,1,0,0,0,0,0,794573,3123,5828555,621
195846,11,1,1022103,Westhafen,2019,6,17,2,3,5,7,0,0,1,0,1,0,0,0,793383,2748,5829578,194
195847,11,4,4041343,Binger Stra�e,2019,6,10,3,3,0,6,0,0,1,0,0,0,1,0,792570,1239,5822973,67
195848,11,2,2020202,Rathaus Yorckstra�e,2019,6,18,2,3,5,2,0,1,1,0,0,0,0,0,797941,7363,5825259,281
195849,11,9,9020701,Adlershof West,2019,6,16,2,3,2,2,0,0,1,0,0,0,0,0,808486,1726,5819040,702
195850,11,1,1011202,Unter den Linden Nord,2019,6,10,3,3,8,1,0,1,1,0,0,0,0,0,797729,6156,5827644,573
195851,11,12,12103115,Breitkopfbecken,2019,6,16,2,3,5,2,0,1,0,0,0,0,1,0,795344,3929,5833841,37
195852,11,7,7070704,Nahariyastra�e,2019,6,17,2,3,8,1,0,0,1,0,0,0,0,0,800646,7637,5814141,465
195853,11,9,9051901,Dammvorstadt,2019,6,11,3,3,0,2,0,1,0,0,0,0,0,0,812040,6431,5821394,944
195854,11,5,5020521,D�beritzer Weg,2019,6,7,2,2,6,4,0,0,1,1,0,0,0,0,780337,7013,5827869,123
195855,11,5,5010209,An der Kappe,2019,6,13,3,3,5,3,0,0,1,0,0,0,0,0,782657,166,5829427,986
195856,11,12,12301203,Wittenau S�d,2019,6,7,2,3,0,2,0,1,0,0,0,1,0,0,793930,2741,5835301,5
195857,11,1,1011204,Leipziger Stra�e,2019,6,7,2,2,5,3,0,0,1,0,1,0,0,0,797870,6152,5826767,855
195858,11,7,7020203,Kaiser-Wilhelm-Platz,2019,6,11,3,3,0,7,0,0,0,0,1,0,0,1,795714,347,5824031,102
195859,11,6,6020410,Oberhofer Platz,2019,6,12,3,2,2,2,0,0,1,0,1,0,0,0,794746,8352,5816900,964
195860,11,10,10030724,Oberfeldstra�e,2019,6,7,2,3,5,2,0,0,1,0,1,0,0,0,809594,9618,5830266,68
195861,11,3,3010101,Bucher Forst,2019,6,7,2,3,2,6,0,0,1,0,0,0,0,0,803319,468,5842608,878
195862,11,11,11010205,Falkenberg West,2019,6,10,3,2,2,7,0,0,1,0,0,0,0,0,805938,769,5833721,745
195863,11,6,6010102,Schlo�stra�e,2019,6,6,2,3,5,3,0,1,1,0,0,0,0,0,793746,5104,5821052,637
195864,11,9,9020701,Adlershof West,2019,6,9,3,2,5,2,0,1,1,0,0,0,0,0,809421,4432,5818429,531
195865,11,12,12302110,Dannenwalder Weg,2019,6,5,2,3,5,3,0,0,1,0,0,0,0,0,795347,539,5836375,503
195866,11,3,3040512,Wilhelmsruh,2019,6,9,3,3,9,1,0,0,1,0,0,0,0,0,796317,2137,5835023,394
195867,11,2,2050802,Boxhagener Platz,2019,6,3,2,3,0,1,2,1,0,0,0,0,0,0,802449,163,5827058,911
195868,11,12,12214424,Scharnweberstra�e,2019,6,19,3,3,0,4,1,0,0,1,0,0,1,0,793236,5624,5832494,666
195869,11,8,8010406,Treptower Stra�e Nord,2019,6,10,2,3,5,3,0,0,1,0,0,0,0,0,802031,4461,5824297,417
195870,11,4,4030518,Tegeler Weg,2019,6,10,2,3,2,6,0,0,1,0,0,0,0,0,791462,7244,5828267,8
195871,11,4,4041134,Bismarckallee,2019,6,22,3,3,2,6,2,0,1,0,0,0,0,1,790846,42,5824725,64
195872,11,2,2030401,Reichenberger Stra�e,2019,6,8,3,3,1,5,0,1,1,0,0,0,0,0,801244,833,5825286,716
195873,11,9,9041302,Wendenschlo�,2019,6,10,2,3,5,3,0,1,1,0,0,0,0,0,812235,2417,5817032,1
195874,11,12,12103117,Letteplatz,2019,6,9,3,3,1,5,0,1,1,0,0,0,0,0,796650,9657,5832516,834
195875,11,11,11030618,Fennpfuhl West,2019,6,9,2,3,1,5,0,0,1,0,0,0,0,0,803025,8216,5829186,346
195876,11,8,8020620,Tempelhofer Weg,2019,6,9,3,3,5,3,0,0,1,0,1,0,0,0,800787,6176,5821355,117
195877,11,6,6020409,K�nigsberger Stra�e,2019,6,9,2,3,5,7,0,0,1,0,0,0,0,0,793474,176,5817729,811
195878,11,1,1011105,N�rdlicher Landwehrkanal,2019,6,8,3,2,3,6,0,1,0,0,0,1,0,0,795475,8914,5826646,412
195879,11,9,9020501,Obersch�neweide West,2019,6,9,2,2,5,2,0,0,1,0,0,0,1,0,806241,5718,5822170,747
195880,11,3,3030715,Heinersdorf,2019,6,6,3,3,2,6,0,0,1,0,0,0,0,0,801093,5437,5833203,299
195881,11,6,6040810,Dahlem,2019,6,8,2,3,5,3,0,0,1,0,1,0,0,0,790251,612,5820067,251
195882,11,7,7010104,Dennewitzplatz,2019,6,9,2,3,5,2,0,1,0,0,0,0,1,0,796229,5231,5824934,162
195883,11,5,5030832,Rohrdamm,2019,6,4,3,3,2,2,1,0,1,0,0,0,0,1,787973,3764,5830562,178
195884,11,11,11040926,Weitlingstra�e,2019,6,8,2,3,5,3,0,1,1,0,0,0,0,1,805892,941,5826556,828
195885,11,2,2030301,Oranienplatz,2019,6,8,3,3,0,1,0,0,0,0,1,0,0,0,799994,2381,5826215,782
195886,11,12,12214421,Reinickes Hof,2019,6,16,2,3,0,2,0,0,1,0,0,0,1,0,793399,5406,5833163,71
195887,11,11,11030721,R�digerstra�e,2019,6,16,2,3,5,7,0,0,0,0,1,0,1,0,804212,1971,5828214,884
195888,11,7,7040404,Marienh�he,2019,6,8,3,3,0,7,0,1,0,0,0,0,0,0,796956,6719,5820516,854
195889,11,1,1011304,Karl-Marx-Allee,2019,6,11,2,3,5,2,0,1,0,0,0,0,1,0,799727,11,5827763,959
195890,11,4,4041241,Breite Stra�e,2019,6,15,2,3,2,6,0,0,1,0,0,0,0,0,791315,9653,5821990,191
195891,11,1,1022103,Westhafen,2019,6,11,2,2,5,3,0,1,1,0,0,0,0,0,793513,2085,5829336,887
195892,11,1,1044103,Westliche M�llerstra�e,2019,6,17,2,3,0,5,0,0,1,0,0,0,1,0,794881,6638,5831061,355
195893,11,2,2010104,Wassertorplatz,2019,6,11,2,3,5,2,0,0,1,0,0,0,0,0,799071,6281,5825610,148
195894,11,7,7070701,Kettinger Stra�e/Schillerstra�e,2019,6,16,2,2,5,2,0,0,1,0,0,0,1,0,799250,9593,5816260,563
195895,11,6,6040810,Dahlem,2019,6,11,2,3,5,2,0,1,1,0,0,0,0,0,790244,2017,5820078,824
195896,11,3,3040818,Pankow S�d,2019,6,12,2,3,2,2,0,0,1,0,0,0,0,0,800081,2921,5833883,299
195897,11,8,8010405,Hertzbergplatz,2019,6,16,2,3,5,2,0,1,1,0,0,0,0,0,802019,4284,5823518,721
195898,11,10,10020517,Adele-Sandrock-Stra�e,2019,6,16,2,3,4,6,0,1,0,0,0,0,0,0,812353,1455,5830455,76
195899,11,5,5040935,Gro�-Glienicker Weg,2019,6,16,2,3,6,7,0,0,1,1,0,0,0,0,782540,3533,5820579,45
195900,11,8,8010118,Silbersteinstra�e,2019,6,14,2,3,2,6,0,0,1,0,0,0,0,0,800976,2206,5822150,409
195901,11,7,7040405,Rathaus Tempelhof,2019,6,13,2,2,5,3,0,1,0,0,0,0,0,0,799654,3503,5820996,973
195902,11,4,4041344,R�desheimer Platz,2019,6,13,2,3,5,3,0,0,1,0,0,0,0,0,793356,3935,5822837,394
195903,11,3,3061429,Greifswalder Stra�e,2019,6,14,2,3,1,5,0,1,1,0,0,0,0,0,801561,2824,5830196,969
195904,11,3,3061227,Humannplatz,2019,6,14,2,2,0,7,0,0,0,0,1,0,0,1,800092,7813,5831674,38
195905,11,4,4030417,Schlo�stra�e,2019,6,16,2,3,5,3,0,0,1,0,0,0,0,0,791573,8597,5826553,988
195906,11,11,11020515,Landsberger Allee,2019,6,14,2,3,5,3,0,1,1,0,0,0,0,0,803665,2424,5830091,983
195907,11,2,2020206,Graefekiez,2019,6,17,2,3,5,2,0,0,1,0,1,0,0,0,799744,2315,5824761,613
195908,11,12,12214424,Scharnweberstra�e,2019,6,15,2,3,2,6,0,0,1,0,1,0,0,0,792506,3936,5832839,599
195909,11,3,3040512,Wilhelmsruh,2019,6,22,2,3,5,3,2,0,1,0,0,1,0,0,795960,9648,5835559,62
195910,11,8,8010212,Rollberg,2019,6,14,2,3,6,7,0,0,1,1,0,0,0,0,801184,2821,5823544,282
195911,11,10,10020622,Kaulsdorf Nord I,2019,6,19,2,3,5,3,0,0,1,0,0,0,0,0,811122,3001,5828405,43
195912,11,8,8041035,Blumenviertel,2019,6,15,2,3,0,2,0,0,1,0,1,0,0,0,803992,4813,5819117,525
195913,11,3,3071633,Th�lmannpark,2019,6,19,2,2,0,3,0,1,0,0,0,0,0,0,800291,8626,5830298,368
195914,11,10,10010308,Marzahner Chaussee,2019,6,15,2,3,0,2,0,1,0,0,0,0,1,0,806582,2249,5828262,491
195915,11,7,7060601,Marienfelder Allee Nordwest,2019,6,15,2,3,6,4,0,0,0,1,0,0,1,0,796573,7026,5816232,443
195916,11,5,5020625,Borkumer Stra�e,2019,6,18,2,3,0,5,0,0,1,0,1,0,0,0,784707,3218,5828447,565
195917,11,4,4030519,Kaiserin-Augusta-Allee,2019,6,15,2,3,5,3,0,1,1,0,0,0,0,0,792466,7973,5828126,514
195918,11,5,5020625,Borkumer Stra�e,2019,6,16,2,2,5,2,0,0,1,0,1,0,0,0,783803,6412,5828689,79
195919,11,8,8010214,Glasower Stra�e,2019,6,14,2,3,5,2,0,1,1,0,0,0,0,0,801568,6792,5822302,961
195920,11,7,7060604,Marienfelde S�d,2019,6,11,2,3,0,1,0,1,0,0,0,0,0,0,797099,4136,5815597,55
195921,11,5,5020524,Weinmeisterhornweg,2019,6,14,2,3,0,3,0,0,1,0,0,0,0,0,783797,6709,5826294,98
195922,11,8,8010301,Reuterkiez,2019,6,7,2,3,0,1,0,0,0,0,1,0,0,1,801715,4246,5824253,304
195923,11,8,8041037,Alt-Rudow,2019,6,15,2,3,5,3,0,0,1,0,0,0,0,0,805737,6919,5818436,982
195924,11,4,7030301,Friedenau,2019,6,14,2,3,1,5,0,1,1,0,0,0,0,0,793425,2013,5821768,781
195925,11,2,2020204,Urbanstra�e,2019,6,0,2,3,5,3,2,1,1,0,0,0,0,0,798830,4469,5825095,505
195926,11,4,4010101,Jungfernheide,2019,6,0,2,3,3,6,2,1,1,0,0,0,0,0,789703,9189,5830105,559
195927,11,12,12214527,Alt-Tegel,2019,6,15,2,3,5,3,0,1,1,0,0,0,0,0,790313,9744,5835443,836
195928,11,1,1033201,Brunnenstra�e,2019,6,16,1,3,3,6,0,0,1,0,0,0,0,0,797596,5515,5830884,903
195929,11,9,9010301,Baumschulenstra�e,2019,6,10,1,3,5,2,0,0,1,0,1,0,0,0,804392,9391,5821739,983
195930,11,11,11010205,Falkenberg West,2019,6,14,1,3,2,2,0,0,1,0,0,0,0,0,805957,257,5833700,227
195931,11,1,1044101,Rehberge,2019,6,4,1,3,9,1,1,0,1,0,0,0,0,0,794815,3085,5831322,62
195932,11,3,3040614,Pankow Zentrum,2019,6,20,1,3,0,7,0,0,1,0,1,0,0,0,799409,944,5834088,732
195933,11,2,2050801,Traveplatz,2019,6,19,1,3,5,3,0,1,1,0,0,0,0,0,803338,9211,5826745,558
195934,11,3,3020210,Herthaplatz,2019,6,13,1,3,1,5,0,1,1,0,0,0,0,0,798544,5872,5835292,876
195935,11,8,8020622,Parchimer Allee,2019,6,18,1,3,5,2,0,0,1,0,0,0,0,0,801415,4361,5820228,506
195936,11,2,2030301,Oranienplatz,2019,6,18,1,3,5,7,0,1,1,0,0,0,0,0,800053,4693,5825651,867
195937,11,4,4051549,Rathaus Wilmersdorf,2019,6,14,1,3,1,5,0,1,1,0,0,0,0,0,793084,8246,5823917,693
195938,11,3,3071536,Teutoburger Platz,2019,6,17,1,3,3,6,0,1,1,0,0,0,0,0,798865,956,5829830,819
195939,11,6,6030606,Hindenburgdamm,2019,6,16,1,3,2,7,0,0,1,0,1,0,0,0,793326,7249,5818151,208
195940,11,11,11040925,Victoriastadt,2019,6,17,1,3,2,6,0,0,1,0,1,0,0,0,803945,8758,5826406,29
195941,11,8,8010117,Schillerpromenade,2019,6,16,1,3,6,7,0,1,0,1,0,0,0,0,800646,2154,5823012,886
195942,11,1,1011103,L�tzowstra�e,2019,6,17,1,3,5,2,0,1,0,0,1,0,0,0,795402,2182,5825828,114
195943,11,5,5010312,Kurstra�e,2019,6,16,1,3,0,1,0,1,1,0,0,0,0,0,784989,9803,5830012,555
195944,11,12,12103218,Teichstra�e,2019,6,14,1,2,6,4,0,0,1,1,0,0,0,0,795226,8975,5833265,446
195945,11,4,4010101,Jungfernheide,2019,6,16,1,2,1,5,0,0,1,0,1,0,0,0,790485,5185,5829020,83
195946,11,7,7070703,John-Locke-Stra�e,2019,6,16,1,3,3,6,0,1,1,0,0,0,0,0,799633,8758,5813176,424
195947,11,4,4031032,Halensee,2019,6,12,1,2,5,2,0,1,1,0,0,0,0,0,791583,3583,5825102,294
195948,11,5,5020629,B�rnicker Stra�e,2019,6,11,1,2,6,4,0,0,1,1,0,0,0,0,784771,9729,5826336,498
195949,11,1,1033203,Humboldthain Nordwest,2019,6,16,1,3,1,5,0,1,1,0,0,0,0,0,797024,9494,5830889,135
195950,11,9,9020701,Adlershof West,2019,6,15,1,3,5,2,0,1,1,0,0,0,0,0,809409,8774,5818440,892
195951,11,8,8010301,Reuterkiez,2019,6,15,1,3,5,2,0,0,1,0,0,0,0,0,800848,8701,5824299,267
195952,11,5,5040935,Gro�-Glienicker Weg,2019,6,14,1,3,2,6,0,0,1,0,0,0,0,0,782728,4605,5820907,909
195953,11,12,12103117,Letteplatz,2019,6,11,1,2,5,2,0,0,1,0,0,0,0,0,795779,571,5832576,86
195954,11,9,9020702,Adlershof Ost,2019,6,14,1,3,0,1,0,1,0,0,0,0,0,0,809180,5951,5819542,5
195955,11,7,7010101,Wittenbergplatz/Viktoria-Luise-Platz,2019,6,14,1,2,3,1,0,1,1,0,0,0,0,0,794736,2923,5824888,347
195956,11,1,1011401,Invalidenstra�e,2019,6,5,1,3,0,1,0,1,0,0,0,0,0,0,798313,425,5829376,361
195957,11,3,3040818,Pankow S�d,2019,6,13,1,2,1,5,0,1,1,0,0,0,0,0,798969,6151,5832774,3
195958,11,6,6030504,Teltower Damm,2019,6,12,1,3,0,1,0,0,0,0,1,0,0,0,788902,2094,5816174,338
195959,11,6,6040804,Krumme Lanke,2019,6,16,1,3,0,1,0,1,0,0,0,0,0,0,786914,9652,5818472,433
195960,11,12,12302108,M�rkisches Zentrum,2019,6,10,1,2,5,3,0,0,1,0,0,0,0,0,793943,4341,5836625,497
195961,11,8,8010301,Reuterkiez,2019,6,1,1,3,5,3,2,1,1,0,0,0,0,0,800762,3742,5824348,134
195962,11,2,2020202,Rathaus Yorckstra�e,2019,6,2,1,2,0,1,2,0,0,0,1,0,0,0,797260,3192,5825365,868
195963,11,2,2020206,Graefekiez,2019,6,1,1,3,2,6,2,1,1,0,0,0,0,0,799429,8995,5824542,614
195964,11,6,6020303,Lankwitz Kirche,2019,6,21,1,3,0,4,2,0,0,1,0,0,1,0,795310,3023,5818401,184
195965,11,6,6010207,Mittelstra�e,2019,6,18,1,3,5,3,0,0,1,0,1,0,0,0,793185,478,5820116,887
195966,11,8,8010301,Reuterkiez,2019,6,1,1,3,5,2,2,1,1,0,0,0,0,0,801489,2124,5823934,21
195967,11,4,4010103,Paul-Hertz-Siedlung,2019,6,1,1,3,0,1,2,1,0,0,0,0,0,0,791210,3223,5829055,684
195968,11,8,8010301,Reuterkiez,2019,6,3,7,3,6,4,2,0,0,1,1,0,0,0,801171,1119,5824102,461
195969,11,4,4030417,Schlo�stra�e,2019,6,12,7,3,2,6,0,0,1,0,0,0,0,0,791682,2454,5827485,681
195970,11,11,11020513,Orankesee,2019,6,10,7,3,6,4,0,0,1,1,0,0,0,0,804702,6973,5831230,654
195971,11,10,10040933,Mahlsdorf S�d,2019,6,9,7,3,5,2,0,1,1,0,0,0,0,0,812385,8102,5824295,841
195972,11,2,2010104,Wassertorplatz,2019,6,15,7,3,1,5,0,1,0,0,0,0,0,0,799034,2033,5825517,323
195973,11,3,3061227,Humannplatz,2019,6,19,7,3,2,6,0,0,1,0,0,0,0,0,800129,8583,5831648,191
195974,11,8,8010303,Donaustra�e,2019,6,16,7,3,5,2,0,0,1,0,1,0,0,0,800357,4973,5824320,63
195975,11,1,2010103,Moritzplatz,2019,6,16,7,3,2,2,0,1,1,0,0,0,0,0,799368,1162,5826341,3
195976,11,3,3050924,Behaimstra�e,2019,6,14,7,3,5,3,0,1,0,0,0,0,0,0,801598,6602,5831580,69
195977,11,2,2040701,Andreasviertel,2019,6,14,7,3,5,3,0,1,1,0,0,0,0,0,800573,422,5827017,64
195978,11,3,3040614,Pankow Zentrum,2019,6,13,7,3,6,7,0,1,0,1,0,0,0,0,797933,138,5832881,588
195979,11,10,10010204,Wuhletalstra�e,2019,6,15,7,3,2,7,0,0,1,0,0,0,0,0,809167,4124,5833283,251
195980,11,8,8010301,Reuterkiez,2019,6,12,7,3,3,6,0,1,1,0,0,0,0,0,801099,2498,5824904,995
195981,11,7,7040404,Marienh�he,2019,6,15,7,3,0,3,0,0,0,0,1,0,1,0,797371,5841,5820512,95
195982,11,9,9051901,Dammvorstadt,2019,6,12,7,3,6,4,0,0,1,1,0,0,0,0,811167,2081,5821738,858
195983,11,4,4030931,Breitscheidplatz,2019,6,15,7,3,5,3,0,1,1,0,0,0,0,0,793938,1862,5825810,732
195984,11,12,12214527,Alt-Tegel,2019,6,12,7,3,5,7,0,0,1,0,0,0,0,0,790297,6364,5834598,858
195985,11,12,12304314,Ziekowstra�e/Freie Scholle,2019,6,17,7,3,0,7,0,0,1,0,0,0,0,0,790030,3714,5836201,334
195986,11,4,4030417,Schlo�stra�e,2019,6,18,7,3,1,5,0,1,1,0,0,0,0,0,791006,7179,5826540,588
195987,11,4,4051448,Schaperstra�e,2019,6,9,7,3,5,3,0,1,1,0,0,0,0,0,793655,4439,5825258,56
195988,11,10,10040933,Mahlsdorf S�d,2019,6,18,7,3,0,1,0,0,0,0,1,0,0,0,812227,366,5824567,24
195989,11,9,9010401,Johannisthal West,2019,6,14,7,3,0,1,0,1,0,0,0,0,0,0,805974,9383,5819890,365
195990,11,7,7030303,Grazer Platz,2019,6,21,7,2,9,1,0,0,0,0,1,0,0,0,795411,7678,5821010,42
195991,11,4,4031032,Halensee,2019,6,20,7,3,5,2,0,0,1,0,1,0,0,0,791634,266,5824512,515
195992,11,2,2010101,Askanischer Platz,2019,6,13,7,2,6,7,0,0,1,1,0,0,0,0,797690,6301,5826000,877
195993,11,5,5020627,Tiefwerder,2019,6,18,7,2,2,6,0,0,1,0,1,0,0,0,784992,99,5828458,301
195994,11,1,1033202,Humboldthain S�d,2019,6,13,7,3,0,1,0,1,0,0,0,0,0,0,797673,9612,5829618,595
195995,11,7,7020203,Kaiser-Wilhelm-Platz,2019,6,7,7,3,2,2,0,1,0,0,0,0,0,0,795723,8852,5824490,59
195996,11,2,2050802,Boxhagener Platz,2019,6,15,7,2,5,2,0,1,0,0,0,0,1,0,802079,7237,5827361,478
195997,11,4,4030623,Ernst-Reuter-Platz,2019,6,3,7,3,1,5,2,0,1,0,1,0,0,0,793784,846,5826615,788
195998,11,12,12103218,Teichstra�e,2019,6,11,7,3,0,2,0,0,1,0,0,0,1,0,794856,3217,5833052,878
195999,11,8,8020728,Buckow Ost,2019,6,13,7,3,5,3,0,0,1,0,1,0,0,0,802314,8527,5817143,618
196000,11,12,12301203,Wittenau S�d,2019,6,12,7,2,5,3,0,1,1,0,0,0,0,0,792931,4039,5835312,942
196001,11,12,12302110,Dannenwalder Weg,2019,6,11,7,2,0,7,0,0,1,0,0,0,1,0,795118,713,5836341,82
196002,11,11,11030720,Herzbergstra�e,2019,6,11,7,3,0,7,0,1,0,0,0,0,0,0,805424,8438,5830023,491
196003,11,9,9051701,Hirschgarten,2019,6,12,7,3,0,7,0,1,0,0,0,0,0,0,812489,7193,5821265,912
196004,11,4,4030726,Droysenstra�e,2019,6,3,7,3,5,3,1,0,1,0,1,0,0,0,792286,4811,5825467,625