OBJECTID,LAND,BEZ,LOR,STRASSE,UJAHR,UMONAT,USTUNDE,UWOCHENTAG,UKATEGORIE,UART,UTYP1,ULICHTVERH,IstRad,IstPKW,IstFuss,IstKrad,IstGkfz,IstSonstige,USTRZUSTAND,LINREFX,LINREFY,XGCSWGS84,YGCSWGS84
196005,11,9,9020701,Adlershof West,2019,6,11,7,3,5,2,0,1,1,0,0,0,0,0,809404,156,5818446,512
196006,11,6,6040807,Zehlendorf Eiche,2019,6,21,7,3,5,3,2,0,1,0,0,0,0,0,789852,4479,5818776,96
196007,11,3,3061131,Falkplatz,2019,6,11,7,3,5,2,0,1,1,0,0,0,0,0,799183,6005,5831223,943
196008,11,3,3040614,Pankow Zentrum,2019,6,9,7,3,0,1,0,1,0,0,0,0,0,0,797564,5689,5833279,25
196009,11,6,6020301,Alt-Lankwitz,2019,6,20,7,3,1,5,0,1,1,0,0,0,0,0,795834,2906,5819062,839
196010,11,10,10040830,Kaulsdorf S�d,2019,6,20,7,3,2,2,0,1,1,0,0,0,0,0,810420,9078,5825090,945
196011,11,12,12224230,Heiligensee,2019,6,10,7,3,2,3,0,0,1,0,0,0,0,0,786700,5623,5837661,209
196012,11,7,7010102,Nollendorfplatz,2019,6,10,7,3,7,7,0,1,0,0,0,0,1,0,795510,5668,5825542,12
196013,11,2,2020206,Graefekiez,2019,6,19,7,3,2,6,0,0,1,0,0,0,0,0,799688,669,5824489,659
196014,11,6,6010205,S�dende,2019,6,2,7,3,0,1,2,1,0,0,0,0,0,0,795363,8465,5819975,487
196015,11,4,4041134,Bismarckallee,2019,6,11,7,3,1,5,0,1,1,0,0,0,0,0,790770,4461,5823532,202
196016,11,1,1011301,Charit�viertel,2019,6,16,6,3,0,1,0,1,0,0,0,0,0,0,796907,6167,5828126,641
196017,11,6,6010102,Schlo�stra�e,2019,6,15,6,3,0,1,0,0,0,0,1,0,0,0,793639,2256,5821079,302
196018,11,5,5020419,Magistratsweg,2019,6,19,7,2,6,4,0,0,1,1,0,0,0,0,781781,1144,5828430,33
196019,11,4,4020311,Reichsstra�e,2019,6,9,6,3,5,3,0,0,1,0,1,0,0,0,789055,2407,5826997,448
196020,11,9,9041501,Altstadt Kietz,2019,6,19,7,3,5,3,0,1,1,0,0,0,0,0,810878,6281,5820660,767
196021,11,9,9010401,Johannisthal West,2019,6,15,6,2,5,3,0,0,1,0,1,0,0,0,805870,9398,5821259,364
196022,11,3,3061227,Humannplatz,2019,6,18,7,2,5,3,0,0,1,0,0,0,0,0,799879,9166,5831734,796
196023,11,4,4020311,Reichsstra�e,2019,6,15,6,3,2,6,0,0,1,0,0,0,0,0,789162,477,5826895,477
196024,11,4,4051653,Prager Platz,2019,6,18,7,3,5,2,0,1,1,0,0,0,0,0,794004,2382,5824258,593
196025,11,5,5030730,Zitadellenweg,2019,6,14,6,3,2,6,0,0,1,0,0,0,0,0,786453,4933,5829186,232
196026,11,7,7030303,Grazer Platz,2019,6,14,6,3,0,6,0,0,1,0,1,0,0,0,795252,1074,5822139,745
196027,11,5,5010101,Hakenfelde Nord,2019,6,17,7,3,2,6,0,0,1,0,1,0,0,0,785358,709,5832589,902
196028,11,6,6010101,Fichtenberg,2019,6,17,7,3,5,3,0,1,1,0,0,0,0,0,793382,6023,5820367,727
196029,11,4,4041344,R�desheimer Platz,2019,6,13,6,2,5,3,0,0,1,0,0,0,1,0,792806,3943,5821859,738
196030,11,1,1011303,Alexanderplatzviertel,2019,6,9,6,3,6,4,0,0,1,1,0,0,0,0,799723,66,5827462,378
196031,11,1,1033201,Brunnenstra�e,2019,6,19,7,3,2,6,0,0,1,0,1,0,0,0,797466,635,5831098,464
196032,11,9,9041403,Allende II,2019,6,12,6,3,5,3,0,1,1,0,0,0,0,0,812998,4052,5820006,8
196033,11,3,3030715,Heinersdorf,2019,6,16,7,3,5,2,0,0,1,0,0,0,0,0,801044,3849,5833835,646
196034,11,1,1022104,Emdener Stra�e,2019,6,14,6,3,2,6,0,0,1,0,0,0,0,0,794440,3329,5828436,667
196035,11,2,2050801,Traveplatz,2019,6,16,7,3,1,5,0,1,1,0,0,0,0,0,802328,4432,5827471,481
196036,11,1,1011303,Alexanderplatzviertel,2019,6,16,6,3,4,6,0,1,0,0,0,0,0,0,799287,8883,5828108,544
196037,11,5,5010314,Carl-Schurz-Stra�e,2019,6,9,6,2,6,7,0,0,0,1,0,0,1,0,785020,726,5829094,617
196038,11,9,9051901,Dammvorstadt,2019,6,15,6,3,2,6,0,0,1,0,0,0,0,0,810645,713,5821063,27
196039,11,4,4041137,Flinsberger Platz,2019,6,9,6,3,1,5,0,0,1,0,0,1,0,0,791522,5774,5824029,213
196040,11,5,5010311,Eiswerder,2019,6,16,6,3,0,1,0,1,0,0,0,0,0,0,786156,5704,5830484,251
196041,11,12,12214424,Scharnweberstra�e,2019,6,17,6,3,2,5,0,0,1,0,1,0,0,0,792467,8448,5832861,597
196042,11,9,9041301,Kietzer Feld/Nachtheide,2019,6,9,6,3,5,3,0,1,1,0,0,0,0,0,811910,1131,5817897,505
196043,11,1,1011302,Oranienburger Stra�e,2019,6,8,6,3,5,2,0,1,0,0,0,0,1,0,798131,474,5828444,262
196044,11,1,1011304,Karl-Marx-Allee,2019,6,9,6,3,5,2,0,1,1,0,0,0,0,0,799726,7969,5827764,924
196045,11,5,5010208,Germersheimer Platz,2019,6,8,6,3,2,6,0,0,1,0,0,0,0,0,784148,9657,5830052,495
196046,11,7,7040405,Rathaus Tempelhof,2019,6,11,6,3,6,4,0,1,0,1,0,0,0,0,798174,6541,5821908,313
196047,11,1,1044202,Sparrplatz,2019,6,8,6,3,5,3,0,1,1,0,0,0,0,0,795020,9372,5830107,59
196048,11,7,7010101,Wittenbergplatz/Viktoria-Luise-Platz,2019,6,19,6,3,5,7,0,0,1,0,1,0,0,0,794778,6242,5825692,749
196049,11,3,3061430,Volkspark Prenzlauer Berg,2019,6,8,6,3,6,7,0,0,1,1,0,0,0,0,801985,7871,5829703,369
196050,11,2,2020203,Viktoriapark,2019,6,18,6,3,5,3,0,1,1,0,0,0,0,0,797810,7721,5824934,53
196051,11,7,7060603,Marienfelde Nordost,2019,6,8,6,3,5,3,0,0,1,0,1,0,0,0,798051,5519,5816719,985
196052,11,6,6040809,Thielallee,2019,6,7,6,3,5,2,0,0,1,0,1,0,0,0,792226,834,5820532,67
196053,11,12,12214125,Waldidyll/Flughafensee,2019,6,17,6,3,2,2,0,0,1,0,0,0,0,0,791188,7422,5830906,307
196054,11,9,9020701,Adlershof West,2019,6,17,6,3,5,2,0,1,1,0,0,0,0,0,807811,9852,5818556,36
196055,11,6,6040804,Krumme Lanke,2019,6,5,6,3,2,6,1,0,1,0,0,1,0,0,788066,2409,5818623,272
196056,11,8,8010303,Donaustra�e,2019,6,23,6,3,1,5,2,1,1,0,0,0,0,0,801267,9055,5823819,425
196057,11,3,3040614,Pankow Zentrum,2019,6,8,6,3,6,2,0,0,1,1,0,0,0,0,798594,7018,5833050,82
196058,11,1,1011303,Alexanderplatzviertel,2019,6,21,6,3,6,4,1,0,1,1,0,0,0,0,799270,3715,5828501,482
196059,11,4,4020313,K�nigin-Elisabeth-Stra�e,2019,6,8,6,3,5,2,0,0,1,0,0,0,0,0,790210,2683,5826040,525
196060,11,1,1011303,Alexanderplatzviertel,2019,6,20,6,3,5,2,1,0,1,0,0,0,0,0,799242,9516,5828468,574
196061,11,2,2020203,Viktoriapark,2019,6,1,6,2,5,3,2,1,1,0,0,0,0,0,797814,7878,5824933,508
196062,11,4,4020311,Reichsstra�e,2019,6,8,6,3,5,2,0,1,1,0,0,0,0,0,790220,386,5826436,92
196063,11,1,1011201,Wilhelmstra�e,2019,6,0,6,3,5,3,2,1,1,0,0,0,0,0,797587,3122,5826522,387
196064,11,1,1011302,Oranienburger Stra�e,2019,6,18,6,2,0,7,0,1,0,0,0,0,0,0,797777,9177,5828812,525
196065,11,10,10010309,Springpfuhl,2019,6,7,6,3,5,3,0,1,1,0,0,0,0,0,807826,8034,5830174,684
196066,11,1,1011304,Karl-Marx-Allee,2019,6,18,6,3,6,4,0,0,1,1,0,0,0,0,799688,5395,5827847,177
196067,11,11,11051229,Rummelsburg,2019,6,18,6,3,5,2,0,1,1,0,0,0,0,0,804083,1975,5825984,516
196068,11,5,5020522,Pillnitzer Weg,2019,6,7,6,3,3,6,0,0,1,0,1,0,0,0,781901,739,5827169,857
196069,11,7,7060604,Marienfelde S�d,2019,6,18,6,3,5,2,0,1,1,0,0,0,0,0,797598,63,5815556,343
196070,11,1,1011202,Unter den Linden Nord,2019,6,6,6,3,5,2,0,1,1,0,0,0,0,0,797204,24,5827496,82
196071,11,1,1022103,Westhafen,2019,6,17,6,2,3,6,0,0,1,0,1,0,0,0,794606,7096,5829862,108
196072,11,2,2050802,Boxhagener Platz,2019,6,3,6,3,1,5,2,1,1,0,0,0,0,0,802688,1482,5826982,62
196073,11,2,2050801,Traveplatz,2019,6,18,6,3,2,6,0,1,1,0,0,0,0,0,803176,406,5827273,126
196074,11,8,8010510,Gewerbegebiet K�llnische Heide,2019,6,17,6,3,1,5,0,1,1,0,0,0,1,0,802640,7788,5823050,129
196075,11,2,2010104,Wassertorplatz,2019,6,17,6,3,5,2,0,1,1,0,0,0,0,0,799443,8727,5825667,332
196076,11,12,12231101,Hermsdorf,2019,6,17,6,3,2,6,0,0,1,0,0,0,0,0,791117,7185,5838216,224
196077,11,5,5010313,Ackerstra�e,2019,6,19,6,3,5,3,0,0,1,0,0,0,0,0,784464,9664,5830252,731
196078,11,3,3020307,Buchholz,2019,6,7,6,3,5,3,0,0,1,1,0,0,0,0,800127,951,5838393,371
196079,11,7,7070704,Nahariyastra�e,2019,6,18,6,3,8,1,0,1,0,0,0,0,0,0,800889,6214,5814179,307
196080,11,1,1033101,Soldiner Stra�e,2019,6,9,6,3,3,6,0,1,0,0,0,1,0,0,797694,5379,5832873,169
196081,11,7,7050501,Rathausstra�e,2019,6,8,6,3,5,3,0,0,1,0,0,0,1,0,797626,4255,5819188,68
196082,11,1,1011401,Invalidenstra�e,2019,6,17,5,2,2,6,0,1,0,0,0,0,0,0,797458,8939,5829358,4
196083,11,6,6040806,Fischtal,2019,6,22,6,3,1,1,2,0,1,0,0,0,0,0,789369,9158,5819784,569
196084,11,3,3061227,Humannplatz,2019,6,8,5,3,5,3,0,1,1,0,0,0,0,0,799979,6171,5831084,82
196085,11,1,1022106,Elberfelder Stra�e,2019,6,21,6,2,5,2,0,1,1,0,0,0,0,0,793677,3866,5828111,168
196086,11,6,6040703,Nikolassee,2019,6,17,5,2,5,3,0,0,1,0,0,0,0,0,784844,9681,5817637,543
196087,11,12,12214422,Klixstra�e,2019,6,20,6,2,5,3,0,0,1,0,1,0,0,0,792179,331,5832939,686
196088,11,7,7040403,Manteuffelstra�e,2019,6,17,5,3,0,6,0,0,1,0,1,0,0,0,797319,6897,5822213,205
196089,11,10,10020621,Gelbes Viertel,2019,6,17,5,3,6,4,0,0,1,1,0,0,0,0,811666,7278,5829777,461
196090,11,2,2010104,Wassertorplatz,2019,6,18,6,2,6,4,0,1,0,1,0,0,0,0,799560,778,5825641,268
196091,11,8,8010303,Donaustra�e,2019,6,13,6,3,6,4,0,0,0,1,0,1,0,0,801098,4716,5824025,187
196092,11,1,1044101,Rehberge,2019,6,13,1,3,1,5,0,1,1,0,0,0,0,0,794019,199,5831277,951
196093,11,8,8010117,Schillerpromenade,2019,6,12,1,3,3,6,0,1,1,0,0,0,0,0,800543,9811,5823346,857
196094,11,6,6040808,H�ttenweg,2019,6,18,1,3,2,6,0,0,1,0,0,0,0,0,788514,1907,5821515,899
196095,11,5,5020625,Borkumer Stra�e,2019,6,21,1,2,8,1,1,0,1,0,0,0,0,0,784753,3385,5828581,715
196096,11,1,1011402,Arkonaplatz,2019,6,18,1,3,0,1,0,0,0,0,1,0,0,0,798758,7928,5829624,1
196097,11,11,11051330,Karlshorst West,2019,6,20,7,3,0,7,0,1,0,0,0,0,0,0,807329,7314,5825201,54
196098,11,10,10040931,Mahlsdorf Nord,2019,6,15,7,3,0,1,0,0,0,0,1,0,0,0,814892,8074,5830051,45
196099,11,6,6040703,Nikolassee,2019,6,12,7,3,1,7,0,0,1,0,0,0,0,0,786468,744,5818208,959
196100,11,4,4020311,Reichsstra�e,2019,6,19,7,3,2,2,0,0,1,0,0,0,1,0,789926,1556,5826699,838
196101,11,8,8010509,Schulenburgpark,2019,6,15,7,3,5,2,0,0,1,0,0,0,0,0,803662,6822,5822280,206
196102,11,2,2010101,Askanischer Platz,2019,6,15,7,3,5,3,0,0,1,0,0,0,0,0,797716,289,5826179,602
196103,11,8,8020620,Tempelhofer Weg,2019,6,15,7,3,5,3,0,0,1,0,1,0,0,0,800794,3418,5820562,893
196104,11,7,7050503,Eisenacher Stra�e,2019,6,16,7,3,5,2,0,0,1,0,1,0,0,0,798989,1417,5819646,353
196105,11,11,11040925,Victoriastadt,2019,6,16,7,3,3,6,0,1,1,0,0,0,0,0,803577,645,5826408,68
196106,11,3,3040818,Pankow S�d,2019,6,17,7,3,5,3,0,1,1,0,0,0,0,0,800077,339,5832605,305
196107,11,8,8020622,Parchimer Allee,2019,6,17,7,3,2,6,0,0,1,0,0,0,0,0,801371,2548,5820107,426
196108,11,7,7010101,Wittenbergplatz/Viktoria-Luise-Platz,2019,6,19,7,3,5,3,0,1,1,0,0,0,0,0,794779,9884,5825688,517
196109,11,4,4030931,Breitscheidplatz,2019,6,20,7,3,2,6,0,0,1,0,0,0,0,0,793692,6992,5825808,45
196110,11,11,11030721,R�digerstra�e,2019,6,20,7,3,5,3,0,1,0,0,0,0,1,0,803849,6161,5828641,286
196111,11,11,11040925,Victoriastadt,2019,6,21,7,3,0,1,1,1,1,0,0,0,0,0,803438,3148,5826586,783
196112,11,2,2010104,Wassertorplatz,2019,6,21,7,3,2,6,1,0,1,0,1,0,0,0,799790,8183,5825718,222
196113,11,1,1011302,Oranienburger Stra�e,2019,6,14,7,3,5,3,0,1,1,0,0,0,0,0,798137,135,5828442,249
196114,11,12,12214125,Waldidyll/Flughafensee,2019,6,12,7,3,1,1,0,0,1,0,0,0,0,0,788529,5317,5832712,46
196115,11,10,10030724,Oberfeldstra�e,2019,6,11,7,3,5,3,0,0,1,0,0,0,0,0,808747,2662,5828182,196
196116,11,4,4031032,Halensee,2019,6,11,7,3,0,5,0,0,1,0,0,0,1,0,791909,2331,5825218,881
196117,11,6,6030501,Berlepschstra�e,2019,6,10,7,3,5,3,0,0,1,0,0,1,0,0,788256,8152,5816714,181
196118,11,11,11051330,Karlshorst West,2019,6,16,7,3,5,2,0,0,0,0,0,0,1,0,807284,6831,5825416,928
196119,11,9,9031001,Bohnsdorf,2019,6,10,7,3,5,3,0,0,1,0,1,0,0,0,809500,1362,5815220,251
196120,11,11,11040926,Weitlingstra�e,2019,6,9,7,3,5,3,0,1,1,0,0,0,0,0,806127,402,5826692,213
196121,11,1,1033201,Brunnenstra�e,2019,6,2,7,3,6,4,2,0,0,1,0,0,1,0,797448,7295,5831118,995
196122,11,10,10010204,Wuhletalstra�e,2019,6,15,6,3,2,6,0,0,1,0,0,0,1,0,809414,5211,5832696,553
196123,11,3,3020209,Niedersch�nhausen,2019,6,18,6,3,0,7,0,1,0,0,0,0,1,0,798529,6238,5834865,875
196124,11,8,8010301,Reuterkiez,2019,6,14,6,3,2,2,0,1,1,0,0,0,0,0,801451,1579,5823884,106
196125,11,11,11051229,Rummelsburg,2019,6,14,6,3,3,6,0,0,1,0,0,1,0,0,803747,3472,5826219,156
196126,11,5,5010101,Hakenfelde Nord,2019,6,17,6,3,5,3,0,1,1,0,0,0,0,0,785974,282,5831370,339
196127,11,5,5010311,Eiswerder,2019,6,16,6,2,1,5,0,1,1,0,0,0,0,0,785391,9325,5830557,463
196128,11,5,5020419,Magistratsweg,2019,6,16,6,3,2,6,0,0,1,0,0,1,0,0,781674,1502,5828417,981
196129,11,6,6010208,Bergstra�e,2019,6,16,6,2,3,6,0,1,1,0,0,0,0,0,794258,7934,5820834,525
196130,11,2,2050803,Stralauer Kiez,2019,6,15,6,3,2,6,0,1,1,0,0,0,0,0,803095,5944,5826046,294
196131,11,3,3051017,Rennbahnstra�e,2019,6,13,6,3,1,5,0,1,1,0,0,0,0,0,802425,4349,5832979,443
196132,11,1,1011303,Alexanderplatzviertel,2019,6,13,6,3,2,6,0,1,0,0,0,0,0,0,799723,777,5827470,28
196133,11,7,7030303,Grazer Platz,2019,6,13,6,3,5,2,0,0,1,0,0,0,0,0,795238,5269,5822271,521
196134,11,3,3051021,Buschallee,2019,6,13,6,3,0,7,0,1,0,0,0,0,0,0,802840,5611,5832671,611
196135,11,8,8010212,Rollberg,2019,6,18,6,3,5,2,0,0,1,0,0,0,0,0,800716,43,5823421,96
196136,11,1,1022104,Emdener Stra�e,2019,6,13,6,3,5,2,0,0,1,0,1,0,0,0,794051,376,5828458,812
196137,11,4,4030623,Ernst-Reuter-Platz,2019,6,13,6,3,2,6,0,0,1,0,0,0,0,0,793253,59,5826900,807
196138,11,2,2040701,Andreasviertel,2019,6,14,6,3,0,1,0,0,0,0,1,0,0,0,800393,4203,5827136,74
196139,11,11,11010206,Wartenberg S�d,2019,6,15,6,3,2,6,0,0,1,0,0,0,1,0,805834,7317,5833784,124
196140,11,1,1011304,Karl-Marx-Allee,2019,6,13,6,3,5,2,0,0,1,0,0,0,0,0,799732,611,5827555,884
196141,11,11,11051229,Rummelsburg,2019,6,13,6,3,0,7,0,0,0,0,1,0,0,1,803909,5861,5826114,748
196142,11,2,2040701,Andreasviertel,2019,6,20,6,3,1,5,1,1,1,0,0,0,1,0,800113,392,5827272,813
196143,11,9,9041301,Kietzer Feld/Nachtheide,2019,6,19,6,3,3,6,0,1,0,0,0,0,1,0,811977,8239,5819600,797
196144,11,10,10020517,Adele-Sandrock-Stra�e,2019,6,19,6,2,5,3,0,1,1,0,0,0,0,0,812477,9364,5830550,681
196145,11,4,4051446,Preu�enpark,2019,6,19,6,3,1,5,0,1,0,0,0,1,0,0,792402,3929,5825024,343
196146,11,8,8010118,Silbersteinstra�e,2019,6,19,6,3,2,2,0,0,1,0,0,0,0,0,800906,8327,5822387,926
196147,11,1,1033201,Brunnenstra�e,2019,6,19,6,3,5,2,0,1,0,0,0,0,1,0,798507,8682,5830233,12
196148,11,2,2030302,Lausitzer Platz,2019,6,19,6,3,0,7,0,0,1,0,0,0,1,0,801284,1838,5826172,47
196149,11,2,2020206,Graefekiez,2019,6,7,6,3,1,5,0,1,1,0,0,0,1,0,800173,1678,5824913,474
196150,11,2,2050802,Boxhagener Platz,2019,6,23,6,2,0,1,2,1,0,0,0,0,1,0,802082,435,5827156,891
196151,11,11,11020412,Hauptstra�e,2019,6,7,6,2,5,2,0,1,1,0,0,0,0,0,805039,4318,5831492,936
196152,11,9,9020602,Oberspree,2019,6,6,6,3,6,4,0,1,0,1,0,0,0,0,807422,2715,5820375,443
196153,11,12,12214424,Scharnweberstra�e,2019,6,5,6,3,5,3,0,0,1,0,0,0,0,0,792366,4402,5832894,671
196154,11,8,8010510,Gewerbegebiet K�llnische Heide,2019,6,13,6,3,5,3,0,1,1,0,0,0,0,0,803760,7238,5821804,904
196155,11,1,1022103,Westhafen,2019,6,13,6,3,2,2,0,0,1,0,0,0,1,0,794893,9524,5829531,41
196156,11,1,1011303,Alexanderplatzviertel,2019,6,9,6,3,1,5,0,1,1,0,0,0,1,0,799127,6154,5828535,426
196157,11,6,6030502,Zehlendorf S�d,2019,6,12,6,3,5,3,0,1,1,0,0,0,0,0,790291,6775,5814814,205
196158,11,5,5040936,J�gerallee,2019,6,10,6,3,4,6,0,1,1,0,0,0,0,0,780565,735,5819431,543
196159,11,1,1011301,Charit�viertel,2019,6,11,6,3,6,4,0,1,0,1,0,0,0,0,796759,35,5829658,327
196160,11,6,6020301,Alt-Lankwitz,2019,6,10,6,3,5,3,0,0,1,0,0,0,0,0,796249,1228,5818266,885
196161,11,10,10040933,Mahlsdorf S�d,2019,6,9,6,3,5,3,0,1,1,0,0,0,0,0,812639,5978,5825271,268
196162,11,9,9041501,Altstadt Kietz,2019,6,10,6,2,5,2,0,1,0,0,0,1,0,0,811359,494,5820147,27
196163,11,10,10040933,Mahlsdorf S�d,2019,6,9,6,3,5,3,0,1,1,0,0,0,0,0,812397,9908,5824300,815
196164,11,1,1011103,L�tzowstra�e,2019,6,10,6,3,2,6,0,0,1,0,0,0,0,0,795431,9458,5826136,18
196165,11,8,8010117,Schillerpromenade,2019,6,3,6,3,3,6,2,0,1,0,1,0,0,1,800554,583,5823317,972
196166,11,2,2050802,Boxhagener Platz,2019,6,0,6,3,6,4,2,0,1,1,0,0,0,1,802300,848,5826853,551
196167,11,1,1022204,Thomasiusstra�e,2019,6,11,6,2,1,5,0,1,1,0,0,0,1,0,795008,2986,5828190,565
196168,11,7,7040403,Manteuffelstra�e,2019,6,21,5,3,3,6,2,0,1,0,0,0,0,0,797229,1153,5820686,625
196169,11,7,7030301,Friedenau,2019,6,13,5,3,4,6,0,1,1,0,0,0,0,0,794010,7499,5822557,936
196170,11,1,1011101,St�lerstra�e,2019,6,9,5,3,0,2,0,1,0,0,0,1,0,1,794582,687,5826069,829
196171,11,1,1022203,L�becker Stra�e,2019,6,9,5,3,0,1,0,1,0,0,0,0,0,1,795100,871,5828490,344
196172,11,4,4030415,Schlo�garten,2019,6,8,5,3,2,2,0,1,1,0,0,0,0,1,790788,3612,5827382,13
196173,11,3,3040512,Wilhelmsruh,2019,6,21,5,3,5,3,2,0,1,0,0,0,0,1,795959,921,5835566,649
196174,11,2,2040701,Andreasviertel,2019,6,22,5,3,1,1,2,1,1,0,0,0,0,0,800942,249,5827121,251
196175,11,2,2020206,Graefekiez,2019,6,23,5,3,0,3,1,1,0,0,1,0,0,0,799216,292,5824569,704
196176,11,8,8041035,Blumenviertel,2019,6,7,5,3,5,3,0,1,1,0,0,0,0,0,803817,2599,5818828,564
196177,11,3,3061227,Humannplatz,2019,6,7,5,3,2,6,0,0,1,0,0,0,0,0,800047,644,5831277,186
196178,11,1,1011301,Charit�viertel,2019,6,7,5,3,5,2,0,1,1,0,0,0,0,0,796894,1706,5828896,359
196179,11,9,9020701,Adlershof West,2019,6,6,5,3,5,3,0,1,1,0,0,0,0,0,808808,9339,5819002,66
196180,11,9,9051901,Dammvorstadt,2019,6,0,5,3,0,1,2,0,1,0,1,0,0,0,811902,3621,5821592,221
196181,11,6,6040808,H�ttenweg,2019,6,23,5,1,0,1,2,1,0,0,0,0,0,0,789975,5042,5819789,372
196182,11,4,4051652,Nikolsburger Platz,2019,6,8,5,3,6,4,0,0,1,1,0,0,0,1,793443,739,5824197,879
196183,11,1,1044102,Schillerpark,2019,6,8,5,3,5,3,0,1,1,0,0,0,0,1,795057,5563,5831479,296
196184,11,9,9030901,Dorf Altglienicke,2019,6,8,5,2,5,2,0,1,1,0,0,0,0,1,807681,3886,5817730,987
196185,11,6,6020409,K�nigsberger Stra�e,2019,6,2,5,3,1,1,2,0,1,0,0,0,0,1,793245,7142,5817228,686
196186,11,2,2040703,Wriezener Bahnhof/Entwicklungsgebiet,2019,6,2,5,3,0,1,2,1,0,0,0,0,0,1,801122,4259,5826607,599
196187,11,1,1011303,Alexanderplatzviertel,2019,6,20,5,2,6,4,0,0,1,1,0,0,0,0,799498,19,5828344,449
196188,11,9,9020501,Obersch�neweide West,2019,6,7,5,3,5,3,0,1,1,0,0,0,0,0,806066,3474,5823414,898
196189,11,4,4030724,Lietzensee,2019,6,13,5,3,5,7,0,1,1,0,0,0,0,0,790828,8834,5826359,841
196190,11,2,2020205,Chamissokiez,2019,6,7,5,3,5,2,0,1,0,0,0,0,1,0,798127,4916,5824542,844
196191,11,7,7040403,Manteuffelstra�e,2019,6,13,5,3,5,3,0,0,1,0,0,0,1,0,797288,6397,5821211,93
196192,11,1,1022103,Westhafen,2019,6,0,5,3,1,7,2,0,1,0,0,0,1,0,794687,3573,5829769,919
196193,11,2,2040703,Wriezener Bahnhof/Entwicklungsgebiet,2019,6,17,5,3,5,5,0,1,1,0,0,0,0,0,801442,4418,5826397,186
196194,11,8,8020619,Buschkrugallee Nord,2019,6,14,5,3,1,5,0,0,1,0,0,0,0,0,801533,4904,5820711,273
196195,11,6,6020410,Oberhofer Platz,2019,6,16,5,3,2,6,0,0,1,0,1,0,0,0,794221,3344,5817537,85
196196,11,3,3010101,Bucher Forst,2019,6,15,5,3,5,3,0,1,1,0,0,0,0,0,804139,263,5841911,784
196197,11,4,4030931,Breitscheidplatz,2019,6,16,5,3,1,5,0,1,1,0,0,0,0,0,794498,7549,5825888,791
196198,11,4,4031032,Halensee,2019,6,13,5,3,3,6,0,0,1,0,1,0,0,0,791763,7553,5824823,547
196199,11,12,12224230,Heiligensee,2019,6,12,5,3,5,3,0,0,1,0,1,0,0,0,787552,434,5837345,792
196200,11,6,6020411,Sch�tte-Lanz-Stra�e,2019,6,16,5,3,5,2,0,0,1,0,0,0,0,0,793923,2296,5815474,628
196201,11,9,9020701,Adlershof West,2019,6,16,5,3,5,3,0,1,1,0,0,0,0,0,807922,3341,5819889,65
196202,11,2,2030301,Oranienplatz,2019,6,11,5,3,5,3,0,0,1,0,0,0,0,0,799718,5267,5826304,694
196203,11,5,5020625,Borkumer Stra�e,2019,6,15,5,3,5,2,0,1,1,0,0,0,0,0,784453,4907,5828664,903
196204,11,9,9041301,Kietzer Feld/Nachtheide,2019,6,12,5,2,5,3,0,0,1,0,1,0,0,0,814256,662,5818409,294
196205,11,4,4030930,George-Grosz-Platz,2019,6,19,5,3,6,4,0,0,1,1,0,0,0,0,792837,5394,5825442,86
196206,11,5,5030832,Rohrdamm,2019,6,11,5,3,5,7,0,0,1,0,1,0,0,0,788745,393,5830467,918
196207,11,8,8010404,Rixdorf,2019,6,15,5,3,5,3,0,1,1,0,0,0,0,0,801999,3857,5823303,605
196208,11,2,2030302,Lausitzer Platz,2019,6,19,5,3,2,5,0,1,1,0,0,0,0,0,800303,845,5825827,901
196209,11,11,11051330,Karlshorst West,2019,6,11,4,3,5,2,0,1,1,0,0,0,0,0,807271,3787,5825411,435
196210,11,8,8010404,Rixdorf,2019,6,8,4,3,1,5,0,1,1,0,0,0,0,0,802000,8727,5823314,615
196211,11,8,8020622,Parchimer Allee,2019,6,11,5,3,5,3,0,0,1,0,0,0,0,1,801510,2358,5820188,838
196212,11,4,4051445,Eisenzahnstra�e,2019,6,11,5,3,6,4,0,0,1,1,0,0,0,1,792027,3718,5824089,229
196213,11,2,2010102,Mehringplatz,2019,6,13,4,3,6,4,0,0,1,1,0,0,0,0,797897,933,5826459,693
196214,11,8,8020622,Parchimer Allee,2019,6,18,5,2,6,4,0,0,1,1,0,0,0,0,801426,2378,5820256,923
196215,11,4,4030724,Lietzensee,2019,6,16,4,3,6,4,0,1,0,1,0,0,0,0,790784,2734,5826169,737
196216,11,1,1033102,Gesundbrunnen,2019,6,10,5,3,3,6,0,1,1,0,0,0,0,0,797023,4843,5831466,969
196217,11,7,7030301,Friedenau,2019,6,15,4,3,3,2,0,0,1,0,1,0,0,0,793943,1746,5822260,38
196218,11,2,2030402,Wrangelkiez,2019,6,7,5,3,0,6,0,1,0,0,0,1,0,0,801963,6592,5825636,33
196219,11,3,3040818,Pankow S�d,2019,6,15,4,2,1,5,0,1,1,0,0,0,0,0,798867,4946,5832398,711
196220,11,7,7030301,Friedenau,2019,6,15,4,3,5,2,0,0,1,0,0,0,0,0,794241,6791,5822036,555
196221,11,6,6040809,Thielallee,2019,6,10,5,3,5,2,0,1,1,0,0,0,0,0,792176,1778,5820442,719