OBJECTID,LAND,BEZ,LOR,STRASSE,UJAHR,UMONAT,USTUNDE,UWOCHENTAG,UKATEGORIE,UART,UTYP1,ULICHTVERH,IstRad,IstPKW,IstFuss,IstKrad,IstGkfz,IstSonstige,USTRZUSTAND,LINREFX,LINREFY,XGCSWGS84,YGCSWGS84
196222,11,1,1011302,Oranienburger Stra�e,2019,6,15,4,3,3,6,0,0,1,0,1,0,0,0,798427,42,5829045,267
196223,11,1,1022204,Thomasiusstra�e,2019,6,9,5,2,6,4,0,0,1,1,0,0,0,1,795217,972,5828240,532
196224,11,1,1011204,Leipziger Stra�e,2019,6,14,4,3,2,6,0,1,0,0,0,0,1,0,798345,6463,5827453,853
196225,11,7,7040403,Manteuffelstra�e,2019,6,18,5,3,2,2,0,0,1,0,0,0,0,0,797861,339,5821928,636
196226,11,4,4030519,Kaiserin-Augusta-Allee,2019,6,14,4,3,5,2,0,1,1,0,0,0,0,0,792222,6675,5828623,635
196227,11,7,7020202,Volkspark (Rudolf-Wilde-Park),2019,6,17,5,3,2,6,0,0,1,0,0,0,0,0,794990,2762,5823578,844
196228,11,4,4051652,Nikolsburger Platz,2019,6,13,4,3,5,5,0,1,1,0,0,0,0,0,793449,679,5824323,281
196229,11,1,1011401,Invalidenstra�e,2019,6,13,4,2,0,2,0,1,1,0,0,0,0,0,798305,4323,5829373,286
196230,11,1,1044201,Reinickendorfer Stra�e,2019,6,18,5,3,5,3,0,0,1,0,0,0,0,0,796690,7013,5831748,868
196231,11,2,2030301,Oranienplatz,2019,6,17,5,3,5,2,0,1,0,0,0,0,1,0,799704,752,5826013,821
196232,11,2,2050801,Traveplatz,2019,6,13,4,3,6,4,0,0,1,1,0,0,0,0,803019,4482,5827018,88
196233,11,1,1044201,Reinickendorfer Stra�e,2019,6,13,4,3,5,2,0,0,1,0,0,0,0,0,795678,6581,5830932,866
196234,11,1,1044101,Rehberge,2019,6,17,5,3,2,2,0,0,1,0,1,0,0,0,794008,72,5830202,144
196235,11,1,1011302,Oranienburger Stra�e,2019,6,12,4,3,5,5,0,0,1,0,1,0,0,0,797641,3366,5828756,827
196236,11,7,7010101,Wittenbergplatz/Viktoria-Luise-Platz,2019,6,12,4,3,5,2,0,1,1,0,0,0,0,0,794985,787,5824900,244
196237,11,4,4010101,Jungfernheide,2019,6,18,5,2,6,4,0,0,1,1,0,0,0,0,790674,9891,5829758,731
196238,11,1,1022103,Westhafen,2019,6,9,5,3,0,6,0,0,1,0,1,0,0,0,793418,647,5829470,748
196239,11,4,4030931,Breitscheidplatz,2019,6,22,4,3,6,4,2,0,0,1,1,0,0,0,794032,7402,5826209,647
196240,11,4,4010102,Pl�tzensee,2019,6,16,5,3,5,7,0,0,1,0,1,0,0,0,793252,6105,5830068,649
196241,11,12,12301204,Wittenau Nord,2019,6,22,4,3,1,5,2,0,1,0,0,0,0,0,792916,4273,5836689,176
196242,11,2,2050803,Stralauer Kiez,2019,6,9,5,3,3,6,0,0,1,0,0,0,1,1,802502,3945,5826219,904
196243,11,9,9041301,Kietzer Feld/Nachtheide,2019,6,21,4,3,5,3,1,0,1,0,1,0,0,0,813764,433,5818822,444
196244,11,7,7040401,Neu-Tempelhof,2019,6,9,5,3,0,4,0,0,0,1,0,0,1,0,797610,531,5823891,366
196245,11,1,1011302,Oranienburger Stra�e,2019,6,20,4,3,3,6,1,1,1,0,0,0,0,0,798647,9889,5828488,561
196246,11,4,4010101,Jungfernheide,2019,6,19,4,3,5,3,0,0,1,0,0,0,0,0,791285,631,5830682,739
196247,11,9,9051901,Dammvorstadt,2019,6,9,5,3,1,1,0,1,1,0,0,0,0,1,810749,8831,5821396,986
196248,11,2,2010102,Mehringplatz,2019,6,19,4,3,5,2,0,1,1,0,0,0,0,0,798713,3573,5826435,194
196249,11,1,1033102,Gesundbrunnen,2019,6,8,5,3,0,2,0,0,1,0,1,0,0,1,797363,2471,5831193,192
196250,11,4,4031032,Halensee,2019,6,18,4,3,6,4,0,1,0,1,0,0,0,0,791083,3915,5824929,304
196251,11,9,9020601,Schnellerstra�e,2019,6,17,5,3,5,2,0,1,1,0,0,0,0,0,805833,5457,5821886,401
196252,11,5,5010101,Hakenfelde Nord,2019,6,17,4,3,2,6,0,0,1,0,0,0,0,0,785879,4213,5831725,117
196253,11,1,1033203,Humboldthain Nordwest,2019,6,10,5,3,0,1,0,0,0,0,1,0,0,1,796728,277,5830461,229
196254,11,6,6040810,Dahlem,2019,6,17,4,3,5,2,0,1,1,0,0,0,0,0,790152,1911,5819783,649
196255,11,1,1011301,Charit�viertel,2019,6,17,4,3,1,5,0,1,1,0,0,0,0,0,797113,2349,5829247,211
196256,11,3,3061131,Falkplatz,2019,6,16,5,3,4,1,0,0,1,0,0,0,0,1,798878,8259,5830381,999
196257,11,4,4010103,Paul-Hertz-Siedlung,2019,6,15,5,3,3,6,0,0,1,0,0,0,0,0,791203,9276,5829151,275
196258,11,10,10010308,Marzahner Chaussee,2019,6,10,4,3,0,2,0,0,1,0,1,0,0,0,806333,3389,5830184,991
196259,11,2,2040503,Richard-Sorge-Viertel,2019,6,10,4,3,2,6,0,0,1,0,1,0,0,0,801560,203,5828840,491
196260,11,1,1011303,Alexanderplatzviertel,2019,6,15,5,3,6,4,0,0,1,1,0,0,0,0,799480,961,5828849,4
196261,11,9,9010101,Elsenstra�e,2019,6,9,4,3,2,6,0,1,1,0,0,0,0,0,802242,9308,5825199,27
196262,11,4,4020310,Park Ruhwald,2019,6,15,5,3,0,2,0,1,1,0,0,0,0,0,788245,9272,5827790,604
196263,11,6,6020304,Kaiser-Wilhelm-Stra�e,2019,6,9,4,3,6,2,0,0,1,1,0,0,0,0,794733,789,5817795,511
196264,11,3,3040614,Pankow Zentrum,2019,6,8,4,3,1,1,0,0,1,0,0,0,1,0,798740,3538,5833135,11
196265,11,2,2030302,Lausitzer Platz,2019,6,8,4,3,2,6,0,1,0,0,0,0,0,0,801069,5916,5826326,356
196266,11,3,3061429,Greifswalder Stra�e,2019,6,8,5,3,0,1,0,1,0,0,0,0,0,1,801913,4694,5830916,313
196267,11,1,1011303,Alexanderplatzviertel,2019,6,8,4,3,5,2,0,1,1,0,0,0,0,0,799235,8031,5828467,756
196268,11,1,1033201,Brunnenstra�e,2019,6,18,4,2,5,3,0,0,1,0,0,0,0,0,798084,3445,5829984,1
196269,11,11,11030720,Herzbergstra�e,2019,6,8,4,3,2,6,0,0,1,0,0,0,0,0,804435,7686,5829898,21
196270,11,3,3010102,Buch,2019,6,8,4,3,5,3,0,1,1,0,0,0,0,0,804063,8289,5839911,95
196271,11,2,2020206,Graefekiez,2019,6,14,4,3,0,3,0,1,0,0,0,0,0,1,799632,4793,5825054,91
196272,11,10,10020412,Alte Hellersdorfer Stra�e,2019,6,7,4,3,2,6,0,0,1,0,0,0,0,0,811289,8831,5831966,889
196273,11,1,1011301,Charit�viertel,2019,6,7,4,3,1,5,0,1,1,0,0,0,0,0,797039,33,5828402,712
196274,11,4,4030519,Kaiserin-Augusta-Allee,2019,6,23,4,3,0,1,2,0,1,0,1,0,0,0,792185,4665,5827963,933
196275,11,7,7050505,Hundsteinweg,2019,6,7,4,3,2,6,0,0,1,0,0,0,0,0,798974,1798,5817309,404
196276,11,7,7050505,Hundsteinweg,2019,6,21,4,3,6,4,0,0,0,1,0,0,1,0,798509,97,5819046,321
196277,11,3,3061430,Volkspark Prenzlauer Berg,2019,6,6,4,3,6,4,0,1,0,1,0,0,0,0,801953,9555,5829749,805
196278,11,2,2020203,Viktoriapark,2019,6,4,4,3,3,6,1,0,1,0,0,0,0,0,797749,954,5824294,587
196279,11,8,8010508,Wei�e Siedlung,2019,6,20,4,3,5,3,0,0,1,0,0,0,0,0,803432,17,5822935,222
196280,11,12,12214527,Alt-Tegel,2019,6,19,4,3,5,3,0,0,1,0,1,0,0,0,789711,3505,5834707,826
196281,11,7,7040405,Rathaus Tempelhof,2019,6,12,4,2,5,3,0,1,0,0,0,0,1,0,798863,1603,5821766,238
196282,11,3,3040513,Sch�nholz,2019,6,11,4,3,0,2,0,0,1,0,1,0,0,0,796539,4217,5834273,802
196283,11,1,1044202,Sparrplatz,2019,6,18,4,3,1,5,0,1,1,0,0,0,0,0,795662,4248,5830548,304
196284,11,1,1011306,Heine-Viertel Ost,2019,6,11,4,3,6,7,0,0,0,1,0,0,1,0,800092,892,5826414,991
196285,11,10,10010204,Wuhletalstra�e,2019,6,17,4,3,5,3,0,1,1,0,0,0,0,0,810056,4193,5832605,828
196286,11,2,2010101,Askanischer Platz,2019,6,10,4,3,3,6,0,1,0,0,0,0,0,0,797149,6371,5826435,473
196287,11,1,1022206,L�neburger Stra�e,2019,6,22,4,3,0,2,2,0,1,0,0,0,1,0,796115,1037,5828431,86
196288,11,10,10010310,Alt-Marzahn,2019,6,10,4,3,0,2,0,0,1,0,0,0,1,0,809129,323,5830468,46
196289,11,1,1011204,Leipziger Stra�e,2019,6,9,4,3,5,2,0,0,1,0,0,0,0,0,798699,3097,5827083,718
196290,11,4,4051445,Eisenzahnstra�e,2019,6,10,4,3,5,3,0,1,0,0,0,0,0,0,791946,6451,5824178,495
196291,11,6,6010101,Fichtenberg,2019,6,13,4,3,5,3,0,0,1,0,0,0,1,0,793312,413,5820739,27
196292,11,5,5020625,Borkumer Stra�e,2019,6,9,4,2,5,2,0,0,1,0,0,0,0,0,783862,486,5827897,751
196293,11,1,1011304,Karl-Marx-Allee,2019,6,18,4,3,0,7,0,1,0,0,0,0,0,0,799550,2668,5828083,718
196294,11,1,1022101,Huttenkiez,2019,6,11,3,3,3,6,0,0,0,0,1,0,1,0,793655,2031,5828118,928
196295,11,1,1044201,Reinickendorfer Stra�e,2019,6,9,4,3,2,6,0,0,1,0,0,0,0,0,796750,1651,5831913,295
196296,11,1,1022201,Stephankiez,2019,6,10,3,3,5,2,0,1,1,0,0,0,0,0,795041,1803,5829166,323
196297,11,5,5030833,Motardstra�e,2019,6,8,4,3,5,2,0,1,1,0,0,0,0,0,789404,391,5828683,603
196298,11,8,8010404,Rixdorf,2019,6,21,3,3,1,5,0,1,1,0,0,0,0,0,801446,1814,5823761,21
196299,11,7,7060604,Marienfelde S�d,2019,6,7,4,3,1,5,0,1,1,0,0,0,0,0,795745,5602,5815157,115
196300,11,2,2050802,Boxhagener Platz,2019,6,20,3,3,2,6,0,0,1,0,0,0,0,0,802036,7038,5827168,82
196301,11,6,6010103,Markelstra�e,2019,6,7,4,3,1,5,0,0,0,0,1,0,1,0,793726,2642,5821460,653
196302,11,4,4010101,Jungfernheide,2019,6,13,3,3,2,6,0,0,0,0,1,1,0,0,791411,1408,5830685,449
196303,11,7,7070704,Nahariyastra�e,2019,6,13,3,3,5,2,0,1,1,0,0,0,0,0,800641,2479,5814140,639
196304,11,10,10040933,Mahlsdorf S�d,2019,6,7,4,3,5,3,0,1,1,0,0,0,0,0,813174,7641,5825652,483
196305,11,2,2040701,Andreasviertel,2019,6,10,3,3,3,6,0,0,1,0,0,0,1,0,800692,5516,5827569,598
196306,11,6,6040806,Fischtal,2019,6,7,4,3,5,3,0,1,0,0,0,0,0,0,788927,5468,5819640,604
196307,11,12,12103117,Letteplatz,2019,6,13,3,3,5,3,0,1,1,0,0,0,0,0,795925,5955,5832888,91
196308,11,5,5020417,Staakener Stra�e,2019,6,12,3,3,5,2,0,1,0,0,0,1,0,0,782825,6295,5828572,342
196309,11,9,9020802,K�llnische Vorstadt,2019,6,7,4,2,5,2,0,1,1,0,0,0,0,0,810166,8813,5819568,605
196310,11,2,2050803,Stralauer Kiez,2019,6,11,3,3,3,6,0,0,1,0,0,0,1,0,803020,4986,5825763,363
196311,11,2,2040703,Wriezener Bahnhof/Entwicklungsgebiet,2019,6,6,4,3,5,2,0,0,1,0,0,0,0,0,801476,9449,5827258,571
196312,11,10,10020622,Kaulsdorf Nord I,2019,6,11,3,2,3,6,0,1,0,0,0,0,1,0,810691,379,5827997,283
196313,11,7,7040401,Neu-Tempelhof,2019,6,1,4,3,2,6,2,1,1,0,0,0,0,0,797306,9864,5823476,706
196314,11,1,1044103,Westliche M�llerstra�e,2019,6,10,3,2,5,5,0,0,1,0,1,0,0,0,794733,8245,5830405,47
196315,11,3,3051021,Buschallee,2019,6,7,4,3,0,7,0,1,0,0,0,0,0,0,802933,6883,5832275,27
196316,11,1,1033201,Brunnenstra�e,2019,6,10,3,3,2,6,0,0,1,0,0,0,0,0,798462,3493,5830198,647
196317,11,4,4020310,Park Ruhwald,2019,6,19,3,3,4,2,0,0,1,0,0,0,0,0,790565,9197,5827336,214
196318,11,8,8020625,Handwerker-Siedlung,2019,6,16,4,3,5,2,0,1,0,0,0,0,1,0,801545,417,5819189,846
196319,11,2,2010103,Moritzplatz,2019,6,16,4,3,5,3,0,1,1,0,0,0,0,0,799402,3208,5825915,846
196320,11,2,2020204,Urbanstra�e,2019,6,8,3,3,5,2,0,1,1,0,0,0,0,0,798490,6547,5825224,92
196321,11,7,7020202,Volkspark (Rudolf-Wilde-Park),2019,6,15,4,3,1,5,0,1,1,0,0,0,0,0,794566,9344,5823418,705
196322,11,3,3050920,Wei�er See,2019,6,8,3,3,5,3,0,1,1,0,0,0,0,0,802037,8121,5832161,649
196323,11,11,11020412,Hauptstra�e,2019,6,13,4,3,6,4,0,0,0,1,0,0,1,0,804948,4479,5831404,184
196324,11,2,2020205,Chamissokiez,2019,6,8,3,3,5,2,0,1,0,0,0,0,0,0,798500,5236,5824510,45
196325,11,12,12103219,Sch�fersee,2019,6,15,4,3,5,2,0,0,1,0,0,0,0,0,795565,6586,5833227,65
196326,11,1,1011304,Karl-Marx-Allee,2019,6,19,3,3,5,2,0,1,1,0,0,0,0,0,799989,895,5828081,402
196327,11,1,1011401,Invalidenstra�e,2019,6,8,3,3,0,1,0,1,0,0,0,0,0,0,798324,646,5829352,359
196328,11,1,1033102,Gesundbrunnen,2019,6,15,4,3,1,5,0,1,1,0,0,0,0,0,797252,62,5831542,797
196329,11,6,6020304,Kaiser-Wilhelm-Stra�e,2019,6,8,3,2,5,7,0,0,1,0,0,0,0,0,794792,1005,5817998,57
196330,11,1,1033201,Brunnenstra�e,2019,6,14,4,2,5,2,0,0,1,0,1,0,0,0,798074,378,5829990,292
196331,11,1,1011401,Invalidenstra�e,2019,6,8,3,3,0,1,0,1,0,0,0,0,0,0,798325,3261,5829351,2
196332,11,8,8020620,Tempelhofer Weg,2019,6,11,4,3,3,2,0,1,1,0,0,0,0,0,800593,9436,5821187,163
196333,11,8,8020619,Buschkrugallee Nord,2019,6,18,3,3,5,2,0,1,0,0,0,0,1,0,802460,6095,5820696,871
196334,11,4,4030931,Breitscheidplatz,2019,6,12,4,3,2,6,0,1,1,0,0,0,0,0,793920,6279,5825688,625
196335,11,2,2010102,Mehringplatz,2019,6,18,3,3,5,2,0,1,1,0,0,0,0,0,798179,9327,5826506,461
196336,11,9,9010302,Sp�thsfelde,2019,6,18,3,3,5,2,0,0,1,0,1,0,0,0,804941,2614,5820716,285
196337,11,8,8010118,Silbersteinstra�e,2019,6,11,4,2,5,2,0,0,1,0,1,0,0,0,800848,8582,5822527,558
196338,11,2,2040502,Friedenstra�e,2019,6,18,3,3,5,2,0,1,0,0,0,1,0,0,801247,5829,5827816,857
196339,11,9,9020802,K�llnische Vorstadt,2019,6,11,4,3,2,6,0,0,1,0,0,0,0,0,810037,9566,5820439,564
196340,11,9,9020601,Schnellerstra�e,2019,6,18,3,2,5,2,0,1,1,0,0,0,0,0,806880,161,5821188,45
196341,11,9,9020602,Oberspree,2019,6,10,4,3,5,3,0,1,1,0,0,0,0,0,808401,6536,5820867,723
196342,11,1,1011203,Unter den Linden S�d,2019,6,17,3,2,5,7,0,1,1,0,0,0,0,0,797608,418,5827117,875
196343,11,4,4010101,Jungfernheide,2019,6,10,4,3,2,6,0,0,1,0,0,0,1,0,790216,7937,5830655,42
196344,11,10,10030724,Oberfeldstra�e,2019,6,13,3,3,5,3,0,1,1,0,0,0,0,0,809663,6249,5829684,518
196345,11,5,5030731,Gartenfelder Stra�e,2019,6,15,3,3,6,2,0,0,1,1,0,0,0,0,787069,8944,5829480,15
196346,11,6,6020411,Sch�tte-Lanz-Stra�e,2019,6,10,4,3,5,3,0,0,1,0,1,0,0,0,794957,477,5815655,303
196347,11,7,7040405,Rathaus Tempelhof,2019,6,10,4,3,0,5,0,0,1,0,0,0,0,0,797908,3226,5822208,274
196348,11,9,9041403,Allende II,2019,6,16,3,2,5,3,0,1,0,0,0,1,0,0,812470,516,5819772,416
196349,11,6,6020303,Lankwitz Kirche,2019,6,16,3,3,2,6,0,0,1,0,0,1,0,0,795338,1906,5818430,521
196350,11,1,1011306,Heine-Viertel Ost,2019,6,9,4,3,5,3,0,1,0,0,1,0,0,0,800083,4125,5826461,503
196351,11,2,2020204,Urbanstra�e,2019,6,16,3,3,2,2,0,0,1,0,0,0,0,0,798290,1729,5825307,501
196352,11,8,8030831,Gropiusstadt Ost,2019,6,13,3,3,2,6,0,0,1,0,0,0,0,0,803873,1451,5818180,5
196353,11,7,7040403,Manteuffelstra�e,2019,6,16,3,3,0,2,0,1,1,0,0,0,0,0,797313,522,5822178,51
196354,11,3,3061126,Arnimplatz,2019,6,15,3,2,0,1,0,1,0,0,0,0,0,0,798517,511,5831468,954
196355,11,3,3040614,Pankow Zentrum,2019,6,10,3,3,5,3,0,1,1,0,0,0,0,0,798851,9797,5834892,114
196356,11,7,7040402,Lindenhofsiedlung,2019,6,15,3,2,3,6,0,0,0,0,1,1,0,0,796394,927,5820707,916
196357,11,4,4030827,Karl-August-Platz,2019,6,15,3,3,5,2,0,0,1,0,0,0,0,0,792725,1354,5826104,9
196358,11,2,2010104,Wassertorplatz,2019,6,16,3,3,6,7,0,1,0,1,0,0,0,0,798999,9975,5825433,209
196359,11,5,5020625,Borkumer Stra�e,2019,6,14,3,3,5,3,0,1,1,0,0,0,0,0,784441,796,5828682,406
196360,11,7,7040405,Rathaus Tempelhof,2019,6,11,3,3,1,5,0,1,1,0,0,0,0,0,798010,1863,5821324,224
196361,11,1,1011305,Heine-Viertel West,2019,6,8,3,3,0,5,0,0,1,0,1,0,0,0,799474,7414,5827098,931
196362,11,4,4030623,Ernst-Reuter-Platz,2019,6,7,3,2,1,5,0,1,1,0,0,0,0,0,793541,9053,5826334,32
196363,11,4,4030518,Tegeler Weg,2019,6,0,3,3,1,1,2,0,1,0,0,0,0,0,791525,8828,5828095,782
196364,11,11,11020513,Orankesee,2019,6,6,3,3,2,6,0,0,1,0,0,1,0,0,802909,7786,5831180,951
196365,11,2,2010103,Moritzplatz,2019,6,18,3,3,5,2,0,1,1,0,0,0,0,0,799233,6531,5826240,415
196366,11,1,1011402,Arkonaplatz,2019,6,1,3,3,0,1,2,0,0,0,0,0,1,0,798219,8821,5829697,156
196367,11,2,2010103,Moritzplatz,2019,6,19,2,3,5,2,0,1,0,0,1,0,0,0,799331,758,5826223,943
196368,11,3,3040512,Wilhelmsruh,2019,6,3,3,3,0,1,2,0,0,0,1,0,0,0,795698,4478,5834920,169
196369,11,4,4030931,Breitscheidplatz,2019,6,15,3,3,0,4,0,1,0,1,0,0,0,0,794149,17,5825692,267
196370,11,8,8010214,Glasower Stra�e,2019,6,11,2,3,2,6,0,0,1,0,0,1,0,0,802108,2299,5821999,76
196371,11,1,1011303,Alexanderplatzviertel,2019,6,19,2,3,5,3,0,0,1,0,0,0,1,0,798781,5854,5828021,163
196372,11,4,4051655,Babelsberger Stra�e,2019,6,9,3,3,5,3,0,1,0,0,0,0,0,0,793939,6625,5823394,215
196373,11,4,4030827,Karl-August-Platz,2019,6,15,2,3,3,2,0,1,0,0,0,0,1,0,792532,8085,5826371,279
196374,11,3,3061227,Humannplatz,2019,6,15,3,3,6,4,0,1,0,1,0,0,0,0,800192,7476,5831612,991
196375,11,1,1044202,Sparrplatz,2019,6,18,2,3,6,4,0,1,0,1,0,0,0,0,795409,1368,5830588,371
196376,11,6,6010206,Stadtpark,2019,6,18,2,3,5,2,0,1,1,0,0,0,0,0,794546,1698,5820084,92
196377,11,1,1011305,Heine-Viertel West,2019,6,15,3,3,2,6,0,0,1,0,0,0,0,0,799660,683,5827084,612
196378,11,12,12301206,L�bars,2019,6,14,2,3,5,3,0,1,0,0,0,0,1,0,793845,796,5838392,601
196379,11,5,5010101,Hakenfelde Nord,2019,6,16,2,3,5,3,0,1,1,0,0,0,0,0,784401,435,5831930,35
196380,11,8,8010404,Rixdorf,2019,6,20,3,3,1,5,1,1,1,0,0,0,0,0,801491,6164,5823429,722
196381,11,3,3030405,Karow Nord,2019,6,16,2,2,5,3,0,1,0,0,0,0,0,0,804457,452,5838459,256
196382,11,8,8010214,Glasower Stra�e,2019,6,16,3,3,5,3,0,0,1,0,0,0,0,0,801422,879,5822255,102
196383,11,2,2020206,Graefekiez,2019,6,20,2,3,3,6,0,0,1,0,0,0,0,0,800303,915,5824575,473
196384,11,1,1044101,Rehberge,2019,6,17,2,3,5,2,0,1,1,0,0,0,0,0,794021,4369,5830177,358
196385,11,6,6020305,Gemeindepark Lankwitz,2019,6,16,3,3,5,7,0,1,0,0,0,0,0,0,795583,1429,5817599,582
196386,11,1,1044203,Leopoldplatz,2019,6,16,3,3,6,4,0,0,0,1,0,0,1,0,795591,1168,5831745,433
196387,11,7,7070705,Franziusweg/Rohrbachstra�e,2019,6,18,2,3,5,5,0,1,1,0,0,0,0,0,798101,3212,5814239,286
196388,11,10,10010207,Marzahner Promenade,2019,6,17,2,3,4,6,0,1,0,0,0,0,0,0,809461,9812,5831454,51
196389,11,1,1022205,Zillesiedlung,2019,6,16,3,3,0,6,0,1,0,0,0,0,1,0,795994,3719,5828615,528
196390,11,4,4030827,Karl-August-Platz,2019,6,17,2,3,5,3,0,0,1,0,0,0,0,0,792735,2686,5826109,727
196391,11,11,11020514,Gro�e-Leege-Stra�e,2019,6,15,3,3,3,6,0,1,1,0,0,0,0,0,804315,4737,5830621,774
196392,11,1,1022104,Emdener Stra�e,2019,6,17,2,3,2,6,0,0,1,0,1,0,0,0,794555,6083,5829055,256
196393,11,7,7010102,Nollendorfplatz,2019,6,16,2,3,3,6,0,0,1,0,1,0,0,0,794969,9526,5825669,679
196394,11,4,4030930,George-Grosz-Platz,2019,6,10,2,3,5,2,0,0,1,0,1,0,0,0,792961,2852,5825693,653
196395,11,7,7060604,Marienfelde S�d,2019,6,14,3,3,5,2,0,0,1,0,1,0,0,0,797613,124,5815560,394
196396,11,7,7040401,Neu-Tempelhof,2019,6,9,2,3,5,3,0,0,1,0,0,0,0,0,797578,9496,5823507,492
196397,11,8,8020619,Buschkrugallee Nord,2019,6,15,3,3,5,7,0,0,1,0,0,0,1,0,801279,2331,5821471,903
196398,11,2,2020206,Graefekiez,2019,6,18,2,2,2,6,0,0,1,0,1,0,0,0,799484,244,5824520,697
196399,11,3,3071639,B�tzowstra�e,2019,6,15,3,3,6,4,0,0,1,1,0,0,0,0,800476,1224,5829083,905
196400,11,1,1044202,Sparrplatz,2019,6,8,2,3,5,2,0,1,0,0,0,0,1,0,795524,115,5830731,603
196401,11,10,10030726,Alt-Biesdorf,2019,6,15,3,3,5,2,0,1,1,0,0,0,0,0,809226,209,5827219,354
196402,11,1,1033102,Gesundbrunnen,2019,6,17,2,2,6,4,0,0,1,1,0,0,0,0,797283,3041,5831280,165
196403,11,7,7040403,Manteuffelstra�e,2019,6,15,3,3,2,6,0,0,0,0,1,0,1,0,797242,2319,5820731,908
196404,11,4,4030827,Karl-August-Platz,2019,6,18,2,3,2,6,0,0,1,0,0,0,0,0,792514,6077,5826100,887
196405,11,1,1033102,Gesundbrunnen,2019,6,15,3,2,0,1,0,1,0,0,0,0,0,0,797735,4481,5831867,135
196406,11,5,5020626,Adamstra�e,2019,6,18,2,3,5,3,0,0,1,0,0,0,0,0,784753,4558,5827199,641
196407,11,9,9010302,Sp�thsfelde,2019,6,16,2,3,5,2,0,0,0,0,1,0,1,0,804610,8816,5820174,78
196408,11,4,4030930,George-Grosz-Platz,2019,6,16,3,3,6,7,0,0,1,1,0,0,0,0,793169,7845,5825624,75
196409,11,7,7040401,Neu-Tempelhof,2019,6,18,2,3,2,6,0,0,1,0,0,0,0,0,797302,786,5823160,709
196410,11,1,2010102,Mehringplatz,2019,6,11,3,3,6,4,0,0,1,1,0,0,0,0,797905,5497,5826558,77
196411,11,12,12304314,Ziekowstra�e/Freie Scholle,2019,6,15,2,2,1,5,0,0,1,0,0,0,0,0,791236,3706,5836415,69
196412,11,1,1011305,Heine-Viertel West,2019,6,15,2,3,5,2,0,1,1,0,0,0,0,0,799687,1707,5827210,76
196413,11,7,7070701,Kettinger Stra�e/Schillerstra�e,2019,6,13,3,3,1,7,0,0,1,0,0,0,0,0,799452,2415,5815074,68
196414,11,6,6040810,Dahlem,2019,6,15,2,3,5,2,0,0,1,0,0,0,0,0,790156,4915,5819781,138
196415,11,7,7030303,Grazer Platz,2019,6,12,3,3,5,3,0,0,1,0,0,0,0,0,796061,1581,5822858,306
196416,11,12,12214421,Reinickes Hof,2019,6,8,2,3,5,2,0,1,1,0,0,0,0,0,793019,701,5833869,434
196417,11,9,9031101,Gr�nau,2019,6,12,3,3,5,2,0,0,1,0,1,0,0,0,811064,1462,5818017,816
196418,11,7,7030301,Friedenau,2019,6,10,2,3,5,2,0,0,1,0,1,0,0,0,793926,5698,5822508,88
196419,11,2,2030302,Lausitzer Platz,2019,6,12,3,3,5,3,0,0,1,0,1,0,0,0,800748,776,5826523,79
196420,11,4,4030930,George-Grosz-Platz,2019,6,15,2,3,5,7,0,0,1,0,0,0,0,0,792952,172,5825414,338
196421,11,7,7010101,Wittenbergplatz/Viktoria-Luise-Platz,2019,6,15,2,3,5,3,0,0,1,0,0,0,0,0,794870,5834,5825571,573
196422,11,10,10030727,Biesdorf S�d,2019,6,12,3,3,0,7,0,0,1,0,0,0,0,0,809555,2665,5826585,643
196423,11,12,12302108,M�rkisches Zentrum,2019,6,12,3,3,5,3,0,0,1,0,0,0,0,0,793944,419,5836640,616
196424,11,7,7040403,Manteuffelstra�e,2019,6,15,2,3,2,6,0,0,1,0,0,0,1,0,797199,9,5820701,35
196425,11,10,10010102,Havemannstra�e,2019,6,11,3,3,5,5,0,0,1,0,0,0,0,0,809597,9526,5834296,712
196426,11,2,2050602,Samariterviertel,2019,6,6,2,3,2,7,0,0,1,0,1,0,0,0,803066,9162,5827813,361
196427,11,9,9010301,Baumschulenstra�e,2019,6,21,3,3,6,2,2,0,1,1,0,0,0,0,805013,875,5822699,212
196428,11,3,3050919,Gustav-Adolf-Stra�e,2019,6,6,2,3,5,2,0,1,0,0,0,0,1,0,801861,983,5832889,949
196429,11,3,3061332,Helmholtzplatz,2019,6,7,2,3,2,7,0,1,0,0,0,0,1,0,800022,6212,5830693,78
196430,11,11,11030618,Fennpfuhl West,2019,6,19,3,3,5,3,0,1,0,0,0,0,0,0,803154,3449,5829566,188
196431,11,2,2010103,Moritzplatz,2019,6,18,3,3,2,6,0,1,1,0,0,0,0,0,799506,2926,5826130,621
196432,11,4,4030620,Alt-Lietzow,2019,6,14,2,3,5,2,0,0,1,0,0,0,0,0,791794,85,5827482,429
196433,11,7,7040405,Rathaus Tempelhof,2019,6,16,2,3,2,6,0,0,1,0,0,0,1,0,798537,5148,5820615,65
196434,11,8,8010118,Silbersteinstra�e,2019,6,19,3,3,0,6,0,0,1,0,0,0,1,0,800990,965,5822194,578
196435,11,6,6040810,Dahlem,2019,6,14,2,3,3,6,0,0,1,0,1,0,0,0,790248,2793,5820032,773
196436,11,8,8010115,Hasenheide,2019,6,19,3,2,6,4,0,0,1,1,0,0,0,0,799878,5908,5823646,986
196437,11,2,2020206,Graefekiez,2019,6,13,2,3,6,7,0,0,0,1,0,0,1,0,800172,7082,5824423,593
196438,11,12,12304314,Ziekowstra�e/Freie Scholle,2019,6,12,2,3,0,2,0,0,1,0,1,0,0,0,790698,5851,5835383,738