OBJECTID,LAND,BEZ,LOR,STRASSE,UJAHR,UMONAT,USTUNDE,UWOCHENTAG,UKATEGORIE,UART,UTYP1,ULICHTVERH,IstRad,IstPKW,IstFuss,IstKrad,IstGkfz,IstSonstige,USTRZUSTAND,LINREFX,LINREFY,XGCSWGS84,YGCSWGS84
196439,11,4,4041342,Schlangenbader Stra�e,2019,6,18,3,3,5,2,0,0,1,0,0,0,0,0,792526,692,5822912,69
196440,11,3,3010104,Lietzengraben,2019,6,11,2,3,3,6,0,0,1,0,0,0,0,0,800889,5662,5838793,767
196441,11,5,5020417,Staakener Stra�e,2019,6,18,3,3,3,6,0,0,1,0,0,0,0,0,782403,7727,5828519,675
196442,11,1,1011302,Oranienburger Stra�e,2019,6,23,2,2,6,2,2,0,1,1,0,0,0,0,797936,329,5828424,181
196443,11,12,12214527,Alt-Tegel,2019,6,18,3,3,2,2,0,1,1,0,0,0,0,0,789906,282,5835707,892
196444,11,8,8010301,Reuterkiez,2019,6,21,2,3,3,6,2,1,1,0,0,0,0,0,800611,513,5825122,352
196445,11,8,8010510,Gewerbegebiet K�llnische Heide,2019,6,11,3,3,2,6,0,0,1,0,0,0,0,0,802472,2616,5822573,559
196446,11,3,3040614,Pankow Zentrum,2019,6,11,2,3,5,3,0,1,1,0,0,0,0,0,798043,869,5833451,403
196447,11,11,11051331,Karlshorst Nord,2019,6,10,2,3,5,2,0,0,1,0,0,0,1,0,807307,329,5824799,114
196448,11,1,1022204,Thomasiusstra�e,2019,6,17,3,3,5,3,0,1,0,0,0,0,0,0,794544,9314,5828182,34
196449,11,6,6040804,Krumme Lanke,2019,6,11,3,3,5,3,0,1,1,0,0,0,0,0,787672,6609,5819217,977
196450,11,1,1011304,Karl-Marx-Allee,2019,6,21,2,2,6,4,1,0,0,1,0,0,1,0,800058,4458,5828482,361
196451,11,9,9041301,Kietzer Feld/Nachtheide,2019,6,10,2,3,5,3,0,1,1,0,0,0,0,0,811761,802,5819770,843
196452,11,1,1011304,Karl-Marx-Allee,2019,6,10,3,3,2,6,0,0,1,0,0,0,0,0,799825,7636,5827506,975
196453,11,4,4030623,Ernst-Reuter-Platz,2019,6,10,2,3,6,4,0,0,1,1,0,0,0,0,793676,9709,5827047,651
196454,11,12,12103218,Teichstra�e,2019,6,17,3,3,2,6,0,0,1,0,0,0,0,0,794503,64,5834271,74
196455,11,7,7040403,Manteuffelstra�e,2019,6,10,2,3,1,5,0,1,1,0,0,0,0,0,797685,1938,5821869,442
196456,11,4,4051653,Prager Platz,2019,6,16,3,3,2,6,0,0,1,0,1,0,0,0,793965,7278,5824603,9
196457,11,1,1011103,L�tzowstra�e,2019,6,20,2,2,5,2,0,0,1,0,0,0,1,0,795419,4449,5825816,725
196458,11,4,4030931,Breitscheidplatz,2019,6,10,3,3,1,5,0,1,1,0,0,0,0,0,794386,2436,5825702,206
196459,11,4,4030620,Alt-Lietzow,2019,6,17,2,3,0,7,0,0,0,0,1,0,0,1,792185,834,5827306,159
196460,11,1,1033102,Gesundbrunnen,2019,6,9,3,3,5,3,0,0,1,0,0,0,0,0,797683,2879,5831306,969
196461,11,6,6020409,K�nigsberger Stra�e,2019,6,9,2,3,5,2,0,0,1,0,0,0,0,0,793275,325,5816908,498
196462,11,2,2010101,Askanischer Platz,2019,6,9,3,3,3,6,0,1,0,0,1,0,0,0,797616,3747,5826425,903
196463,11,5,5020522,Pillnitzer Weg,2019,6,9,2,3,5,3,0,0,1,0,0,0,0,0,781904,26,5827178,518
196464,11,11,11041128,Sewanstra�e,2019,6,9,2,3,6,4,0,0,0,1,1,0,0,0,805232,3594,5826135,383
196465,11,1,1044101,Rehberge,2019,6,16,3,3,2,6,0,0,1,0,1,0,0,0,793878,4651,5830057,743
196466,11,1,1044102,Schillerpark,2019,6,9,2,2,5,2,0,1,1,0,0,0,0,0,794911,45,5832042,45
196467,11,12,12302212,Rollbergesiedlung,2019,6,9,3,3,5,2,0,1,1,0,0,0,0,0,792598,2661,5837379,876
196468,11,11,11040926,Weitlingstra�e,2019,6,9,2,3,5,3,0,0,1,0,1,0,0,0,804959,755,5826465,777
196469,11,11,11020513,Orankesee,2019,6,16,3,3,3,6,0,0,1,0,0,1,0,0,803188,2372,5830342,353
196470,11,9,9051901,Dammvorstadt,2019,6,8,2,2,5,2,0,1,1,0,0,0,0,0,811159,9841,5821574,45
196471,11,10,10040830,Kaulsdorf S�d,2019,6,16,3,3,5,3,0,1,1,0,0,0,0,0,810980,5632,5824874,626
196472,11,9,9020501,Obersch�neweide West,2019,6,8,2,3,0,6,0,1,0,0,0,1,0,0,806246,7166,5822191,783
196473,11,7,7050501,Rathausstra�e,2019,6,8,2,3,2,6,0,0,1,0,0,0,0,0,798047,9285,5819470,125
196474,11,1,1022104,Emdener Stra�e,2019,6,9,3,3,2,6,0,0,1,0,0,0,0,0,794542,3316,5829091,53
196475,11,1,1011306,Heine-Viertel Ost,2019,6,16,3,3,3,6,0,1,1,0,0,0,0,0,800057,9585,5826900,76
196476,11,10,10030724,Oberfeldstra�e,2019,6,8,2,3,5,2,0,0,1,0,0,0,0,0,809645,771,5829689,142
196477,11,4,4030620,Alt-Lietzow,2019,6,18,2,3,2,6,0,0,1,0,0,0,1,0,791926,9483,5827422,397
196478,11,2,2010101,Askanischer Platz,2019,6,9,3,3,5,2,0,1,1,0,0,0,0,0,797226,4179,5826349,9
196479,11,4,4031032,Halensee,2019,6,9,1,3,5,2,0,1,1,0,0,0,0,0,791635,307,5824511,708
196480,11,9,9041501,Altstadt Kietz,2019,6,16,3,3,1,5,0,1,1,0,0,0,1,0,811301,9172,5820201,614
196481,11,11,11051331,Karlshorst Nord,2019,6,0,1,3,5,3,2,0,1,0,0,0,0,0,807547,6965,5824813,491
196482,11,5,5030730,Zitadellenweg,2019,6,1,1,2,0,1,2,0,1,0,1,0,0,0,786899,221,5830076,968
196483,11,1,1011102,Gro�er Tiergarten,2019,6,8,3,3,5,3,0,0,1,0,1,0,0,0,795051,5033,5827187,49
196484,11,1,1044202,Sparrplatz,2019,6,9,1,3,2,6,0,0,1,0,0,0,1,0,795059,2596,5830339,12
196485,11,12,12231101,Hermsdorf,2019,6,9,1,3,5,3,0,0,1,0,0,0,0,0,791190,4184,5837723,563
196486,11,2,2010103,Moritzplatz,2019,6,8,3,3,5,2,0,1,0,0,0,0,1,0,799328,174,5826226,817
196487,11,9,9020701,Adlershof West,2019,6,11,1,3,0,2,0,0,1,0,1,0,0,0,807686,343,5819179,38
196488,11,8,8010301,Reuterkiez,2019,6,22,1,3,1,5,1,1,1,0,0,0,0,0,801648,5582,5824159,47
196489,11,5,5010314,Carl-Schurz-Stra�e,2019,6,7,3,3,3,6,0,0,1,0,1,0,0,0,784791,2496,5828848,614
196490,11,1,1011401,Invalidenstra�e,2019,6,21,1,2,5,3,1,0,1,0,1,0,0,0,797703,9044,5829237,567
196491,11,1,1022106,Elberfelder Stra�e,2019,6,8,3,3,5,2,0,1,1,0,0,0,0,0,793687,6773,5828003,362
196492,11,1,1044101,Rehberge,2019,6,21,1,3,1,5,1,1,1,0,0,0,1,0,793826,42,5830715,717
196493,11,5,5030730,Zitadellenweg,2019,6,6,3,3,2,2,0,0,1,0,1,0,0,0,786617,512,5829251,101
196494,11,1,1011301,Charit�viertel,2019,6,20,1,2,2,6,0,0,1,0,1,0,0,0,797156,331,5829196,916
196495,11,1,1033201,Brunnenstra�e,2019,6,8,3,3,5,2,0,0,1,0,0,0,1,0,797699,669,5830682,26
196496,11,10,10030724,Oberfeldstra�e,2019,6,19,1,3,5,7,0,1,1,0,0,0,0,0,809029,6722,5828440,77
196497,11,10,10040933,Mahlsdorf S�d,2019,6,19,1,3,5,3,0,0,1,0,1,0,0,0,812399,4366,5824300,614
196498,11,9,9041301,Kietzer Feld/Nachtheide,2019,6,7,3,3,5,3,0,1,1,0,0,0,0,0,811766,9243,5818272,864
196499,11,12,12301203,Wittenau S�d,2019,6,7,3,3,5,2,0,0,1,0,1,0,0,0,793420,353,5836088,487
196500,11,7,7020204,Sch�neberger Insel,2019,6,17,1,3,1,5,0,1,1,0,0,0,0,0,796303,781,5824279,819
196501,11,7,7040401,Neu-Tempelhof,2019,6,17,1,3,1,5,0,1,1,0,0,0,0,0,797207,536,5822598,731
196502,11,3,3030711,Blankenburg,2019,6,7,3,3,5,2,0,1,1,0,0,0,0,0,801604,5702,5836127,615
196503,11,8,8010214,Glasower Stra�e,2019,6,17,1,3,0,6,0,0,1,0,1,0,0,0,801744,1602,5822065,453
196504,11,5,5010310,Eckschanze,2019,6,6,3,3,5,3,0,1,1,0,0,0,0,0,784584,5525,5830691,56
196505,11,6,6040809,Thielallee,2019,6,14,1,3,5,3,0,0,1,0,0,0,0,0,791141,2356,5819257,726
196506,11,1,1011201,Wilhelmstra�e,2019,6,14,2,3,6,4,0,0,1,1,0,0,0,0,796978,8241,5827022,72
196507,11,3,3020209,Niedersch�nhausen,2019,6,14,1,3,5,2,0,0,1,0,0,0,0,0,797770,2066,5835761,244
196508,11,1,1011302,Oranienburger Stra�e,2019,6,17,2,3,5,7,0,0,1,0,0,0,0,0,798432,9003,5829046,54
196509,11,9,9010101,Elsenstra�e,2019,6,14,1,3,2,7,0,1,1,0,0,0,0,0,802292,3094,5825488,591
196510,11,6,6040703,Nikolassee,2019,6,14,1,3,5,3,0,1,1,0,0,0,0,0,785886,5933,5817772,64
196511,11,4,4020313,K�nigin-Elisabeth-Stra�e,2019,6,12,2,3,5,2,0,0,1,0,1,0,0,0,790646,8038,5826703,353
196512,11,5,5020416,Am Heideberg,2019,7,19,5,3,6,6,0,0,1,1,0,0,0,0,781052,8685,5829607,482
196513,11,2,2020204,Urbanstra�e,2019,7,19,5,2,5,2,0,1,1,0,0,0,0,0,798697,5747,5824672,444
196514,11,1,1044101,Rehberge,2019,7,18,5,3,6,7,0,1,0,1,0,0,0,0,794529,1173,5831556,882
196515,11,1,1011201,Wilhelmstra�e,2019,7,17,5,2,5,2,0,0,1,0,1,0,0,0,797014,18,5826726,159
196516,11,9,9051702,B�lschestra�e,2019,7,17,5,2,5,3,0,1,1,0,0,0,0,0,814606,3219,5821936,317
196517,11,8,8010118,Silbersteinstra�e,2019,7,17,5,3,5,2,0,0,1,0,0,0,0,0,801004,9172,5822159,522
196518,11,2,2030302,Lausitzer Platz,2019,7,17,5,3,5,2,0,1,1,0,0,0,0,0,801431,1335,5826069,115
196519,11,1,1011302,Oranienburger Stra�e,2019,7,16,5,2,0,4,0,1,0,1,0,0,0,0,798204,9621,5828918,517
196520,11,4,4051551,Brabanter Platz,2019,7,15,5,3,0,7,0,0,0,0,1,0,1,1,793319,9969,5823569,565
196521,11,5,5020625,Borkumer Stra�e,2019,7,16,5,2,6,4,0,0,1,1,0,0,0,0,784468,4291,5828145,473
196522,11,3,3010102,Buch,2019,7,16,5,2,5,3,0,1,1,0,0,0,0,0,804507,7048,5841274,482
196523,11,8,8020619,Buschkrugallee Nord,2019,7,14,5,2,5,3,0,0,1,0,1,0,0,0,802812,2565,5820793,171
196524,11,10,10030727,Biesdorf S�d,2019,7,13,5,3,1,5,0,1,1,0,0,0,0,0,809296,2736,5826661,709
196525,11,2,2050802,Boxhagener Platz,2019,7,13,5,3,1,5,0,0,1,0,1,0,1,0,802266,6017,5826861,362
196526,11,4,4030726,Droysenstra�e,2019,7,13,5,2,6,4,0,0,1,1,0,0,0,0,791950,2519,5825252,124
196527,11,9,9020701,Adlershof West,2019,7,12,5,3,5,3,0,0,0,0,0,1,1,0,808641,7035,5819167,114
196528,11,8,8020622,Parchimer Allee,2019,7,9,5,3,2,6,0,0,1,0,0,0,0,0,802250,6569,5819588,73
196529,11,2,2040701,Andreasviertel,2019,7,8,5,2,5,3,0,1,1,0,0,0,0,0,800294,3344,5827628,217
196530,11,1,1044201,Reinickendorfer Stra�e,2019,7,7,5,3,6,4,0,0,0,1,0,1,0,0,796677,3951,5831904,39
196531,11,1,1011306,Heine-Viertel Ost,2019,7,7,5,3,5,2,0,1,1,0,0,0,0,0,800020,2375,5826468,64
196532,11,4,4031032,Halensee,2019,7,7,5,3,5,3,0,1,1,0,0,0,0,0,791180,4039,5824998,36
196533,11,5,5020523,Maulbeerallee,2019,7,7,5,3,2,6,0,0,1,0,0,0,0,0,782859,4086,5826898,866
196534,11,1,1011202,Unter den Linden Nord,2019,7,7,5,3,3,6,0,1,1,0,0,0,0,0,797934,859,5827934,106
196535,11,11,11030720,Herzbergstra�e,2019,7,1,5,3,6,4,2,0,1,1,0,0,0,0,805194,9684,5829080,317
196536,11,4,4030623,Ernst-Reuter-Platz,2019,7,9,4,3,6,7,0,1,0,0,0,0,1,0,793700,1306,5826365,47
196537,11,3,3071537,Kollwitzplatz,2019,7,22,4,3,0,3,2,0,1,0,1,0,0,0,799358,4667,5829198,784
196538,11,3,3010101,Bucher Forst,2019,7,20,4,3,6,7,0,1,0,1,0,0,0,0,803951,168,5841333,789
196539,11,2,2030401,Reichenberger Stra�e,2019,7,19,4,2,5,3,0,1,1,0,0,0,0,0,800771,8041,5825611,272
196540,11,1,1011204,Leipziger Stra�e,2019,7,17,4,3,5,2,0,1,1,0,0,0,0,0,798770,3467,5827484,833
196541,11,1,1011305,Heine-Viertel West,2019,7,17,4,3,5,2,0,1,1,0,0,0,0,0,799646,4127,5827049,332
196542,11,6,6040701,Wannsee,2019,7,16,4,3,9,1,0,0,1,0,0,0,0,0,784216,3624,5816204,38
196543,11,8,8020619,Buschkrugallee Nord,2019,7,16,4,3,1,1,0,0,1,0,1,0,0,0,801612,852,5821692,496
196544,11,2,2040701,Andreasviertel,2019,7,16,4,3,3,6,0,1,1,0,0,0,0,0,800639,7013,5827357,64
196545,11,4,4020209,Eichkamp,2019,7,15,4,2,0,1,0,1,0,0,0,0,0,0,789228,211,5824032,93
196546,11,10,10010308,Marzahner Chaussee,2019,7,14,4,3,5,2,0,1,0,0,0,0,1,0,806629,2438,5830238,623
196547,11,5,5010206,G�tersloher Weg,2019,7,23,4,2,7,7,2,0,0,0,0,0,1,0,781976,5014,5830602,308
196548,11,7,7040405,Rathaus Tempelhof,2019,7,22,4,3,0,3,2,0,1,0,0,0,1,0,798279,5596,5820992,99
196549,11,4,4030929,Hindemithplatz,2019,7,20,4,3,1,5,0,0,1,0,0,0,1,0,792325,3987,5825514,588
196550,11,1,1022104,Emdener Stra�e,2019,7,13,4,3,1,7,0,0,1,0,1,0,0,0,794213,9265,5828585,722
196551,11,8,8030831,Gropiusstadt Ost,2019,7,13,4,3,0,2,0,0,0,0,1,0,1,0,804137,9434,5817801,69
196552,11,9,9041601,M�ggelheim,2019,7,9,4,3,2,6,0,1,0,0,0,0,0,0,819343,831,5818461,71
196553,11,7,7040405,Rathaus Tempelhof,2019,7,12,4,3,5,7,0,0,1,0,1,0,0,0,798480,5521,5820974,851
196554,11,2,2010103,Moritzplatz,2019,7,11,4,3,2,6,0,0,1,0,0,0,0,0,799832,5564,5825751,192
196555,11,4,4030931,Breitscheidplatz,2019,7,11,4,3,5,5,0,1,1,0,0,0,0,0,793913,867,5825509,13
196556,11,1,1011201,Wilhelmstra�e,2019,7,10,4,3,5,2,0,1,1,0,0,0,0,0,797304,478,5827235,514
196557,11,1,1033102,Gesundbrunnen,2019,7,7,4,3,1,5,0,1,1,0,0,0,0,0,797087,4865,5831427,362
196558,11,2,2010101,Askanischer Platz,2019,7,9,4,3,6,7,0,1,0,1,0,0,0,0,797213,8106,5826363,235
196559,11,1,1033203,Humboldthain Nordwest,2019,7,9,4,3,5,3,0,1,0,0,0,1,0,0,796934,9393,5830171,942
196560,11,9,9010202,K�penicker Landstra�e,2019,7,9,4,3,0,1,0,1,0,0,0,0,0,0,804146,77,5822931,722
196561,11,5,5010103,Amorbacher Weg,2019,7,9,4,3,0,3,0,0,1,0,1,0,0,0,784733,857,5831859,369
196562,11,12,12103219,Sch�fersee,2019,7,16,4,3,9,1,0,0,1,0,0,0,0,0,795662,2396,5832966,598
196563,11,11,11020514,Gro�e-Leege-Stra�e,2019,7,9,4,3,5,2,0,1,1,0,0,0,0,0,804149,5249,5830425,119
196564,11,12,12103220,Humboldtstra�e,2019,7,15,4,2,1,7,0,0,1,0,0,0,1,0,794130,688,5833595,52
196565,11,4,4030726,Droysenstra�e,2019,7,15,4,3,0,1,0,0,0,0,1,0,0,0,792085,2567,5825779,57
196566,11,11,11030721,R�digerstra�e,2019,7,15,4,3,1,5,0,1,1,0,0,0,0,0,804218,87,5828419,924
196567,11,10,10010206,Ringkolonnaden,2019,7,15,4,2,5,2,0,0,0,0,1,0,1,0,810012,8894,5832313,45
196568,11,5,5010207,Darbystra�e,2019,7,15,4,3,0,2,0,1,1,0,0,0,0,0,783579,2577,5830206,824
196569,11,4,4030930,George-Grosz-Platz,2019,7,14,4,3,2,7,0,0,1,0,0,0,0,0,793010,2666,5825555,513
196570,11,4,4030931,Breitscheidplatz,2019,7,14,4,3,5,2,0,1,1,0,0,0,0,0,793918,8992,5825642,459
196571,11,9,9030901,Dorf Altglienicke,2019,7,8,4,3,5,2,0,1,1,0,0,0,0,0,807684,3758,5817719,645
196572,11,3,3020307,Buchholz,2019,7,7,4,3,0,1,0,1,0,0,0,0,0,0,800084,5108,5837521,357
196573,11,9,9020701,Adlershof West,2019,7,7,4,3,5,3,0,1,0,0,1,0,0,0,808503,4308,5818725,839
196574,11,4,5030832,Rohrdamm,2019,7,0,4,3,7,7,2,0,1,0,0,0,0,0,789433,4678,5830626,72
196575,11,6,6030504,Teltower Damm,2019,7,14,4,3,5,3,0,1,1,0,0,0,0,0,790189,1772,5815243,828
196576,11,7,7040404,Marienh�he,2019,7,14,4,2,2,6,0,0,1,0,0,0,1,0,796473,968,5819817,563
196577,11,9,9010302,Sp�thsfelde,2019,7,13,4,3,4,6,0,0,1,0,0,0,0,0,803795,83,5821086,965
196578,11,2,2040503,Richard-Sorge-Viertel,2019,7,15,4,3,3,6,0,1,1,0,0,0,0,0,801457,986,5828047,338
196579,11,1,1011301,Charit�viertel,2019,7,13,4,3,1,5,0,1,1,0,0,0,0,0,797041,1687,5828391,83
196580,11,4,4030827,Karl-August-Platz,2019,7,13,4,3,5,7,0,1,1,0,0,0,0,0,792219,4072,5826491,161
196581,11,4,4030827,Karl-August-Platz,2019,7,12,4,3,3,6,0,1,1,0,0,0,0,0,792727,8354,5826153,624
196582,11,1,1033201,Brunnenstra�e,2019,7,19,3,3,0,6,0,0,1,0,1,0,0,0,798081,325,5830001,803
196583,11,8,8010404,Rixdorf,2019,7,13,3,3,0,6,0,0,1,0,0,0,1,0,802140,243,5822692,274
196584,11,4,4051446,Preu�enpark,2019,7,8,3,3,0,7,0,1,0,0,0,0,0,1,792813,537,5824367,52
196585,11,11,11051331,Karlshorst Nord,2019,7,19,3,3,5,3,0,1,0,0,0,0,1,0,807974,2171,5823866,32
196586,11,7,7010102,Nollendorfplatz,2019,7,22,3,3,0,7,2,0,0,0,1,0,0,0,795926,5481,5825376,805
196587,11,4,4030623,Ernst-Reuter-Platz,2019,7,15,3,3,5,3,0,1,1,0,0,0,0,0,792901,3879,5826967,897
196588,11,3,3061126,Arnimplatz,2019,7,15,3,3,2,6,0,0,1,0,1,0,0,0,799192,1965,5831774,975
196589,11,9,9030901,Dorf Altglienicke,2019,7,14,3,3,5,2,0,0,1,0,0,0,1,0,807790,9388,5817234,83
196590,11,1,1011105,N�rdlicher Landwehrkanal,2019,7,16,3,3,2,2,0,0,1,0,0,0,0,0,796582,875,5826871,72
196591,11,7,7010102,Nollendorfplatz,2019,7,14,3,2,5,7,0,0,1,0,1,0,0,0,795484,7982,5825579,28
196592,11,4,4051448,Schaperstra�e,2019,7,14,3,3,6,7,0,1,0,1,0,0,0,0,793786,8387,5825471,707
196593,11,2,2020204,Urbanstra�e,2019,7,22,3,3,2,6,2,0,1,0,1,0,0,0,799043,2528,5825050,903
196594,11,4,4030724,Lietzensee,2019,7,21,3,3,5,2,0,0,1,0,1,0,0,0,791026,2155,5826041,636
196595,11,5,5010207,Darbystra�e,2019,7,20,3,3,2,6,1,0,1,0,0,0,0,0,783692,6209,5830033,716
196596,11,1,1033101,Soldiner Stra�e,2019,7,13,3,2,5,7,0,0,1,0,1,0,0,0,796261,7769,5832173,799
196597,11,4,4051448,Schaperstra�e,2019,7,12,3,3,2,6,0,0,1,0,1,0,0,0,794133,687,5825463,783
196598,11,1,1011301,Charit�viertel,2019,7,19,3,3,3,6,0,1,0,1,0,0,1,0,797375,4716,5828942,172
196599,11,6,6040703,Nikolassee,2019,7,18,3,3,5,3,0,1,1,0,0,0,0,0,785940,9215,5817242,414
196600,11,7,7010104,Dennewitzplatz,2019,7,18,3,2,0,7,0,1,0,1,0,0,0,0,796554,6112,5824856,564
196601,11,2,2040701,Andreasviertel,2019,7,12,3,3,6,4,0,1,0,1,0,0,0,0,801208,931,5827484,466
196602,11,2,2020206,Graefekiez,2019,7,18,3,3,0,6,0,0,0,0,0,0,1,0,799786,339,5824820,622
196603,11,8,8020728,Buckow Ost,2019,7,17,3,3,0,3,0,1,1,0,0,0,0,0,802275,8121,5816644,396
196604,11,9,9020601,Schnellerstra�e,2019,7,17,3,3,0,1,0,1,1,0,0,0,0,0,806478,4345,5821587,403
196605,11,7,7040405,Rathaus Tempelhof,2019,7,17,3,3,2,6,0,0,1,0,1,0,0,0,798476,2166,5821921,287
196606,11,6,6040807,Zehlendorf Eiche,2019,7,17,3,2,1,5,0,1,0,0,0,0,1,0,789956,3449,5819061,721
196607,11,4,4041240,Messelpark,2019,7,17,3,3,5,3,0,1,1,0,0,0,0,0,790738,3293,5822655,659
196608,11,11,11020514,Gro�e-Leege-Stra�e,2019,7,15,3,3,6,4,0,1,0,1,0,0,0,0,804348,3128,5830822,158
196609,11,11,11051331,Karlshorst Nord,2019,7,10,3,3,5,3,0,0,1,0,0,0,0,0,807665,8299,5824538,78
196610,11,2,2050803,Stralauer Kiez,2019,7,16,3,3,5,2,0,1,1,0,0,0,0,0,802037,559,5826153,6
196611,11,8,8030829,Gropiusstadt Nord,2019,7,16,3,3,5,3,0,1,1,0,0,0,0,0,802968,2058,5818341,672
196612,11,1,1033102,Gesundbrunnen,2019,7,16,3,3,1,5,0,1,1,0,0,0,0,0,798013,91,5831379,5
196613,11,1,1044103,Westliche M�llerstra�e,2019,7,16,3,3,5,3,0,1,1,0,0,0,0,0,794748,182,5830415,36
196614,11,9,9020502,Obersch�neweide Ost,2019,7,15,3,3,5,2,0,0,1,0,0,0,1,0,809401,4666,5821504,76
196615,11,11,11030721,R�digerstra�e,2019,7,15,3,2,2,6,0,0,1,0,0,0,0,0,804605,9656,5827491,135
196616,11,5,5010314,Carl-Schurz-Stra�e,2019,7,15,3,3,6,4,0,0,1,1,0,0,0,0,784794,1179,5828779,66
196617,11,7,7060604,Marienfelde S�d,2019,7,10,3,2,5,2,0,0,1,0,0,0,0,0,797613,9733,5815560,661
196618,11,4,4051446,Preu�enpark,2019,7,10,3,3,5,2,0,1,1,0,0,0,0,0,792849,3247,5824354,897
196619,11,8,8020625,Handwerker-Siedlung,2019,7,10,3,3,5,2,0,1,1,0,0,0,0,0,801385,4097,5819265,642
196620,11,12,12103220,Humboldtstra�e,2019,7,7,4,2,2,6,0,1,1,0,0,0,0,0,794365,3097,5833745,401
196621,11,1,1011104,K�rnerstra�e,2019,7,9,3,3,5,7,0,1,1,0,0,0,0,0,796261,974,5825958,406
196622,11,7,7040403,Manteuffelstra�e,2019,7,9,3,3,5,2,0,0,1,0,1,0,0,0,797845,401,5822205,329
196623,11,4,4041137,Flinsberger Platz,2019,7,16,4,3,6,4,0,0,1,1,0,0,0,0,791449,8971,5824359,279
196624,11,10,10030726,Alt-Biesdorf,2019,7,7,4,2,5,3,0,1,1,0,0,0,0,0,809546,6389,5827716,505
196625,11,9,9010401,Johannisthal West,2019,7,6,3,3,5,2,0,0,1,0,0,0,0,0,806212,3325,5820262,215
196626,11,1,1044201,Reinickendorfer Stra�e,2019,7,6,3,3,2,2,0,0,1,0,0,0,0,0,795576,1503,5830791,659
196627,11,4,4030929,Hindemithplatz,2019,7,16,4,3,2,6,0,0,1,0,0,0,0,0,792572,2517,5825446,294
196628,11,12,12214126,Tegel S�d,2019,7,6,3,3,5,3,0,1,1,0,0,0,0,0,790795,4894,5834062,953
196629,11,4,4030623,Ernst-Reuter-Platz,2019,7,18,4,3,5,3,0,0,1,0,0,0,0,0,793162,5557,5826882,531
196630,11,1,1044103,Westliche M�llerstra�e,2019,7,4,3,2,5,3,1,0,1,0,0,0,0,0,794493,3483,5830684,18
196631,11,10,11020516,Wei�e Taube,2019,7,1,3,3,5,2,2,0,1,0,0,0,1,0,806320,389,5830210,46
196632,11,6,6010102,Schlo�stra�e,2019,7,16,4,3,6,4,0,0,1,1,0,0,0,0,793406,1999,5820902,203
196633,11,8,8020625,Handwerker-Siedlung,2019,7,0,3,2,6,4,2,0,1,1,0,0,0,0,801425,982,5818738,67
196634,11,8,8010117,Schillerpromenade,2019,7,15,4,2,5,2,0,1,1,0,0,0,0,0,800175,464,5823650,664
196635,11,7,7030301,Friedenau,2019,7,6,3,3,5,3,0,0,0,0,0,0,1,0,794238,3016,5822030,514
196636,11,6,6030504,Teltower Damm,2019,7,8,4,3,0,1,0,0,0,0,1,0,0,0,790379,6579,5815129,967
196637,11,4,4020310,Park Ruhwald,2019,7,9,4,3,2,6,0,0,1,0,0,0,0,0,790158,365,5827328,973
196638,11,1,1011204,Leipziger Stra�e,2019,7,15,2,3,6,4,0,1,0,1,0,0,0,0,797836,5496,5826975,183
196639,11,7,7040405,Rathaus Tempelhof,2019,7,18,2,3,0,7,0,1,1,0,0,0,0,0,797948,9167,5821417,282
196640,11,12,12302108,M�rkisches Zentrum,2019,7,0,4,2,0,1,2,0,1,0,0,0,0,0,794770,9335,5836686,181
196641,11,4,4030931,Breitscheidplatz,2019,7,11,2,3,5,3,0,0,0,0,1,1,0,0,794468,8663,5825860,374
196642,11,1,1044201,Reinickendorfer Stra�e,2019,7,0,4,3,5,2,2,0,0,0,0,0,1,0,796704,6996,5831929,935
196643,11,8,8020727,Buckow Mitte,2019,7,15,2,3,6,4,0,0,1,1,0,0,0,0,801547,6678,5817370,597
196644,11,1,1033203,Humboldthain Nordwest,2019,7,19,4,3,6,4,0,1,0,1,0,0,0,0,796558,8264,5830997,568
196645,11,7,7030303,Grazer Platz,2019,7,21,2,3,0,1,0,0,0,0,1,0,0,0,795888,8033,5820842,605
196646,11,1,1022106,Elberfelder Stra�e,2019,7,8,4,3,6,7,0,0,1,1,0,0,0,0,794116,201,5827798,204
196647,11,2,2040703,Wriezener Bahnhof/Entwicklungsgebiet,2019,7,19,2,2,5,2,0,1,1,0,0,0,0,0,801753,6763,5826263,57
196648,11,4,4030519,Kaiserin-Augusta-Allee,2019,7,19,2,2,5,2,0,0,1,0,0,0,0,0,792084,4616,5827960,644
196649,11,4,4030827,Karl-August-Platz,2019,7,17,4,1,2,2,0,1,1,0,0,0,0,0,792405,9224,5826526,158
196650,11,11,11020515,Landsberger Allee,2019,7,22,3,3,0,1,2,1,0,0,0,0,0,0,803372,6562,5830090,726
196651,11,3,3040818,Pankow S�d,2019,7,19,2,3,4,2,0,1,1,0,0,0,0,0,798839,9365,5832388,229
196652,11,9,9010402,Johannisthal Ost,2019,7,14,3,3,0,1,0,1,0,0,0,0,0,0,806321,4359,5819658,861
196653,11,6,6010205,S�dende,2019,7,18,2,2,2,7,0,0,1,0,1,0,1,0,795861,1267,5819280,724
196654,11,8,8020622,Parchimer Allee,2019,7,18,3,3,5,2,0,1,1,0,0,0,0,0,801318,6532,5819557,922