OBJECTID,LAND,BEZ,LOR,STRASSE,UJAHR,UMONAT,USTUNDE,UWOCHENTAG,UKATEGORIE,UART,UTYP1,ULICHTVERH,IstRad,IstPKW,IstFuss,IstKrad,IstGkfz,IstSonstige,USTRZUSTAND,LINREFX,LINREFY,XGCSWGS84,YGCSWGS84
196655,11,1,1011102,Gro�er Tiergarten,2019,7,17,2,3,0,1,0,0,0,0,1,0,0,0,795305,5948,5827367,65
196656,11,11,11020514,Gro�e-Leege-Stra�e,2019,7,17,3,3,5,2,0,0,1,0,0,0,0,0,804697,8504,5831161,348
196657,11,7,7060603,Marienfelde Nordost,2019,7,16,2,2,0,1,0,0,0,0,0,0,1,0,798097,5989,5817032,377
196658,11,1,1044201,Reinickendorfer Stra�e,2019,7,16,2,3,2,6,0,0,1,0,0,0,0,0,797114,7696,5831888,559
196659,11,4,4030931,Breitscheidplatz,2019,7,17,3,2,5,7,0,0,1,0,1,0,0,0,793924,7211,5825797,952
196660,11,1,1033102,Gesundbrunnen,2019,7,12,2,3,5,7,0,0,1,0,0,1,0,0,797079,89,5831451,199
196661,11,2,2030301,Oranienplatz,2019,7,17,3,3,1,5,0,1,1,0,0,0,0,0,799849,625,5826001,43
196662,11,6,6010101,Fichtenberg,2019,7,11,2,3,5,3,0,1,1,0,0,0,0,0,793380,3253,5820364,996
196663,11,5,5020626,Adamstra�e,2019,7,17,3,3,1,5,0,1,1,0,0,0,0,0,784728,5925,5827275,497
196664,11,2,2010103,Moritzplatz,2019,7,12,2,3,5,7,0,0,1,0,1,0,0,0,799377,7305,5826178,606
196665,11,4,4030518,Tegeler Weg,2019,7,15,3,2,1,1,0,0,1,1,0,0,0,0,791632,3358,5828622,505
196666,11,5,5030730,Zitadellenweg,2019,7,10,2,3,5,2,0,0,1,0,0,0,0,0,786432,1594,5831178,154
196667,11,11,11041128,Sewanstra�e,2019,7,10,2,2,5,2,0,1,0,0,0,0,1,0,806032,4971,5825652,903
196668,11,6,6040703,Nikolassee,2019,7,14,3,3,5,3,0,1,0,0,0,1,0,0,784846,772,5817638,602
196669,11,5,5010312,Kurstra�e,2019,7,14,3,3,0,3,0,0,1,0,1,0,0,0,785221,5109,5830572,13
196670,11,12,12214424,Scharnweberstra�e,2019,7,11,2,3,0,1,0,0,0,0,1,0,0,0,793562,4894,5832368,644
196671,11,8,8010301,Reuterkiez,2019,7,16,2,3,1,5,0,1,1,0,0,0,0,0,801602,1664,5824093,763
196672,11,4,4020312,Branitzer Platz,2019,7,11,3,3,5,3,0,1,1,0,0,0,0,0,789629,9728,5827415,727
196673,11,1,1011304,Karl-Marx-Allee,2019,7,9,2,2,5,3,0,1,1,0,0,0,0,0,799718,8372,5827562,517
196674,11,12,12304313,Borsigwalde,2019,7,15,2,2,5,2,0,0,1,0,1,0,0,0,792400,6191,5835221,185
196675,11,12,12302110,Dannenwalder Weg,2019,7,11,3,3,2,6,0,0,1,0,0,0,0,0,795004,6071,5836325,206
196676,11,1,1011306,Heine-Viertel Ost,2019,7,11,3,2,5,2,0,0,1,0,1,0,0,0,800028,8363,5827069,465
196677,11,4,4041343,Binger Stra�e,2019,7,8,2,3,1,5,0,1,0,0,0,0,1,0,792636,4281,5822775,56
196678,11,6,6020409,K�nigsberger Stra�e,2019,7,11,3,3,2,6,0,0,1,0,0,0,0,0,793233,7094,5816839,586
196679,11,4,4010101,Jungfernheide,2019,7,7,2,3,5,3,0,0,1,0,0,0,0,0,791297,6861,5830670,856
196680,11,1,1011402,Arkonaplatz,2019,7,10,3,3,2,6,0,0,1,0,0,0,0,0,798164,6838,5829835,835
196681,11,9,9020601,Schnellerstra�e,2019,7,6,2,3,5,2,0,0,1,0,0,0,0,0,805345,6734,5822386,477
196682,11,1,1011301,Charit�viertel,2019,7,8,3,3,0,2,0,1,0,0,1,0,0,0,797418,3709,5828891,967
196683,11,1,1011303,Alexanderplatzviertel,2019,7,6,2,3,5,2,0,0,1,0,0,0,0,0,799247,224,5828469,39
196684,11,5,5030730,Zitadellenweg,2019,7,6,2,3,3,6,0,0,0,0,1,1,0,0,786046,8296,5829180,601
196685,11,7,7070704,Nahariyastra�e,2019,7,8,3,2,5,3,0,1,1,0,0,0,0,0,800683,4432,5813934,666
196686,11,9,9020501,Obersch�neweide West,2019,7,5,2,3,0,1,1,0,0,0,1,0,0,0,806343,1102,5822225,686
196687,11,4,4010102,Pl�tzensee,2019,7,6,3,3,5,2,1,0,1,0,0,0,0,0,793352,206,5829681,351
196688,11,8,8010211,Flughafenstra�e,2019,7,2,2,3,5,3,2,0,1,0,0,0,0,0,800445,5215,5823705,804
196689,11,11,11051229,Rummelsburg,2019,7,22,3,3,2,6,2,0,1,0,0,0,0,0,803676,5883,5826244,23
196690,11,4,4041344,R�desheimer Platz,2019,7,7,2,3,0,3,0,1,1,0,0,0,0,0,792892,4566,5822847,589
196691,11,3,3050920,Wei�er See,2019,7,22,3,3,5,2,2,0,1,0,0,0,0,0,802824,1,5832152,326
196692,11,4,4030931,Breitscheidplatz,2019,7,1,2,2,1,5,2,1,1,0,0,0,0,0,793793,8249,5825851,68
196693,11,10,10010310,Alt-Marzahn,2019,7,14,2,2,1,1,0,0,1,0,0,1,0,0,809087,1982,5830371,553
196694,11,4,4030929,Hindemithplatz,2019,7,20,3,3,2,7,1,0,1,0,0,0,0,0,792669,2472,5825766,676
196695,11,1,1044101,Rehberge,2019,7,19,3,3,2,6,0,0,1,0,1,0,0,0,794409,7891,5830555,465
196696,11,9,9020802,K�llnische Vorstadt,2019,7,14,2,3,6,2,0,0,1,1,0,0,0,0,810693,701,5819447,697
196697,11,1,1011102,Gro�er Tiergarten,2019,7,14,2,3,2,2,0,0,1,0,0,0,0,0,795419,9256,5827461,117
196698,11,12,12214527,Alt-Tegel,2019,7,19,3,3,6,2,0,0,1,1,0,0,0,0,790029,1234,5835374,84
196699,11,8,8010510,Gewerbegebiet K�llnische Heide,2019,7,14,2,2,5,2,0,0,1,0,1,0,0,0,803341,2151,5822143,53
196700,11,7,7010102,Nollendorfplatz,2019,7,19,3,2,5,2,0,1,1,0,0,0,0,0,795075,3785,5825803,539
196701,11,4,4030417,Schlo�stra�e,2019,7,13,2,3,5,2,0,1,1,0,0,0,0,0,791183,6779,5826476,599
196702,11,7,7060603,Marienfelde Nordost,2019,7,13,2,3,2,6,0,0,1,0,0,0,0,0,798038,1881,5815811,258
196703,11,3,3061228,Erich-Weinert-Stra�e,2019,7,12,2,3,5,3,0,0,1,0,0,0,0,0,800324,1325,5831578,9
196704,11,9,9010302,Sp�thsfelde,2019,7,19,3,3,2,6,0,0,1,0,0,0,0,0,803038,85,5820914,664
196705,11,4,4010102,Pl�tzensee,2019,7,13,2,2,5,7,0,0,1,0,1,0,0,0,792672,4812,5830660,68
196706,11,4,4041241,Breite Stra�e,2019,7,12,2,3,2,6,0,0,1,0,0,0,0,0,791524,1807,5822504,25
196707,11,10,10040830,Kaulsdorf S�d,2019,6,16,1,3,5,3,0,0,1,0,1,0,0,0,810780,1806,5824530,563
196708,11,4,4030623,Ernst-Reuter-Platz,2019,6,3,1,2,0,7,2,1,0,0,0,0,0,0,793158,133,5827434,97
196709,11,1,1022101,Huttenkiez,2019,7,12,2,3,6,4,0,0,1,1,0,0,0,0,793525,957,5829210,274
196710,11,7,7020202,Volkspark (Rudolf-Wilde-Park),2019,6,1,1,3,1,1,2,0,1,0,0,0,1,0,794778,893,5823180,565
196711,11,2,2020206,Graefekiez,2019,6,22,1,2,0,7,2,1,0,0,0,0,0,0,799601,1341,5824503,216
196712,11,9,9051901,Dammvorstadt,2019,7,11,2,3,0,1,0,0,0,0,1,0,0,1,810268,3673,5821460,143
196713,11,5,5040936,J�gerallee,2019,6,20,1,3,1,5,0,0,1,0,1,0,0,0,779536,6596,5820269,882
196714,11,2,2030301,Oranienplatz,2019,7,10,2,3,3,6,0,1,0,0,0,0,0,0,799955,6547,5825745,245
196715,11,10,10020413,Gut Hellersdorf,2019,6,19,1,3,5,2,0,1,1,0,0,0,0,0,811146,4761,5831554,512
196716,11,9,9051702,B�lschestra�e,2019,6,19,1,2,2,6,0,0,1,0,0,0,0,0,815064,5183,5820951,434
196717,11,9,9041301,Kietzer Feld/Nachtheide,2019,7,9,2,3,5,3,0,1,1,0,0,0,0,0,811469,4916,5819215,162
196718,11,8,8030830,Gropiusstadt S�d,2019,7,8,2,3,2,6,0,0,1,0,0,0,0,0,802330,9788,5817854,9
196719,11,2,2010103,Moritzplatz,2019,6,19,1,3,5,2,0,1,1,0,0,0,0,0,798928,8119,5826354,28
196720,11,3,3020307,Buchholz,2019,6,16,1,3,5,3,0,1,1,0,0,0,0,0,799820,3778,5839323,761
196721,11,1,1011305,Heine-Viertel West,2019,7,8,2,3,1,5,0,1,1,0,0,0,0,0,799418,4389,5827294,228
196722,11,8,8010404,Rixdorf,2019,6,15,1,2,5,3,0,1,1,0,0,0,0,0,801850,273,5823048,387
196723,11,1,1011305,Heine-Viertel West,2019,7,7,2,3,5,3,0,0,1,0,0,1,0,0,798905,8935,5826711,275
196724,11,7,7050505,Hundsteinweg,2019,6,14,1,2,6,7,0,0,1,1,0,0,0,0,798432,2784,5818434,752
196725,11,8,8010213,K�rnerpark,2019,7,6,2,3,5,3,0,1,1,0,0,0,0,0,801443,2959,5822513,521
196726,11,2,2030301,Oranienplatz,2019,6,14,1,3,5,2,0,0,1,0,1,0,0,0,799988,2835,5826203,908
196727,11,12,12301203,Wittenau S�d,2019,7,3,2,3,9,1,2,0,1,0,0,0,0,0,792360,1207,5834078,232
196728,11,4,4030827,Karl-August-Platz,2019,6,9,1,3,1,5,0,1,1,0,0,0,0,0,792731,9769,5826231,614
196729,11,5,5020625,Borkumer Stra�e,2019,6,13,1,3,1,5,0,0,1,0,0,0,0,0,784581,6512,5828258,844
196730,11,2,2010102,Mehringplatz,2019,7,18,2,3,6,4,0,1,0,1,0,0,0,0,798368,6026,5826331,871
196731,11,7,7010104,Dennewitzplatz,2019,7,16,2,3,5,2,0,1,1,0,0,0,0,1,796154,7725,5824372,783
196732,11,3,3051022,Hansastra�e,2019,6,12,1,3,5,2,0,0,1,0,0,0,0,0,803004,6317,5832010,457
196733,11,12,12214527,Alt-Tegel,2019,7,15,2,3,2,2,0,0,1,0,0,0,0,0,789911,1969,5835708,502
196734,11,8,8030831,Gropiusstadt Ost,2019,6,12,1,3,5,7,0,1,1,0,0,0,0,0,803474,136,5817722,3
196735,11,3,3040513,Sch�nholz,2019,7,15,2,3,5,2,0,1,1,0,0,0,0,0,796755,7147,5834013,366
196736,11,2,2030301,Oranienplatz,2019,6,11,1,3,2,2,0,1,1,0,0,0,0,0,799900,5797,5825981,665
196737,11,7,7030303,Grazer Platz,2019,7,14,2,2,3,6,0,0,1,0,0,0,1,1,795277,8482,5821864,862
196738,11,3,3050923,Wei�enseer Spitze,2019,6,11,1,3,3,6,0,1,1,0,0,0,0,0,800658,303,5831907,518
196739,11,8,8010211,Flughafenstra�e,2019,7,14,2,3,2,6,0,0,1,0,0,0,0,1,800354,7716,5824288,335
196740,11,11,11020514,Gro�e-Leege-Stra�e,2019,6,10,1,3,5,3,0,0,1,0,0,1,0,0,804756,21,5830828,474
196741,11,10,10030724,Oberfeldstra�e,2019,6,10,1,3,5,3,0,1,1,0,0,0,0,0,809009,1675,5828147,121
196742,11,10,10040830,Kaulsdorf S�d,2019,7,14,2,3,5,2,0,1,1,0,0,0,0,0,810594,7828,5825410,463
196743,11,4,4051445,Eisenzahnstra�e,2019,6,9,1,3,1,5,0,1,1,0,0,0,0,0,792654,1243,5824213,901
196744,11,6,6010102,Schlo�stra�e,2019,7,14,2,3,2,5,0,0,0,0,1,0,1,1,793812,4,5820841,254
196745,11,6,6030504,Teltower Damm,2019,6,8,1,2,0,1,0,1,0,0,0,0,0,0,790831,17,5817467,494
196746,11,1,1044101,Rehberge,2019,6,11,7,3,5,5,0,1,1,0,0,0,0,0,794158,4919,5831550,748
196747,11,7,7040403,Manteuffelstra�e,2019,7,14,2,3,2,6,0,0,1,0,1,0,0,1,797713,5378,5820780,203
196748,11,10,10010309,Springpfuhl,2019,6,2,7,3,5,3,2,0,1,0,0,0,0,0,808205,9278,5829234,58
196749,11,9,9051901,Dammvorstadt,2019,7,13,2,3,0,4,0,0,0,1,0,0,1,0,811026,3,5821821,717
196750,11,6,6040807,Zehlendorf Eiche,2019,6,16,7,2,2,7,0,0,1,0,1,0,0,0,789701,5193,5818415,231
196751,11,12,12214125,Waldidyll/Flughafensee,2019,7,13,2,3,3,6,0,0,1,0,0,0,0,0,791036,2005,5831136,572
196752,11,2,2030302,Lausitzer Platz,2019,6,23,7,3,0,7,2,0,0,1,1,0,0,0,801501,19,5826062,753
196753,11,1,1044202,Sparrplatz,2019,7,20,2,3,3,6,1,1,1,0,0,0,0,0,795561,2428,5830011,645
196754,11,1,1033102,Gesundbrunnen,2019,6,22,7,3,5,2,2,0,1,0,0,0,0,0,797648,9525,5831852,19
196755,11,8,8010117,Schillerpromenade,2019,6,21,7,3,0,7,1,1,0,0,0,0,0,0,800543,996,5823379,65
196756,11,4,4030827,Karl-August-Platz,2019,7,19,2,3,5,2,0,0,1,0,0,0,0,0,792725,1291,5826103,911
196757,11,8,8010508,Wei�e Siedlung,2019,7,19,2,3,2,6,0,0,1,0,0,0,0,0,803431,172,5822934,288
196758,11,3,3061126,Arnimplatz,2019,6,21,7,3,5,2,1,1,0,0,0,0,1,0,798413,1376,5831835,748
196759,11,8,8010118,Silbersteinstra�e,2019,7,17,2,3,3,6,0,0,1,0,1,0,0,1,801122,5208,5821889,111
196760,11,9,9051901,Dammvorstadt,2019,6,19,7,3,3,6,0,0,1,0,1,0,0,0,812052,4731,5821236,96
196761,11,2,2040701,Andreasviertel,2019,7,17,2,3,5,2,0,1,1,0,0,0,0,0,800606,8729,5827135,253
196762,11,4,4041344,R�desheimer Platz,2019,6,19,7,2,5,2,0,1,1,0,0,0,0,0,793299,246,5822853,377
196763,11,1,1044201,Reinickendorfer Stra�e,2019,7,17,2,3,2,6,0,0,1,0,0,1,0,1,796940,69,5831934,764
196764,11,4,4030929,Hindemithplatz,2019,6,18,7,3,1,5,0,1,1,0,0,0,0,0,792301,5399,5825849,221
196765,11,4,4031032,Halensee,2019,6,18,7,3,5,2,0,1,1,0,0,0,0,0,791715,8339,5824838,279
196766,11,12,12214125,Waldidyll/Flughafensee,2019,7,17,2,2,2,6,0,0,1,0,1,0,0,1,791089,7839,5834248,94
196767,11,8,8041035,Blumenviertel,2019,6,18,7,3,0,2,0,1,1,0,0,0,0,0,804043,9623,5818546,518
196768,11,3,3061435,Conrad-Blenkle-Stra�e,2019,7,17,2,3,5,3,0,1,1,0,0,0,0,1,801757,5367,5829166,315
196769,11,10,10020517,Adele-Sandrock-Stra�e,2019,6,18,7,3,5,2,0,0,1,0,0,0,0,0,812999,8623,5830221,46
196770,11,9,9051901,Dammvorstadt,2019,7,16,2,3,2,6,0,1,1,0,0,0,0,1,810656,6321,5821397,835
196771,11,1,1011102,Gro�er Tiergarten,2019,6,17,7,3,0,1,0,0,0,0,0,0,1,0,796904,2531,5827633,855
196772,11,3,3040614,Pankow Zentrum,2019,7,11,2,3,0,5,0,1,1,0,0,0,0,0,799738,6459,5834314,725
196773,11,2,2020203,Viktoriapark,2019,6,15,7,2,6,2,0,0,1,1,0,0,0,0,797100,5698,5824292,882
196774,11,8,8010508,Wei�e Siedlung,2019,6,15,7,3,2,6,0,0,1,0,0,0,0,0,803213,1364,5822744,88
196775,11,10,10020620,Kaulsdorf Nord II,2019,7,15,2,3,6,4,0,0,1,1,0,0,0,0,811266,4246,5829672,22
196776,11,10,10040829,Alt-Kaulsdorf,2019,6,13,7,3,5,3,0,0,1,0,0,0,0,0,811879,721,5827271,558
196777,11,8,8020620,Tempelhofer Weg,2019,7,16,2,3,2,6,0,0,1,0,0,0,0,1,801319,813,5820399,597
196778,11,11,11020515,Landsberger Allee,2019,6,12,7,2,5,7,0,0,1,0,1,0,0,0,803425,487,5830121,13
196779,11,4,4030931,Breitscheidplatz,2019,7,18,2,3,1,7,0,1,1,0,0,0,0,0,794145,4318,5825846,71
196780,11,8,8020619,Buschkrugallee Nord,2019,6,11,7,3,0,1,0,1,0,0,0,0,0,0,801246,5312,5821555,488
196781,11,1,1022206,L�neburger Stra�e,2019,7,22,1,3,6,4,1,0,1,1,0,0,0,0,796271,4394,5828338,323
196782,11,3,3030715,Heinersdorf,2019,6,11,7,3,5,3,0,0,1,0,0,0,0,0,800942,4565,5833548,97
196783,11,3,3030711,Blankenburg,2019,6,11,7,2,5,2,0,1,1,0,0,0,0,0,801611,9859,5836123,765
196784,11,1,1011303,Alexanderplatzviertel,2019,7,21,1,3,3,2,1,1,0,0,0,0,0,0,799248,351,5828469,191
196785,11,1,1022104,Emdener Stra�e,2019,7,21,1,3,0,3,1,0,1,0,1,0,0,0,794201,232,5828859,367
196786,11,4,4051549,Rathaus Wilmersdorf,2019,6,8,7,3,0,7,0,0,1,0,1,0,0,0,792760,5315,5824204,829
196787,11,1,1011306,Heine-Viertel Ost,2019,6,7,7,3,5,2,0,1,1,0,0,0,0,0,799979,7407,5826934,649
196788,11,1,1022206,L�neburger Stra�e,2019,7,20,1,3,5,3,0,0,1,0,0,0,0,0,796229,7017,5828195,766
196789,11,12,12231102,Frohnau,2019,6,7,7,3,4,6,0,0,1,0,0,0,0,0,790571,2448,5840566,436
196790,11,4,4020310,Park Ruhwald,2019,7,19,1,3,0,1,0,1,0,0,0,0,0,0,790580,4066,5827338,566
196791,11,2,2030401,Reichenberger Stra�e,2019,6,1,7,3,5,3,2,0,1,0,0,0,0,0,800627,9797,5825679,485
196792,11,2,2030301,Oranienplatz,2019,6,1,7,3,1,5,2,1,0,0,0,0,1,0,799843,622,5825799,208
196793,11,8,8030830,Gropiusstadt S�d,2019,7,17,1,3,5,2,0,0,1,0,0,0,0,0,802292,3146,5817835,171
196794,11,7,7050503,Eisenacher Stra�e,2019,6,19,6,3,5,2,0,0,1,0,0,0,1,0,798706,1289,5819881,484
196795,11,9,9020701,Adlershof West,2019,6,19,6,3,5,2,0,0,1,0,0,0,0,0,808250,7191,5818800,828
196796,11,5,5040936,J�gerallee,2019,7,17,1,3,9,1,0,0,1,0,0,0,0,0,780637,3165,5821692,196
196797,11,11,11051330,Karlshorst West,2019,6,14,6,3,6,4,0,0,1,1,0,0,0,0,807247,6831,5825496,587
196798,11,12,12301206,L�bars,2019,7,16,1,3,5,3,0,1,1,0,0,0,0,0,794740,7502,5838687,41
196799,11,7,7010103,Barbarossaplatz,2019,7,13,1,3,6,4,0,1,0,1,0,0,0,0,795512,381,5824867,472
196800,11,3,3071639,B�tzowstra�e,2019,6,6,6,3,5,7,0,0,1,0,0,0,1,0,800290,521,5829035,477
196801,11,1,1022202,Heidestra�e,2019,7,12,1,3,5,2,0,0,1,0,0,0,0,0,795661,4035,5829740,156
196802,11,1,1011302,Oranienburger Stra�e,2019,6,15,6,3,5,2,0,1,1,0,0,0,0,0,798680,829,5828662,61
196803,11,4,4020209,Eichkamp,2019,7,8,1,2,5,3,0,1,1,0,0,0,0,0,789237,8529,5825321,467
196804,11,12,12214528,Tegeler Forst,2019,6,20,6,3,9,1,0,0,1,0,0,0,0,0,787842,8368,5836262,58
196805,11,3,3071536,Teutoburger Platz,2019,6,19,6,3,1,5,0,1,0,0,0,0,1,0,799072,3324,5830202,197
196806,11,7,7070703,John-Locke-Stra�e,2019,7,5,1,3,5,3,0,0,1,0,0,0,1,0,799766,1506,5813974,903
196807,11,8,8010404,Rixdorf,2019,7,16,7,3,5,2,0,1,1,0,0,0,0,0,801756,5459,5822592,377
196808,11,1,1044202,Sparrplatz,2019,6,18,6,3,5,2,0,1,1,0,0,0,0,0,794896,1033,5830252,689
196809,11,4,4020313,K�nigin-Elisabeth-Stra�e,2019,6,17,6,3,5,2,0,1,0,0,0,0,0,0,790479,6378,5826641,785
196810,11,5,5020625,Borkumer Stra�e,2019,7,23,7,3,6,4,2,0,1,1,0,0,0,1,784697,6458,5828614,104
196811,11,5,5010312,Kurstra�e,2019,6,17,6,3,5,3,0,1,1,0,0,0,0,0,785253,1509,5829957,841
196812,11,1,1011101,St�lerstra�e,2019,7,23,7,3,5,2,2,0,1,0,0,0,0,0,794594,2404,5826083,261
196813,11,3,3050923,Wei�enseer Spitze,2019,6,17,6,3,2,2,0,0,1,0,0,0,0,0,800324,457,5831637,7
196814,11,1,1011402,Arkonaplatz,2019,6,16,6,3,5,2,0,0,0,0,1,0,1,0,798822,794,5829758,526
196815,11,8,8041040,Waltersdorfer Chaussee Ost,2019,7,23,7,2,0,1,2,0,0,0,1,0,0,1,807011,1319,5817448,658
196816,11,1,1011105,N�rdlicher Landwehrkanal,2019,6,15,6,3,5,2,0,1,1,0,0,0,0,0,795757,7206,5826336,517
196817,11,6,6020301,Alt-Lankwitz,2019,6,16,6,3,5,2,0,0,1,0,1,0,0,0,795875,2965,5818157,812
196818,11,1,1011301,Charit�viertel,2019,7,22,7,2,0,1,2,1,0,0,0,0,0,1,796682,4822,5828761,339
196819,11,7,7030301,Friedenau,2019,6,14,6,3,1,5,0,1,1,0,0,0,0,0,794206,3047,5822834,676
196820,11,1,1011401,Invalidenstra�e,2019,7,22,7,3,2,6,2,0,1,0,0,0,0,1,798476,823,5829093,556
196821,11,2,2040502,Friedenstra�e,2019,6,13,6,3,5,2,0,1,1,0,0,0,0,0,800454,7594,5828446,586
196822,11,12,12214527,Alt-Tegel,2019,6,13,6,3,5,2,0,1,1,0,0,0,0,0,790134,1398,5835780,557
196823,11,8,8010404,Rixdorf,2019,7,20,7,3,0,1,2,0,1,0,0,0,0,1,802599,2619,5823079,12
196824,11,7,7050502,Fritz-Werner-Stra�e,2019,7,21,7,3,6,2,2,0,1,1,0,0,0,1,798194,1354,5818928,886
196825,11,1,1033201,Brunnenstra�e,2019,6,12,6,3,5,2,0,1,1,0,0,0,0,0,798447,3453,5830182,449
196826,11,2,2040701,Andreasviertel,2019,6,12,6,3,5,7,0,0,0,0,1,0,1,0,800527,2867,5826893,123
196827,11,1,1011303,Alexanderplatzviertel,2019,7,20,7,3,5,3,1,1,1,0,0,0,0,1,799107,7148,5828312,713
196828,11,1,1033102,Gesundbrunnen,2019,6,12,6,3,5,3,0,1,1,0,0,0,0,0,797712,969,5831816,403
196829,11,1,1011201,Wilhelmstra�e,2019,7,20,7,3,0,2,0,1,1,0,0,0,0,1,796974,6142,5826705,66
196830,11,2,2010102,Mehringplatz,2019,6,11,6,3,5,2,0,1,1,0,0,0,0,0,797968,3589,5826183,735
196831,11,3,3020307,Buchholz,2019,6,11,6,3,6,3,0,0,1,1,0,0,0,0,800080,2447,5837504,432
196832,11,1,1011303,Alexanderplatzviertel,2019,6,11,6,3,5,5,0,1,1,0,0,0,0,0,798905,8849,5827778,986
196833,11,1,1044201,Reinickendorfer Stra�e,2019,7,19,7,3,2,6,0,0,1,0,0,0,0,1,795917,1726,5831071,219
196834,11,11,11010205,Falkenberg West,2019,6,10,6,3,2,6,0,0,1,0,0,1,0,0,806286,713,5833869,547
196835,11,1,1011302,Oranienburger Stra�e,2019,7,19,7,3,5,3,0,1,1,0,0,0,0,1,798599,5543,5828883,98
196836,11,1,1011302,Oranienburger Stra�e,2019,6,10,6,3,0,3,0,1,1,0,0,0,0,0,798085,2802,5828844,477
196837,11,4,4030929,Hindemithplatz,2019,7,19,7,3,0,3,0,1,0,0,1,0,0,1,792317,258,5825786,679
196838,11,2,2010102,Mehringplatz,2019,6,9,6,3,5,3,0,1,1,0,0,0,0,0,798453,5361,5826533,8
196839,11,2,2050601,Hausburgviertel,2019,7,19,7,3,5,3,0,0,1,0,0,0,1,1,801647,2945,5828891,117
196840,11,12,12214125,Waldidyll/Flughafensee,2019,6,18,6,3,2,6,0,0,1,0,0,0,0,0,790177,4224,5833687,566
196841,11,6,6010207,Mittelstra�e,2019,7,18,7,3,5,2,0,1,1,0,0,0,0,0,793998,2319,5820417,777
196842,11,8,8010303,Donaustra�e,2019,6,22,6,3,0,1,2,1,0,0,0,0,0,0,801007,1,5823898,101
196843,11,6,6010103,Markelstra�e,2019,7,18,7,3,0,1,0,0,0,0,1,0,0,0,792746,9613,5821673,95
196844,11,9,9020702,Adlershof Ost,2019,6,17,6,2,0,1,0,1,0,0,0,0,0,0,809410,9664,5819698,163
196845,11,7,7030301,Friedenau,2019,6,17,6,2,6,4,0,0,1,1,0,0,0,0,794249,1425,5822049,941
196846,11,10,10030724,Oberfeldstra�e,2019,7,17,7,3,0,1,0,0,0,0,1,0,0,0,809003,1114,5828156,146
196847,11,1,1022201,Stephankiez,2019,6,13,6,3,1,5,0,0,1,0,0,0,0,0,795322,236,5828685,164
196848,11,4,4051549,Rathaus Wilmersdorf,2019,7,17,7,3,5,2,0,0,1,0,0,0,0,0,793305,7169,5823616,131
196849,11,11,11051229,Rummelsburg,2019,6,12,6,2,5,3,0,1,1,0,0,0,0,0,803791,8113,5826174,81
196850,11,9,9020701,Adlershof West,2019,6,11,6,3,2,6,0,0,1,0,0,0,0,0,809359,7152,5818488,514
196851,11,1,1044201,Reinickendorfer Stra�e,2019,7,16,7,3,5,3,0,1,1,0,0,0,0,0,796618,5167,5831283,447
196852,11,4,4030415,Schlo�garten,2019,6,9,6,3,5,2,0,1,1,0,0,0,0,0,791185,101,5827436,59
196853,11,1,1022206,L�neburger Stra�e,2019,7,15,7,3,5,3,0,0,1,0,0,0,0,0,795728,4739,5828198,76
196854,11,4,4030931,Breitscheidplatz,2019,6,9,6,3,1,5,0,1,1,0,0,0,0,0,794381,5917,5826079,931
196855,11,4,4051654,Wilhelmsaue,2019,7,15,7,3,6,6,0,1,0,1,0,0,0,0,793574,7104,5823692,292
196856,11,1,1011303,Alexanderplatzviertel,2019,6,9,6,3,5,2,0,1,0,0,1,0,0,0,799797,2592,5828614,646
196857,11,5,5020416,Am Heideberg,2019,7,13,7,3,0,6,0,0,1,0,1,0,0,0,781189,6462,5829145,556
196858,11,9,9020702,Adlershof Ost,2019,6,9,6,3,6,7,0,1,1,1,0,0,0,0,808859,3255,5819320,777
196859,11,8,8010303,Donaustra�e,2019,6,8,6,3,6,2,0,0,1,1,0,0,0,0,801015,2133,5823882,811
196860,11,1,1022106,Elberfelder Stra�e,2019,7,12,7,3,5,2,0,0,1,0,1,0,0,0,794242,4048,5827698,748
196861,11,3,3010101,Bucher Forst,2019,7,12,7,3,7,7,0,1,0,0,0,0,0,0,803121,519,5841341,387
196862,11,4,4020314,Messegel�nde,2019,6,8,6,3,5,2,0,1,1,0,0,0,0,0,790027,456,5825235,312
196863,11,9,9030901,Dorf Altglienicke,2019,7,12,7,3,1,5,0,0,1,0,1,0,0,0,807900,4807,5817171,267
196864,11,2,2050802,Boxhagener Platz,2019,6,7,6,2,2,2,0,1,1,0,0,0,0,0,802551,5568,5826716,408
196865,11,7,7040403,Manteuffelstra�e,2019,7,12,7,3,5,3,0,0,1,0,0,0,0,0,797023,8502,5820696,636
196866,11,6,6020303,Lankwitz Kirche,2019,6,7,6,3,5,2,0,0,1,0,0,0,0,0,795522,573,5818639,566
196867,11,4,4041136,Hagenplatz,2019,6,1,6,3,1,5,2,0,1,0,0,0,0,0,790500,406,5822799,135
196868,11,1,1044201,Reinickendorfer Stra�e,2019,7,11,7,3,3,6,0,0,1,0,1,0,0,0,795893,8553,5831178,79
196869,11,4,4051447,Ludwigkirchplatz,2019,7,11,7,3,2,6,0,1,0,0,0,0,0,0,793206,62,5824982,1
196870,11,8,8010301,Reuterkiez,2019,6,10,6,3,3,6,0,1,1,0,0,0,0,0,800927,675,5824981,543
196871,11,8,8010118,Silbersteinstra�e,2019,6,9,6,3,3,6,0,1,1,0,0,0,0,0,801056,51,5822033,322
196872,11,6,6010210,Bismarckstra�e,2019,7,0,7,3,1,7,2,0,1,0,0,0,0,0,794887,5171,5821117,357