OBJECTID,LAND,BEZ,LOR,STRASSE,UJAHR,UMONAT,USTUNDE,UWOCHENTAG,UKATEGORIE,UART,UTYP1,ULICHTVERH,IstRad,IstPKW,IstFuss,IstKrad,IstGkfz,IstSonstige,USTRZUSTAND,LINREFX,LINREFY,XGCSWGS84,YGCSWGS84
196873,11,11,11030824,Frankfurter Allee S�d,2019,6,7,5,2,5,3,0,1,1,0,0,0,0,0,804135,134,5826959,126
196874,11,8,8010118,Silbersteinstra�e,2019,7,6,7,3,4,6,0,0,1,0,0,0,0,0,800891,2397,5822424,45
196875,11,3,3050924,Behaimstra�e,2019,6,13,5,3,6,7,0,0,0,0,0,0,1,0,801969,6457,5831608,779
196876,11,6,6010103,Markelstra�e,2019,6,13,5,3,3,6,0,0,1,0,0,0,0,0,793102,7509,5821491,411
196877,11,1,1011201,Wilhelmstra�e,2019,7,12,6,3,5,2,0,1,1,0,0,0,0,0,796995,333,5826616,688
196878,11,1,1033203,Humboldthain Nordwest,2019,6,13,5,3,0,1,0,1,1,0,0,0,0,0,796739,4438,5831179,813
196879,11,10,10010310,Alt-Marzahn,2019,7,22,6,3,5,3,2,0,1,0,0,0,0,0,807806,7729,5830769,164
196880,11,1,1011202,Unter den Linden Nord,2019,6,13,5,3,5,3,0,0,1,0,0,0,0,0,797883,308,5828175,623
196881,11,8,8010118,Silbersteinstra�e,2019,7,22,6,3,3,6,2,0,1,0,0,0,0,0,801000,8005,5822169,259
196882,11,4,4030931,Breitscheidplatz,2019,6,13,5,3,5,3,0,1,1,0,0,0,0,0,793925,4149,5825819,93
196883,11,7,7010102,Nollendorfplatz,2019,7,21,6,3,5,2,2,1,1,0,0,0,0,0,794958,3265,5825672,779
196884,11,9,9020501,Obersch�neweide West,2019,6,12,5,3,3,6,0,0,1,0,1,0,0,0,805649,7171,5824192,171
196885,11,4,4030828,Savignyplatz,2019,6,12,5,3,1,5,0,0,1,0,1,0,0,0,793324,9099,5826616,973
196886,11,6,6010102,Schlo�stra�e,2019,7,21,6,2,5,2,0,0,1,0,1,0,0,0,793657,5625,5820601,348
196887,11,1,1044201,Reinickendorfer Stra�e,2019,7,20,6,2,5,3,1,1,1,0,0,0,0,0,796219,498,5831513,523
196888,11,1,1011301,Charit�viertel,2019,6,11,5,2,5,3,0,0,0,0,0,1,1,0,797539,527,5828717,911
196889,11,1,1011303,Alexanderplatzviertel,2019,6,11,5,3,1,5,0,0,1,0,0,0,0,0,799331,6871,5828898,165
196890,11,1,1011301,Charit�viertel,2019,7,20,6,3,5,3,0,1,0,0,0,0,0,0,797636,6403,5828196,664
196891,11,10,10010308,Marzahner Chaussee,2019,6,20,5,3,5,2,0,0,1,0,0,0,0,0,806333,1107,5830185,38
196892,11,1,1011301,Charit�viertel,2019,7,19,6,3,0,2,0,0,1,0,0,0,1,0,796957,2949,5828901,48
196893,11,4,4030827,Karl-August-Platz,2019,6,19,5,3,5,2,0,1,1,0,0,0,0,0,792534,6947,5826124,38
196894,11,9,9051702,B�lschestra�e,2019,7,18,6,3,3,6,0,0,1,0,0,0,1,0,814208,3887,5821830,966
196895,11,2,2030301,Oranienplatz,2019,6,18,5,3,1,5,0,1,1,0,0,0,1,0,799806,165,5826018,287
196896,11,7,7040405,Rathaus Tempelhof,2019,7,17,6,3,6,7,0,0,1,1,0,0,0,0,797837,18,5820910,219
196897,11,1,1033203,Humboldthain Nordwest,2019,6,11,5,3,4,6,0,1,1,0,0,0,0,0,796527,3836,5830930,523
196898,11,7,7070704,Nahariyastra�e,2019,7,17,6,2,5,3,0,0,1,0,1,0,0,0,800806,6752,5814165,505
196899,11,11,11041128,Sewanstra�e,2019,6,11,5,2,5,3,0,1,1,0,0,0,0,0,805859,9378,5825309,29
196900,11,6,6040804,Krumme Lanke,2019,7,17,6,3,5,2,0,1,0,0,0,0,1,0,787645,4759,5818143,439
196901,11,3,3061228,Erich-Weinert-Stra�e,2019,6,11,5,3,5,2,0,1,0,0,0,0,1,0,800319,1973,5831543,292
196902,11,7,7030301,Friedenau,2019,6,10,5,3,0,2,0,1,0,0,1,0,0,0,794159,6254,5822101,337
196903,11,3,3040614,Pankow Zentrum,2019,7,16,6,3,5,3,0,1,1,0,0,0,0,0,798730,7497,5833696,109
196904,11,2,2010102,Mehringplatz,2019,6,18,5,3,6,2,0,0,1,1,0,0,0,0,798022,917,5825829,122
196905,11,12,12214421,Reinickes Hof,2019,7,16,6,3,2,6,0,0,1,0,0,0,0,0,793446,63,5833552,256
196906,11,9,9020501,Obersch�neweide West,2019,6,11,5,3,5,2,0,1,1,0,0,0,0,0,806503,5934,5822090,995
196907,11,2,2050602,Samariterviertel,2019,7,15,6,3,2,2,0,1,1,0,0,0,0,0,803194,2148,5828314,2
196908,11,11,11020513,Orankesee,2019,6,10,5,3,5,2,0,0,1,0,0,0,0,0,802895,6888,5831232,112
196909,11,3,3061126,Arnimplatz,2019,7,13,6,3,5,3,0,1,1,0,0,0,0,0,798668,3551,5831783,475
196910,11,8,8030831,Gropiusstadt Ost,2019,6,18,5,2,0,2,0,1,1,0,0,0,0,0,803345,9558,5817386,771
196911,11,3,3040818,Pankow S�d,2019,6,9,5,3,1,5,0,1,0,0,0,0,1,0,799576,427,5833167,387
196912,11,2,2040703,Wriezener Bahnhof/Entwicklungsgebiet,2019,7,13,6,3,2,6,0,0,1,0,0,0,0,0,801730,6899,5826260,25
196913,11,8,8010212,Rollberg,2019,7,13,6,3,2,6,0,0,1,0,0,0,0,0,801345,7892,5823484,668
196914,11,2,2010101,Askanischer Platz,2019,6,18,5,3,6,2,0,0,1,1,0,0,0,0,797771,9071,5826023,2
196915,11,1,1011302,Oranienburger Stra�e,2019,6,18,5,3,1,5,0,0,1,0,1,0,0,0,798111,1918,5828450,983
196916,11,9,9020701,Adlershof West,2019,7,13,6,3,5,2,0,1,1,0,0,0,0,0,808328,979,5818868,209
196917,11,9,9010202,K�penicker Landstra�e,2019,6,18,5,3,0,2,0,0,1,0,0,0,1,0,804262,418,5823041,172
196918,11,6,6010205,S�dende,2019,7,13,6,3,1,5,0,0,1,0,0,0,0,0,796098,7057,5819848,657
196919,11,11,11051331,Karlshorst Nord,2019,6,18,5,3,5,2,0,1,1,0,0,0,0,0,807314,6932,5824798,216
196920,11,6,6010210,Bismarckstra�e,2019,6,18,5,3,1,5,0,1,1,0,0,0,0,0,795020,6542,5820946,37
196921,11,1,1033202,Humboldthain S�d,2019,7,12,6,3,5,3,0,1,1,0,0,0,0,0,796971,3284,5830138,937
196922,11,1,1022204,Thomasiusstra�e,2019,6,18,5,3,2,6,0,0,1,0,0,0,0,0,794711,6872,5828321,646
196923,11,2,2040701,Andreasviertel,2019,6,18,5,2,1,1,0,0,1,0,0,0,1,0,800812,6535,5827551,914
196924,11,7,7020201,Bayerischer Platz,2019,7,10,6,3,2,2,0,0,1,0,0,0,0,0,794584,5289,5824222,91
196925,11,10,10040933,Mahlsdorf S�d,2019,6,18,5,3,0,1,0,1,0,0,0,0,0,0,813201,5562,5825948,412
196926,11,10,10020622,Kaulsdorf Nord I,2019,6,17,5,3,1,5,0,1,1,0,0,0,1,0,810418,6319,5827966,276
196927,11,5,5030730,Zitadellenweg,2019,7,8,6,2,2,6,0,0,1,0,1,0,0,0,786073,8521,5829150,363
196928,11,11,11040926,Weitlingstra�e,2019,6,22,5,3,2,6,2,1,1,0,0,0,0,0,804434,952,5826378,33
196929,11,8,8010214,Glasower Stra�e,2019,7,8,6,3,5,3,0,0,1,0,0,0,0,0,801345,7519,5822037,226
196930,11,2,2040503,Richard-Sorge-Viertel,2019,6,17,5,3,5,2,0,1,0,0,0,0,0,0,801555,1079,5828215,375
196931,11,1,1044202,Sparrplatz,2019,7,8,6,3,5,2,0,1,1,0,0,0,0,0,794610,9367,5829871,263
196932,11,3,3061228,Erich-Weinert-Stra�e,2019,6,14,5,3,5,3,0,0,1,0,1,0,0,0,800607,6548,5831410,135
196933,11,3,3030405,Karow Nord,2019,7,5,6,3,0,1,0,1,0,0,0,0,0,1,803699,3692,5839174,78
196934,11,2,2050801,Traveplatz,2019,6,14,5,2,0,6,0,1,1,0,0,0,0,0,802923,4155,5827120,58
196935,11,1,1033102,Gesundbrunnen,2019,6,20,5,3,0,1,0,1,0,0,0,0,0,0,797062,2059,5831443,935
196936,11,11,11041128,Sewanstra�e,2019,7,4,6,3,0,1,0,1,0,0,0,0,0,0,805847,1537,5825253,553
196937,11,2,2050602,Samariterviertel,2019,7,1,6,3,0,7,2,1,0,0,0,0,1,0,802560,4139,5827928,408
196938,11,4,4030931,Breitscheidplatz,2019,6,14,5,3,0,1,0,0,0,0,1,0,0,0,794466,5839,5825869,977
196939,11,7,7020203,Kaiser-Wilhelm-Platz,2019,6,13,5,3,5,2,0,1,1,0,0,0,0,0,795224,335,5824372,504
196940,11,5,5020625,Borkumer Stra�e,2019,7,15,6,2,0,6,0,0,1,0,0,0,1,0,783736,5229,5828681,152
196941,11,1,1011401,Invalidenstra�e,2019,6,9,5,2,0,1,0,1,0,0,0,0,0,0,798321,249,5829358,149
196942,11,1,1011305,Heine-Viertel West,2019,7,11,5,3,1,5,0,1,1,0,0,0,0,0,799406,608,5827128,38
196943,11,4,4051549,Rathaus Wilmersdorf,2019,6,9,5,3,5,3,0,1,1,0,0,0,0,0,792480,1556,5824021,426
196944,11,1,1044202,Sparrplatz,2019,7,21,5,3,3,6,2,0,1,0,0,0,0,0,795890,1325,5830457,639
196945,11,6,6040810,Dahlem,2019,6,8,5,2,5,2,0,0,1,0,0,0,0,0,790171,425,5819776,321
196946,11,2,2020202,Rathaus Yorckstra�e,2019,7,20,5,3,5,2,1,0,1,0,0,0,0,0,797920,715,5825269,913
196947,11,1,1011301,Charit�viertel,2019,6,8,5,3,5,2,0,1,1,0,0,0,0,0,797103,1269,5828833,209
196948,11,3,3061227,Humannplatz,2019,6,8,5,2,5,2,0,1,0,0,0,1,0,0,800078,4155,5831672,722
196949,11,9,9051702,B�lschestra�e,2019,7,17,4,3,5,3,0,0,1,0,1,0,0,0,813761,8945,5821729,401
196950,11,2,2020204,Urbanstra�e,2019,7,16,4,3,2,6,0,1,0,0,0,0,0,0,798188,1318,5824839,75
196951,11,1,1011303,Alexanderplatzviertel,2019,7,9,4,3,5,2,0,0,1,0,1,0,0,0,799115,867,5828919,538
196952,11,6,6040701,Wannsee,2019,7,17,4,3,7,7,0,0,0,0,1,0,0,0,783884,14,5815949,8
196953,11,1,1022201,Stephankiez,2019,7,14,6,3,1,5,0,0,1,0,1,0,0,0,794616,8478,5829033,27
196954,11,4,4030417,Schlo�stra�e,2019,7,17,4,3,5,3,0,1,1,0,0,0,0,0,791485,8681,5827198,794
196955,11,4,4051654,Wilhelmsaue,2019,7,16,4,3,3,6,0,0,1,0,1,0,0,0,793420,5193,5823713,637
196956,11,8,8010301,Reuterkiez,2019,7,8,4,3,1,5,0,1,1,0,0,0,0,0,801322,5888,5824765,28
196957,11,1,1011304,Karl-Marx-Allee,2019,7,1,5,3,5,2,2,1,1,0,0,0,0,0,799722,6428,5827561,108
196958,11,2,2050803,Stralauer Kiez,2019,7,20,5,3,2,2,0,0,1,0,0,0,0,0,803093,6047,5826035,792
196959,11,11,11020513,Orankesee,2019,7,20,5,3,5,2,0,1,1,0,0,0,0,0,802917,9564,5831213,766
196960,11,1,1033201,Brunnenstra�e,2019,7,19,5,3,5,2,0,0,1,0,1,0,0,0,797828,9459,5830455,588
196961,11,4,4030931,Breitscheidplatz,2019,7,19,5,3,5,2,0,1,1,0,0,0,0,0,793966,1,5826166,352
196962,11,4,4030416,Klausenerplatz,2019,7,19,5,3,1,5,0,1,1,0,0,0,0,0,791078,288,5827284,707
196963,11,2,2010104,Wassertorplatz,2019,7,19,5,3,1,5,0,1,1,0,0,0,0,0,798698,1815,5825586,243
196964,11,3,3061126,Arnimplatz,2019,7,18,5,3,2,6,0,0,1,0,1,0,0,0,798112,7307,5831832,926
196965,11,9,9051901,Dammvorstadt,2019,7,18,5,3,2,6,0,0,0,0,0,0,1,0,809722,979,5821551,932
196966,11,7,7040404,Marienh�he,2019,7,15,5,3,5,2,0,1,1,0,0,0,0,0,796383,851,5819735,748
196967,11,5,5040938,Kafkastra�e,2019,7,15,5,3,1,5,0,1,1,0,0,0,0,0,781278,4346,5819380,485
196968,11,5,5010101,Hakenfelde Nord,2019,7,17,5,2,5,3,0,0,1,0,1,0,0,0,785691,4835,5832184,104
196969,11,9,9020701,Adlershof West,2019,7,15,5,2,5,3,0,1,1,0,0,0,0,0,807410,2464,5818297,769
196970,11,4,4030415,Schlo�garten,2019,7,9,5,3,0,7,0,1,0,0,0,0,0,0,790758,341,5827377,495
196971,11,1,1011302,Oranienburger Stra�e,2019,7,15,5,2,3,6,0,1,1,0,0,0,0,0,798275,4788,5829023,467
196972,11,9,9031101,Gr�nau,2019,7,14,5,3,5,7,0,0,1,0,0,0,0,0,810168,7493,5817680,327
196973,11,9,9030901,Dorf Altglienicke,2019,7,10,5,3,5,2,0,0,1,0,0,0,0,0,807705,5453,5817907,408
196974,11,8,8030829,Gropiusstadt Nord,2019,7,18,5,3,5,3,0,0,1,0,0,0,0,0,802971,8749,5818336,6
196975,11,1,1011204,Leipziger Stra�e,2019,7,22,5,2,0,1,2,0,0,0,0,0,1,0,797900,798,5826587,67
196976,11,6,6020306,Lankwitz S�d,2019,7,23,5,3,5,3,2,0,1,0,1,0,0,0,796748,1049,5817172,276
196977,11,7,7020202,Volkspark (Rudolf-Wilde-Park),2019,7,13,5,3,5,2,0,1,1,0,0,0,0,0,794980,8514,5823819,721
196978,11,5,5020419,Magistratsweg,2019,7,8,5,3,6,4,0,0,0,1,0,1,0,0,781933,3694,5828448,435
196979,11,7,7010101,Wittenbergplatz/Viktoria-Luise-Platz,2019,7,8,5,3,5,2,0,1,0,0,0,1,0,0,794528,2228,5825239,89
196980,11,4,4061757,Forst Grunewald,2019,7,12,5,3,1,5,0,1,0,0,0,0,1,0,785745,2412,5825137,978
196981,11,1,1011101,St�lerstra�e,2019,7,12,5,3,3,6,0,0,1,0,1,0,0,0,795275,3518,5826531,973
196982,11,1,1033101,Soldiner Stra�e,2019,7,12,5,2,5,3,0,0,1,0,1,0,0,0,796654,7545,5832113,692
196983,11,11,11010310,M�hlengrund,2019,7,12,5,3,5,2,0,1,1,0,0,0,0,0,805441,8601,5833338,447
196984,11,9,9020702,Adlershof Ost,2019,7,8,5,2,5,2,0,1,1,0,0,0,0,0,809453,6093,5818691,652
196985,11,2,2020204,Urbanstra�e,2019,7,10,5,2,5,2,0,0,1,0,0,0,1,0,798310,2278,5825310,65
196986,11,2,2010103,Moritzplatz,2019,7,10,5,2,0,6,0,0,1,0,0,0,1,0,799055,9386,5826305,621
196987,11,7,7040404,Marienh�he,2019,7,7,5,3,2,6,0,0,0,0,1,1,0,0,797409,2056,5820427,284
196988,11,3,3061227,Humannplatz,2019,7,7,5,3,5,3,0,1,0,0,0,0,1,0,800107,8411,5831704,331
196989,11,9,9010101,Elsenstra�e,2019,7,7,5,3,5,2,0,1,1,0,0,0,0,0,801830,734,5825282,649
196990,11,12,12103117,Letteplatz,2019,7,6,5,3,0,7,0,0,1,0,1,0,0,1,796641,309,5832409,431
196991,11,1,1011101,St�lerstra�e,2019,7,10,5,3,5,3,0,0,1,0,0,0,0,0,794991,7389,5826148,635
196992,11,2,2020206,Graefekiez,2019,7,9,5,3,1,5,0,0,1,0,0,0,0,0,800171,7242,5824913,963
196993,11,6,6040701,Wannsee,2019,7,9,5,3,0,3,0,1,0,0,0,0,0,0,783955,6015,5816066,388
196994,11,4,4030725,Amtsgerichtsplatz,2019,7,9,5,2,5,3,0,1,1,0,0,0,0,0,791358,628,5825925,649
196995,11,2,2010102,Mehringplatz,2019,7,8,5,2,0,1,0,0,1,0,0,0,0,0,797912,4148,5826461,997
196996,11,1,1011103,L�tzowstra�e,2019,7,17,5,3,0,6,0,0,1,0,0,0,1,0,795181,2234,5825911,545
196997,11,5,5010101,Hakenfelde Nord,2019,7,9,5,1,3,6,0,1,0,0,0,1,0,0,785645,7047,5832088,437
196998,11,4,4030931,Breitscheidplatz,2019,7,17,4,3,5,2,0,1,1,0,0,0,0,0,794410,1028,5826088,43
196999,11,1,1033203,Humboldthain Nordwest,2019,7,17,4,3,2,6,0,1,1,0,0,0,0,0,796408,1973,5830311,781
197000,11,10,10040828,Kaulsdorf Nord,2019,7,16,4,3,5,3,0,1,1,0,0,0,0,0,812005,8659,5829502,989
197001,11,7,7010104,Dennewitzplatz,2019,7,15,4,3,2,6,0,0,1,0,0,0,0,0,796080,1153,5825365,325
197002,11,8,8020622,Parchimer Allee,2019,7,15,4,3,5,7,0,0,1,0,0,0,0,0,801457,138,5820200,64
197003,11,6,6030610,Lichterfelde West,2019,7,15,4,2,5,2,0,0,1,0,0,0,0,0,792939,1902,5817768,908
197004,11,7,7020204,Sch�neberger Insel,2019,7,17,4,3,1,5,0,1,1,0,0,0,0,0,796457,2085,5823961,516
197005,11,8,8020728,Buckow Ost,2019,7,15,4,3,0,6,0,0,1,0,0,0,1,0,801838,6362,5817497,504
197006,11,2,2040503,Richard-Sorge-Viertel,2019,7,14,4,3,2,6,0,0,1,0,1,0,1,0,801391,6044,5828724,959
197007,11,8,8041038,Wa�mannsdorfer Chaussee,2019,7,13,4,3,2,7,0,1,0,0,0,0,1,0,805666,651,5816452,84
197008,11,9,9020802,K�llnische Vorstadt,2019,7,12,4,2,0,4,0,0,0,1,0,0,1,0,810226,1815,5820373,295
197009,11,2,2020204,Urbanstra�e,2019,7,11,4,3,5,2,0,1,1,0,0,0,0,0,798524,1525,5824718,456
197010,11,6,6010206,Stadtpark,2019,7,11,4,3,0,1,0,1,0,0,0,0,0,0,795104,9464,5819452,719
197011,11,7,7040403,Manteuffelstra�e,2019,7,10,4,3,5,2,0,0,1,0,1,0,0,0,797023,9617,5820703,107
197012,11,7,7020203,Kaiser-Wilhelm-Platz,2019,7,9,4,2,5,2,0,1,0,0,1,0,0,0,795715,3604,5824029,13
197013,11,9,9051801,Rahnsdorf/Hessenwinkel,2019,7,9,4,3,2,3,0,1,1,0,0,0,0,0,820699,9759,5819508,881
197014,11,2,2010103,Moritzplatz,2019,7,8,4,3,5,3,0,1,1,0,0,0,0,0,799326,9124,5826235,581
197015,11,12,12214125,Waldidyll/Flughafensee,2019,7,23,4,2,2,6,2,0,1,0,0,0,1,0,791928,1893,5831478,576
197016,11,4,4010102,Pl�tzensee,2019,7,20,4,2,1,1,0,0,1,0,0,0,0,0,792291,5169,5830695,921
197017,11,8,8041036,Zittauer Stra�e,2019,7,19,4,3,5,3,0,0,1,0,0,0,0,0,805050,68,5817550,949
197018,11,1,1033203,Humboldthain Nordwest,2019,7,19,4,2,0,6,0,1,1,0,0,0,0,0,796621,6219,5831047,534
197019,11,3,3030715,Heinersdorf,2019,7,6,4,3,0,3,0,0,1,0,1,0,0,0,800484,5362,5832601,137
197020,11,3,3061228,Erich-Weinert-Stra�e,2019,7,6,4,3,5,3,0,1,1,0,0,0,0,0,800748,6367,5831301,671
197021,11,11,11041022,Rosenfelder Ring,2019,7,5,4,3,5,3,0,1,1,0,0,0,0,0,805655,2159,5827397,935
197022,11,2,2050802,Boxhagener Platz,2019,7,1,4,2,0,1,2,0,0,0,0,0,1,0,802706,4412,5826964,181
197023,11,6,6030609,Augustaplatz,2019,7,15,4,3,5,2,0,0,1,0,0,0,1,0,793162,9548,5818217,816
197024,11,2,2030402,Wrangelkiez,2019,7,9,3,2,0,2,0,1,1,0,0,0,0,0,801543,382,5825978,4
197025,11,2,2040502,Friedenstra�e,2019,7,16,3,3,5,2,0,1,0,0,0,0,0,0,801247,5252,5827816,42
197026,11,2,2010103,Moritzplatz,2019,7,18,3,3,5,2,0,1,1,0,0,0,0,0,799115,5794,5826282,901
197027,11,3,3050925,Komponistenviertel Wei�ensee,2019,7,17,3,3,5,7,0,1,1,0,0,0,0,0,802509,2602,5831547,833
197028,11,9,9020501,Obersch�neweide West,2019,7,17,3,2,5,3,0,0,1,0,1,0,0,0,806290,2697,5822154,531
197029,11,8,8010301,Reuterkiez,2019,7,17,3,3,1,5,0,1,1,0,0,0,1,0,801321,1948,5824204,751
197030,11,9,9051701,Hirschgarten,2019,7,16,3,3,2,7,0,0,1,0,0,0,0,0,813061,131,5821433,777
197031,11,2,2020204,Urbanstra�e,2019,7,2,3,3,1,1,2,0,1,0,0,0,0,0,798521,2779,5825202,985
197032,11,10,11030720,Herzbergstra�e,2019,7,14,3,3,2,6,0,0,1,0,0,0,1,0,806280,6206,5830169,908
197033,11,5,5020524,Weinmeisterhornweg,2019,7,14,3,3,5,2,0,0,1,0,0,0,0,0,783895,4334,5826614,693
197034,11,12,12224230,Heiligensee,2019,7,13,3,3,1,5,0,0,1,0,1,0,0,0,787177,56,5838039,484
197035,11,4,4051448,Schaperstra�e,2019,7,13,3,3,1,5,0,1,1,0,0,0,0,0,794193,4993,5825109,95
197036,11,8,8041037,Alt-Rudow,2019,7,13,3,3,5,3,0,1,1,0,0,0,0,0,805666,8362,5817015,193
197037,11,7,7040405,Rathaus Tempelhof,2019,7,12,3,3,5,3,0,0,1,0,0,0,0,0,798886,1227,5820528,229
197038,11,4,4010101,Jungfernheide,2019,7,12,3,3,2,6,0,0,1,0,0,0,0,0,790386,697,5829031,703
197039,11,2,2050802,Boxhagener Platz,2019,7,12,3,3,5,2,0,1,0,0,0,1,0,0,802067,1353,5827160,535
197040,11,4,4051446,Preu�enpark,2019,7,10,3,3,6,4,0,0,1,1,0,0,0,0,792499,7409,5824856,982
197041,11,4,4041239,Stadion Wilmersdorf,2019,7,10,3,3,5,2,0,1,1,0,0,0,0,0,792331,2171,5823122,38
197042,11,1,1011204,Leipziger Stra�e,2019,7,18,3,3,4,6,0,1,0,0,0,0,1,0,798704,81,5827624,8
197043,11,2,2020204,Urbanstra�e,2019,7,9,3,3,6,7,0,0,1,1,0,0,0,0,798481,3223,5825197,553
197044,11,8,8010301,Reuterkiez,2019,7,19,3,3,0,3,0,1,0,0,0,0,0,0,801477,4606,5824421,595
197045,11,3,3061430,Volkspark Prenzlauer Berg,2019,7,19,3,3,5,2,0,1,1,0,0,0,0,0,802299,7136,5829244,266
197046,11,9,9020802,K�llnische Vorstadt,2019,7,6,3,2,3,6,0,0,1,0,0,0,0,0,809805,3819,5820292,359
197047,11,9,9020701,Adlershof West,2019,7,18,3,3,2,6,0,0,1,0,0,0,1,0,809202,6461,5818346,934
197048,11,9,9010402,Johannisthal Ost,2019,7,18,3,2,0,1,0,0,0,0,1,0,0,0,806809,3237,5818192,39
197049,11,9,9031101,Gr�nau,2019,7,18,3,3,5,3,0,1,0,0,0,0,1,0,811810,831,5816659,479
197050,11,3,3020203,Blankenfelde,2019,7,16,3,3,5,3,0,1,1,0,0,0,0,0,796389,9362,5840580,925
197051,11,4,4030415,Schlo�garten,2019,7,16,3,3,2,2,0,0,1,0,1,0,0,0,791030,374,5827420,632
197052,11,2,2020206,Graefekiez,2019,7,16,3,3,0,1,0,1,0,0,0,0,0,0,799991,8902,5824458,447
197053,11,4,4051448,Schaperstra�e,2019,7,15,3,3,2,6,0,1,1,0,0,0,0,0,793523,3572,5825222,955
197054,11,5,5010101,Hakenfelde Nord,2019,7,15,3,3,3,6,0,1,0,0,0,0,1,0,785552,608,5831778,587
197055,11,1,1044101,Rehberge,2019,7,15,3,3,0,6,0,0,0,0,0,0,1,0,794812,5194,5831324,845
197056,11,2,2040701,Andreasviertel,2019,7,17,3,3,2,6,0,0,1,0,1,0,0,0,800401,871,5827887,595
197057,11,8,8010301,Reuterkiez,2019,7,21,3,3,3,6,0,1,1,0,0,0,0,0,800935,7876,5824686,783
197058,11,11,11020513,Orankesee,2019,7,13,3,3,2,6,0,0,1,0,0,0,0,0,802866,597,5831261,34
197059,11,9,9020502,Obersch�neweide Ost,2019,7,8,3,3,1,1,0,0,1,0,1,0,0,0,808978,1846,5821599,924
197060,11,11,11020412,Hauptstra�e,2019,7,16,2,3,2,6,0,0,1,0,0,0,0,0,806092,5801,5831993,16
197061,11,5,5020629,B�rnicker Stra�e,2019,7,17,2,3,5,2,0,0,1,0,1,0,0,0,785049,9092,5826299,46
197062,11,1,1011202,Unter den Linden Nord,2019,7,16,2,3,2,2,0,0,0,0,1,0,1,0,797188,403,5827524,571
197063,11,6,6040805,Fischerh�ttenstra�e,2019,7,15,2,3,1,5,0,0,1,0,0,1,0,0,787868,7761,5817965,23
197064,11,2,2040701,Andreasviertel,2019,7,21,2,2,5,2,2,1,1,0,0,0,0,0,800907,8105,5827537,903
197065,11,8,8020727,Buckow Mitte,2019,7,17,2,3,2,6,0,0,1,0,1,0,0,0,801041,4948,5817077,282
197066,11,6,6010102,Schlo�stra�e,2019,7,19,2,3,0,1,0,0,0,0,1,0,0,0,793771,9075,5820548,56
197067,11,8,8010510,Gewerbegebiet K�llnische Heide,2019,7,15,2,3,2,6,0,0,1,0,0,0,0,0,802411,469,5822662,755
197068,11,12,12214125,Waldidyll/Flughafensee,2019,7,15,2,2,6,4,0,0,1,1,0,0,1,0,790944,3642,5833822,426
197069,11,1,1011202,Unter den Linden Nord,2019,7,13,2,3,5,3,0,0,1,0,0,0,0,0,797893,9988,5828167,657
197070,11,6,6030501,Berlepschstra�e,2019,7,12,2,3,5,3,0,0,1,0,0,0,0,0,788816,9036,5817033,932
197071,11,2,2020206,Graefekiez,2019,7,21,2,3,1,5,2,0,1,0,0,0,0,0,799749,2623,5824479,808
197072,11,1,1011301,Charit�viertel,2019,7,12,2,3,3,6,0,1,0,0,0,1,0,0,797130,2862,5829227,311
197073,11,1,1022106,Elberfelder Stra�e,2019,7,10,2,3,3,6,0,1,0,0,0,1,0,0,793690,1902,5828002,38
197074,11,4,4020311,Reichsstra�e,2019,7,10,2,3,5,3,0,0,1,0,0,0,0,0,789494,6456,5826805,597
197075,11,1,1011302,Oranienburger Stra�e,2019,7,10,2,3,2,6,0,0,1,0,0,0,0,0,799047,5393,5828977,627
197076,11,9,9020701,Adlershof West,2019,7,10,2,3,3,6,0,0,1,0,0,1,0,0,807856,5686,5819952,464
197077,11,9,9020601,Schnellerstra�e,2019,7,9,2,3,5,3,0,1,1,0,0,0,0,0,805929,677,5821839,751
197078,11,6,6040703,Nikolassee,2019,7,8,2,3,5,3,0,1,1,0,0,0,0,1,785012,3662,5817548,667
197079,11,7,7040405,Rathaus Tempelhof,2019,7,8,2,3,2,6,0,0,1,0,0,0,0,0,799577,153,5820832,145
197080,11,5,5010205,An der Tr�nke,2019,7,6,2,3,0,6,0,0,1,0,1,0,0,0,780182,4216,5830663,442
197081,11,1,1022204,Thomasiusstra�e,2019,7,9,2,3,5,7,0,1,1,0,0,0,0,0,795000,4997,5828147,831
197082,11,1,1044201,Reinickendorfer Stra�e,2019,7,12,1,3,2,6,0,0,1,0,0,0,0,0,796469,518,5831967,39
197083,11,1,1022206,L�neburger Stra�e,2019,7,18,1,3,0,1,0,1,0,0,0,0,0,0,795548,1954,5828216,292
197084,11,3,3061228,Erich-Weinert-Stra�e,2019,7,14,1,3,3,6,0,0,1,0,0,0,1,0,800790,151,5830910,548
197085,11,2,2030302,Lausitzer Platz,2019,7,1,1,3,9,1,2,0,1,0,0,0,0,1,801509,4438,5826046,4
197086,11,1,1011402,Arkonaplatz,2019,7,1,1,3,0,1,2,1,0,0,0,0,0,1,798607,8043,5829323,334
197087,11,2,2030301,Oranienplatz,2019,7,21,1,2,0,3,1,0,1,0,1,0,0,0,800289,5097,5826088,5
197088,11,2,2040702,Weberwiese,2019,7,19,1,3,0,7,0,0,0,0,0,0,1,0,801647,807,5827378,443