OBJECTID,LAND,BEZ,LOR,STRASSE,UJAHR,UMONAT,USTUNDE,UWOCHENTAG,UKATEGORIE,UART,UTYP1,ULICHTVERH,IstRad,IstPKW,IstFuss,IstKrad,IstGkfz,IstSonstige,USTRZUSTAND,LINREFX,LINREFY,XGCSWGS84,YGCSWGS84
197089,11,5,5020521,D�beritzer Weg,2019,7,18,1,3,2,6,0,0,1,0,0,0,0,0,779389,9003,5827854,182
197090,11,8,8010118,Silbersteinstra�e,2019,7,17,1,3,6,4,0,0,0,1,1,0,0,0,800774,8543,5822723,867
197091,11,10,10040933,Mahlsdorf S�d,2019,7,10,1,3,8,1,0,0,1,0,0,0,0,0,812477,7397,5824289,712
197092,11,1,1044203,Leopoldplatz,2019,7,20,1,3,6,4,1,1,0,1,0,0,0,0,795427,8027,5831588,456
197093,11,12,12214424,Scharnweberstra�e,2019,7,13,7,3,0,3,0,0,1,0,1,0,0,0,793181,943,5832323,757
197094,11,2,2040703,Wriezener Bahnhof/Entwicklungsgebiet,2019,7,15,7,3,0,1,0,0,1,0,0,0,0,1,801960,401,5826795,384
197095,11,9,9010302,Sp�thsfelde,2019,7,3,7,2,9,1,1,0,0,0,1,0,0,0,803212,383,5820965,844
197096,11,4,4030931,Breitscheidplatz,2019,7,0,7,3,3,6,2,0,1,0,0,0,0,0,793890,1265,5826058,785
197097,11,6,6040810,Dahlem,2019,7,18,7,3,3,6,0,1,1,0,0,0,0,1,791019,7981,5819936,301
197098,11,7,7010104,Dennewitzplatz,2019,7,23,7,3,6,4,2,0,1,1,0,0,0,1,796127,1245,5824955,359
197099,11,7,7070704,Nahariyastra�e,2019,7,22,7,2,0,2,2,0,1,0,1,0,0,1,800169,7914,5814070,15
197100,11,10,10030724,Oberfeldstra�e,2019,7,21,7,3,5,2,2,1,1,0,0,0,0,1,809564,8133,5828022,68
197101,11,8,8010213,K�rnerpark,2019,7,21,7,3,6,2,1,0,1,1,0,0,0,1,801538,5928,5823017,209
197102,11,2,2030301,Oranienplatz,2019,7,19,7,3,5,7,0,0,1,0,1,0,0,0,799870,7862,5826248,182
197103,11,9,9020802,K�llnische Vorstadt,2019,7,18,7,2,5,7,0,0,1,0,0,0,0,0,810585,3352,5819897,73
197104,11,1,1011301,Charit�viertel,2019,7,17,7,3,6,2,0,0,1,1,0,0,0,0,797320,976,5829005,401
197105,11,6,6010206,Stadtpark,2019,7,16,7,3,2,6,0,1,1,0,0,0,0,1,794947,5572,5819474,287
197106,11,1,1033102,Gesundbrunnen,2019,7,16,7,3,1,5,0,0,1,0,0,0,0,1,797257,927,5831878,711
197107,11,7,7010104,Dennewitzplatz,2019,7,15,7,3,0,1,0,0,1,0,1,0,0,1,796239,451,5824311,294
197108,11,1,1044101,Rehberge,2019,7,14,7,3,5,3,0,1,1,0,0,0,0,1,793792,9793,5832163,694
197109,11,12,12224230,Heiligensee,2019,7,14,7,3,2,6,0,0,1,0,0,0,0,0,785492,957,5837398,507
197110,11,6,6040701,Wannsee,2019,7,14,7,3,6,4,0,0,1,1,0,0,0,0,781854,2043,5815270,2
197111,11,5,5010207,Darbystra�e,2019,7,13,7,3,5,2,0,0,1,0,1,0,0,0,783575,2,5830201,53
197112,11,5,5010103,Amorbacher Weg,2019,7,13,7,3,5,3,0,0,1,0,0,0,0,0,783907,128,5831176,626
197113,11,11,11030721,R�digerstra�e,2019,7,13,7,3,0,1,0,1,0,0,0,0,0,0,803615,8329,5828336,249
197114,11,7,7010104,Dennewitzplatz,2019,7,12,7,3,5,2,0,1,1,0,0,0,0,0,796164,5486,5824370,482
197115,11,8,8010404,Rixdorf,2019,7,12,7,3,5,2,0,0,1,0,0,0,0,0,802169,7127,5823374,504
197116,11,4,4051654,Wilhelmsaue,2019,7,11,7,3,2,3,0,0,1,0,0,0,0,0,793353,7601,5823652,18
197117,11,6,6040810,Dahlem,2019,7,8,7,3,0,2,0,1,1,0,0,0,0,0,790969,1417,5820706,189
197118,11,1,1022106,Elberfelder Stra�e,2019,7,7,7,3,6,2,0,0,1,1,0,0,0,0,794572,771,5828357,256
197119,11,4,4030930,George-Grosz-Platz,2019,7,10,7,3,3,6,0,1,1,0,0,0,0,0,793201,6485,5825616,68
197120,11,9,9010401,Johannisthal West,2019,7,12,7,3,2,6,0,0,1,0,0,0,1,0,806294,4957,5820737,415
197121,11,10,10040933,Mahlsdorf S�d,2019,7,8,6,2,5,3,0,1,1,0,0,0,0,1,812442,4382,5824756,206
197122,11,4,4030931,Breitscheidplatz,2019,7,14,6,3,1,5,0,0,1,0,0,0,0,0,793919,4245,5825656,487
197123,11,10,10030727,Biesdorf S�d,2019,7,10,6,3,5,3,0,0,1,0,0,0,0,1,809439,8724,5826351,946
197124,11,7,7020202,Volkspark (Rudolf-Wilde-Park),2019,7,11,6,3,6,7,0,0,1,1,0,0,0,0,794916,1388,5823299,351
197125,11,8,8010211,Flughafenstra�e,2019,7,21,6,3,0,5,2,0,1,0,0,0,0,0,801003,9612,5823765,708
197126,11,3,3061126,Arnimplatz,2019,7,17,6,3,5,2,0,1,1,0,0,0,0,0,798826,9009,5831788,62
197127,11,1,1022206,L�neburger Stra�e,2019,7,17,6,3,3,6,0,1,0,0,0,0,1,1,796136,1842,5828404,509
197128,11,6,6030503,Zehlendorf Mitte,2019,7,17,6,3,5,2,0,1,1,0,0,0,0,0,789319,9223,5817256,982
197129,11,10,10010310,Alt-Marzahn,2019,7,17,4,3,2,2,0,0,1,0,0,0,0,0,809907,5146,5831583,53
197130,11,4,4051655,Babelsberger Stra�e,2019,7,8,4,3,5,3,0,1,0,0,0,0,1,0,793922,6,5823112,785
197131,11,5,5010204,Griesingerstra�e,2019,7,15,6,3,5,2,0,1,1,0,0,0,0,1,781562,7048,5830766,442
197132,11,6,6030609,Augustaplatz,2019,7,14,6,3,2,6,0,0,1,0,0,0,0,0,793057,315,5818007,901
197133,11,3,3010102,Buch,2019,7,14,6,2,5,3,0,0,1,0,1,0,0,1,804652,2118,5841367,366
197134,11,1,1033102,Gesundbrunnen,2019,7,14,6,3,2,6,0,0,1,0,0,0,0,1,797294,209,5831270,903
197135,11,12,12214125,Waldidyll/Flughafensee,2019,7,14,6,3,2,2,0,0,1,0,0,0,1,1,790263,3588,5833690,696
197136,11,12,12302107,Schorfheidestra�e,2019,7,13,6,3,2,6,0,0,1,0,0,0,0,1,793843,3595,5836234,5
197137,11,1,1022106,Elberfelder Stra�e,2019,7,12,6,3,2,6,0,0,1,0,0,0,0,1,794464,55,5828354,325
197138,11,2,2040703,Wriezener Bahnhof/Entwicklungsgebiet,2019,7,12,6,3,6,7,0,1,0,0,0,0,1,1,801743,3706,5826214,14
197139,11,10,10010311,Landsberger Tor,2019,7,16,6,3,2,6,0,0,1,0,0,0,0,0,810695,7,5831986,204
197140,11,10,10010308,Marzahner Chaussee,2019,7,12,6,3,5,3,0,0,1,0,0,0,1,1,806457,9333,5829895,49
197141,11,10,10020412,Alte Hellersdorfer Stra�e,2019,7,12,6,3,5,3,0,1,1,0,0,0,0,1,811349,1556,5831945,481
197142,11,7,7060604,Marienfelde S�d,2019,7,11,6,3,5,2,0,0,1,0,0,0,0,0,795808,5758,5816024,228
197143,11,12,12301203,Wittenau S�d,2019,7,10,6,2,5,3,0,0,1,0,0,0,0,1,793947,8322,5835309,547
197144,11,7,7010104,Dennewitzplatz,2019,7,10,6,3,0,1,0,1,0,0,0,0,0,1,796433,7501,5824890,893
197145,11,11,11040926,Weitlingstra�e,2019,7,12,6,3,1,5,0,1,1,0,0,0,0,1,803939,111,5826288,31
197146,11,12,12304314,Ziekowstra�e/Freie Scholle,2019,7,10,6,3,8,1,0,0,1,0,0,0,0,1,790163,729,5835941,561
197147,11,3,3040614,Pankow Zentrum,2019,7,16,6,3,2,6,0,0,1,0,0,0,0,1,799308,4863,5833874,867
197148,11,4,4030623,Ernst-Reuter-Platz,2019,7,15,6,3,5,7,0,0,1,0,0,0,0,1,793676,9165,5826073,595
197149,11,1,1011101,St�lerstra�e,2019,7,10,6,3,0,1,0,0,0,0,1,0,0,1,795334,701,5826189,54
197150,11,3,3010102,Buch,2019,7,10,6,3,0,3,0,0,1,0,1,0,0,1,804371,2048,5840424,905
197151,11,7,7030301,Friedenau,2019,7,9,6,3,1,5,0,1,1,0,0,0,0,1,794203,34,5822906,528
197152,11,4,4051549,Rathaus Wilmersdorf,2019,7,9,6,3,2,6,0,0,1,0,0,0,1,1,793299,48,5823682,661
197153,11,5,5010103,Amorbacher Weg,2019,7,8,6,3,2,6,0,0,1,0,0,0,0,1,784709,519,5831107,949
197154,11,1,1011204,Leipziger Stra�e,2019,7,9,6,3,0,7,0,1,1,0,0,0,0,0,798514,7806,5827198,654
197155,11,7,7050504,Imbrosweg,2019,7,8,6,2,9,1,0,0,1,0,0,0,0,1,800047,85,5820445,536
197156,11,4,4031032,Halensee,2019,7,8,6,3,0,1,0,0,0,0,1,0,0,1,791620,1576,5825060,646
197157,11,7,7040404,Marienh�he,2019,7,8,6,3,5,2,0,0,1,0,0,0,1,1,796697,764,5820024,721
197158,11,1,1011105,N�rdlicher Landwehrkanal,2019,7,7,6,3,2,6,0,0,1,0,0,1,0,1,795970,9345,5826211,178
197159,11,10,10020413,Gut Hellersdorf,2019,7,7,6,3,5,3,0,0,1,0,0,0,0,1,811313,109,5831176,218
197160,11,12,12304314,Ziekowstra�e/Freie Scholle,2019,7,7,6,3,2,6,0,0,1,0,0,0,0,1,790156,6791,5835952,441
197161,11,1,1011401,Invalidenstra�e,2019,7,6,6,2,5,2,0,0,1,0,1,0,0,1,798314,4189,5829376,811
197162,11,5,5020626,Adamstra�e,2019,7,6,6,3,5,3,0,0,1,0,0,0,0,1,784777,6971,5827102,122
197163,11,2,2020204,Urbanstra�e,2019,7,1,6,3,0,3,2,1,1,0,0,0,0,0,798427,7726,5824743,903
197164,11,4,4030827,Karl-August-Platz,2019,7,16,6,3,2,7,0,1,1,0,0,0,0,0,792726,4931,5826128,347
197165,11,2,2020202,Rathaus Yorckstra�e,2019,7,9,5,3,5,2,0,1,0,0,0,0,0,0,797661,636,5825317,545
197166,11,2,2040702,Weberwiese,2019,7,14,5,3,6,7,0,0,0,1,0,0,1,0,802032,5047,5827371,129
197167,11,2,2040701,Andreasviertel,2019,7,14,5,3,6,4,0,1,0,1,0,0,0,0,800639,847,5826980,6
197168,11,5,5020625,Borkumer Stra�e,2019,7,14,5,3,5,3,0,0,1,0,1,0,0,0,784732,3607,5828648,515
197169,11,3,3040614,Pankow Zentrum,2019,7,14,5,3,2,6,0,0,1,0,0,0,0,0,800057,513,5835757,408
197170,11,7,7040403,Manteuffelstra�e,2019,7,22,5,3,5,2,2,1,1,0,0,0,0,1,797851,2133,5821927,683
197171,11,1,1033203,Humboldthain Nordwest,2019,7,13,5,3,6,4,0,1,0,1,0,0,0,0,796597,8888,5830356,901
197172,11,4,4030415,Schlo�garten,2019,7,19,5,2,0,7,0,1,0,0,0,0,0,0,790971,4214,5827411,11
197173,11,1,1011201,Wilhelmstra�e,2019,7,13,5,3,6,6,0,1,0,1,0,0,0,0,797398,218,5826955,837
197174,11,2,2050803,Stralauer Kiez,2019,7,20,5,3,2,6,0,0,1,0,1,0,0,0,803042,268,5825825,851
197175,11,1,1033102,Gesundbrunnen,2019,7,19,5,3,6,4,0,0,1,1,0,0,0,0,797359,5557,5831214,526
197176,11,2,2050601,Hausburgviertel,2019,7,13,5,3,2,7,0,0,1,0,1,0,0,0,801911,5697,5828869,829
197177,11,2,2030302,Lausitzer Platz,2019,7,20,5,3,5,3,0,1,0,0,0,0,0,0,800915,6175,5826359,864
197178,11,10,10010310,Alt-Marzahn,2019,7,12,5,3,0,3,0,0,1,0,1,0,0,0,809539,7863,5831440,351
197179,11,4,7030301,Friedenau,2019,7,12,5,2,5,3,0,0,1,0,0,0,0,0,793366,333,5822846,322
197180,11,5,5020625,Borkumer Stra�e,2019,7,11,5,3,5,2,0,0,1,0,1,0,0,0,784341,644,5828351,942
197181,11,2,2050602,Samariterviertel,2019,7,10,5,3,5,2,0,1,1,0,0,0,0,0,802769,6125,5827688,356
197182,11,9,9010202,K�penicker Landstra�e,2019,7,9,5,2,2,6,0,0,1,0,0,0,0,0,804312,6215,5824043,759
197183,11,1,1022202,Heidestra�e,2019,7,9,5,3,5,2,0,0,1,0,0,0,0,0,795664,665,5829738,324
197184,11,8,8010301,Reuterkiez,2019,7,17,5,2,1,5,0,1,1,0,0,0,0,0,800898,8392,5824614,108
197185,11,7,7020201,Bayerischer Platz,2019,7,8,5,3,5,2,0,1,1,0,0,0,0,0,794956,6499,5824452,51
197186,11,2,2010101,Askanischer Platz,2019,7,8,5,3,6,2,0,0,1,1,0,0,0,0,797856,5457,5825650,681
197187,11,9,9010202,K�penicker Landstra�e,2019,7,9,5,3,5,2,0,1,1,0,0,0,0,0,803887,5924,5823382,523
197188,11,8,8010212,Rollberg,2019,7,23,5,3,9,1,2,0,1,0,0,0,0,1,801115,388,5823525,231
197189,11,12,12304314,Ziekowstra�e/Freie Scholle,2019,7,23,5,3,0,1,2,1,0,0,0,0,0,0,790781,4751,5836541,889
197190,11,8,8010117,Schillerpromenade,2019,7,22,5,3,1,5,2,1,1,0,0,0,0,1,800685,9156,5822952,854
197191,11,7,7050503,Eisenacher Stra�e,2019,7,17,5,3,6,7,0,0,1,1,0,0,0,0,798061,2757,5819655,531
197192,11,11,11040926,Weitlingstra�e,2019,7,14,5,3,0,1,0,0,0,0,1,0,0,0,805336,8087,5827358,653
197193,11,5,5010339,Freiheit,2019,7,21,4,3,1,5,1,0,1,0,0,1,0,0,787460,7852,5828073,673
197194,11,7,7040406,Germaniagarten,2019,7,21,4,2,5,3,1,1,0,0,0,0,1,0,800351,6851,5821674,106
197195,11,2,2020204,Urbanstra�e,2019,7,21,4,3,5,3,1,1,1,0,0,0,0,1,798621,7826,5825130,473
197196,11,1,1011401,Invalidenstra�e,2019,7,21,4,3,0,1,2,0,0,0,1,0,0,1,797460,8575,5829185,13
197197,11,1,1011201,Wilhelmstra�e,2019,7,21,4,3,5,3,2,1,1,0,0,0,0,1,797894,1815,5826569,591
197198,11,4,4030930,George-Grosz-Platz,2019,7,20,4,3,3,6,0,1,1,0,0,0,0,0,793451,9101,5825695,36
197199,11,5,5020420,Werkstra�e,2019,7,20,4,2,9,1,0,0,0,0,1,0,0,0,779790,585,5828609,546
197200,11,1,1011202,Unter den Linden Nord,2019,7,20,4,3,5,2,0,1,1,0,0,0,0,0,797866,1111,5827607,568
197201,11,11,11030619,Fennpfuhl Ost,2019,7,19,4,3,5,3,0,0,1,0,0,0,0,0,804212,2936,5829084,485
197202,11,2,2020204,Urbanstra�e,2019,7,19,4,3,0,2,0,0,1,0,1,0,0,0,798909,3858,5825257,539
197203,11,10,10010308,Marzahner Chaussee,2019,7,18,4,3,5,7,0,0,1,0,0,0,0,0,806551,8652,5829133,367
197204,11,6,6010103,Markelstra�e,2019,7,18,4,3,0,6,0,1,0,0,0,0,1,0,793804,7504,5821211,364
197205,11,8,8010404,Rixdorf,2019,7,17,4,3,5,2,0,1,1,0,0,0,0,0,802024,3987,5823487,78
197206,11,1,1011201,Wilhelmstra�e,2019,7,17,4,3,5,2,0,1,1,0,0,0,0,0,797294,108,5827231,553
197207,11,10,10030724,Oberfeldstra�e,2019,7,15,4,3,5,2,0,0,1,0,0,0,0,0,809598,405,5828542,104
197208,11,3,3061430,Volkspark Prenzlauer Berg,2019,7,14,4,3,5,3,0,1,0,0,0,0,1,0,802341,2649,5829201,323
197209,11,1,1033203,Humboldthain Nordwest,2019,7,14,4,3,2,7,0,1,1,0,0,0,0,0,796563,2038,5830501,648
197210,11,12,12214125,Waldidyll/Flughafensee,2019,7,13,4,3,3,6,0,0,1,0,0,0,0,0,791810,9804,5831241,76
197211,11,12,12224230,Heiligensee,2019,7,13,4,3,1,5,0,0,1,0,0,0,0,0,786779,6032,5837513,77
197212,11,8,8010117,Schillerpromenade,2019,7,11,4,3,2,6,0,0,1,0,0,1,0,0,800636,7894,5823075,924
197213,11,9,9020602,Oberspree,2019,7,10,4,2,6,4,0,0,1,1,0,0,0,0,808418,5731,5820877,47
197214,11,3,3040818,Pankow S�d,2019,7,7,4,3,1,5,0,0,1,0,0,0,1,0,799574,6241,5833175,311
197215,11,3,3030715,Heinersdorf,2019,7,10,4,3,2,6,0,0,1,0,0,0,0,0,801097,8653,5834753,495
197216,11,3,3061126,Arnimplatz,2019,7,9,4,3,3,6,0,0,1,0,1,0,0,0,799165,1604,5831807,483
197217,11,1,1011301,Charit�viertel,2019,7,10,4,3,5,3,0,0,1,0,1,0,0,0,796967,401,5828843,44
197218,11,8,8010301,Reuterkiez,2019,7,3,7,3,2,6,2,1,1,0,0,0,0,0,801412,1275,5823929,395
197219,11,2,2020204,Urbanstra�e,2019,7,3,7,2,0,1,2,0,0,0,1,0,0,0,798145,4599,5824850,8
197220,11,5,5030833,Motardstra�e,2019,7,2,7,2,0,1,2,0,1,0,0,0,0,0,789329,1113,5828958,247
197221,11,1,1011101,St�lerstra�e,2019,7,22,6,2,5,3,2,1,0,0,0,0,0,0,794807,7151,5826245,815
197222,11,4,4030621,Spreestadt,2019,7,14,7,3,5,2,0,1,1,0,0,0,0,0,793498,9662,5827611,55
197223,11,4,4030827,Karl-August-Platz,2019,7,14,7,2,3,6,0,1,1,0,0,0,0,0,791983,5437,5826456,165
197224,11,1,1022201,Stephankiez,2019,7,13,7,3,0,2,0,0,1,0,1,0,0,0,795409,5452,5829565,725
197225,11,9,9010101,Elsenstra�e,2019,7,22,7,3,6,4,2,1,0,1,0,0,0,0,801505,9058,5824928,523
197226,11,1,1011203,Unter den Linden S�d,2019,7,13,7,2,0,7,0,0,1,1,0,0,1,0,797881,2197,5827067,96
197227,11,1,1022104,Emdener Stra�e,2019,7,12,7,2,2,2,0,1,1,0,0,0,0,0,794542,7963,5829072,984
197228,11,2,2040701,Andreasviertel,2019,7,21,7,3,5,2,1,1,1,0,0,0,0,0,800586,6892,5827009,168
197229,11,5,5020626,Adamstra�e,2019,7,12,7,2,5,2,0,0,1,0,0,0,0,0,784144,997,5827314,427
197230,11,12,12231101,Hermsdorf,2019,7,12,7,3,5,2,0,1,1,0,0,0,0,0,792167,14,5838069,796
197231,11,6,6040703,Nikolassee,2019,7,12,7,3,5,2,0,1,1,0,0,0,0,0,787770,1067,5821679,68
197232,11,12,12103220,Humboldtstra�e,2019,7,12,7,3,4,5,0,0,1,0,0,0,1,0,794289,2458,5833707,616
197233,11,10,10030724,Oberfeldstra�e,2019,7,19,7,3,3,6,0,0,1,0,1,0,0,0,809602,821,5828545,501
197234,11,8,8030831,Gropiusstadt Ost,2019,7,11,7,3,0,1,0,0,0,0,1,0,0,0,804323,5288,5817812,264
197235,11,1,1011401,Invalidenstra�e,2019,7,11,7,3,1,5,0,1,0,0,0,0,1,0,797758,4472,5829256,873
197236,11,3,3050923,Wei�enseer Spitze,2019,7,11,7,3,5,2,0,0,1,0,0,0,0,0,800204,762,5832142,254
197237,11,9,9010202,K�penicker Landstra�e,2019,7,11,7,3,5,3,0,0,1,0,0,0,0,0,804484,64,5823235,645
197238,11,1,1011101,St�lerstra�e,2019,7,11,7,2,5,3,0,1,1,0,0,0,0,0,794905,8172,5825973,833
197239,11,11,11051332,Karlshorst S�d,2019,7,10,7,3,5,3,0,1,0,0,0,0,1,0,807217,1539,5823900,22
197240,11,9,9020701,Adlershof West,2019,7,8,7,3,0,6,0,0,0,0,1,0,1,0,808991,9267,5818122,718
197241,11,2,2040701,Andreasviertel,2019,7,4,7,3,5,3,1,0,1,0,0,0,0,0,800293,5857,5827628,335
197242,11,4,4020310,Park Ruhwald,2019,7,7,6,3,3,6,0,1,0,0,0,0,1,0,790243,954,5828067,494
197243,11,9,9010401,Johannisthal West,2019,7,6,6,3,3,6,0,1,0,0,0,0,1,0,806326,186,5820933,198
197244,11,11,11010310,M�hlengrund,2019,7,16,6,3,5,2,0,1,1,0,0,0,0,0,805463,7605,5833353,913
197245,11,3,3020209,Niedersch�nhausen,2019,7,16,6,3,5,3,0,1,1,0,0,0,0,0,797369,117,5835183,886
197246,11,6,6010206,Stadtpark,2019,7,15,6,3,2,6,0,0,1,0,1,0,0,0,794393,3543,5820190,127
197247,11,11,11051331,Karlshorst Nord,2019,7,15,6,2,0,1,0,0,0,0,0,0,1,0,807793,1954,5824286,643
197248,11,6,6030503,Zehlendorf Mitte,2019,7,15,6,2,5,7,0,0,0,0,1,0,1,0,789550,4445,5817882,802
197249,11,2,2030401,Reichenberger Stra�e,2019,7,15,6,2,5,3,0,1,0,0,0,0,1,0,801141,3718,5825433,129
197250,11,7,7010102,Nollendorfplatz,2019,7,13,6,3,2,6,0,0,1,0,0,0,1,0,795121,9291,5825777,188
197251,11,3,3051017,Rennbahnstra�e,2019,7,13,6,3,5,3,0,0,1,0,0,0,0,0,803395,3345,5833104,87
197252,11,4,4010102,Pl�tzensee,2019,7,13,6,3,2,6,0,0,1,0,1,0,0,0,793338,2519,5829756,106
197253,11,9,9010401,Johannisthal West,2019,7,13,6,3,5,2,0,1,1,0,0,0,0,0,806135,2139,5821074,864
197254,11,8,8020625,Handwerker-Siedlung,2019,7,12,6,2,2,6,0,0,1,0,0,0,0,0,801386,9496,5819252,51
197255,11,2,2020205,Chamissokiez,2019,7,12,6,3,0,7,0,1,0,0,0,0,0,0,799214,794,5824493,424
197256,11,4,4030724,Lietzensee,2019,7,11,6,3,6,7,0,0,1,1,0,0,0,0,790830,1176,5826383,249
197257,11,7,7070701,Kettinger Stra�e/Schillerstra�e,2019,7,11,6,3,3,6,0,0,1,0,1,0,0,0,799119,5536,5816189,822
197258,11,2,2030302,Lausitzer Platz,2019,7,10,6,3,5,2,0,1,0,0,0,1,0,0,800612,2044,5826605,897
197259,11,3,3061430,Volkspark Prenzlauer Berg,2019,7,22,6,3,5,3,2,1,1,0,0,0,0,0,802196,1459,5829420,706
197260,11,7,7040403,Manteuffelstra�e,2019,7,21,6,3,5,2,2,0,1,0,0,0,0,0,796920,95,5822284,2
197261,11,9,9010101,Elsenstra�e,2019,7,21,6,2,5,3,1,1,1,0,0,0,0,0,802329,4441,5825307,772
197262,11,2,2040701,Andreasviertel,2019,7,20,6,3,5,3,0,1,1,0,0,0,0,0,800584,3583,5827010,421
197263,11,7,7040401,Neu-Tempelhof,2019,7,19,6,3,5,2,0,0,1,0,0,0,0,0,797824,2186,5822535,858
197264,11,4,4030929,Hindemithplatz,2019,7,1,6,3,5,3,2,0,1,0,0,0,0,0,792580,2204,5825448,123
197265,11,8,8030829,Gropiusstadt Nord,2019,7,19,6,3,5,7,0,1,1,0,0,0,0,0,802766,7787,5818171,919
197266,11,11,11051331,Karlshorst Nord,2019,7,10,6,3,6,4,0,0,1,1,0,0,0,0,807251,878,5824282,871
197267,11,5,5020625,Borkumer Stra�e,2019,7,9,6,3,0,6,0,0,0,0,0,0,1,0,784609,1042,5828341,795
197268,11,11,11030619,Fennpfuhl Ost,2019,7,9,6,3,5,2,0,1,1,0,0,0,0,0,804144,293,5829828,569
197269,11,1,1011301,Charit�viertel,2019,7,9,6,3,5,3,0,0,1,0,0,0,1,0,797629,814,5828204,983
197270,11,1,1044202,Sparrplatz,2019,7,8,6,2,5,3,0,1,1,0,0,0,0,0,795398,3563,5830283,802
197271,11,7,7030301,Friedenau,2019,7,8,6,3,4,6,0,1,1,0,0,0,0,0,794083,7562,5822045,924
197272,11,11,11040926,Weitlingstra�e,2019,7,7,6,3,5,3,0,1,1,0,0,0,0,0,805189,6453,5826252,541
197273,11,9,9052001,K�penick Nord,2019,7,6,6,3,1,1,0,0,1,0,0,0,0,0,810892,5807,5822275,948
197274,11,2,2050803,Stralauer Kiez,2019,7,6,6,3,5,2,0,1,1,0,0,0,0,0,803103,948,5826085,88
197275,11,1,1011202,Unter den Linden Nord,2019,7,15,6,3,3,6,0,0,1,0,0,0,1,0,797532,7647,5827566,101
197276,11,8,8020727,Buckow Mitte,2019,7,11,5,3,0,3,0,1,1,0,0,0,0,0,800987,8167,5817122,88
197277,11,8,8010508,Wei�e Siedlung,2019,7,21,5,2,9,1,2,0,0,0,1,0,0,0,803138,51,5822672,845
197278,11,1,1011303,Alexanderplatzviertel,2019,7,21,5,3,6,4,0,1,0,1,0,0,0,0,799020,4092,5827873,927
197279,11,1,1044203,Leopoldplatz,2019,7,20,5,3,5,2,0,0,1,0,0,0,1,0,795451,436,5831591,824
197280,11,4,4030931,Breitscheidplatz,2019,7,19,5,3,5,3,0,1,1,0,0,0,0,0,793938,5461,5825810,689
197281,11,6,6040804,Krumme Lanke,2019,7,18,5,3,5,3,0,0,1,0,1,0,0,0,787738,8229,5818260,274
197282,11,8,8020727,Buckow Mitte,2019,7,18,5,3,5,2,0,0,1,0,0,0,0,0,800952,209,5816263,563
197283,11,11,11020513,Orankesee,2019,7,16,5,3,0,7,0,0,1,0,0,0,1,0,802987,6234,5830854,857
197284,11,2,2020206,Graefekiez,2019,7,15,5,3,5,2,0,1,0,0,0,0,1,0,799774,4273,5824825,1
197285,11,1,1011201,Wilhelmstra�e,2019,7,18,5,3,5,3,0,1,1,0,0,0,0,0,797902,559,5826576,585
197286,11,2,2040701,Andreasviertel,2019,7,15,5,3,2,6,0,0,1,0,0,0,0,0,800392,9357,5827855,974
197287,11,1,1022106,Elberfelder Stra�e,2019,7,17,5,3,5,7,0,1,0,0,0,0,1,0,793703,5118,5828112,761
197288,11,1,1044201,Reinickendorfer Stra�e,2019,7,15,5,3,5,2,0,0,1,0,1,0,0,0,796190,236,5831009,98
197289,11,1,1011203,Unter den Linden S�d,2019,7,17,5,3,5,7,0,1,1,0,0,0,0,0,797810,3491,5827136,663
197290,11,1,1044201,Reinickendorfer Stra�e,2019,7,15,5,3,6,7,0,0,1,1,0,0,0,0,796886,1079,5831538,794
197291,11,4,4051653,Prager Platz,2019,7,15,5,3,6,3,0,0,1,1,0,0,0,0,794029,3386,5824715,871
197292,11,8,8010301,Reuterkiez,2019,7,17,5,3,5,3,0,1,0,0,0,0,0,0,801551,9419,5824363,932
197293,11,8,8020622,Parchimer Allee,2019,7,14,5,3,1,5,0,0,1,0,0,0,1,0,801341,3722,5820026,322
197294,11,7,7030303,Grazer Platz,2019,7,16,5,2,5,3,0,1,1,0,0,0,0,0,795229,4533,5822260,95
197295,11,12,12302212,Rollbergesiedlung,2019,7,14,5,3,0,5,0,0,1,0,0,0,1,0,793540,5442,5837847,668
197296,11,9,9051702,B�lschestra�e,2019,7,13,5,3,1,1,0,1,1,0,0,0,0,0,814032,502,5820745,63
197297,11,1,1011102,Gro�er Tiergarten,2019,7,11,5,3,3,2,0,0,1,0,0,0,0,0,795161,8216,5827090,891
197298,11,7,7070701,Kettinger Stra�e/Schillerstra�e,2019,7,11,5,3,5,2,0,0,1,0,0,1,0,0,798707,8463,5816019,87
197299,11,1,1022102,Beusselkiez,2019,7,11,5,3,6,2,0,0,0,1,0,0,1,0,793573,4952,5828507,524
197300,11,9,9020702,Adlershof Ost,2019,7,11,5,3,2,6,0,0,1,0,0,0,1,0,809528,9404,5818795,339
197301,11,7,7040401,Neu-Tempelhof,2019,7,11,5,3,2,6,0,0,1,0,0,0,1,0,797757,2024,5822626,559
197302,11,1,1011301,Charit�viertel,2019,7,10,5,3,5,3,0,0,1,0,0,0,1,0,797045,9479,5828361,996
197303,11,1,1011105,N�rdlicher Landwehrkanal,2019,7,10,5,3,1,5,0,1,1,0,0,0,0,0,796928,6652,5826430,217
197304,11,11,11040926,Weitlingstra�e,2019,7,10,5,3,1,1,0,0,1,0,0,0,0,0,805338,777,5827208,857
197305,11,11,11020411,Malchower Weg,2019,7,9,5,2,5,2,0,0,0,0,1,0,1,0,806356,863,5832164,587