OBJECTID,LAND,BEZ,LOR,STRASSE,UJAHR,UMONAT,USTUNDE,UWOCHENTAG,UKATEGORIE,UART,UTYP1,ULICHTVERH,IstRad,IstPKW,IstFuss,IstKrad,IstGkfz,IstSonstige,USTRZUSTAND,LINREFX,LINREFY,XGCSWGS84,YGCSWGS84
197306,11,3,3030715,Heinersdorf,2019,7,9,5,3,2,6,0,0,1,0,0,0,0,0,800096,4792,5833877,837
197307,11,1,1011306,Heine-Viertel Ost,2019,7,9,5,3,5,3,0,1,1,0,0,0,0,0,799901,7061,5826514,373
197308,11,4,4041241,Breite Stra�e,2019,7,7,5,3,5,3,0,1,1,0,0,0,0,0,791578,2942,5822164,356
197309,11,7,7040401,Neu-Tempelhof,2019,7,5,5,3,0,1,1,0,0,0,0,0,1,0,797271,8433,5822823,492
197310,11,5,5010209,An der Kappe,2019,7,3,5,2,1,1,2,0,1,0,0,0,0,0,781394,3375,5829726,48
197311,11,3,3050925,Komponistenviertel Wei�ensee,2019,7,17,5,3,6,2,0,0,1,1,0,0,0,0,802262,617,5831577,211
197312,11,2,2030402,Wrangelkiez,2019,7,14,5,3,5,7,0,0,0,0,1,0,1,0,801515,292,5825998,741
197313,11,7,7010104,Dennewitzplatz,2019,7,10,5,3,0,7,0,0,0,0,1,0,0,1,796019,5531,5824976,68
197314,11,4,4030931,Breitscheidplatz,2019,7,10,4,3,1,5,0,1,0,0,0,0,1,0,793749,2853,5825832,119
197315,11,7,7030302,Cecilieng�rten,2019,7,15,4,3,6,4,0,1,0,1,0,0,0,0,794574,3506,5822329,132
197316,11,5,5010206,G�tersloher Weg,2019,7,17,4,2,5,2,0,1,1,0,0,0,0,0,782434,567,5830490,2
197317,11,11,11020514,Gro�e-Leege-Stra�e,2019,7,17,4,3,5,2,0,1,1,0,0,0,0,0,804371,8011,5830844,325
197318,11,2,2040701,Andreasviertel,2019,7,17,4,3,0,2,0,0,1,0,1,0,0,0,801206,464,5827467,49
197319,11,9,9010301,Baumschulenstra�e,2019,7,16,4,3,6,2,0,0,0,1,0,1,0,0,804746,5982,5822302,503
197320,11,1,1033201,Brunnenstra�e,2019,7,16,4,3,6,7,0,1,0,1,0,0,0,0,797882,533,5831027,186
197321,11,6,6020302,Komponistenviertel Lankwitz,2019,7,16,4,3,5,3,0,1,1,0,0,0,0,0,794339,5264,5819041,313
197322,11,7,7040405,Rathaus Tempelhof,2019,7,16,4,3,2,7,0,0,0,0,1,0,1,0,798170,1912,5821908,165
197323,11,4,4010103,Paul-Hertz-Siedlung,2019,7,5,4,3,0,6,0,0,0,0,1,0,0,0,791141,786,5829174,408
197324,11,5,5040934,Alt-Gatow,2019,7,23,4,3,0,1,2,1,0,0,0,0,0,0,783747,479,5824142,705
197325,11,1,1033201,Brunnenstra�e,2019,7,20,4,3,0,3,0,1,0,0,0,0,1,0,798507,5333,5830233,396
197326,11,1,1011402,Arkonaplatz,2019,7,19,4,3,1,5,0,1,1,0,0,0,0,0,798782,3379,5829671,733
197327,11,12,1044101,Rehberge,2019,7,19,4,3,2,4,0,0,1,1,0,0,0,0,791950,482,5831492,874
197328,11,11,11051229,Rummelsburg,2019,7,18,4,3,2,3,0,0,1,0,0,0,0,0,803361,7038,5826298,587
197329,11,2,2050802,Boxhagener Platz,2019,7,18,4,3,0,6,0,1,0,0,0,0,0,0,802547,5962,5826732,22
197330,11,1,1011302,Oranienburger Stra�e,2019,7,18,4,3,5,3,0,1,1,0,0,0,0,0,798603,908,5828890,418
197331,11,5,5030730,Zitadellenweg,2019,7,18,4,2,2,6,0,0,1,0,1,0,0,0,786044,5055,5829165,312
197332,11,2,2020204,Urbanstra�e,2019,7,18,4,3,5,2,0,0,1,0,1,0,0,0,798322,9117,5825139,64
197333,11,7,7040401,Neu-Tempelhof,2019,7,18,4,3,6,2,0,1,0,1,0,0,0,0,798099,158,5823964,834
197334,11,1,1011402,Arkonaplatz,2019,7,18,4,3,0,1,0,1,0,0,0,0,0,0,798545,2399,5829189,163
197335,11,10,10020414,Helle Mitte,2019,7,17,4,3,6,7,0,0,1,1,0,0,0,0,812123,4917,5830905,826
197336,11,1,1044102,Schillerpark,2019,7,12,4,3,2,2,0,0,1,0,0,0,1,0,794913,1324,5832044,113
197337,11,9,9020502,Obersch�neweide Ost,2019,7,12,4,3,0,6,0,0,1,0,1,0,0,0,806685,7465,5822696,904
197338,11,7,7010104,Dennewitzplatz,2019,7,12,4,3,5,2,0,1,1,0,0,0,0,0,796347,883,5824919,951
197339,11,9,9010202,K�penicker Landstra�e,2019,7,11,4,2,6,7,0,0,1,1,0,0,0,0,804282,1573,5823767,33
197340,11,3,3071639,B�tzowstra�e,2019,7,10,4,2,6,4,0,0,1,1,0,0,0,0,800710,2781,5829144,165
197341,11,7,7010101,Wittenbergplatz/Viktoria-Luise-Platz,2019,7,9,4,3,5,2,0,0,1,0,0,0,0,0,794567,3052,5825796,196
197342,11,7,7010102,Nollendorfplatz,2019,7,8,4,3,5,3,0,1,1,0,0,0,0,0,795426,1992,5825488,69
197343,11,1,1011204,Leipziger Stra�e,2019,7,8,4,3,1,5,0,1,1,0,0,0,0,0,798855,242,5827027,577
197344,11,11,11030619,Fennpfuhl Ost,2019,7,8,4,3,5,2,0,1,1,0,0,0,0,0,803969,6837,5829072,463
197345,11,11,11030721,R�digerstra�e,2019,7,7,4,3,5,3,0,0,1,0,1,0,0,0,804308,5809,5828168,371
197346,11,5,5010339,Freiheit,2019,7,7,4,3,6,4,0,0,1,1,0,0,0,0,786804,9857,5828211,49
197347,11,3,3010102,Buch,2019,7,16,4,3,2,6,0,0,1,0,0,0,0,0,804644,687,5841357,339
197348,11,11,11051331,Karlshorst Nord,2019,7,16,4,3,0,7,0,1,1,0,0,0,0,0,808400,6053,5823572,31
197349,11,4,4030726,Droysenstra�e,2019,7,15,4,2,5,2,0,0,1,0,1,0,0,0,792302,3205,5825377,25
197350,11,12,12214125,Waldidyll/Flughafensee,2019,7,15,4,3,3,5,0,1,1,0,0,0,0,0,788353,7777,5832100,746
197351,11,4,4051653,Prager Platz,2019,7,14,4,2,6,4,0,1,0,1,0,0,0,0,794028,2973,5824715,809
197352,11,3,1033102,Gesundbrunnen,2019,7,14,4,3,2,6,0,0,1,0,0,0,0,0,798047,2902,5831836,487
197353,11,3,3050924,Behaimstra�e,2019,7,13,4,3,6,2,0,0,1,1,0,0,0,0,801536,4047,5831445,505
197354,11,1,1022207,Hansaviertel,2019,7,13,4,3,0,3,0,0,1,0,0,0,0,0,794479,2,5827387,3
197355,11,1,1022202,Heidestra�e,2019,7,13,4,3,5,2,0,1,1,0,0,0,0,0,795668,9129,5829732,336
197356,11,11,11020412,Hauptstra�e,2019,7,12,4,3,3,6,0,0,1,0,0,1,0,0,805522,379,5831606,95
197357,11,2,2050601,Hausburgviertel,2019,7,13,4,2,3,6,0,0,1,0,1,0,0,0,801730,635,5828912,954
197358,11,10,10010310,Alt-Marzahn,2019,7,5,4,3,6,4,0,0,0,1,0,0,1,0,809206,1174,5830597,75
197359,11,2,2040701,Andreasviertel,2019,7,20,4,3,5,2,0,0,1,0,1,0,0,0,800425,6853,5827973,981
197360,11,9,9031101,Gr�nau,2019,7,19,3,3,6,4,0,1,0,1,0,0,0,0,813473,2629,5816411,605
197361,11,1,1033202,Humboldthain S�d,2019,7,21,3,3,5,3,2,0,1,0,1,0,0,0,797804,4315,5830038,942
197362,11,1,1033203,Humboldthain Nordwest,2019,7,20,3,3,0,7,0,0,1,0,0,0,0,0,796401,9495,5830096,117
197363,11,7,7020203,Kaiser-Wilhelm-Platz,2019,7,19,3,3,2,7,0,1,0,0,0,0,1,0,796206,5206,5824232,496
197364,11,9,9020502,Obersch�neweide Ost,2019,7,19,3,3,5,2,0,1,1,0,0,0,0,0,807367,132,5822350,367
197365,11,2,2020206,Graefekiez,2019,7,19,3,2,5,7,1,0,1,0,1,0,0,0,799766,8115,5824819,202
197366,11,1,1011302,Oranienburger Stra�e,2019,7,19,3,2,1,5,0,1,1,0,0,0,0,0,798617,6698,5828850,144
197367,11,1,1011302,Oranienburger Stra�e,2019,7,18,3,3,2,6,0,0,1,0,1,0,0,0,798372,7401,5829037,422
197368,11,5,5020523,Maulbeerallee,2019,7,18,3,3,5,3,0,0,1,0,0,0,0,0,782375,924,5827033,52
197369,11,8,8041037,Alt-Rudow,2019,7,18,3,3,0,3,0,0,1,0,1,0,0,0,805354,681,5817314,53
197370,11,2,2040703,Wriezener Bahnhof/Entwicklungsgebiet,2019,7,17,3,3,6,4,0,0,1,1,0,0,0,0,801427,4069,5826416,965
197371,11,2,2030302,Lausitzer Platz,2019,7,17,3,3,2,6,0,1,0,0,0,0,0,0,801627,8052,5826057,583
197372,11,2,2050803,Stralauer Kiez,2019,7,16,3,3,5,3,0,1,1,0,0,0,0,0,802218,9191,5826089,384
197373,11,9,9020501,Obersch�neweide West,2019,7,16,3,3,5,7,0,0,1,0,0,0,1,0,806509,9448,5822550,203
197374,11,3,3010102,Buch,2019,7,11,3,3,0,1,0,1,0,0,0,0,0,0,804086,6477,5841238,982
197375,11,1,1011402,Arkonaplatz,2019,7,16,3,2,0,1,0,1,0,0,0,0,0,0,798678,5389,5829460,684
197376,11,1,1011401,Invalidenstra�e,2019,7,16,3,3,0,1,0,1,0,0,0,0,0,0,798474,5082,5829096,249
197377,11,1,1011203,Unter den Linden S�d,2019,7,15,3,3,5,2,0,0,1,0,1,0,0,0,797776,8136,5827345,155
197378,11,8,8010303,Donaustra�e,2019,7,15,3,2,0,1,0,1,0,0,0,0,0,0,800329,3289,5824358,696
197379,11,2,2040701,Andreasviertel,2019,7,14,3,3,0,7,0,1,1,0,0,0,0,0,801207,7451,5827481,316
197380,11,1,1044103,Westliche M�llerstra�e,2019,7,13,3,3,2,6,0,0,0,0,1,0,1,0,794554,3647,5830743,303
197381,11,6,6020302,Komponistenviertel Lankwitz,2019,7,13,3,3,5,7,0,0,1,0,1,0,0,0,795142,4399,5818859,104
197382,11,9,9041301,Kietzer Feld/Nachtheide,2019,7,13,3,2,5,3,0,1,1,0,0,0,0,0,811558,5299,5818886,184
197383,11,8,8010117,Schillerpromenade,2019,7,12,3,3,5,7,0,0,1,0,1,0,0,0,800185,1982,5823612,589
197384,11,4,4030929,Hindemithplatz,2019,7,12,3,3,3,2,0,0,1,0,0,0,0,0,792628,5074,5825441,235
197385,11,1,1011301,Charit�viertel,2019,7,12,3,3,1,5,0,1,1,0,0,0,0,0,797240,287,5828237,236
197386,11,4,4051445,Eisenzahnstra�e,2019,7,11,3,3,2,2,0,0,1,0,1,0,0,0,792439,2963,5824109,262
197387,11,2,2030301,Oranienplatz,2019,7,11,3,3,6,4,0,0,1,1,0,0,0,0,800282,3398,5826085,137
197388,11,4,4030929,Hindemithplatz,2019,7,11,3,3,2,6,0,0,1,0,1,0,0,0,792378,8498,5825383,952
197389,11,3,3040614,Pankow Zentrum,2019,7,11,3,3,5,3,0,0,1,0,1,0,0,0,798977,7695,5835029,233
197390,11,5,5010314,Carl-Schurz-Stra�e,2019,7,17,3,3,2,6,0,0,1,0,0,0,0,0,785138,3518,5828966,141
197391,11,5,5020521,D�beritzer Weg,2019,7,10,3,3,2,6,0,0,1,0,0,0,0,0,779617,7478,5827822,114
197392,11,7,7040401,Neu-Tempelhof,2019,7,10,3,3,2,2,0,0,1,0,1,0,0,0,798741,9674,5823946,932
197393,11,2,2030402,Wrangelkiez,2019,7,10,3,3,0,1,0,1,0,0,0,0,0,0,801416,9208,5825630,388
197394,11,1,1044203,Leopoldplatz,2019,7,9,3,3,2,6,0,0,1,0,0,0,0,0,795375,1858,5831089,716
197395,11,11,11051229,Rummelsburg,2019,7,9,3,3,5,2,0,1,1,0,0,0,0,0,804095,153,5825995,295
197396,11,4,4030518,Tegeler Weg,2019,7,9,3,3,2,2,0,0,1,0,1,0,0,0,791474,7366,5828282,774
197397,11,3,3061429,Greifswalder Stra�e,2019,7,9,3,3,1,5,0,1,1,0,0,0,0,0,801620,921,5830165,634
197398,11,9,9051702,B�lschestra�e,2019,7,7,3,3,5,7,0,1,0,0,0,0,1,0,814207,5313,5821766,947
197399,11,3,3040512,Wilhelmsruh,2019,7,6,3,3,5,3,0,0,1,0,0,0,1,0,796278,303,5835300,553
197400,11,11,11010205,Falkenberg West,2019,7,6,3,3,5,3,0,0,1,0,1,0,0,0,806501,8618,5833022,41
197401,11,1,1011301,Charit�viertel,2019,7,6,3,3,5,2,0,0,1,0,1,0,0,0,797556,1451,5828722,82
197402,11,4,4051446,Preu�enpark,2019,7,3,3,3,5,3,2,1,1,0,0,0,0,0,792847,2806,5824332,448
197403,11,1,1011303,Alexanderplatzviertel,2019,7,18,3,3,0,1,0,0,0,0,0,0,1,0,798485,4558,5828032,274
197404,11,5,5020417,Staakener Stra�e,2019,7,13,3,3,1,5,0,1,1,0,0,0,0,0,781733,6368,5828491,503
197405,11,1,1011301,Charit�viertel,2019,7,19,3,3,1,5,0,1,1,0,0,0,0,0,797482,528,5828817,64
197406,11,3,3061227,Humannplatz,2019,7,7,2,3,5,3,0,0,1,0,0,0,0,0,799586,5108,5831413,305
197407,11,4,4010102,Pl�tzensee,2019,7,6,2,3,2,2,0,0,1,0,0,1,0,0,791672,953,5830679,627
197408,11,7,7070701,Kettinger Stra�e/Schillerstra�e,2019,7,1,2,3,0,1,2,0,1,0,0,0,0,0,799160,2544,5816219,514
197409,11,1,1011303,Alexanderplatzviertel,2019,7,15,2,3,5,3,0,1,1,0,0,0,0,0,799106,9793,5828466,91
197410,11,3,3040614,Pankow Zentrum,2019,7,15,2,3,2,7,0,0,0,0,1,1,0,0,799980,5304,5835126,8
197411,11,4,4051448,Schaperstra�e,2019,7,17,2,3,5,2,0,1,1,0,0,0,0,1,793631,3299,5824864,161
197412,11,4,4031032,Halensee,2019,7,17,2,3,0,7,0,1,1,0,0,0,0,1,791839,1431,5824921,469
197413,11,1,1033202,Humboldthain S�d,2019,7,13,2,3,5,2,0,1,1,0,0,0,0,0,797763,2654,5829744,614
197414,11,1,1033202,Humboldthain S�d,2019,7,13,2,3,3,6,0,1,0,0,0,0,1,0,797705,865,5829652,281
197415,11,1,1044201,Reinickendorfer Stra�e,2019,7,16,2,3,2,7,0,0,1,0,0,0,0,0,796369,3878,5831657,559
197416,11,1,1011201,Wilhelmstra�e,2019,7,15,2,2,5,2,0,1,1,0,0,0,0,0,797471,2321,5826798,786
197417,11,1,1033201,Brunnenstra�e,2019,7,15,2,3,1,1,0,0,1,0,0,0,0,0,797811,5894,5831131,418
197418,11,5,5020626,Adamstra�e,2019,7,16,2,3,2,6,0,0,1,0,0,0,1,0,784702,1072,5827686,122
197419,11,4,4020313,K�nigin-Elisabeth-Stra�e,2019,7,14,2,2,3,6,0,0,1,0,0,0,0,0,790381,6894,5825984,707
197420,11,4,4030415,Schlo�garten,2019,7,17,2,2,0,1,0,0,0,0,1,0,0,1,790732,781,5827657,588
197421,11,5,5010103,Amorbacher Weg,2019,7,21,2,3,9,1,1,0,1,0,0,0,0,1,784926,624,5831138,701
197422,11,8,8010211,Flughafenstra�e,2019,7,20,2,3,2,7,1,0,1,0,1,0,0,0,800717,3842,5823850,426
197423,11,12,12214424,Scharnweberstra�e,2019,7,19,2,3,2,6,0,0,1,0,0,0,0,0,793509,8551,5832413,303
197424,11,1,1044203,Leopoldplatz,2019,7,19,2,3,1,5,0,1,1,0,0,0,1,0,795112,1716,5831237,511
197425,11,2,2010103,Moritzplatz,2019,7,13,2,3,5,3,0,0,1,0,0,0,0,0,799022,9659,5826071,454
197426,11,4,4030726,Droysenstra�e,2019,7,13,2,3,5,2,0,0,1,0,1,0,0,0,792312,4101,5825381,533
197427,11,1,1022106,Elberfelder Stra�e,2019,7,12,2,3,5,3,0,1,0,0,0,0,0,0,793831,3744,5828141,3
197428,11,9,9051901,Dammvorstadt,2019,7,12,2,3,5,3,0,0,1,0,0,0,0,0,811065,6118,5821224,398
197429,11,11,11041022,Rosenfelder Ring,2019,7,11,2,3,0,7,0,0,0,0,0,1,0,0,806591,6061,5827752,818
197430,11,6,6020306,Lankwitz S�d,2019,7,11,2,3,5,3,0,0,1,0,0,0,1,0,796875,8598,5817496,1
197431,11,9,9020501,Obersch�neweide West,2019,7,11,2,3,5,3,0,1,1,0,0,0,0,0,806409,5666,5822969,801
197432,11,2,2010102,Mehringplatz,2019,7,9,2,3,2,6,0,1,0,0,0,0,0,0,798346,1963,5825563,927
197433,11,11,11051332,Karlshorst S�d,2019,7,9,2,3,2,6,0,0,1,0,0,0,0,0,807217,6113,5824022,971
197434,11,3,3040614,Pankow Zentrum,2019,7,8,2,3,5,3,0,1,1,0,0,0,0,0,798684,5131,5833804,311
197435,11,1,1011301,Charit�viertel,2019,7,6,2,3,6,4,0,1,0,1,0,0,0,0,797087,5049,5828852,287
197436,11,5,5010101,Hakenfelde Nord,2019,7,10,2,3,5,2,0,1,1,0,0,0,0,0,785202,6906,5831163,583
197437,11,4,4020311,Reichsstra�e,2019,7,10,2,2,6,4,0,0,1,1,0,0,0,0,789756,334,5826384,785
197438,11,3,3020210,Herthaplatz,2019,7,20,2,3,1,5,1,1,1,0,0,0,0,0,798149,9737,5835473,657
197439,11,5,5010103,Amorbacher Weg,2019,7,11,2,3,6,2,0,0,1,1,0,0,0,0,783903,2146,5831186,961
197440,11,9,9030901,Dorf Altglienicke,2019,7,14,1,3,6,4,0,0,1,1,0,0,0,0,809277,9159,5817390,902
197441,11,1,1044103,Westliche M�llerstra�e,2019,7,19,1,3,2,6,0,0,1,0,0,0,0,0,794706,6407,5830843,821
197442,11,3,3040818,Pankow S�d,2019,7,22,1,3,1,7,2,0,0,0,1,0,1,0,800149,2991,5831877,123
197443,11,4,4051445,Eisenzahnstra�e,2019,7,19,1,3,1,5,0,0,1,0,1,0,0,0,791975,8154,5824146,324
197444,11,3,3061131,Falkplatz,2019,7,19,1,3,5,3,0,1,1,0,0,0,0,0,799136,13,5830553,416
197445,11,6,6030503,Zehlendorf Mitte,2019,7,19,1,3,1,5,0,0,1,0,0,0,0,0,790696,3993,5817892,226
197446,11,8,8010301,Reuterkiez,2019,7,18,1,3,0,2,0,0,1,0,0,0,1,0,800750,551,5824332,298
197447,11,9,9010202,K�penicker Landstra�e,2019,7,18,1,3,5,2,0,0,1,0,0,0,1,0,803842,6567,5823840,348
197448,11,9,9031202,Schm�ckwitz/Rauchfangswerder,2019,7,17,1,2,5,3,0,0,1,0,1,0,0,0,818821,531,5812575,883
197449,11,11,11030720,Herzbergstra�e,2019,7,16,1,3,3,6,0,0,1,0,1,0,0,0,805514,1552,5830038,116
197450,11,11,11010309,Zingster Stra�e West,2019,7,16,1,2,6,4,0,0,1,1,0,0,0,0,805043,606,5833518,386
197451,11,11,11010102,Dorf Wartenberg,2019,7,16,1,3,4,6,0,0,1,0,1,0,0,0,805830,8108,5834831,459
197452,11,2,2040701,Andreasviertel,2019,7,15,1,3,5,3,0,0,1,0,1,0,0,0,800618,9241,5827215,663
197453,11,5,5010207,Darbystra�e,2019,7,15,1,3,5,2,0,0,1,0,0,0,0,1,783691,1223,5830167,514
197454,11,4,4061757,Forst Grunewald,2019,7,14,1,3,2,6,0,1,1,0,0,0,0,0,785817,4789,5825053,83
197455,11,9,9020801,Spindlersfeld,2019,7,14,1,3,1,5,0,1,1,0,0,0,0,0,810570,901,5820665,306
197456,11,4,4030930,George-Grosz-Platz,2019,7,14,1,3,1,5,0,1,1,0,0,0,0,0,792933,6467,5825549,874
197457,11,1,1022104,Emdener Stra�e,2019,7,15,1,3,8,1,0,0,1,0,0,0,1,0,794423,8217,5828948,138
197458,11,12,12301206,L�bars,2019,7,10,1,3,5,3,0,0,1,0,0,0,0,1,793890,5372,5837581,197
197459,11,8,8010301,Reuterkiez,2019,7,2,1,2,1,5,2,1,1,0,0,0,0,1,801218,4211,5824851,347
197460,11,1,1033102,Gesundbrunnen,2019,7,22,1,2,0,7,2,0,0,0,0,0,1,0,797411,7651,5831253,655
197461,11,3,3061228,Erich-Weinert-Stra�e,2019,7,20,7,3,5,2,1,1,1,0,0,0,0,0,800624,1669,5831371,523
197462,11,1,1033203,Humboldthain Nordwest,2019,7,18,7,3,6,4,0,0,1,1,0,0,0,0,797351,5866,5831186,295
197463,11,12,12224230,Heiligensee,2019,7,22,7,3,6,7,2,1,0,1,0,0,0,1,787238,4723,5837814,425
197464,11,7,7010104,Dennewitzplatz,2019,7,20,7,3,5,2,0,0,1,0,0,0,1,0,796014,49,5824955,601
197465,11,12,12214424,Scharnweberstra�e,2019,7,20,7,3,2,2,0,0,1,0,0,0,0,0,793267,6298,5832584,139
197466,11,8,8010301,Reuterkiez,2019,7,18,7,2,5,2,0,0,1,0,1,0,0,0,800663,9273,5824384,824
197467,11,11,11010102,Dorf Wartenberg,2019,7,17,7,3,9,1,0,0,1,0,0,0,0,0,806362,865,5835157,976
197468,11,1,1022201,Stephankiez,2019,7,17,7,3,5,7,0,0,1,0,1,0,0,0,795079,6277,5829098,479
197469,11,7,7010102,Nollendorfplatz,2019,7,16,7,2,1,5,0,1,1,0,0,0,0,0,794959,2689,5825281,655
197470,11,4,4010101,Jungfernheide,2019,7,16,7,3,5,3,0,1,1,0,0,0,0,0,790669,1179,5829639,788
197471,11,3,3050923,Wei�enseer Spitze,2019,7,16,7,3,8,1,0,0,0,0,0,0,1,0,800910,4538,5832110,499
197472,11,4,4051445,Eisenzahnstra�e,2019,7,15,7,3,5,2,0,1,1,0,0,0,0,0,792061,585,5824052,229
197473,11,4,4020314,Messegel�nde,2019,7,14,7,3,2,6,0,0,1,0,1,0,0,0,790363,3212,5825570,779
197474,11,4,4051654,Wilhelmsaue,2019,7,13,7,2,5,2,0,0,1,0,0,0,0,0,793433,5209,5823929,36
197475,11,11,11030720,Herzbergstra�e,2019,7,12,7,2,2,6,0,0,1,0,0,0,0,0,805112,17,5829972,509
197476,11,6,6020409,K�nigsberger Stra�e,2019,7,12,7,3,3,6,0,0,1,0,1,0,0,0,793238,1486,5816841,304
197477,11,7,7050502,Fritz-Werner-Stra�e,2019,7,11,7,3,5,2,0,0,1,0,0,0,0,0,797576,81,5818421,451
197478,11,7,7060604,Marienfelde S�d,2019,7,11,7,3,5,3,0,1,1,0,0,0,0,0,795889,7709,5815352,929
197479,11,10,10020412,Alte Hellersdorfer Stra�e,2019,7,10,7,3,5,3,0,1,1,0,0,0,0,0,811314,4224,5831721,137
197480,11,3,3020307,Buchholz,2019,7,10,7,2,6,3,0,0,1,1,0,0,0,0,800073,7201,5837478,547
197481,11,5,5030730,Zitadellenweg,2019,7,9,7,3,0,6,0,0,0,0,0,0,1,0,786050,9259,5829162,42
197482,11,9,9010201,Am Treptower Park S�d,2019,7,9,7,2,6,2,0,0,1,1,0,0,0,0,802660,822,5824427,915
197483,11,12,12214421,Reinickes Hof,2019,7,8,7,3,5,3,0,0,1,0,1,0,0,0,793309,3532,5833875,298
197484,11,8,8020619,Buschkrugallee Nord,2019,7,18,7,3,5,3,0,0,1,0,0,0,0,0,801860,1336,5821749,947
197485,11,3,3050923,Wei�enseer Spitze,2019,7,22,7,3,5,2,2,1,0,0,0,0,1,1,800598,249,5831859,304
197486,11,5,5010310,Eckschanze,2019,7,14,6,3,2,6,0,0,1,0,0,0,0,0,784758,5282,5830452,191
197487,11,6,6010209,Feuerbachstra�e,2019,7,16,6,3,5,3,0,0,1,0,0,0,0,0,794297,485,5820851,728
197488,11,5,5020521,D�beritzer Weg,2019,7,19,6,2,5,3,0,0,1,0,0,0,0,0,780018,3664,5827865,477
197489,11,1,1011201,Wilhelmstra�e,2019,7,18,6,3,5,3,0,0,1,0,1,0,0,0,796971,2111,5826858,103
197490,11,3,3061227,Humannplatz,2019,7,16,6,2,5,3,0,0,1,0,1,0,0,1,800086,2845,5831671,75
197491,11,12,12304314,Ziekowstra�e/Freie Scholle,2019,7,15,6,3,2,6,0,0,1,0,0,0,0,0,791255,5223,5836431,173
197492,11,11,11020516,Wei�e Taube,2019,7,14,6,3,4,6,0,0,1,0,0,1,0,0,805713,464,5830900,713
197493,11,2,2040702,Weberwiese,2019,7,13,6,3,2,7,0,0,0,0,1,1,0,0,801777,7042,5827424,505
197494,11,5,5020419,Magistratsweg,2019,7,12,6,3,5,2,0,0,1,0,0,0,0,0,780873,764,5828322,241
197495,11,12,12301203,Wittenau S�d,2019,7,11,6,3,0,5,0,1,1,0,0,0,1,0,793235,7463,5835960,562
197496,11,1,1011303,Alexanderplatzviertel,2019,7,10,6,3,2,6,0,0,0,0,1,0,1,0,799248,351,5828469,191
197497,11,6,6020303,Lankwitz Kirche,2019,7,10,6,3,5,2,0,1,1,0,0,0,0,0,795348,9043,5818441,799
197498,11,1,1011203,Unter den Linden S�d,2019,7,8,6,3,5,3,0,1,1,0,0,0,0,0,797761,9208,5827443,2
197499,11,5,5010206,G�tersloher Weg,2019,7,22,6,3,2,2,2,0,1,0,1,0,0,0,782374,2671,5830505,233
197500,11,8,8020620,Tempelhofer Weg,2019,7,20,6,3,5,3,2,0,1,0,0,0,0,0,800893,7323,5821468,207
197501,11,2,2050804,Stralauer Halbinsel,2019,7,16,6,3,0,1,0,0,0,0,1,0,0,1,803212,236,5825840,15
197502,11,1,1011104,K�rnerstra�e,2019,7,12,6,2,6,2,0,0,0,1,0,0,1,0,796622,5384,5825637,32
197503,11,4,4020313,K�nigin-Elisabeth-Stra�e,2019,7,10,6,2,5,3,0,0,1,0,0,0,0,0,790471,356,5826697,152
197504,11,11,11030619,Fennpfuhl Ost,2019,7,16,6,3,0,1,0,0,0,0,1,0,0,1,804119,134,5829830,649
197505,11,1,1011302,Oranienburger Stra�e,2019,7,17,6,3,0,1,0,1,0,0,0,0,0,1,798551,2712,5828965,436
197506,11,10,10030724,Oberfeldstra�e,2019,8,15,3,3,0,2,0,1,1,0,0,0,0,1,809183,9232,5830215,1
197507,11,3,3040818,Pankow S�d,2019,8,17,3,1,5,5,0,0,0,0,0,0,1,0,799689,7096,5832577,9
197508,11,8,8020621,Mohriner Allee Nord,2019,8,13,2,3,3,6,0,1,1,0,0,0,0,0,800988,8133,5819508,749
197509,11,1,1011105,N�rdlicher Landwehrkanal,2019,8,22,2,3,1,5,2,1,1,0,0,0,0,0,796694,784,5826907,377
197510,11,4,4020311,Reichsstra�e,2019,8,17,2,3,0,1,0,0,0,0,1,0,0,0,789934,7848,5826209,149
197511,11,4,4030621,Spreestadt,2019,8,16,2,3,2,2,0,0,1,0,0,0,1,0,793508,1029,5827633,456
197512,11,1,1011302,Oranienburger Stra�e,2019,8,16,2,3,3,6,0,1,1,0,0,0,0,0,798343,1575,5828962,346
197513,11,4,4030417,Schlo�stra�e,2019,8,16,2,3,5,3,0,1,1,0,0,0,0,0,790855,6336,5826736,783
197514,11,9,9020601,Schnellerstra�e,2019,8,9,2,3,5,2,0,1,0,0,0,0,1,0,805794,606,5821825,33
197515,11,4,4051655,Babelsberger Stra�e,2019,8,17,2,3,3,6,0,1,1,0,0,0,0,0,794178,473,5824120,51
197516,11,9,9052001,K�penick Nord,2019,8,16,2,3,0,2,0,1,0,0,0,0,1,0,809215,9385,5823033,132
197517,11,3,3061430,Volkspark Prenzlauer Berg,2019,8,16,2,3,6,2,0,0,0,1,0,1,0,0,802304,781,5829214,319
197518,11,9,9020702,Adlershof Ost,2019,8,16,2,3,0,3,0,1,1,0,0,0,0,0,809182,6593,5819531,62
197519,11,8,8010301,Reuterkiez,2019,8,15,2,3,2,6,0,0,1,0,0,0,0,0,800845,1669,5824283,899
197520,11,7,7020204,Sch�neberger Insel,2019,8,15,2,2,1,5,0,1,1,0,0,0,0,0,796145,7741,5824014,932