OBJECTID,LAND,BEZ,LOR,STRASSE,UJAHR,UMONAT,USTUNDE,UWOCHENTAG,UKATEGORIE,UART,UTYP1,ULICHTVERH,IstRad,IstPKW,IstFuss,IstKrad,IstGkfz,IstSonstige,USTRZUSTAND,LINREFX,LINREFY,XGCSWGS84,YGCSWGS84
197521,11,1,1022101,Huttenkiez,2019,8,15,2,3,0,2,0,1,1,0,0,0,0,0,793098,2877,5828963,683
197522,11,7,7030303,Grazer Platz,2019,8,13,2,3,0,1,0,0,0,0,1,0,0,1,795889,5071,5820821,862
197523,11,1,1011204,Leipziger Stra�e,2019,8,11,2,3,5,3,0,1,0,0,0,0,1,0,797962,6729,5826580,54
197524,11,2,2020203,Viktoriapark,2019,8,11,2,3,1,5,0,1,1,0,0,0,0,0,797035,7873,5823991,334
197525,11,4,4030621,Spreestadt,2019,8,11,2,3,6,7,0,1,0,1,0,0,0,0,793162,6303,5827770,961
197526,11,8,8041035,Blumenviertel,2019,8,11,2,3,5,7,0,0,1,0,1,0,0,0,804345,654,5818310,531
197527,11,6,6010206,Stadtpark,2019,8,11,2,3,5,3,0,0,1,0,0,0,0,0,794730,9606,5820070,642
197528,11,1,1011202,Unter den Linden Nord,2019,8,8,2,2,5,3,0,1,1,0,0,0,0,0,798550,2721,5827802,738
197529,11,7,7070703,John-Locke-Stra�e,2019,8,8,2,3,5,2,0,1,1,0,0,0,0,0,799802,6047,5813185,422
197530,11,1,2040701,Andreasviertel,2019,8,8,2,3,2,6,0,0,1,0,0,0,1,0,800251,8139,5827564,13
197531,11,8,8010117,Schillerpromenade,2019,8,8,2,3,5,2,0,1,1,0,0,0,0,0,800477,1364,5823615,274
197532,11,4,4020311,Reichsstra�e,2019,8,7,2,3,2,6,0,0,1,0,0,0,0,0,789431,5024,5826660,338
197533,11,3,3040614,Pankow Zentrum,2019,8,7,2,3,2,7,0,0,1,0,0,0,0,0,798846,4673,5834955,918
197534,11,3,3040614,Pankow Zentrum,2019,8,10,2,3,0,3,0,1,0,0,0,0,1,0,799984,783,5835246,868
197535,11,3,3050925,Komponistenviertel Wei�ensee,2019,8,7,2,3,5,2,0,0,1,0,1,0,0,0,801962,582,5831443,645
197536,11,9,9010402,Johannisthal Ost,2019,8,6,2,3,5,3,0,1,1,0,0,0,0,0,806494,525,5820614,202
197537,11,2,2030401,Reichenberger Stra�e,2019,8,2,2,3,5,3,2,0,1,0,0,0,1,0,800519,5831,5825464,878
197538,11,1,1033203,Humboldthain Nordwest,2019,8,6,2,3,1,5,0,1,1,0,0,0,0,0,797099,6089,5830996,804
197539,11,3,3051017,Rennbahnstra�e,2019,8,10,2,3,2,6,0,0,1,0,0,0,0,0,802911,368,5833188,512
197540,11,6,6010208,Bergstra�e,2019,8,9,2,3,5,2,0,0,1,0,1,0,0,0,794108,7055,5820903,111
197541,11,10,10030725,Buckower Ring,2019,8,9,2,3,2,6,0,0,1,0,0,0,0,0,809583,1018,5828033,338
197542,11,5,5010313,Ackerstra�e,2019,8,9,2,3,5,2,0,1,1,0,0,0,0,0,784580,4094,5829771,713
197543,11,7,7040401,Neu-Tempelhof,2019,8,4,1,3,2,6,2,0,1,0,0,0,0,0,797751,534,5823954,123
197544,11,3,3051017,Rennbahnstra�e,2019,8,17,1,2,0,1,0,1,0,0,0,0,0,0,804141,6584,5832425,905
197545,11,1,1011201,Wilhelmstra�e,2019,8,13,1,3,0,1,0,0,0,0,1,0,0,0,796957,468,5826861,653
197546,11,1,1011303,Alexanderplatzviertel,2019,8,0,1,3,0,1,2,0,0,0,0,0,1,0,799101,3121,5828264,602
197547,11,5,5010314,Carl-Schurz-Stra�e,2019,8,12,1,3,2,6,0,0,1,0,1,0,1,0,785277,1754,5829298,541
197548,11,3,3030406,Alt-Karow,2019,8,17,1,3,5,3,0,0,1,0,1,0,0,0,804148,1813,5838509,244
197549,11,6,6020303,Lankwitz Kirche,2019,8,16,1,3,5,3,0,0,1,0,1,0,0,0,795357,9475,5818459,732
197550,11,5,5020522,Pillnitzer Weg,2019,8,13,1,3,2,6,0,0,1,0,0,0,0,0,781831,5477,5827188,266
197551,11,5,5030730,Zitadellenweg,2019,8,12,1,3,3,6,0,0,1,0,1,0,0,0,785667,9962,5829287,353
197552,11,4,4051447,Ludwigkirchplatz,2019,8,4,1,3,1,5,2,0,1,0,0,0,1,0,793227,5015,5825204,887
197553,11,3,3040614,Pankow Zentrum,2019,8,4,1,3,5,3,2,0,1,0,0,0,0,0,798602,6767,5833049,917
197554,11,11,11010101,Dorf Malchow,2019,8,18,1,3,0,7,0,1,0,0,0,0,0,0,804137,6143,5834704,442
197555,11,2,2030402,Wrangelkiez,2019,8,0,1,3,0,5,2,1,1,0,0,0,1,0,801991,933,5825603,84
197556,11,1,1011101,St�lerstra�e,2019,8,21,1,3,1,5,2,1,1,0,0,0,0,0,794525,6392,5826093,588
197557,11,8,8020620,Tempelhofer Weg,2019,8,20,1,2,5,3,1,0,1,0,0,0,0,0,801176,6426,5820600,381
197558,11,2,2020204,Urbanstra�e,2019,8,19,1,3,0,1,0,1,0,0,0,0,0,0,798295,803,5825335,49
197559,11,11,11051332,Karlshorst S�d,2019,8,19,1,3,0,1,0,1,0,0,0,0,0,0,807244,2199,5824179,594
197560,11,12,12214424,Scharnweberstra�e,2019,8,21,7,3,2,6,0,0,1,0,0,0,0,0,792918,752,5832171,662
197561,11,2,2030302,Lausitzer Platz,2019,8,14,7,3,4,6,0,1,0,0,0,0,1,0,800759,6584,5825807,211
197562,11,12,12214527,Alt-Tegel,2019,8,14,7,3,2,6,0,0,1,0,0,0,0,0,790476,4778,5834680,712
197563,11,12,12214422,Klixstra�e,2019,8,19,7,3,5,3,0,0,1,0,0,0,0,0,791742,429,5832955,592
197564,11,4,4041136,Hagenplatz,2019,8,13,7,3,6,4,0,0,1,1,0,0,0,0,789636,109,5823315,306
197565,11,8,8041035,Blumenviertel,2019,8,13,7,3,5,3,0,1,1,0,0,0,0,0,804307,6774,5819649,526
197566,11,2,2030301,Oranienplatz,2019,8,15,7,3,2,6,0,1,1,0,0,0,0,0,799983,5511,5826185,739
197567,11,8,8020727,Buckow Mitte,2019,8,15,7,3,1,5,0,1,1,0,0,0,0,0,801494,5371,5817761,548
197568,11,8,8030831,Gropiusstadt Ost,2019,8,17,7,3,5,2,0,1,1,0,0,0,0,0,804102,8817,5817517,229
197569,11,12,12214424,Scharnweberstra�e,2019,8,15,7,3,5,2,0,0,1,0,0,0,0,0,793297,9642,5832586,726
197570,11,1,1033101,Soldiner Stra�e,2019,8,15,7,3,6,4,0,0,1,1,0,0,0,0,796949,676,5832582,88
197571,11,3,3020209,Niedersch�nhausen,2019,8,17,7,2,5,3,0,0,1,0,1,0,0,0,797958,8765,5835932,98
197572,11,5,5020625,Borkumer Stra�e,2019,8,16,7,3,0,2,0,1,1,0,0,0,0,0,784029,1293,5828512,442
197573,11,9,9020701,Adlershof West,2019,8,17,7,2,2,6,0,0,1,0,1,0,0,0,809337,736,5818509,287
197574,11,10,10040828,Kaulsdorf Nord,2019,8,18,7,3,5,3,0,0,1,0,0,0,0,0,812423,4106,5829322,3
197575,11,2,2050602,Samariterviertel,2019,8,19,7,3,0,1,0,1,0,0,0,0,0,0,802192,2314,5828107,844
197576,11,1,1011401,Invalidenstra�e,2019,8,19,7,2,1,5,0,1,0,0,0,0,1,0,797604,817,5829222,413
197577,11,12,12214424,Scharnweberstra�e,2019,8,23,7,3,5,2,2,0,1,0,1,0,0,0,792908,9831,5832163,636
197578,11,9,9010301,Baumschulenstra�e,2019,8,22,7,3,0,3,2,0,1,0,1,0,0,0,804758,3299,5822290,433
197579,11,6,6020410,Oberhofer Platz,2019,8,23,7,3,5,3,2,1,0,0,0,0,0,0,794133,631,5817331,112
197580,11,12,12103117,Letteplatz,2019,8,13,7,2,2,7,0,1,1,0,0,0,0,0,796697,2496,5832997,85
197581,11,4,4020311,Reichsstra�e,2019,8,11,7,3,5,5,0,0,1,0,1,0,0,0,789108,9976,5827326,726
197582,11,4,4030931,Breitscheidplatz,2019,8,11,7,3,2,6,0,1,1,0,0,0,0,0,794029,5785,5826123,672
197583,11,4,4030725,Amtsgerichtsplatz,2019,8,11,7,3,2,6,0,1,1,0,0,0,0,0,791323,4101,5826066,443
197584,11,1,1044201,Reinickendorfer Stra�e,2019,8,10,7,3,0,2,0,0,0,0,0,1,1,0,796977,257,5831917,222
197585,11,11,11051229,Rummelsburg,2019,8,1,7,2,6,4,2,0,1,1,0,0,0,0,803792,3675,5826174,458
197586,11,8,8020727,Buckow Mitte,2019,8,14,6,2,6,4,0,0,1,1,0,0,0,0,801527,5653,5817384,764
197587,11,5,5010313,Ackerstra�e,2019,8,0,6,3,6,2,2,0,0,1,0,0,1,0,785039,148,5829825,629
197588,11,1,1044201,Reinickendorfer Stra�e,2019,8,16,6,3,5,3,0,1,1,0,0,0,0,0,795860,801,5831121,351
197589,11,12,12103218,Teichstra�e,2019,8,18,6,3,0,2,0,1,1,0,0,0,0,0,794511,5874,5834270,775
197590,11,1,1011301,Charit�viertel,2019,8,9,6,3,6,7,0,0,0,1,0,0,1,0,797573,5057,5828588,184
197591,11,1,1022201,Stephankiez,2019,8,14,6,2,5,3,0,0,1,0,1,0,0,0,795091,1428,5828855,464
197592,11,2,2010101,Askanischer Platz,2019,8,18,6,3,0,2,0,1,1,0,0,0,0,1,797844,167,5825634,55
197593,11,1,1044201,Reinickendorfer Stra�e,2019,8,11,6,3,5,5,0,0,1,0,0,0,0,0,796602,2082,5831240,986
197594,11,3,3030406,Alt-Karow,2019,8,11,6,3,0,5,0,1,0,0,0,0,0,0,803016,6304,5838438,872
197595,11,2,2040701,Andreasviertel,2019,8,15,6,3,5,2,0,1,1,0,0,0,0,0,800154,6356,5827339,713
197596,11,8,8010404,Rixdorf,2019,8,14,6,3,6,4,0,0,1,1,0,0,0,0,802027,1344,5823490,961
197597,11,4,4051445,Eisenzahnstra�e,2019,8,14,6,3,5,3,0,0,0,0,1,0,1,0,792459,7366,5824274,246
197598,11,6,6010102,Schlo�stra�e,2019,8,13,6,3,1,5,0,1,0,0,0,0,1,0,793219,8801,5821326,368
197599,11,7,7020203,Kaiser-Wilhelm-Platz,2019,8,13,6,3,2,6,0,0,1,0,1,0,0,0,795666,311,5824476,945
197600,11,4,4010102,Pl�tzensee,2019,8,12,6,3,5,7,0,0,1,0,1,0,0,0,793041,3872,5829760,398
197601,11,5,5020627,Tiefwerder,2019,8,11,6,3,2,6,0,0,1,0,0,0,0,0,785136,117,5828334,744
197602,11,12,12214423,Mellerbogen,2019,8,11,6,2,5,3,0,0,1,0,1,0,0,0,792481,36,5833903,364
197603,11,5,5010208,Germersheimer Platz,2019,8,10,6,3,1,5,0,0,1,0,0,0,1,0,783755,3949,5829856,59
197604,11,6,6030608,Schweizer Viertel,2019,8,8,6,2,0,1,0,0,1,0,1,0,0,0,791059,2378,5816495,64
197605,11,2,2020204,Urbanstra�e,2019,8,8,6,3,5,3,0,1,0,0,0,0,0,0,798523,266,5825303,253
197606,11,10,10030724,Oberfeldstra�e,2019,8,8,6,3,2,7,0,0,1,0,0,0,0,0,809579,6071,5828544,82
197607,11,12,12214421,Reinickes Hof,2019,8,8,6,3,2,6,0,0,1,0,0,0,0,0,793463,1948,5833666,784
197608,11,6,6030502,Zehlendorf S�d,2019,8,8,6,3,5,2,0,1,1,0,0,0,0,0,790227,581,5814993,992
197609,11,11,11040926,Weitlingstra�e,2019,8,19,6,3,0,2,1,0,1,0,1,0,0,1,804496,143,5826390,17
197610,11,3,3040818,Pankow S�d,2019,8,19,6,3,1,5,0,1,1,0,0,0,0,1,799103,2468,5832206,353
197611,11,9,9051901,Dammvorstadt,2019,8,18,6,3,2,2,0,0,1,0,0,0,0,1,810525,5977,5821116,219
197612,11,4,4030519,Kaiserin-Augusta-Allee,2019,8,18,6,2,5,3,0,0,1,0,1,0,0,1,792666,7316,5827732,154
197613,11,11,11051330,Karlshorst West,2019,8,18,6,3,1,5,1,1,1,0,0,0,0,1,807089,6669,5824392,69
197614,11,3,3061430,Volkspark Prenzlauer Berg,2019,8,17,6,2,0,1,0,1,0,0,0,0,0,1,801788,137,5829991,342
197615,11,3,11030618,Fennpfuhl West,2019,8,17,6,3,2,6,0,0,1,0,0,0,0,1,802339,3481,5829174,13
197616,11,4,4030828,Savignyplatz,2019,8,17,6,3,6,4,0,0,1,1,0,0,0,1,793152,9979,5826190,93
197617,11,3,3061435,Conrad-Blenkle-Stra�e,2019,8,17,6,3,5,3,0,0,1,0,0,0,0,1,801741,5648,5829168,902
197618,11,4,4020311,Reichsstra�e,2019,8,16,6,3,5,3,0,0,1,0,0,0,0,1,789638,2713,5826254,713
197619,11,1,1033203,Humboldthain Nordwest,2019,8,16,6,3,2,6,0,0,1,0,0,0,0,1,796752,3643,5830496,269
197620,11,5,5020625,Borkumer Stra�e,2019,8,22,6,3,6,4,2,0,1,1,0,0,0,0,784521,1104,5828649,896
197621,11,1,1044201,Reinickendorfer Stra�e,2019,8,20,6,3,0,1,0,1,0,0,0,0,0,0,795781,6142,5831019,172
197622,11,3,3061227,Humannplatz,2019,8,18,6,3,0,2,1,1,1,0,0,0,0,1,799501,2195,5831356,33
197623,11,1,1033101,Soldiner Stra�e,2019,8,15,5,3,2,6,0,0,1,0,1,0,0,0,797212,1013,5832020,146
197624,11,4,4030931,Breitscheidplatz,2019,8,22,5,3,1,5,2,1,1,0,0,0,0,0,794274,39,5825500,123
197625,11,6,6010101,Fichtenberg,2019,8,21,5,2,5,2,2,0,1,0,0,0,0,0,793313,8046,5820742,14
197626,11,3,3050923,Wei�enseer Spitze,2019,8,21,5,2,5,3,1,1,0,0,0,0,1,0,800396,6454,5831947,294
197627,11,2,2050801,Traveplatz,2019,8,20,5,3,1,5,1,1,1,0,0,0,0,0,803097,8769,5826934,929
197628,11,2,2010101,Askanischer Platz,2019,8,20,5,3,6,4,1,1,0,1,0,0,0,0,797817,6452,5825899,514
197629,11,3,3071536,Teutoburger Platz,2019,8,19,5,3,6,4,0,0,1,1,0,0,0,0,799084,9113,5830225,218
197630,11,10,10030726,Alt-Biesdorf,2019,8,19,5,3,5,3,0,1,1,0,0,0,0,0,809226,1922,5827212,697
197631,11,5,5010101,Hakenfelde Nord,2019,8,16,5,3,2,6,0,0,1,0,1,0,0,1,785236,4594,5831826,472
197632,11,8,8010117,Schillerpromenade,2019,8,18,5,3,1,5,0,1,1,0,0,0,0,0,800206,5944,5823526,513
197633,11,2,2030302,Lausitzer Platz,2019,8,18,5,3,0,3,0,0,1,0,1,0,0,0,800733,3861,5826516,318
197634,11,5,5010209,An der Kappe,2019,8,17,5,3,5,2,0,0,1,0,0,0,0,0,783248,7712,5830289,788
197635,11,4,4030620,Alt-Lietzow,2019,8,16,5,3,2,6,0,0,1,0,0,0,1,0,792447,9746,5827189,429
197636,11,7,7040404,Marienh�he,2019,8,16,5,3,0,1,0,1,0,0,0,0,0,0,796541,7762,5820099,424
197637,11,4,4051550,Leon-Jessel-Platz,2019,8,16,5,3,5,3,0,1,1,0,0,0,0,0,792887,7282,5824294,618
197638,11,7,7040401,Neu-Tempelhof,2019,8,14,5,3,5,3,0,0,1,0,0,0,0,0,797325,2524,5823511,807
197639,11,5,5010311,Eiswerder,2019,8,14,5,3,2,6,0,0,1,0,0,0,0,0,785231,6755,5830968,843
197640,11,12,12302212,Rollbergesiedlung,2019,8,14,5,3,0,6,0,1,0,0,0,1,0,0,792682,3423,5837413,295
197641,11,3,3030715,Heinersdorf,2019,8,14,5,2,6,4,0,0,1,1,0,0,0,0,800685,1946,5833668,563
197642,11,4,4020204,Olympiagel�nde,2019,8,13,5,3,5,2,0,0,1,0,1,0,0,0,787702,1174,5826432,639
197643,11,1,1033203,Humboldthain Nordwest,2019,8,15,5,3,5,3,0,0,1,0,0,0,0,0,796725,178,5830441,734
197644,11,3,3061227,Humannplatz,2019,8,13,5,3,6,4,0,0,0,1,1,0,0,0,799424,8288,5831371,47
197645,11,1,1011305,Heine-Viertel West,2019,8,13,5,2,6,4,0,0,1,1,0,0,0,0,798901,781,5826692,217
197646,11,11,11040926,Weitlingstra�e,2019,8,13,5,3,5,2,0,1,1,0,0,0,0,0,805141,918,5826177,218
197647,11,10,10040829,Alt-Kaulsdorf,2019,8,12,5,3,0,6,0,1,1,0,0,0,0,0,810878,2694,5827352,626
197648,11,2,2020204,Urbanstra�e,2019,8,12,5,3,1,5,0,1,0,0,0,1,0,0,798472,431,5824764,597
197649,11,3,3040614,Pankow Zentrum,2019,8,12,5,2,5,3,0,0,1,0,0,1,0,0,800023,5387,5834675,494
197650,11,4,4020310,Park Ruhwald,2019,8,12,5,3,2,6,0,0,1,0,0,0,0,0,790578,244,5827355,304
197651,11,8,8020621,Mohriner Allee Nord,2019,8,12,5,3,5,7,0,0,1,0,0,0,0,0,800255,8668,5820518,579
197652,11,4,4020311,Reichsstra�e,2019,8,10,5,3,5,3,0,0,1,0,0,0,0,0,788993,5354,5826824,874
197653,11,2,2020204,Urbanstra�e,2019,8,12,5,3,2,2,0,0,1,0,1,0,0,1,798307,2909,5825319,943
197654,11,3,3071536,Teutoburger Platz,2019,8,9,5,3,5,2,0,1,1,0,0,0,0,0,799097,3877,5829119,467
197655,11,11,11030618,Fennpfuhl West,2019,8,8,5,3,5,3,0,0,0,0,0,1,1,0,802962,5382,5829199,311
197656,11,3,3061227,Humannplatz,2019,8,11,5,3,5,7,0,0,1,0,0,0,0,0,800091,4071,5831671,63
197657,11,11,11030618,Fennpfuhl West,2019,8,8,5,3,5,5,0,0,1,0,1,0,0,1,802961,9857,5829229,121
197658,11,7,7010103,Barbarossaplatz,2019,8,10,5,3,0,6,0,1,1,0,0,0,0,0,795222,5234,5824517,249
197659,11,3,3020210,Herthaplatz,2019,8,10,5,3,1,5,0,0,1,0,0,0,0,0,798713,9284,5835849,209
197660,11,4,4041344,R�desheimer Platz,2019,8,8,5,3,0,3,0,0,1,0,1,0,0,0,793345,4634,5822848,241
197661,11,12,12103218,Teichstra�e,2019,8,8,5,3,5,2,0,1,1,0,0,0,0,0,794973,7113,5833121,37
197662,11,1,1011105,N�rdlicher Landwehrkanal,2019,8,7,5,3,8,1,0,0,1,0,0,0,0,0,796143,4566,5826287,673
197663,11,2,2030402,Wrangelkiez,2019,8,6,5,3,0,4,0,1,0,1,0,0,0,1,801701,6301,5825858,256
197664,11,11,11040925,Victoriastadt,2019,8,6,5,3,2,6,0,0,1,0,1,0,0,0,803714,6044,5826360,447
197665,11,1,1033201,Brunnenstra�e,2019,8,5,5,3,5,3,1,0,1,0,0,0,0,1,797904,587,5831002,832
197666,11,4,4051655,Babelsberger Stra�e,2019,8,2,5,3,5,2,2,0,1,0,0,0,0,0,794005,4386,5824068,884
197667,11,2,2030302,Lausitzer Platz,2019,8,0,5,3,0,2,2,1,1,0,0,0,0,1,801420,6965,5826071,803
197668,11,12,12214421,Reinickes Hof,2019,7,2,4,3,0,7,2,1,0,0,0,0,0,0,793457,9125,5833874,317
197669,11,4,4041136,Hagenplatz,2019,7,20,4,3,5,2,1,0,1,0,0,0,0,1,790688,312,5822694,722
197670,11,12,12103218,Teichstra�e,2019,7,20,4,3,1,5,2,0,1,0,0,0,0,1,795516,1985,5834371,925
197671,11,12,12103117,Letteplatz,2019,7,20,4,3,0,1,1,0,0,0,1,0,0,1,795775,2458,5832574,735
197672,11,2,2020203,Viktoriapark,2019,7,19,4,3,5,5,1,0,1,0,1,0,0,0,797639,2191,5824583,574
197673,11,2,2040701,Andreasviertel,2019,7,23,4,3,5,7,2,0,1,0,1,0,0,1,800550,3391,5826943,713
197674,11,4,4051447,Ludwigkirchplatz,2019,7,22,4,3,0,1,2,0,0,0,1,0,0,1,793383,6209,5824666,596
197675,11,4,4030827,Karl-August-Platz,2019,7,18,4,3,5,2,0,0,1,0,0,0,0,0,792725,1,5826102,48
197676,11,8,8041036,Zittauer Stra�e,2019,7,18,4,3,5,3,0,0,1,0,0,0,0,0,805253,9858,5817245,999
197677,11,1,1011303,Alexanderplatzviertel,2019,7,17,4,3,2,6,0,0,1,0,0,0,0,1,799129,2984,5828985,888
197678,11,4,4030929,Hindemithplatz,2019,7,17,4,3,0,6,0,0,1,0,1,0,0,1,792709,7555,5825553,248
197679,11,4,4030725,Amtsgerichtsplatz,2019,7,17,4,2,0,1,0,1,0,0,0,0,0,1,791464,1874,5825787,123
197680,11,10,10030727,Biesdorf S�d,2019,7,17,4,3,6,4,0,0,1,1,0,0,0,1,809541,86,5827065,572
197681,11,1,1011303,Alexanderplatzviertel,2019,7,17,4,2,5,2,0,1,1,0,0,0,0,1,798724,5164,5828298,304
197682,11,1,1022106,Elberfelder Stra�e,2019,7,16,4,3,0,5,0,0,1,0,1,0,0,1,794477,2405,5828352,663
197683,11,7,7050505,Hundsteinweg,2019,7,16,4,3,2,6,0,0,1,0,0,0,0,1,798357,8334,5818989,156
197684,11,1,1011301,Charit�viertel,2019,7,16,4,3,5,3,0,0,1,0,0,0,0,1,797037,4266,5829318,799
197685,11,12,12231101,Hermsdorf,2019,7,15,4,3,5,2,0,1,1,0,0,0,0,1,791292,4727,5838941,212
197686,11,1,1011101,St�lerstra�e,2019,7,15,4,3,2,6,0,0,1,0,0,0,0,1,795245,906,5826623,983
197687,11,4,4010102,Pl�tzensee,2019,7,10,4,3,5,2,0,0,1,0,0,0,0,0,793340,7633,5829719,994
197688,11,1,1022204,Thomasiusstra�e,2019,7,9,4,3,5,7,0,1,1,0,0,0,0,0,794769,7231,5828313,4
197689,11,12,12214422,Klixstra�e,2019,7,9,4,2,4,6,0,1,0,0,0,0,0,0,792106,8156,5832956,29
197690,11,2,2020203,Viktoriapark,2019,7,9,4,3,2,6,0,0,1,0,1,0,0,0,797822,382,5824931,546
197691,11,2,2030301,Oranienplatz,2019,7,7,4,3,5,2,0,1,1,0,0,0,0,0,799720,578,5826052,13
197692,11,1,1011302,Oranienburger Stra�e,2019,7,15,4,2,5,7,0,0,1,0,0,0,0,0,798396,525,5829040,767
197693,11,1,1011402,Arkonaplatz,2019,7,7,4,3,5,3,0,1,0,0,0,0,1,0,798715,4912,5829563,106
197694,11,5,5030731,Gartenfelder Stra�e,2019,7,7,4,3,5,2,0,0,0,0,1,0,1,0,787597,2147,5829401,1
197695,11,12,12214422,Klixstra�e,2019,7,4,4,3,5,3,1,1,1,0,0,0,0,0,791496,771,5833027,919
197696,11,11,11010204,Falkenberg Ost,2019,7,2,4,3,0,1,2,1,0,0,0,0,0,0,806693,6647,5833980,849
197697,11,5,5010312,Kurstra�e,2019,7,14,4,3,6,4,0,0,1,1,0,0,0,0,785297,9785,5830407,972
197698,11,1,1044101,Rehberge,2019,7,14,4,3,5,3,0,0,1,0,0,0,0,0,793529,1778,5832017,906
197699,11,6,6040810,Dahlem,2019,7,12,4,3,5,3,0,0,0,0,1,0,1,0,791574,3862,5821712,915
197700,11,4,4030929,Hindemithplatz,2019,7,12,4,3,5,3,0,0,1,0,0,0,1,0,792444,765,5825425,954
197701,11,12,12214527,Alt-Tegel,2019,7,11,4,2,5,7,0,0,1,0,1,0,0,0,790584,9238,5834488,186
197702,11,7,7020203,Kaiser-Wilhelm-Platz,2019,7,10,4,3,1,5,0,1,1,0,0,0,0,0,795592,4922,5824160,714
197703,11,4,4061757,Forst Grunewald,2019,7,10,4,3,5,3,0,1,0,0,0,0,0,0,788657,619,5825722,151
197704,11,8,8010118,Silbersteinstra�e,2019,7,10,4,3,6,4,0,0,1,1,0,0,0,0,800898,72,5822408,954
197705,11,12,12103218,Teichstra�e,2019,7,9,3,3,0,6,0,1,1,0,0,0,0,0,794850,991,5833071,512
197706,11,3,3040818,Pankow S�d,2019,7,7,3,3,6,7,0,0,1,1,0,0,0,0,799443,2167,5832748,76
197707,11,10,10040933,Mahlsdorf S�d,2019,7,9,3,3,5,3,0,0,1,0,0,0,0,0,811989,6215,5826852,58
197708,11,3,3051017,Rennbahnstra�e,2019,7,8,3,3,2,2,0,0,1,0,0,0,0,1,802839,7771,5832687,346
197709,11,1,1011401,Invalidenstra�e,2019,7,8,3,3,3,6,0,1,0,0,0,0,0,0,797300,6481,5829109,322
197710,11,1,1011204,Leipziger Stra�e,2019,7,0,3,2,5,2,2,0,1,0,1,0,0,0,798901,2925,5827345,255
197711,11,9,9010401,Johannisthal West,2019,7,6,3,2,1,5,0,1,1,0,0,0,0,0,806046,1012,5820006,85
197712,11,11,11051331,Karlshorst Nord,2019,7,17,3,3,5,3,0,0,1,0,0,0,0,0,807676,676,5824535,78
197713,11,4,4041241,Breite Stra�e,2019,7,16,3,2,1,5,0,1,1,0,0,0,0,0,791954,242,5822499,632
197714,11,5,5020625,Borkumer Stra�e,2019,7,16,3,2,5,7,0,0,1,0,1,0,0,0,784748,3734,5828694,96
197715,11,1,1044102,Schillerpark,2019,7,15,3,3,5,2,0,1,1,0,0,0,0,0,794707,6267,5831780,937
197716,11,4,4030828,Savignyplatz,2019,7,15,3,3,5,7,0,0,1,0,1,0,0,0,792977,3795,5826184,837
197717,11,1,1011101,St�lerstra�e,2019,7,15,3,3,0,3,0,0,1,0,1,0,0,0,794963,3007,5826080,539
197718,11,2,2020203,Viktoriapark,2019,7,23,3,3,0,1,2,1,0,0,0,0,0,0,797247,7859,5824831,582
197719,11,1,1033102,Gesundbrunnen,2019,7,15,3,3,6,4,0,0,0,1,1,0,0,0,797583,724,5831293,124
197720,11,3,3061228,Erich-Weinert-Stra�e,2019,7,20,3,3,1,5,1,1,1,0,0,0,0,0,801022,3297,5830798,88
197721,11,4,4020312,Branitzer Platz,2019,7,13,3,3,0,7,0,0,1,0,1,0,0,0,789598,367,5827272,506
197722,11,1,1011101,St�lerstra�e,2019,7,20,3,2,0,1,0,1,0,0,0,0,0,0,794549,2754,5826088,225
197723,11,8,8010117,Schillerpromenade,2019,7,14,3,3,5,3,0,0,1,0,1,0,0,0,800380,4474,5823330,392
197724,11,1,1011101,St�lerstra�e,2019,7,20,3,3,5,3,0,0,1,0,0,0,0,0,795324,9037,5826261,334
197725,11,5,5020417,Staakener Stra�e,2019,7,20,3,3,5,3,0,1,1,0,0,0,0,0,782573,5164,5828540,581
197726,11,7,7010101,Wittenbergplatz/Viktoria-Luise-Platz,2019,7,19,3,3,5,7,0,0,1,0,1,0,0,0,794624,1034,5825565,122
197727,11,9,9010202,K�penicker Landstra�e,2019,7,13,3,3,3,1,0,1,0,0,0,0,1,0,804279,5321,5823056,603
197728,11,5,5040936,J�gerallee,2019,7,12,3,3,2,2,0,1,1,0,0,0,0,0,781551,3758,5819649,201
197729,11,8,8010404,Rixdorf,2019,7,18,3,3,2,6,0,0,1,0,0,0,0,0,801839,1619,5823625,641
197730,11,6,6040804,Krumme Lanke,2019,7,18,3,3,5,2,0,1,1,0,0,0,0,0,788760,1197,5819994,54
197731,11,4,4030725,Amtsgerichtsplatz,2019,7,18,3,3,3,6,0,0,1,0,0,0,0,0,791881,5694,5826501,475
197732,11,9,9010402,Johannisthal Ost,2019,7,17,3,3,2,7,0,0,1,0,1,0,0,0,806289,1047,5819201,96
197733,11,8,8020728,Buckow Ost,2019,7,17,3,3,5,3,0,1,0,0,0,0,1,0,801800,8908,5817488,167
197734,11,9,9051702,B�lschestra�e,2019,7,10,3,2,1,5,0,0,1,0,1,0,0,0,814030,5204,5820744,837
197735,11,1,1033101,Soldiner Stra�e,2019,7,9,3,3,1,5,0,1,0,0,0,1,0,0,797963,6549,5832408,763
197736,11,8,8041037,Alt-Rudow,2019,7,12,3,3,5,2,0,0,1,0,0,0,1,0,805438,8438,5818396,446
197737,11,7,7010102,Nollendorfplatz,2019,7,14,3,1,6,2,0,0,0,1,0,1,0,0,794950,1287,5825642,635
197738,11,2,2040502,Friedenstra�e,2019,7,13,2,3,5,2,0,1,0,0,0,0,1,0,801250,7933,5827844,43