OBJECTID,LAND,BEZ,LOR,STRASSE,UJAHR,UMONAT,USTUNDE,UWOCHENTAG,UKATEGORIE,UART,UTYP1,ULICHTVERH,IstRad,IstPKW,IstFuss,IstKrad,IstGkfz,IstSonstige,USTRZUSTAND,LINREFX,LINREFY,XGCSWGS84,YGCSWGS84
197739,11,7,7070701,Kettinger Stra�e/Schillerstra�e,2019,7,15,2,3,0,7,0,1,0,0,0,0,0,0,799195,4451,5816141,739
197740,11,10,10040933,Mahlsdorf S�d,2019,7,12,2,3,0,1,0,1,0,0,0,0,0,0,812433,1499,5824753,677
197741,11,1,1033102,Gesundbrunnen,2019,7,22,2,3,2,6,2,0,1,0,1,0,0,1,797662,7325,5831882,289
197742,11,3,3040614,Pankow Zentrum,2019,7,21,2,3,0,2,2,0,1,0,1,0,0,1,798606,8339,5833049,831
197743,11,2,2050802,Boxhagener Platz,2019,7,20,2,3,1,1,0,0,1,0,1,0,0,1,802589,8442,5827014,158
197744,11,1,1033202,Humboldthain S�d,2019,7,18,2,3,5,2,0,1,0,0,0,0,1,1,797763,8745,5829744,158
197745,11,4,4030930,George-Grosz-Platz,2019,7,18,2,3,0,6,0,0,1,0,1,0,0,1,793293,704,5825627,7
197746,11,6,6030610,Lichterfelde West,2019,7,18,2,3,0,5,0,1,1,0,0,0,0,1,791844,99,5818906,647
197747,11,1,1033203,Humboldthain Nordwest,2019,7,18,2,3,2,6,0,0,1,0,0,0,0,1,796586,3302,5831006,272
197748,11,1,1011302,Oranienburger Stra�e,2019,7,16,2,3,2,6,0,0,1,0,0,0,0,0,797978,3241,5828497,41
197749,11,5,5010311,Eiswerder,2019,7,16,2,3,5,7,0,1,1,0,0,0,0,0,785352,2748,5830155,443
197750,11,6,6010210,Bismarckstra�e,2019,7,19,2,3,2,6,0,0,1,0,0,0,0,1,794923,1007,5821446,918
197751,11,1,1011203,Unter den Linden S�d,2019,7,17,2,3,1,5,0,1,1,0,0,0,0,1,798018,5797,5827089,741
197752,11,4,4051655,Babelsberger Stra�e,2019,7,16,2,3,5,2,0,0,1,0,1,0,0,0,794187,4403,5823111,523
197753,11,1,1033102,Gesundbrunnen,2019,7,16,2,3,5,2,0,1,1,0,0,0,0,0,797720,1863,5831257,475
197754,11,3,3030715,Heinersdorf,2019,7,19,2,3,0,7,0,0,1,0,0,0,0,1,800995,394,5833682,888
197755,11,4,4051655,Babelsberger Stra�e,2019,7,15,2,2,5,3,0,1,1,0,0,0,0,0,794185,4354,5823226,393
197756,11,11,11020516,Wei�e Taube,2019,7,15,2,3,5,2,0,1,0,0,0,0,1,0,806220,1135,5830350,64
197757,11,1,1011301,Charit�viertel,2019,7,15,2,3,2,7,0,1,1,0,0,0,0,0,797108,2794,5829252,994
197758,11,4,4041342,Schlangenbader Stra�e,2019,7,14,2,2,2,6,0,0,1,0,1,0,0,0,792541,9464,5822821,104
197759,11,9,9020502,Obersch�neweide Ost,2019,7,15,2,3,2,2,0,0,1,0,0,0,0,0,809388,1246,5821483,315
197760,11,5,5010206,G�tersloher Weg,2019,7,14,2,3,0,1,0,0,0,0,1,0,0,0,781396,7463,5830734,375
197761,11,4,4051446,Preu�enpark,2019,7,14,2,3,5,2,0,0,0,0,0,1,1,0,792688,9222,5825321,282
197762,11,2,2050802,Boxhagener Platz,2019,7,14,2,3,5,3,0,0,1,0,0,0,0,0,802951,1655,5826800,407
197763,11,9,9020701,Adlershof West,2019,7,13,2,3,3,2,0,0,1,0,1,0,0,0,809054,4041,5818764,105
197764,11,7,7020204,Sch�neberger Insel,2019,7,12,2,2,6,7,0,0,0,1,0,0,1,0,796334,7395,5822992,284
197765,11,4,4020310,Park Ruhwald,2019,7,12,2,3,2,6,0,0,1,0,0,0,0,0,790087,4081,5827345,428
197766,11,3,3061126,Arnimplatz,2019,7,12,2,3,5,2,0,1,1,0,0,0,0,0,798218,8879,5831596,932
197767,11,2,2020203,Viktoriapark,2019,7,11,2,3,5,3,0,1,1,0,0,0,0,0,797772,1162,5824035,105
197768,11,10,10020622,Kaulsdorf Nord I,2019,7,11,2,2,5,2,0,0,1,0,0,0,0,0,811209,6329,5828853,203
197769,11,9,9030901,Dorf Altglienicke,2019,7,9,2,3,6,4,0,0,1,1,0,0,0,0,808587,58,5817624,475
197770,11,2,2040502,Friedenstra�e,2019,7,9,2,3,5,2,0,1,1,0,0,0,0,0,801247,6083,5827817,5
197771,11,4,4051551,Brabanter Platz,2019,7,9,2,3,2,6,0,0,1,0,0,0,0,0,792954,6976,5823333,796
197772,11,5,5020627,Tiefwerder,2019,7,11,2,2,8,1,0,0,1,0,0,0,0,0,785406,5245,5827917,12
197773,11,2,2030302,Lausitzer Platz,2019,7,18,2,3,0,1,0,1,0,0,0,0,0,1,800744,9878,5826524,979
197774,11,2,2010102,Mehringplatz,2019,7,19,2,3,0,1,0,1,0,0,0,0,0,1,797954,21,5826221,374
197775,11,4,4010102,Pl�tzensee,2019,7,8,2,3,3,6,0,0,1,0,0,0,1,0,793345,5481,5829701,877
197776,11,8,8010118,Silbersteinstra�e,2019,7,7,2,3,2,2,0,1,1,0,0,0,0,0,800770,9391,5822754,222
197777,11,2,2050802,Boxhagener Platz,2019,7,6,2,3,2,6,0,0,1,0,1,0,0,0,802034,753,5827168,587
197778,11,6,6020408,Lichterfelde S�d,2019,7,20,1,3,0,1,0,1,0,0,0,0,0,0,792685,3396,5816255,374
197779,11,7,7010101,Wittenbergplatz/Viktoria-Luise-Platz,2019,7,14,1,3,2,6,0,0,1,0,1,0,0,0,794490,9078,5824873,772
197780,11,5,5030731,Gartenfelder Stra�e,2019,7,13,1,3,2,6,0,0,1,0,0,0,0,0,787405,146,5829457,203
197781,11,1,1011202,Unter den Linden Nord,2019,7,17,1,3,0,7,0,0,0,0,0,0,1,0,798149,4495,5828008,425
197782,11,1,1011303,Alexanderplatzviertel,2019,7,22,1,3,0,4,2,0,0,1,1,0,0,0,798499,2072,5828167,118
197783,11,8,8010510,Gewerbegebiet K�llnische Heide,2019,7,18,1,3,0,1,0,1,0,0,0,0,0,0,802547,3641,5822134,889
197784,11,8,8040933,Vogelviertel S�d,2019,7,16,1,3,5,7,0,0,1,0,0,0,0,0,803518,4075,5818925,21
197785,11,1,1011102,Gro�er Tiergarten,2019,7,16,1,3,1,5,0,0,1,0,0,0,1,0,796816,6964,5827811,613
197786,11,7,7030303,Grazer Platz,2019,7,15,1,2,2,6,0,0,1,0,1,0,0,0,795340,4104,5821501,27
197787,11,1,1011304,Karl-Marx-Allee,2019,7,15,1,3,0,1,0,0,0,0,0,0,1,0,799954,8444,5828561,921
197788,11,2,2050804,Stralauer Halbinsel,2019,7,9,1,3,5,2,0,1,0,0,0,0,1,0,803120,208,5825676,768
197789,11,2,2010103,Moritzplatz,2019,7,10,7,3,0,1,0,1,0,0,0,0,0,0,799486,2656,5826075,855
197790,11,2,2040502,Friedenstra�e,2019,7,17,7,3,0,3,0,1,1,0,0,0,0,0,800938,9236,5828520,101
197791,11,8,8010404,Rixdorf,2019,7,23,7,3,0,7,2,1,0,0,0,0,1,0,801808,5509,5823647,437
197792,11,6,6030503,Zehlendorf Mitte,2019,7,18,7,3,5,3,0,1,1,0,0,0,0,0,789259,559,5818045,547
197793,11,8,8010301,Reuterkiez,2019,7,18,7,3,0,6,0,0,1,0,1,0,0,0,800802,9232,5825036,241
197794,11,1,1022103,Westhafen,2019,7,17,7,3,2,6,0,0,1,0,0,0,0,0,793878,2203,5830057,55
197795,11,4,4051448,Schaperstra�e,2019,7,16,7,3,2,6,0,0,1,0,0,0,0,0,794310,327,5825265,978
197796,11,4,4030725,Amtsgerichtsplatz,2019,7,16,7,3,5,2,0,0,1,0,0,0,0,0,791910,6703,5826241,686
197797,11,1,1033101,Soldiner Stra�e,2019,7,16,7,3,5,2,0,1,1,0,0,0,0,0,797380,5277,5832454,199
197798,11,6,6040806,Fischtal,2019,7,15,7,2,6,4,0,0,1,1,0,0,0,0,788813,4905,5819565,809
197799,11,8,8010301,Reuterkiez,2019,7,23,7,3,0,6,2,0,0,0,1,0,0,0,800693,6109,5824376,777
197800,11,1,1022207,Hansaviertel,2019,8,7,4,3,6,4,0,0,1,1,0,0,0,0,794722,14,5827403,2
197801,11,5,5020524,Weinmeisterhornweg,2019,8,6,4,3,5,2,0,0,1,0,0,0,0,0,783902,376,5826598,354
197802,11,9,9051702,B�lschestra�e,2019,8,7,4,2,6,7,0,0,0,1,0,0,1,0,814090,9362,5820779,314
197803,11,5,5010101,Hakenfelde Nord,2019,8,7,4,3,0,1,0,1,0,0,0,0,0,0,785752,9864,5833148,226
197804,11,3,3061126,Arnimplatz,2019,8,18,3,3,0,5,0,1,1,0,0,0,0,0,798990,5256,5831447,339
197805,11,1,1022206,L�neburger Stra�e,2019,8,17,3,2,6,7,0,0,0,1,0,0,1,0,795778,1337,5828197,658
197806,11,1,1011202,Unter den Linden Nord,2019,8,13,3,3,6,4,0,1,0,1,0,0,0,0,798503,6639,5827866,87
197807,11,3,3071536,Teutoburger Platz,2019,8,18,3,3,1,5,0,1,1,0,0,0,1,0,799076,3458,5830209,542
197808,11,9,9020502,Obersch�neweide Ost,2019,8,16,3,2,6,4,0,0,0,1,1,0,0,0,808003,4203,5821567,833
197809,11,3,3061429,Greifswalder Stra�e,2019,8,16,3,3,5,2,0,1,1,0,0,0,0,0,801324,399,5831012,737
197810,11,1,1022101,Huttenkiez,2019,8,15,3,3,2,6,0,0,1,0,0,0,0,0,793620,3421,5828131,124
197811,11,8,8010406,Treptower Stra�e Nord,2019,8,18,3,3,1,5,1,1,1,0,0,0,0,0,801886,179,5824407,18
197812,11,7,7040403,Manteuffelstra�e,2019,8,18,3,3,6,2,0,0,1,1,0,0,0,0,797839,4215,5822204,983
197813,11,7,7010102,Nollendorfplatz,2019,8,18,3,3,6,4,0,0,1,1,0,0,0,0,794949,8822,5825395,214
197814,11,10,10040933,Mahlsdorf S�d,2019,8,18,3,3,1,5,0,1,1,0,0,0,0,0,812119,7102,5825410,824
197815,11,3,3071633,Th�lmannpark,2019,8,17,3,3,3,6,0,1,0,0,0,0,0,0,800030,146,5830416,315
197816,11,8,8010214,Glasower Stra�e,2019,8,17,3,3,5,2,0,1,1,0,0,0,0,0,801751,4353,5822053,178
197817,11,2,2050801,Traveplatz,2019,8,17,3,3,5,2,0,1,1,0,0,0,0,0,802742,3509,5827484,842
197818,11,7,7030301,Friedenau,2019,8,17,3,3,2,2,0,1,1,0,0,0,0,0,793962,185,5822011,868
197819,11,7,7040403,Manteuffelstra�e,2019,8,17,3,2,0,1,0,0,0,0,0,0,1,0,797637,6352,5821170,737
197820,11,1,1011303,Alexanderplatzviertel,2019,8,8,3,3,0,6,0,1,0,0,0,0,0,0,799178,2548,5828665,568
197821,11,2,2050803,Stralauer Kiez,2019,8,12,3,3,0,7,0,0,0,0,1,0,0,0,802060,8305,5826223,753
197822,11,1,1011204,Leipziger Stra�e,2019,8,16,3,3,5,3,0,1,1,0,1,0,0,0,798578,17,5826868,996
197823,11,7,7040403,Manteuffelstra�e,2019,8,15,3,3,5,2,0,0,1,0,1,0,0,0,797348,8816,5821927,388
197824,11,9,9010202,K�penicker Landstra�e,2019,8,15,3,3,2,1,0,0,1,0,0,0,0,0,804136,8475,5822925,76
197825,11,4,4030725,Amtsgerichtsplatz,2019,8,14,3,3,5,3,0,0,1,0,1,0,0,0,791289,8649,5826076,601
197826,11,12,12214125,Waldidyll/Flughafensee,2019,8,14,3,3,2,6,0,0,1,0,0,0,0,0,788035,6558,5830933,77
197827,11,5,5020628,Graetschelsteig,2019,8,13,3,3,2,6,0,0,1,0,0,0,0,0,784742,3057,5826399,867
197828,11,4,4051653,Prager Platz,2019,8,13,3,3,5,2,0,1,0,0,0,1,0,0,793970,2454,5824451,222
197829,11,3,3050925,Komponistenviertel Wei�ensee,2019,8,16,3,3,3,6,0,1,1,0,0,0,0,0,802435,844,5831508,359
197830,11,4,4051655,Babelsberger Stra�e,2019,8,15,3,2,5,2,0,0,1,0,0,0,0,0,793999,777,5824056,737
197831,11,9,9052001,K�penick Nord,2019,8,12,3,3,5,7,0,0,1,0,0,0,1,0,811154,3715,5822083,13
197832,11,8,8020727,Buckow Mitte,2019,8,15,3,3,1,5,0,0,1,0,0,0,0,0,800387,6822,5816784,153
197833,11,9,9051702,B�lschestra�e,2019,8,12,3,3,1,5,0,1,0,0,0,0,1,0,814205,237,5821576,376
197834,11,1,1011304,Karl-Marx-Allee,2019,8,11,3,3,3,7,0,1,1,0,0,0,0,0,799728,6442,5827524,534
197835,11,1,1011103,L�tzowstra�e,2019,8,8,3,3,2,6,0,1,1,0,0,0,0,0,796089,5964,5825998,886
197836,11,5,5020626,Adamstra�e,2019,8,8,3,3,5,7,0,0,1,0,1,0,0,0,783420,777,5827703,379
197837,11,10,10010310,Alt-Marzahn,2019,8,11,3,3,2,6,0,0,1,0,0,1,0,0,808464,1155,5831133,874
197838,11,3,3061126,Arnimplatz,2019,8,6,3,2,0,7,0,1,0,0,0,0,0,0,798179,4691,5831829,763
197839,11,5,5020524,Weinmeisterhornweg,2019,8,10,3,3,0,2,0,1,1,0,0,0,0,0,783049,1199,5826060,425
197840,11,1,1044101,Rehberge,2019,8,6,3,3,5,2,0,1,1,0,0,0,0,0,794020,8898,5830176,827
197841,11,8,8010404,Rixdorf,2019,8,1,3,3,6,7,2,0,0,1,0,0,1,0,801652,8494,5823740,411
197842,11,9,9010302,Sp�thsfelde,2019,8,9,3,3,5,3,0,1,1,0,0,0,0,0,804361,633,5819757,855
197843,11,10,10020413,Gut Hellersdorf,2019,8,9,3,3,0,7,0,0,1,0,1,0,0,1,810838,46,5831023,101
197844,11,8,8010404,Rixdorf,2019,8,9,3,3,5,2,0,1,1,0,0,0,0,0,801515,4081,5823855,424
197845,11,2,2040502,Friedenstra�e,2019,8,8,3,3,5,3,0,0,1,0,1,0,0,0,800418,8943,5828048,477
197846,11,5,5020523,Maulbeerallee,2019,8,20,2,3,2,2,0,1,0,0,0,0,0,0,782821,3343,5827119,85
197847,11,7,7030301,Friedenau,2019,8,12,2,3,2,7,0,1,1,0,0,0,0,0,794142,76,5821828,56
197848,11,4,4020310,Park Ruhwald,2019,8,15,2,3,2,6,2,0,1,0,0,0,0,0,790138,3992,5827315,795
197849,11,8,8030829,Gropiusstadt Nord,2019,8,20,2,3,5,2,0,1,0,0,0,1,0,0,803150,1434,5818453,26
197850,11,11,11030618,Fennpfuhl West,2019,8,19,2,3,6,4,0,1,0,1,0,0,0,0,803090,1344,5829555,484
197851,11,10,10020416,B�hlener Stra�e,2019,8,18,2,3,5,2,0,1,1,0,0,0,0,0,813242,154,5831082,86
197852,11,7,7050505,Hundsteinweg,2019,8,18,2,2,5,5,0,0,1,0,0,0,0,0,799660,4191,5819025,7
197853,11,1,1011401,Invalidenstra�e,2019,8,20,2,2,1,5,1,1,0,0,0,0,1,0,797888,4508,5829287,764
197854,11,11,11020514,Gro�e-Leege-Stra�e,2019,8,15,2,3,0,2,0,0,1,0,1,0,0,0,804196,7879,5830673,15
197855,11,5,5020627,Tiefwerder,2019,8,18,2,3,5,2,0,1,1,0,0,0,0,0,785941,5643,5827986,124
197856,11,1,1011204,Leipziger Stra�e,2019,8,17,2,3,5,2,0,0,1,0,1,0,0,0,798619,623,5826919,345
197857,11,7,7010104,Dennewitzplatz,2019,8,13,2,3,6,7,0,1,0,1,0,0,0,0,796138,2204,5824930,94
197858,11,2,2010101,Askanischer Platz,2019,8,13,2,3,2,6,0,1,0,0,0,0,0,0,797860,672,5825617,782
197859,11,4,4041137,Flinsberger Platz,2019,8,13,2,3,5,3,0,0,1,0,0,0,0,0,791265,9289,5823330,345
197860,11,2,2020203,Viktoriapark,2019,8,17,2,3,0,2,0,0,1,0,1,0,0,0,796946,3943,5824394,82
197861,11,5,5020521,D�beritzer Weg,2019,8,16,2,3,0,2,0,1,1,0,0,0,0,0,779764,754,5827777,819
197862,11,11,11051229,Rummelsburg,2019,8,16,2,2,0,7,0,1,0,0,0,0,0,0,804813,1794,5825374,69
197863,11,12,12301205,Waidmannslust,2019,8,16,2,3,5,3,0,1,1,0,0,0,0,0,791868,67,5836954,407
197864,11,5,5020523,Maulbeerallee,2019,8,16,2,3,0,4,0,0,0,1,0,0,1,0,783257,7747,5827579,934
197865,11,5,5010314,Carl-Schurz-Stra�e,2019,8,15,2,3,2,2,0,0,1,0,0,0,1,0,784100,7328,5829006,197
197866,11,10,10010102,Havemannstra�e,2019,8,15,2,2,5,3,0,0,1,0,1,0,0,0,809134,105,5833829,102
197867,11,12,12214421,Reinickes Hof,2019,8,15,2,3,6,2,0,0,1,1,0,0,0,0,793384,558,5833148,659
197868,11,11,11030721,R�digerstra�e,2019,8,14,2,3,0,2,0,1,0,0,0,0,1,0,803705,328,5828330,214
197869,11,1,1011301,Charit�viertel,2019,8,14,2,3,3,5,0,1,1,0,0,0,0,0,797306,4507,5829022,234
197870,11,6,6030609,Augustaplatz,2019,8,15,2,3,5,3,0,0,1,0,0,0,0,0,793290,113,5818935,465
197871,11,4,4051551,Brabanter Platz,2019,8,10,2,3,5,3,0,1,1,0,0,0,0,0,792863,3672,5823178,646
197872,11,12,12214424,Scharnweberstra�e,2019,8,10,2,3,5,2,0,1,1,0,0,0,0,0,793055,1391,5832658,344
197873,11,3,3020307,Buchholz,2019,8,9,2,3,6,3,0,0,1,1,0,0,0,0,800087,474,5837531,421
197874,11,11,11041023,Gensinger Stra�e,2019,8,12,2,2,5,3,0,1,1,0,0,0,0,0,807525,5288,5827503,379
197875,11,2,2030302,Lausitzer Platz,2019,8,12,2,3,0,1,0,1,0,0,0,0,0,0,800646,4438,5826254,1
197876,11,9,9041601,M�ggelheim,2019,8,10,2,3,5,5,0,0,1,0,0,0,0,0,819645,591,5816369,295
197877,11,1,3071537,Kollwitzplatz,2019,8,8,2,3,2,6,0,0,1,0,1,0,0,0,799500,4357,5828868,571
197878,11,7,7010102,Nollendorfplatz,2019,8,8,2,3,5,3,0,1,1,0,0,0,0,0,795423,7898,5825487,401
197879,11,7,7020203,Kaiser-Wilhelm-Platz,2019,8,8,2,3,3,6,0,1,1,0,0,0,0,0,795874,135,5824078,934
197880,11,1,1033202,Humboldthain S�d,2019,8,7,2,3,5,3,0,0,1,0,0,0,0,0,797763,6967,5829744,291
197881,11,4,4051446,Preu�enpark,2019,8,14,1,3,0,6,0,0,1,0,1,0,0,0,792381,961,5825033,942
197882,11,8,8020623,Ortolanweg,2019,8,10,1,3,0,6,0,1,1,0,0,0,0,0,804144,7695,5819483,94
197883,11,8,8010117,Schillerpromenade,2019,8,22,1,3,5,2,2,1,1,0,0,0,0,0,800111,2893,5822904,316
197884,11,8,8010303,Donaustra�e,2019,8,21,1,3,0,1,2,0,0,0,1,0,0,0,800339,6602,5824354,172
197885,11,2,2020203,Viktoriapark,2019,8,14,1,3,5,3,0,1,1,0,0,0,0,0,797275,9293,5824816,59
197886,11,12,12214423,Mellerbogen,2019,8,14,1,3,1,5,0,0,1,0,0,0,0,0,792858,3941,5833870,252
197887,11,6,6040808,H�ttenweg,2019,8,13,1,3,0,1,0,1,0,0,0,0,0,0,789584,8989,5819810,161
197888,11,4,4020311,Reichsstra�e,2019,8,13,1,3,5,3,0,0,1,0,1,0,0,0,788996,302,5826983,544
197889,11,6,6020410,Oberhofer Platz,2019,8,13,1,3,2,6,0,0,1,0,1,0,0,0,794085,5806,5817433,194
197890,11,8,8010117,Schillerpromenade,2019,8,13,1,3,5,2,0,0,1,0,0,0,0,0,800176,1067,5823648,15
197891,11,3,3061228,Erich-Weinert-Stra�e,2019,8,12,1,3,0,1,0,1,0,0,0,0,0,0,800929,775,5831159,84
197892,11,2,2030302,Lausitzer Platz,2019,8,12,1,3,5,3,0,0,1,0,0,0,0,0,800796,8265,5826165,377
197893,11,4,4041134,Bismarckallee,2019,8,12,1,3,2,6,0,0,1,0,1,0,0,0,790792,7268,5824821,24
197894,11,1,1044201,Reinickendorfer Stra�e,2019,8,12,1,3,2,6,0,0,1,0,0,0,0,0,796963,9598,5831502,18
197895,11,9,9051702,B�lschestra�e,2019,8,20,1,3,2,5,0,0,1,0,0,0,0,0,814326,4736,5820802,51
197896,11,11,11040926,Weitlingstra�e,2019,8,20,1,2,5,2,1,1,1,0,0,0,0,0,804474,4056,5826396,77
197897,11,1,1022106,Elberfelder Stra�e,2019,8,19,1,3,5,2,0,1,1,0,0,0,0,0,793992,5718,5827833,22
197898,11,9,9020802,K�llnische Vorstadt,2019,8,18,1,3,5,2,0,1,1,0,0,0,0,0,810216,1875,5819629,706
197899,11,8,8010303,Donaustra�e,2019,8,18,1,3,5,3,0,0,1,0,1,0,0,0,800678,7454,5824253,229
197900,11,10,10040932,Alt-Mahlsdorf,2019,8,17,1,3,5,3,0,0,1,0,0,0,0,0,812999,9339,5827621,262
197901,11,12,12231102,Frohnau,2019,8,17,1,3,5,3,0,0,1,0,1,0,0,0,789648,9775,5839735,83
197902,11,5,5010207,Darbystra�e,2019,8,15,1,2,5,2,0,0,1,0,0,0,0,0,783691,3294,5830169,932
197903,11,12,12302110,Dannenwalder Weg,2019,8,15,1,3,2,6,0,0,1,0,0,0,1,0,794595,6775,5836263,882
197904,11,6,6030503,Zehlendorf Mitte,2019,8,15,1,3,0,7,0,1,0,0,0,0,0,0,789964,618,5817497,545
197905,11,8,8020727,Buckow Mitte,2019,8,14,1,3,0,7,0,0,1,0,1,0,0,0,801507,9577,5817670,541
197906,11,1,1044202,Sparrplatz,2019,8,10,1,3,1,5,0,1,1,0,0,0,0,0,795156,3639,5830167,974
197907,11,9,9020702,Adlershof Ost,2019,8,8,1,3,5,3,0,0,1,0,0,0,1,0,809444,207,5820586,841
197908,11,5,5010206,G�tersloher Weg,2019,8,7,4,3,5,2,0,0,1,0,1,0,0,0,781255,4552,5830769,401
197909,11,5,5010314,Carl-Schurz-Stra�e,2019,8,8,1,3,6,2,0,0,1,1,0,0,0,0,784801,8103,5828811,508
197910,11,3,3020209,Niedersch�nhausen,2019,8,1,1,3,1,5,2,1,1,0,0,0,0,0,798124,5781,5836519,194
197911,11,3,3030716,M�rchenland,2019,8,17,7,1,0,7,0,0,0,0,0,0,1,0,802912,7804,5833425,813
197912,11,3,3061131,Falkplatz,2019,8,12,7,3,0,4,0,1,0,1,0,0,0,0,798953,688,5831063,113
197913,11,3,3040614,Pankow Zentrum,2019,8,13,7,3,5,2,0,1,1,0,0,0,0,0,797777,326,5832954,963
197914,11,4,4030623,Ernst-Reuter-Platz,2019,8,13,7,3,5,3,0,0,1,0,1,0,0,0,793817,307,5826074,512
197915,11,11,11020412,Hauptstra�e,2019,8,12,7,3,2,6,0,0,1,0,0,0,0,0,805592,4681,5831602,965
197916,11,3,3030406,Alt-Karow,2019,8,12,7,3,5,3,0,0,1,0,0,0,0,0,802955,7318,5838465,458
197917,11,9,9020501,Obersch�neweide West,2019,8,12,7,3,5,3,0,0,1,0,0,0,0,0,806607,5516,5822051,841
197918,11,4,4041241,Breite Stra�e,2019,8,11,7,3,5,3,0,1,1,0,0,0,0,0,792154,2991,5821844,666
197919,11,5,5010101,Hakenfelde Nord,2019,8,11,7,2,5,2,0,1,1,0,0,0,0,0,785222,4213,5831822,497
197920,11,6,6020410,Oberhofer Platz,2019,8,11,7,3,2,2,0,0,1,0,0,0,0,0,794207,7702,5817194,552
197921,11,9,9031001,Bohnsdorf,2019,8,11,7,2,5,3,0,0,1,0,0,0,0,0,811120,4039,5814751,152
197922,11,5,5020419,Magistratsweg,2019,8,11,7,3,5,3,0,1,1,0,0,0,0,0,781829,3196,5828449,786
197923,11,9,9010302,Sp�thsfelde,2019,8,9,7,3,2,2,0,0,1,0,0,0,0,0,804949,5365,5820715,138
197924,11,1,1011203,Unter den Linden S�d,2019,8,9,7,3,5,3,0,0,1,0,0,0,0,0,797759,4375,5827447,8
197925,11,12,12302212,Rollbergesiedlung,2019,8,0,7,3,4,6,2,0,1,0,0,0,0,1,793079,8008,5837628,807
197926,11,5,5030832,Rohrdamm,2019,8,19,7,3,2,6,0,0,1,0,0,0,0,0,788729,1278,5830509,299
197927,11,4,4051655,Babelsberger Stra�e,2019,8,18,7,3,2,6,0,0,1,0,0,0,0,0,793882,77,5823110,87
197928,11,3,3071633,Th�lmannpark,2019,8,17,7,3,2,2,0,0,1,0,0,0,0,0,800111,8259,5830641,833
197929,11,4,4051445,Eisenzahnstra�e,2019,8,17,7,3,0,1,0,0,0,0,1,0,0,0,792037,9456,5824074,31
197930,11,1,1044102,Schillerpark,2019,8,16,7,3,4,6,0,0,1,0,0,0,0,0,795540,5251,5831979,311
197931,11,9,9020502,Obersch�neweide Ost,2019,8,16,7,3,5,3,0,1,1,0,0,0,0,0,807907,5725,5821556,476
197932,11,4,4010102,Pl�tzensee,2019,8,15,7,3,5,2,0,0,1,0,0,0,0,0,793341,1861,5829717,405
197933,11,2,2010103,Moritzplatz,2019,8,23,7,3,5,3,2,0,1,0,0,0,0,0,798770,6384,5825999,81
197934,11,7,7070706,Horstwalder Stra�e/Paplitzer Stra�e,2019,8,20,7,3,5,3,0,0,1,0,0,0,0,0,800037,5347,5812702,574
197935,11,3,3061131,Falkplatz,2019,8,3,7,3,0,1,2,0,0,0,1,0,0,0,798883,2974,5830388,117
197936,11,1,1011301,Charit�viertel,2019,8,17,6,3,5,2,0,1,1,0,0,0,0,0,797258,406,5829087,652
197937,11,2,2010101,Askanischer Platz,2019,8,16,6,3,0,4,0,1,0,1,0,0,0,0,797148,417,5826436,852
197938,11,2,2020205,Chamissokiez,2019,8,19,6,3,1,7,0,0,1,0,0,0,0,0,798714,5201,5824519,354
197939,11,4,4030931,Breitscheidplatz,2019,8,21,6,3,3,6,2,1,1,0,0,0,0,0,793929,439,5826192,219
197940,11,12,12214424,Scharnweberstra�e,2019,8,17,6,3,2,6,0,1,1,0,0,0,0,0,793248,5048,5832592,229
197941,11,8,8010211,Flughafenstra�e,2019,8,22,6,3,1,5,2,1,1,0,0,0,0,0,800659,7376,5823785,19
197942,11,2,2010102,Mehringplatz,2019,8,17,6,3,1,5,0,1,1,0,0,0,0,0,798298,3349,5826175,969
197943,11,2,2010103,Moritzplatz,2019,8,20,6,3,5,3,0,0,1,0,1,0,0,0,799338,6006,5826194,199
197944,11,8,8010211,Flughafenstra�e,2019,8,17,6,3,3,6,0,1,1,0,0,0,0,0,800356,1158,5824304,261
197945,11,9,9031001,Bohnsdorf,2019,8,19,6,3,5,3,0,1,0,0,0,0,1,0,810688,4516,5815694,378
197946,11,3,3061227,Humannplatz,2019,8,18,6,3,5,7,0,0,1,0,0,0,0,0,799499,8532,5831775,949
197947,11,6,6020409,K�nigsberger Stra�e,2019,8,21,6,3,1,7,2,0,1,0,0,0,0,0,793387,491,5817067,489
197948,11,4,4041238,Kissinger Stra�e,2019,8,17,6,2,1,5,0,1,1,0,0,0,0,0,791820,3397,5823513,589
197949,11,4,4030726,Droysenstra�e,2019,8,19,6,2,0,1,0,0,0,0,1,0,0,0,791603,6581,5825598,116
197950,11,8,8010211,Flughafenstra�e,2019,8,18,6,3,0,7,0,0,1,0,1,0,0,0,800419,9731,5823845,149
197951,11,7,7050503,Eisenacher Stra�e,2019,8,8,6,3,0,7,0,0,0,1,0,0,1,0,799198,7516,5819999,343
197952,11,9,9020502,Obersch�neweide Ost,2019,8,8,6,3,0,2,0,1,1,0,0,0,0,0,807336,6604,5822153,79
197953,11,12,12214125,Waldidyll/Flughafensee,2019,8,8,6,3,5,2,0,1,1,0,0,0,0,0,791341,9922,5834083,529
197954,11,7,7010102,Nollendorfplatz,2019,8,8,6,3,2,2,0,1,1,0,0,0,0,0,795537,2264,5825528,545