OBJECTID,LAND,BEZ,LOR,STRASSE,UJAHR,UMONAT,USTUNDE,UWOCHENTAG,UKATEGORIE,UART,UTYP1,ULICHTVERH,IstRad,IstPKW,IstFuss,IstKrad,IstGkfz,IstSonstige,USTRZUSTAND,LINREFX,LINREFY,XGCSWGS84,YGCSWGS84
197955,11,12,12214527,Alt-Tegel,2019,8,8,6,3,3,6,0,0,1,0,0,1,0,0,790300,6052,5835003,475
197956,11,4,4010102,Pl�tzensee,2019,8,7,6,3,0,7,0,0,1,0,1,0,0,0,792484,7691,5830073,71
197957,11,12,12231102,Frohnau,2019,8,7,6,3,4,6,0,1,0,0,0,0,0,0,789715,4631,5843084,892
197958,11,4,4061757,Forst Grunewald,2019,8,13,6,3,5,2,0,0,1,0,1,0,0,0,785088,2086,5822378,284
197959,11,1,1011401,Invalidenstra�e,2019,8,16,6,3,1,1,0,1,1,0,0,0,0,0,797842,3148,5829276,802
197960,11,9,9010202,K�penicker Landstra�e,2019,8,13,6,3,6,4,0,1,0,1,0,0,0,0,804497,4794,5823751,3
197961,11,11,11020412,Hauptstra�e,2019,8,16,6,2,5,3,0,1,1,0,0,0,0,0,805822,5923,5831859,4
197962,11,1,1011301,Charit�viertel,2019,8,13,6,3,1,5,0,1,1,0,0,0,0,0,796855,8998,5828954,382
197963,11,7,7020204,Sch�neberger Insel,2019,8,13,6,3,2,6,0,0,1,0,0,0,0,0,796270,8572,5823270,606
197964,11,3,3040513,Sch�nholz,2019,8,13,6,3,5,3,0,0,1,0,1,0,0,0,797961,1937,5833667,29
197965,11,9,9051901,Dammvorstadt,2019,8,11,6,3,0,1,0,1,0,0,0,0,0,0,811136,6297,5821575,653
197966,11,1,1011203,Unter den Linden S�d,2019,8,11,6,3,2,7,0,0,1,0,1,0,0,0,797823,4513,5827057,684
197967,11,12,12224230,Heiligensee,2019,8,10,6,2,6,4,0,0,1,1,0,0,0,0,786260,6304,5838957,347
197968,11,5,5010314,Carl-Schurz-Stra�e,2019,8,10,6,3,0,2,0,0,1,0,1,0,0,0,784787,2588,5828801,308
197969,11,3,3050920,Wei�er See,2019,8,9,6,3,5,2,0,1,0,0,0,0,0,0,801713,8007,5831783,336
197970,11,1,1044202,Sparrplatz,2019,8,9,6,3,5,2,0,1,1,0,0,0,0,0,794628,174,5829879,14
197971,11,9,9010101,Elsenstra�e,2019,8,9,6,3,5,2,0,1,1,0,0,0,0,0,802628,1212,5824462,347
197972,11,5,5020625,Borkumer Stra�e,2019,8,15,6,2,6,4,0,0,1,1,0,0,0,0,784538,1313,5828641,949
197973,11,1,1044103,Westliche M�llerstra�e,2019,8,15,6,3,5,2,0,1,1,0,1,0,0,0,794988,267,5831179,99
197974,11,2,2010101,Askanischer Platz,2019,8,14,6,3,3,6,0,1,0,0,0,0,1,0,797532,4692,5826001,6
197975,11,5,5010209,An der Kappe,2019,8,14,6,3,5,2,0,0,1,0,0,0,0,0,781904,5467,5829571,257
197976,11,11,11030619,Fennpfuhl Ost,2019,8,13,6,3,2,6,0,0,1,0,0,0,1,0,803672,6347,5829500,63
197977,11,4,4051549,Rathaus Wilmersdorf,2019,8,2,6,3,0,1,2,1,0,0,0,0,0,0,792458,2732,5824011,377
197978,11,3,3071536,Teutoburger Platz,2019,8,23,6,3,9,1,2,0,0,0,0,0,1,0,799185,3849,5830027,242
197979,11,4,4030931,Breitscheidplatz,2019,8,14,5,2,5,2,0,0,1,0,1,0,0,0,793914,3833,5825527,807
197980,11,5,5020625,Borkumer Stra�e,2019,8,16,5,2,5,2,0,0,1,0,0,0,0,0,784452,915,5828671,699
197981,11,11,11030618,Fennpfuhl West,2019,8,19,5,3,4,6,0,1,0,0,0,0,0,0,803846,9648,5828899,179
197982,11,4,4030931,Breitscheidplatz,2019,8,17,5,3,6,4,0,1,0,1,0,0,0,0,793910,4477,5826223,901
197983,11,9,9020501,Obersch�neweide West,2019,8,18,5,3,5,2,0,1,1,0,0,0,0,0,806606,8689,5822047,592
197984,11,6,6020301,Alt-Lankwitz,2019,8,17,5,3,2,6,0,0,1,0,1,0,0,0,796275,5319,5818274,425
197985,11,6,6030504,Teltower Damm,2019,8,16,5,3,5,3,0,1,1,0,0,0,0,0,790291,7049,5817165,4
197986,11,1,1011101,St�lerstra�e,2019,8,16,5,3,2,2,0,0,1,0,1,0,0,0,795116,5643,5826507,405
197987,11,1,1011305,Heine-Viertel West,2019,8,18,5,3,3,2,0,1,1,0,0,0,0,0,799490,22,5826644,834
197988,11,9,9020502,Obersch�neweide Ost,2019,8,16,5,2,5,2,0,1,1,0,0,0,0,0,807389,932,5821730,17
197989,11,8,8010405,Hertzbergplatz,2019,8,15,5,3,5,3,0,1,0,0,0,0,0,0,802493,7404,5823233,965
197990,11,2,2010102,Mehringplatz,2019,8,15,5,3,1,5,0,1,1,0,0,0,0,0,797983,1023,5826068,888
197991,11,1,1011204,Leipziger Stra�e,2019,8,15,5,3,2,6,0,1,1,0,0,0,0,0,797968,824,5826581,411
197992,11,8,8010301,Reuterkiez,2019,8,14,5,3,0,3,0,0,1,0,0,0,1,0,801101,1948,5824132,292
197993,11,1,1033202,Humboldthain S�d,2019,8,14,5,3,5,2,0,1,0,0,0,0,1,0,796960,9901,5830140,194
197994,11,5,5010314,Carl-Schurz-Stra�e,2019,8,14,5,3,3,6,0,0,1,0,1,0,0,0,784988,2766,5829498,698
197995,11,2,2040701,Andreasviertel,2019,8,14,5,3,2,6,0,0,1,0,0,0,1,0,800302,8577,5827593,182
197996,11,8,8020619,Buschkrugallee Nord,2019,8,14,5,3,5,2,0,1,1,0,0,0,0,0,802612,8087,5820747,366
197997,11,11,11010204,Falkenberg Ost,2019,8,13,5,3,5,3,0,1,1,0,0,0,0,0,806721,308,5833968,491
197998,11,1,1022106,Elberfelder Stra�e,2019,8,10,5,3,5,2,0,1,1,0,0,0,0,0,793842,8454,5827938,222
197999,11,7,7020203,Kaiser-Wilhelm-Platz,2019,8,21,5,3,6,7,2,1,0,1,0,0,0,0,795605,2521,5824203,297
198000,11,4,4031032,Halensee,2019,8,19,5,2,5,2,0,0,1,0,1,0,0,0,790958,544,5824828,662
198001,11,6,6040810,Dahlem,2019,8,8,5,3,5,5,0,1,1,0,0,0,0,0,792390,143,5821311,806
198002,11,12,12304313,Borsigwalde,2019,8,10,5,2,5,3,0,0,1,0,0,0,0,0,792143,1969,5834902,424
198003,11,3,3051017,Rennbahnstra�e,2019,8,8,5,3,5,3,0,1,0,0,0,0,0,0,802905,2808,5833190,584
198004,11,3,3061430,Volkspark Prenzlauer Berg,2019,8,8,5,3,5,7,0,0,1,0,1,0,0,0,802577,2722,5829421,258
198005,11,1,1011201,Wilhelmstra�e,2019,8,9,5,3,0,1,0,1,0,0,0,0,0,1,797045,1174,5826556,27
198006,11,8,8020622,Parchimer Allee,2019,8,8,5,3,2,6,0,0,1,0,0,0,0,0,801289,3341,5819652,694
198007,11,5,5010205,An der Tr�nke,2019,8,8,5,3,5,3,0,1,1,0,0,0,0,0,780096,1591,5830192,289
198008,11,10,10010204,Wuhletalstra�e,2019,8,6,5,2,6,4,0,0,1,1,0,0,0,0,809583,1292,5832688,2
198009,11,5,5030731,Gartenfelder Stra�e,2019,8,8,4,3,6,7,0,1,0,1,0,0,0,0,786952,3021,5829373,308
198010,11,1,1011203,Unter den Linden S�d,2019,8,14,4,3,5,2,0,1,0,0,0,0,0,1,797883,4172,5827468,3
198011,11,9,9020601,Schnellerstra�e,2019,8,12,4,2,6,7,0,1,0,1,0,0,0,0,806755,6134,5821023,154
198012,11,7,7040405,Rathaus Tempelhof,2019,8,11,4,3,3,6,0,0,1,0,0,0,0,0,798871,405,5821208,386
198013,11,4,4051446,Preu�enpark,2019,8,11,4,2,6,4,0,0,1,1,0,0,0,0,792379,5086,5825041,82
198014,11,2,2020203,Viktoriapark,2019,8,11,4,3,2,6,0,0,1,0,0,0,0,0,797294,6702,5824859,541
198015,11,2,2020204,Urbanstra�e,2019,8,9,4,3,6,4,0,1,0,1,0,0,0,0,798646,6606,5825146,559
198016,11,8,8020728,Buckow Ost,2019,8,9,4,3,6,4,0,0,1,1,0,0,0,0,802450,222,5817211,62
198017,11,4,4030724,Lietzensee,2019,8,9,4,3,5,7,0,0,1,0,0,0,0,0,791053,258,5826041,686
198018,11,4,4051446,Preu�enpark,2019,8,9,4,3,5,3,0,1,1,0,0,0,0,0,792912,4407,5824395,27
198019,11,6,6030608,Schweizer Viertel,2019,8,9,4,2,5,3,0,1,1,0,0,0,0,0,791931,31,5817469,527
198020,11,1,1011402,Arkonaplatz,2019,8,8,4,3,0,6,0,0,1,0,1,0,0,0,798153,3287,5829856,451
198021,11,1,1011201,Wilhelmstra�e,2019,8,7,4,3,2,2,0,0,1,0,1,0,0,0,797471,6288,5826797,767
198022,11,8,8010510,Gewerbegebiet K�llnische Heide,2019,8,3,4,3,5,3,2,1,1,0,0,0,0,0,802944,2055,5822480,612
198023,11,1,1011103,L�tzowstra�e,2019,8,20,4,3,5,3,0,0,1,0,1,0,0,0,795948,4133,5825842,49
198024,11,4,4051653,Prager Platz,2019,8,7,4,3,5,2,0,0,1,0,0,0,0,0,793959,4928,5824711,478
198025,11,12,12231101,Hermsdorf,2019,8,12,4,3,5,3,0,0,1,0,0,0,0,0,791063,3653,5838521,126
198026,11,12,12214424,Scharnweberstra�e,2019,8,12,4,3,0,1,0,1,0,0,0,0,0,0,793166,4873,5832631,332
198027,11,3,3040512,Wilhelmsruh,2019,8,7,4,3,2,6,0,0,1,0,0,0,0,0,796351,7231,5835763,49
198028,11,6,6020301,Alt-Lankwitz,2019,8,2,4,3,9,1,2,0,1,0,0,0,0,0,795797,108,5819015,273
198029,11,2,2020204,Urbanstra�e,2019,8,16,4,3,5,3,0,0,1,0,0,0,0,0,798432,2293,5824775,349
198030,11,3,3040818,Pankow S�d,2019,8,8,4,3,3,6,0,1,1,0,0,0,0,0,799817,8277,5832027,341
198031,11,1,1011402,Arkonaplatz,2019,8,15,4,3,6,7,0,0,0,1,0,0,1,0,798796,2729,5829200,867
198032,11,7,7020204,Sch�neberger Insel,2019,8,15,4,3,3,7,0,1,0,0,0,0,0,0,796253,8663,5823582,794
198033,11,1,1011204,Leipziger Stra�e,2019,8,15,4,3,5,2,0,1,0,0,0,0,1,1,798118,3084,5826806,719
198034,11,2,2030402,Wrangelkiez,2019,8,14,4,3,0,6,0,1,1,0,0,0,0,0,801840,4319,5825742,687
198035,11,1,1011303,Alexanderplatzviertel,2019,8,14,4,3,0,1,0,0,0,0,1,0,0,1,799539,2574,5828242,843
198036,11,7,7050501,Rathausstra�e,2019,8,14,4,3,0,3,0,1,1,0,0,0,0,1,797341,9626,5818651,203
198037,11,2,2020204,Urbanstra�e,2019,8,14,4,3,0,2,0,0,0,0,1,0,1,1,798295,634,5825321,221
198038,11,3,3061430,Volkspark Prenzlauer Berg,2019,8,14,4,3,5,2,0,1,1,0,0,0,0,1,802417,5389,5829233,88
198039,11,4,4030623,Ernst-Reuter-Platz,2019,8,19,4,3,5,2,0,1,1,0,0,0,0,0,793021,543,5826957,25
198040,11,5,5020419,Magistratsweg,2019,8,18,4,3,5,3,0,0,1,0,0,0,0,0,780874,55,5828327,515
198041,11,11,11041128,Sewanstra�e,2019,8,17,4,3,5,3,0,0,1,0,1,0,0,0,806669,2935,5825621,953
198042,11,11,11030720,Herzbergstra�e,2019,8,13,4,3,5,7,0,0,1,0,0,1,0,1,804930,4818,5828708,41
198043,11,10,10040828,Kaulsdorf Nord,2019,8,13,4,3,5,7,0,0,1,0,0,0,0,0,811564,5324,5828250,804
198044,11,1,1022106,Elberfelder Stra�e,2019,8,13,4,3,5,2,0,1,1,0,0,0,0,0,794317,3858,5828375,768
198045,11,1,1022104,Emdener Stra�e,2019,8,5,3,3,5,3,1,0,1,0,1,0,0,0,793962,1842,5829147,45
198046,11,6,6010209,Feuerbachstra�e,2019,8,12,3,2,1,5,0,1,1,0,0,0,0,0,794162,7871,5821472,77
198047,11,4,4051653,Prager Platz,2019,8,15,3,3,0,6,0,0,1,0,1,0,0,1,793977,1132,5824687,9
198048,11,7,7020202,Volkspark (Rudolf-Wilde-Park),2019,8,16,3,3,1,7,0,0,1,0,0,0,0,0,795295,2721,5823410,803
198049,11,4,4020310,Park Ruhwald,2019,8,10,3,3,2,2,0,0,1,0,1,0,0,0,790346,2112,5827318,973
198050,11,1,1011203,Unter den Linden S�d,2019,8,20,3,3,5,3,2,1,1,0,0,0,0,0,797877,4444,5827467,313
198051,11,7,7010104,Dennewitzplatz,2019,8,20,3,3,3,6,0,1,0,0,0,0,1,0,796278,4867,5824923,285
198052,11,6,6030501,Berlepschstra�e,2019,8,19,3,3,1,1,0,0,1,0,0,0,0,0,789009,5406,5817158,507
198053,11,7,7030301,Friedenau,2019,8,19,3,3,2,6,0,0,1,0,0,0,0,0,794252,3651,5822055,721
198054,11,5,5010314,Carl-Schurz-Stra�e,2019,8,18,3,3,0,2,0,0,1,0,0,0,1,0,784994,7893,5829498,224
198055,11,5,5020625,Borkumer Stra�e,2019,8,18,3,3,0,4,0,1,0,1,0,0,0,0,784457,8651,5828663,714
198056,11,1,1011301,Charit�viertel,2019,8,18,3,3,2,2,0,1,1,0,0,0,0,0,797511,7446,5828326,84
198057,11,1,1033203,Humboldthain Nordwest,2019,8,18,3,3,5,3,0,1,1,0,0,0,0,0,796637,6403,5829799,464
198058,11,2,2020206,Graefekiez,2019,8,16,3,3,0,7,0,1,1,0,0,0,0,1,799660,378,5825045,622
198059,11,2,2020206,Graefekiez,2019,8,17,3,2,2,6,0,0,0,0,1,0,1,0,799354,6489,5824553,973
198060,11,9,9031101,Gr�nau,2019,8,17,3,3,3,6,0,1,1,0,0,0,0,0,812272,4861,5816664,686
198061,11,1,1011105,N�rdlicher Landwehrkanal,2019,8,17,4,3,5,2,0,1,1,0,0,0,0,0,796110,1835,5826714,408
198062,11,1,1011204,Leipziger Stra�e,2019,8,17,3,3,0,3,0,0,1,0,1,0,0,1,798147,1841,5826702,157
198063,11,4,4030620,Alt-Lietzow,2019,8,17,3,3,5,7,0,1,1,0,0,0,0,0,792926,52,5827451,134
198064,11,1,1022202,Heidestra�e,2019,8,17,4,3,0,2,0,1,1,0,0,0,0,0,795668,9129,5829732,336
198065,11,3,3061126,Arnimplatz,2019,8,17,3,3,5,2,0,1,1,0,0,0,0,0,798411,9276,5831802,81
198066,11,7,7070702,Alt-Lichtenrade/T�pchiner Weg,2019,8,17,4,3,5,3,0,1,1,0,0,0,0,0,800641,362,5814918,821
198067,11,1,1011203,Unter den Linden S�d,2019,8,17,3,3,5,3,0,0,1,0,0,0,1,0,797757,1703,5827447,417
198068,11,10,10010203,Gewerbegebiet Bitterfelder Stra�e,2019,8,17,4,3,5,3,0,1,0,0,0,0,1,0,807649,1373,5830820,334
198069,11,6,6020303,Lankwitz Kirche,2019,8,17,3,3,5,2,0,0,1,0,1,0,0,0,795577,8985,5818297,475
198070,11,1,1011202,Unter den Linden Nord,2019,8,8,4,3,5,2,0,1,0,0,1,0,0,0,797648,5536,5828123,815
198071,11,3,3051021,Buschallee,2019,8,11,3,3,2,5,0,0,1,0,1,0,0,0,803299,151,5832238,536
198072,11,2,2010104,Wassertorplatz,2019,8,16,4,3,6,7,0,1,0,1,0,0,0,0,799037,4848,5825525,393
198073,11,8,8010117,Schillerpromenade,2019,8,12,3,3,2,6,0,1,1,0,0,0,0,0,800581,6621,5823235,918
198074,11,1,1044201,Reinickendorfer Stra�e,2019,8,16,4,2,1,5,0,0,1,0,1,0,0,0,796613,8589,5831758,443
198075,11,1,1033101,Soldiner Stra�e,2019,8,11,3,3,5,3,0,0,1,0,1,0,0,0,797681,2015,5832859,991
198076,11,5,5030832,Rohrdamm,2019,8,11,3,3,6,7,0,0,1,1,0,0,0,0,789682,9471,5829290,225
198077,11,1,1044201,Reinickendorfer Stra�e,2019,8,15,4,3,5,2,0,0,1,0,1,0,0,0,796315,8523,5831639,222
198078,11,6,6040806,Fischtal,2019,8,10,3,3,1,5,0,1,1,0,0,0,0,0,789432,1103,5819803,77
198079,11,4,4030623,Ernst-Reuter-Platz,2019,8,15,4,2,5,2,0,1,0,0,0,0,1,0,793381,1,5827323,304
198080,11,8,8010117,Schillerpromenade,2019,8,9,3,3,5,3,0,0,1,0,1,0,1,0,800610,3629,5823149,809
198081,11,12,12214527,Alt-Tegel,2019,8,12,4,3,5,7,0,0,1,0,1,0,0,0,790382,2859,5834609,562
198082,11,3,3030406,Alt-Karow,2019,8,9,3,3,0,3,0,0,1,0,0,0,1,0,802745,303,5839064,717
198083,11,6,6040703,Nikolassee,2019,8,11,4,3,5,3,0,0,1,0,0,0,0,0,785940,6961,5817242,8
198084,11,8,8010510,Gewerbegebiet K�llnische Heide,2019,8,8,3,3,5,2,0,1,1,0,0,0,0,0,802495,323,5822550,456
198085,11,4,4030620,Alt-Lietzow,2019,8,7,3,3,5,2,0,1,1,0,0,0,0,0,791904,161,5827432,757
198086,11,11,11030721,R�digerstra�e,2019,8,10,4,3,5,5,0,0,1,0,0,0,1,0,805065,1366,5828068,406
198087,11,1,1022105,Zwinglistra�e,2019,8,10,4,3,5,2,0,0,1,0,0,0,0,0,793708,979,5828405,774
198088,11,3,3040614,Pankow Zentrum,2019,8,7,3,3,5,3,0,1,1,0,0,0,0,0,799982,6898,5835097,359
198089,11,11,11010103,Dorf Falkenberg,2019,8,7,3,2,3,6,0,0,0,0,1,0,1,0,809149,8274,5834434,31
198090,11,1,1022206,L�neburger Stra�e,2019,8,10,4,2,6,7,0,0,1,1,0,0,0,0,796249,2749,5828293,77
198091,11,9,9020802,K�llnische Vorstadt,2019,8,7,3,3,2,6,0,0,1,0,1,0,0,0,810121,8602,5820417,14
198092,11,9,9010201,Am Treptower Park S�d,2019,8,9,4,3,5,2,0,1,1,0,0,0,0,0,803087,4944,5824001,539
198093,11,4,4041238,Kissinger Stra�e,2019,8,15,3,3,1,5,0,0,1,0,0,0,0,0,791325,5746,5822594,394
198094,11,11,11030721,R�digerstra�e,2019,8,16,3,3,4,6,0,1,1,0,0,0,0,0,805206,4246,5828089,675
198095,11,7,7060603,Marienfelde Nordost,2019,8,9,4,3,5,2,0,1,1,0,0,0,0,0,798458,235,5816858,123
198096,11,12,12231102,Frohnau,2019,8,15,3,3,0,3,0,0,0,0,1,0,1,1,790597,9421,5839715,374
198097,11,5,5010206,G�tersloher Weg,2019,8,15,3,3,0,3,0,0,1,0,1,0,0,1,781252,7204,5830770,5
198098,11,3,3071536,Teutoburger Platz,2019,8,7,4,3,5,2,0,1,0,0,0,0,1,0,799143,9981,5829203,411
198099,11,4,4020207,Flatowallee,2019,8,16,3,2,5,7,0,0,1,0,0,0,0,0,788126,595,5826660,205
198100,11,5,5020628,Graetschelsteig,2019,8,15,3,3,0,3,0,0,1,0,1,0,0,0,784107,4778,5826571,67
198101,11,1,1044201,Reinickendorfer Stra�e,2019,8,15,4,3,5,2,0,1,1,0,0,0,0,0,796702,6521,5831625,93
198102,11,1,1044201,Reinickendorfer Stra�e,2019,8,14,3,3,6,4,0,1,0,1,0,0,0,0,796484,914,5831932,31
198103,11,3,3071537,Kollwitzplatz,2019,8,15,4,3,4,5,0,1,1,0,0,0,0,0,799661,5668,5830085,927
198104,11,11,11030618,Fennpfuhl West,2019,8,16,3,3,3,6,0,1,0,0,0,0,0,0,803242,889,5829630,813
198105,11,7,7010102,Nollendorfplatz,2019,8,15,4,3,3,6,0,1,1,0,0,0,0,0,794958,6569,5825649,153
198106,11,8,8010118,Silbersteinstra�e,2019,8,14,3,3,0,2,0,0,1,0,1,0,0,0,800608,4452,5822055,673
198107,11,3,3040614,Pankow Zentrum,2019,8,14,4,3,5,3,0,0,1,0,1,0,0,0,798134,5278,5833144,702
198108,11,9,9020701,Adlershof West,2019,8,14,3,2,5,2,0,0,1,0,1,0,0,0,808328,5657,5818867,728
198109,11,9,9051702,B�lschestra�e,2019,8,16,3,3,5,7,0,0,1,0,1,0,0,0,814278,2174,5822668,957
198110,11,4,4020313,K�nigin-Elisabeth-Stra�e,2019,8,14,4,3,6,2,0,0,1,1,0,0,0,0,790619,1232,5826514,546
198111,11,12,12304314,Ziekowstra�e/Freie Scholle,2019,8,14,4,3,1,5,0,1,1,0,0,0,0,0,791350,1453,5835733,339
198112,11,5,5030730,Zitadellenweg,2019,8,13,3,3,5,2,0,1,1,0,0,0,0,0,785740,9699,5829268,777
198113,11,1,1011402,Arkonaplatz,2019,8,8,3,3,5,3,0,1,1,0,0,0,0,0,798594,193,5829506,506
198114,11,8,8010404,Rixdorf,2019,8,13,4,2,5,3,0,0,1,0,1,0,0,0,801372,1812,5823768,391
198115,11,4,4051550,Leon-Jessel-Platz,2019,8,12,3,3,5,7,0,1,1,0,0,0,0,0,793210,3227,5824255,775
198116,11,2,2040701,Andreasviertel,2019,8,13,4,3,5,3,0,0,1,0,0,0,0,0,800313,1137,5827614,722
198117,11,12,12301203,Wittenau S�d,2019,8,16,3,3,3,6,0,0,1,0,0,0,0,0,792996,588,5835643,84
198118,11,3,3050920,Wei�er See,2019,8,13,4,3,5,3,0,0,1,0,0,0,0,0,802176,9,5832418,5
198119,11,2,2050802,Boxhagener Platz,2019,8,15,3,3,5,3,0,0,1,0,0,0,0,1,802674,4834,5827248,385
198120,11,4,4030620,Alt-Lietzow,2019,8,13,4,2,1,5,0,0,1,0,0,0,1,0,792463,4101,5827182,441
198121,11,3,3061430,Volkspark Prenzlauer Berg,2019,8,15,3,3,5,2,0,1,1,0,0,0,0,1,802416,1299,5829233,278
198122,11,6,6040810,Dahlem,2019,8,7,4,3,0,2,0,0,1,0,1,0,0,0,790573,2869,5819746,916
198123,11,12,12301203,Wittenau S�d,2019,8,15,3,3,0,1,0,0,0,0,1,0,0,1,792371,3784,5834089,693
198124,11,7,7010102,Nollendorfplatz,2019,8,12,4,3,1,5,0,1,1,0,0,0,1,0,795909,52,5825162,448
198125,11,9,9051901,Dammvorstadt,2019,8,13,5,3,5,7,0,0,1,0,0,0,1,0,810762,6809,5820884,689
198126,11,10,10040829,Alt-Kaulsdorf,2019,8,13,5,3,1,5,0,1,1,0,0,0,0,0,811523,7931,5827156,263
198127,11,1,1044101,Rehberge,2019,8,13,5,3,5,2,0,1,1,0,0,0,0,0,794165,4345,5830317,61
198128,11,1,1011202,Unter den Linden Nord,2019,8,12,5,3,2,7,0,1,1,0,0,0,0,0,797713,2172,5827742,369
198129,11,1,1022106,Elberfelder Stra�e,2019,8,9,5,2,2,7,0,0,1,0,0,0,0,0,793981,8463,5828213,25
198130,11,4,4020310,Park Ruhwald,2019,8,9,5,2,5,2,0,1,0,0,0,1,0,0,790377,3342,5827305,695
198131,11,1,1011306,Heine-Viertel Ost,2019,8,9,5,3,5,2,0,0,1,0,1,0,0,0,800217,6184,5826836,19
198132,11,1,1044202,Sparrplatz,2019,8,9,5,3,0,5,0,0,1,0,1,0,0,0,794691,916,5829867,29
198133,11,11,11020411,Malchower Weg,2019,8,9,5,3,5,3,0,1,1,0,0,0,0,0,804493,4617,5833106,309
198134,11,1,1044201,Reinickendorfer Stra�e,2019,8,8,5,3,5,3,0,0,1,0,0,0,0,0,796668,538,5831919,27
198135,11,7,7030303,Grazer Platz,2019,8,8,5,3,5,2,0,0,1,0,1,0,0,0,795243,1041,5822265,217
198136,11,12,12214424,Scharnweberstra�e,2019,8,8,5,3,3,6,0,0,1,0,0,1,0,0,793377,6881,5832523,965
198137,11,1,1022206,L�neburger Stra�e,2019,8,8,5,3,5,2,0,1,1,0,0,0,0,0,795547,8192,5828216,315
198138,11,2,2040502,Friedenstra�e,2019,8,8,5,3,5,2,0,1,1,0,0,0,0,0,800682,9989,5828487,434
198139,11,9,9020601,Schnellerstra�e,2019,8,7,5,3,5,2,0,1,1,0,0,0,0,0,807993,4899,5820988,578
198140,11,7,7010101,Wittenbergplatz/Viktoria-Luise-Platz,2019,8,3,5,3,6,6,2,0,0,1,0,0,1,0,794871,7443,5825151,88
198141,11,12,12231101,Hermsdorf,2019,8,10,5,3,0,1,0,0,0,0,1,0,0,0,790969,4582,5839059,932
198142,11,12,12214424,Scharnweberstra�e,2019,8,16,4,3,5,2,0,1,1,0,0,0,0,0,793549,3751,5832363,97
198143,11,12,12304314,Ziekowstra�e/Freie Scholle,2019,8,16,4,3,0,1,0,0,1,0,1,0,0,0,790912,196,5836075,853
198144,11,2,2020202,Rathaus Yorckstra�e,2019,8,4,4,3,5,3,2,0,1,0,0,0,0,1,797613,612,5825516,809
198145,11,3,3061126,Arnimplatz,2019,8,19,4,3,2,2,2,0,1,0,1,0,0,0,798279,9804,5831806,93
198146,11,4,4030620,Alt-Lietzow,2019,8,19,4,3,5,3,1,0,1,0,1,0,0,0,792153,9557,5827387,865
198147,11,6,6010205,S�dende,2019,8,18,4,3,5,2,0,0,1,0,1,0,0,0,795319,9544,5819776,99
198148,11,7,7030301,Friedenau,2019,8,18,4,3,5,7,0,1,0,0,0,0,1,0,793975,5858,5821710,854
198149,11,2,2010101,Askanischer Platz,2019,8,17,4,3,1,5,0,0,1,0,1,0,0,0,797765,6944,5826033,166
198150,11,2,2050602,Samariterviertel,2019,8,16,4,3,1,5,0,1,1,0,0,0,0,0,803387,508,5827907,456
198151,11,2,2020206,Graefekiez,2019,8,18,4,3,3,6,0,1,1,0,0,0,0,0,799873,7068,5825357,12
198152,11,5,5020521,D�beritzer Weg,2019,8,17,4,3,0,3,0,1,1,0,0,0,0,0,780077,7011,5827688,408
198153,11,6,6020409,K�nigsberger Stra�e,2019,8,14,4,2,2,6,0,0,1,0,0,0,1,0,793570,7253,5817998,586
198154,11,7,7030301,Friedenau,2019,8,17,4,3,3,6,0,1,1,0,0,0,0,0,794359,268,5822247,24
198155,11,4,4051652,Nikolsburger Platz,2019,8,17,4,3,0,4,0,1,0,1,0,0,0,0,793463,7422,5824621,626
198156,11,7,7010102,Nollendorfplatz,2019,8,15,4,3,3,6,0,1,1,0,0,0,0,0,795727,2576,5824969,538
198157,11,7,7040403,Manteuffelstra�e,2019,8,22,4,3,5,3,2,0,1,0,0,0,0,0,797649,58,5822183,979
198158,11,7,7020203,Kaiser-Wilhelm-Platz,2019,8,19,4,3,5,2,0,1,1,0,0,0,0,0,795524,7069,5823822,16
198159,11,1,1033201,Brunnenstra�e,2019,8,8,4,2,6,4,0,1,0,1,0,0,0,0,797803,3082,5831143,384
198160,11,1,1011204,Leipziger Stra�e,2019,8,8,4,3,5,3,0,1,1,0,0,0,0,0,797890,573,5826670,873
198161,11,5,5040934,Alt-Gatow,2019,8,8,4,3,5,3,0,0,1,0,1,0,0,0,783690,2927,5824737,193
198162,11,2,2040701,Andreasviertel,2019,8,7,4,3,5,2,0,0,1,0,0,0,0,0,800425,4654,5827972,786
198163,11,12,12214422,Klixstra�e,2019,8,7,4,3,6,2,0,0,1,1,0,0,0,0,792214,8478,5833712,562
198164,11,3,3020307,Buchholz,2019,8,7,4,3,6,2,0,0,1,1,0,0,0,0,799901,8925,5838069,646
198165,11,5,5010314,Carl-Schurz-Stra�e,2019,8,6,4,2,0,6,1,0,1,0,1,0,0,0,785231,284,5829322,145
198166,11,8,8020622,Parchimer Allee,2019,8,6,4,3,5,3,0,1,0,0,0,0,1,0,801258,6916,5819803,717
198167,11,7,7050504,Imbrosweg,2019,8,9,4,3,9,1,0,0,1,0,0,0,1,0,799445,2164,5819614,41
198168,11,10,10010308,Marzahner Chaussee,2019,8,17,4,2,5,2,0,0,1,0,1,0,0,0,806521,665,5829883,215
198169,11,1,1011203,Unter den Linden S�d,2019,8,16,4,2,5,3,0,1,1,0,0,0,0,0,797901,5781,5827372,985
198170,11,7,7020203,Kaiser-Wilhelm-Platz,2019,8,15,4,3,0,1,0,0,1,0,1,0,0,0,795241,2935,5823949,464