OBJECTID,LAND,BEZ,LOR,STRASSE,UJAHR,UMONAT,USTUNDE,UWOCHENTAG,UKATEGORIE,UART,UTYP1,ULICHTVERH,IstRad,IstPKW,IstFuss,IstKrad,IstGkfz,IstSonstige,USTRZUSTAND,LINREFX,LINREFY,XGCSWGS84,YGCSWGS84
198171,11,12,12214527,Alt-Tegel,2019,8,15,4,3,5,3,0,1,1,0,0,0,0,0,790384,5358,5834864,373
198172,11,10,10010308,Marzahner Chaussee,2019,8,15,4,3,5,3,0,1,1,0,0,0,0,0,806824,9184,5830304,99
198173,11,9,9010401,Johannisthal West,2019,8,15,4,3,6,4,0,0,1,1,0,0,0,0,806211,5535,5820346,362
198174,11,8,8010301,Reuterkiez,2019,8,15,4,3,5,2,0,1,1,0,0,0,0,0,800525,9921,5824460,619
198175,11,6,6040809,Thielallee,2019,8,14,4,2,5,3,0,1,1,0,0,0,0,0,791452,5944,5820604,459
198176,11,9,9020701,Adlershof West,2019,8,14,4,3,5,2,0,0,1,0,0,0,0,0,808252,3394,5818799,369
198177,11,2,2010101,Askanischer Platz,2019,8,12,4,3,5,3,0,1,1,0,0,0,0,0,797704,579,5825813,425
198178,11,4,4030417,Schlo�stra�e,2019,8,11,4,3,5,2,0,1,0,0,1,0,0,0,790955,683,5826746,159
198179,11,8,8020728,Buckow Ost,2019,8,10,4,2,2,6,0,0,1,0,1,0,0,0,801959,6883,5816764,3
198180,11,9,9031101,Gr�nau,2019,8,9,4,3,5,3,0,0,1,0,0,0,1,0,812114,2283,5816639,83
198181,11,4,4010102,Pl�tzensee,2019,8,9,4,2,5,3,0,0,1,0,1,0,0,0,792207,3734,5830684,93
198182,11,11,11010103,Dorf Falkenberg,2019,8,9,4,3,5,2,0,1,0,0,0,0,1,0,809245,205,5834482,632
198183,11,10,10020517,Adele-Sandrock-Stra�e,2019,8,11,3,2,0,7,0,1,0,0,0,0,0,0,812407,897,5830384,316
198184,11,7,7040405,Rathaus Tempelhof,2019,8,15,3,3,2,6,0,0,1,0,0,0,0,0,798046,514,5821303,393
198185,11,7,7010101,Wittenbergplatz/Viktoria-Luise-Platz,2019,8,8,3,3,5,3,0,1,0,0,0,0,0,0,794677,8673,5825722,47
198186,11,12,12214421,Reinickes Hof,2019,8,21,3,3,0,1,2,0,0,0,1,0,0,0,793398,9803,5833160,59
198187,11,3,3040614,Pankow Zentrum,2019,8,20,3,3,2,6,2,1,0,0,0,0,0,0,798671,7682,5833084,359
198188,11,1,1011201,Wilhelmstra�e,2019,8,18,3,3,5,3,0,1,0,0,0,0,0,0,796957,4022,5826860,539
198189,11,6,6030609,Augustaplatz,2019,8,16,3,3,5,3,0,0,1,0,0,0,0,0,792194,7217,5819106,539
198190,11,8,8030829,Gropiusstadt Nord,2019,8,19,3,2,1,1,0,0,1,0,0,0,1,0,803503,5955,5818195,812
198191,11,2,2010102,Mehringplatz,2019,8,16,3,3,2,6,0,0,1,0,0,0,0,0,797979,1195,5826093,606
198192,11,8,8010303,Donaustra�e,2019,8,16,3,3,2,6,0,0,1,0,0,0,1,0,801396,7181,5823859,959
198193,11,12,12302110,Dannenwalder Weg,2019,8,15,3,3,0,1,0,0,1,0,1,0,0,0,794577,2586,5835786,5
198194,11,12,12224230,Heiligensee,2019,8,15,3,3,5,3,0,1,0,0,0,0,0,0,786392,2808,5837057,435
198195,11,2,2010102,Mehringplatz,2019,8,14,3,3,6,2,0,0,0,1,0,1,0,0,798432,6276,5826539,677
198196,11,4,4010103,Paul-Hertz-Siedlung,2019,8,14,3,3,5,3,0,1,1,0,0,0,0,0,791220,8483,5829150,519
198197,11,1,1044202,Sparrplatz,2019,8,18,3,3,5,2,0,1,1,0,0,0,0,0,794623,9212,5829871,433
198198,11,1,1011201,Wilhelmstra�e,2019,8,18,3,3,1,5,0,1,1,0,0,0,0,0,797233,4964,5826903,722
198199,11,2,2010103,Moritzplatz,2019,8,18,3,3,0,7,0,0,1,0,0,0,1,0,799739,616,5825778,625
198200,11,1,1022204,Thomasiusstra�e,2019,8,18,3,3,1,5,0,1,1,0,0,0,1,0,795104,1432,5828175,4
198201,11,4,4030931,Breitscheidplatz,2019,8,16,3,3,0,2,0,0,1,0,0,0,1,0,794011,47,5826194,454
198202,11,1,1011303,Alexanderplatzviertel,2019,8,9,3,3,0,5,0,1,0,0,0,1,0,0,799150,9199,5828820,352
198203,11,8,8041036,Zittauer Stra�e,2019,8,17,3,2,6,4,0,0,0,1,1,0,0,0,805057,5418,5817553,599
198204,11,1,1011102,Gro�er Tiergarten,2019,8,17,3,2,6,7,0,1,0,1,0,0,0,0,795342,9201,5827397,34
198205,11,5,5010339,Freiheit,2019,8,15,3,3,5,2,0,0,1,0,0,0,0,0,787590,6037,5828023,173
198206,11,9,9031001,Bohnsdorf,2019,8,15,3,2,5,2,0,1,1,0,0,0,0,0,811048,221,5814498,62
198207,11,1,1044102,Schillerpark,2019,8,10,3,3,2,3,0,1,1,0,0,0,0,0,795962,9381,5831990,758
198208,11,3,3040614,Pankow Zentrum,2019,8,10,3,3,2,3,0,0,1,0,1,0,0,0,799981,1293,5835329,211
198209,11,3,3071638,Winsstra�e,2019,8,9,3,3,2,6,0,1,1,0,0,0,0,0,800093,7381,5829625,3
198210,11,5,5020522,Pillnitzer Weg,2019,8,9,3,3,2,2,0,0,1,0,0,0,0,0,781042,5065,5827415,933
198211,11,12,12214125,Waldidyll/Flughafensee,2019,8,8,3,3,0,4,0,0,1,1,0,0,0,0,791147,7429,5830923,605
198212,11,7,7040405,Rathaus Tempelhof,2019,8,9,3,3,5,2,0,1,1,0,0,0,0,0,799585,674,5820831,576
198213,11,9,9041401,Allende I,2019,8,9,3,3,5,2,0,0,1,0,0,0,0,0,811919,5806,5820620,62
198214,11,9,9020501,Obersch�neweide West,2019,8,7,3,3,5,2,0,1,0,0,0,1,0,0,806598,453,5822779,826
198215,11,2,2030302,Lausitzer Platz,2019,8,7,3,3,5,3,0,0,1,0,1,0,0,0,801323,9531,5826153,855
198216,11,7,7060604,Marienfelde S�d,2019,8,8,3,1,6,4,0,0,0,1,0,1,0,0,796670,288,5815843,282
198217,11,2,2020206,Graefekiez,2019,8,18,2,3,6,4,0,1,0,1,0,0,0,0,799778,6326,5824848,84
198218,11,3,3030715,Heinersdorf,2019,8,10,2,3,3,6,0,1,0,0,0,0,0,0,800272,575,5833800,371
198219,11,1,1022104,Emdener Stra�e,2019,8,18,2,3,6,4,0,0,0,1,0,0,1,0,793904,6059,5829146,219
198220,11,3,3051022,Hansastra�e,2019,8,13,2,3,4,6,0,0,1,0,1,0,0,0,803631,2672,5831996,837
198221,11,3,3040614,Pankow Zentrum,2019,8,17,2,3,2,6,0,0,1,0,0,0,0,0,799755,8458,5835488,128
198222,11,10,10030725,Buckower Ring,2019,8,17,2,2,2,7,0,0,1,0,0,0,0,0,810006,438,5829652,365
198223,11,4,4051445,Eisenzahnstra�e,2019,8,17,2,3,1,5,0,0,1,0,0,0,0,0,792079,8298,5824698,35
198224,11,10,10040933,Mahlsdorf S�d,2019,8,17,2,3,5,2,0,0,1,0,0,0,1,0,812501,1675,5824933,417
198225,11,7,7040406,Germaniagarten,2019,8,16,2,2,6,4,0,0,1,1,0,0,0,0,800215,7048,5821548,242
198226,11,7,7040403,Manteuffelstra�e,2019,8,16,2,3,5,2,0,0,1,0,1,0,0,0,797325,4143,5821877,618
198227,11,12,12301205,Waidmannslust,2019,8,15,2,3,5,3,0,0,1,0,1,0,0,0,791970,2733,5837474,412
198228,11,1,1044201,Reinickendorfer Stra�e,2019,8,15,2,3,5,3,0,0,1,0,0,0,0,0,795774,7383,5831020,84
198229,11,7,7010102,Nollendorfplatz,2019,8,15,2,3,2,6,0,0,1,0,1,0,0,0,794978,4465,5825688,246
198230,11,1,1022206,L�neburger Stra�e,2019,8,23,2,3,6,4,2,0,1,1,0,0,0,0,796338,7845,5828547,46
198231,11,5,5010313,Ackerstra�e,2019,8,15,2,3,6,2,0,0,1,1,0,0,0,0,784375,1759,5830008,722
198232,11,3,3071536,Teutoburger Platz,2019,8,19,2,3,6,4,0,1,0,1,0,0,0,0,799136,159,5829207,22
198233,11,11,11051331,Karlshorst Nord,2019,8,18,5,3,5,2,0,1,1,0,0,0,0,0,807349,604,5825169,976
198234,11,1,1011302,Oranienburger Stra�e,2019,8,19,2,3,5,2,0,1,1,0,0,0,0,0,798244,8851,5829014,66
198235,11,6,6040810,Dahlem,2019,8,14,2,3,1,5,0,0,1,0,0,0,1,0,790539,6198,5821340,616
198236,11,4,4041343,Binger Stra�e,2019,8,19,2,3,5,2,0,1,1,0,0,0,0,0,792656,8417,5823060,347
198237,11,2,2040703,Wriezener Bahnhof/Entwicklungsgebiet,2019,8,14,2,3,5,3,0,1,0,0,0,0,1,0,801947,4103,5826800,343
198238,11,6,6010205,S�dende,2019,8,19,2,2,5,7,0,0,0,0,1,0,1,0,796074,8799,5819507,961
198239,11,11,11041128,Sewanstra�e,2019,8,19,2,3,1,5,0,1,1,0,0,0,0,0,805808,3264,5825333,583
198240,11,3,3051022,Hansastra�e,2019,8,17,2,3,2,6,0,1,1,0,0,0,0,0,802862,1921,5832030,837
198241,11,1,1011303,Alexanderplatzviertel,2019,8,18,2,3,2,6,0,1,1,0,0,0,0,0,799273,2421,5828505,812
198242,11,1,1011102,Gro�er Tiergarten,2019,8,13,2,3,2,6,0,0,1,0,0,0,0,0,795219,4702,5826719,892
198243,11,10,10030726,Alt-Biesdorf,2019,8,18,2,3,5,2,0,0,1,0,0,0,0,0,808764,221,5827432,381
198244,11,12,12231102,Frohnau,2019,8,12,2,3,5,3,0,0,1,0,1,0,0,0,790591,124,5839723,553
198245,11,6,6040810,Dahlem,2019,8,12,2,3,5,7,0,0,1,0,0,0,0,0,790241,1479,5820067,965
198246,11,2,2030302,Lausitzer Platz,2019,8,12,2,3,2,2,0,0,1,0,0,1,0,0,801453,1465,5826032,7
198247,11,2,2040501,Barnimkiez,2019,8,12,2,3,1,5,0,1,0,0,0,0,1,0,800254,7405,5828886,841
198248,11,2,2030302,Lausitzer Platz,2019,8,11,2,3,5,3,0,0,1,0,0,0,0,0,800621,143,5826265,769
198249,11,6,6010101,Fichtenberg,2019,8,11,2,3,5,2,0,1,1,0,0,0,0,0,793310,6537,5820736,578
198250,11,8,8030831,Gropiusstadt Ost,2019,8,11,2,2,6,2,0,0,1,1,0,0,0,0,803716,3904,5818001,884
198251,11,4,4051655,Babelsberger Stra�e,2019,8,10,2,3,2,2,0,1,1,0,0,0,0,0,793946,7383,5823412,781
198252,11,6,6020306,Lankwitz S�d,2019,8,8,2,3,5,3,0,0,1,0,0,0,1,0,796568,8556,5817625,541
198253,11,4,4030929,Hindemithplatz,2019,8,7,2,2,5,7,0,0,1,0,1,0,0,0,792711,4673,5825636,123
198254,11,6,6030605,Botanischer Garten,2019,8,6,2,3,2,6,0,0,1,0,1,0,0,0,793022,1835,5820145,473
198255,11,1,1011102,Gro�er Tiergarten,2019,8,6,2,3,5,2,1,1,1,0,0,0,0,0,796575,9464,5827796,89
198256,11,9,9010401,Johannisthal West,2019,8,5,2,3,0,1,1,0,1,0,1,0,0,1,806124,9918,5820123,612
198257,11,2,7040401,Neu-Tempelhof,2019,8,5,2,3,2,6,1,0,1,0,0,0,0,0,797130,683,5823973,887
198258,11,12,12214126,Tegel S�d,2019,8,11,2,3,0,7,0,0,1,0,0,0,0,0,790457,6825,5834209,576
198259,11,6,6020411,Sch�tte-Lanz-Stra�e,2019,8,19,1,3,2,6,0,0,1,0,0,0,0,0,793386,8543,5816217,313
198260,11,5,5010314,Carl-Schurz-Stra�e,2019,8,19,1,3,0,6,0,0,0,0,1,0,1,1,784794,722,5828863,748
198261,11,8,8020622,Parchimer Allee,2019,8,21,1,3,5,3,2,0,1,0,0,0,0,1,802541,5894,5819679,866
198262,11,4,4020310,Park Ruhwald,2019,8,13,1,3,2,3,0,0,1,0,0,0,0,0,789873,8949,5827398,55
198263,11,9,9010402,Johannisthal Ost,2019,8,21,1,3,2,2,2,0,1,0,0,0,0,1,805710,5759,5818789,747
198264,11,1,1011401,Invalidenstra�e,2019,8,22,1,2,0,7,2,0,0,0,0,0,1,1,798339,3894,5829327,232
198265,11,7,7010104,Dennewitzplatz,2019,8,22,1,2,4,1,2,0,1,0,0,0,0,1,796225,232,5824322,93
198266,11,1,1011201,Wilhelmstra�e,2019,8,18,1,3,0,1,0,0,0,0,1,0,0,1,796978,2488,5827086,663
198267,11,11,11020412,Hauptstra�e,2019,8,20,1,2,0,1,1,0,0,0,1,0,0,1,805843,3076,5831841,497
198268,11,1,1011105,N�rdlicher Landwehrkanal,2019,8,19,1,2,5,2,0,0,1,0,0,0,0,1,796574,942,5826872,141
198269,11,1,1022106,Elberfelder Stra�e,2019,8,19,1,3,2,6,0,0,1,0,0,0,0,1,793667,3022,5827986,539
198270,11,12,12302107,Schorfheidestra�e,2019,8,19,1,3,2,6,0,0,1,0,0,0,0,1,793881,4145,5836161,858
198271,11,4,4020312,Branitzer Platz,2019,8,18,1,3,5,3,0,1,1,0,0,0,0,1,789630,675,5827416,167
198272,11,7,7070703,John-Locke-Stra�e,2019,8,18,1,3,5,2,0,1,1,0,0,0,0,1,799772,6958,5813975,333
198273,11,7,7020203,Kaiser-Wilhelm-Platz,2019,8,17,1,3,1,5,0,1,1,0,0,0,0,0,795693,87,5824483,21
198274,11,1,1011303,Alexanderplatzviertel,2019,8,17,1,3,5,2,0,0,1,0,0,0,1,1,799129,7318,5827659,29
198275,11,2,2010103,Moritzplatz,2019,8,16,1,3,5,3,0,0,1,0,0,0,0,0,799594,4348,5825831,578
198276,11,8,8020625,Handwerker-Siedlung,2019,8,16,1,2,1,5,0,0,1,0,0,0,0,0,802446,3083,5818958,1
198277,11,3,3020203,Blankenfelde,2019,8,16,1,3,5,2,0,0,1,0,0,0,0,1,798052,632,5837196,929
198278,11,12,12103219,Sch�fersee,2019,8,14,1,3,5,3,0,0,1,0,0,0,0,0,794075,937,5832617,451
198279,11,4,4030416,Klausenerplatz,2019,8,14,1,3,5,7,0,0,1,0,0,0,0,1,790911,432,5826923,551
198280,11,2,2020205,Chamissokiez,2019,8,13,1,3,6,2,0,1,0,1,0,0,0,1,798140,8143,5824540,511
198281,11,5,5030730,Zitadellenweg,2019,8,11,1,3,2,6,0,0,1,0,0,0,0,1,786640,6781,5829240,462
198282,11,6,6020306,Lankwitz S�d,2019,8,11,1,2,5,3,0,0,1,0,0,0,0,1,796230,8244,5817020,39
198283,11,7,7010102,Nollendorfplatz,2019,8,2,1,3,3,6,2,0,1,0,1,0,0,0,795206,4072,5825599,584
198284,11,9,9010202,K�penicker Landstra�e,2019,8,21,1,3,2,6,2,0,1,0,0,0,1,1,803799,7747,5823297,839
198285,11,7,7020203,Kaiser-Wilhelm-Platz,2019,8,18,7,3,1,5,0,0,1,0,0,0,0,0,795014,47,5824333,292
198286,11,2,2040702,Weberwiese,2019,8,4,7,3,1,1,2,0,1,0,0,0,0,0,801384,3386,5827739,978
198287,11,4,4030725,Amtsgerichtsplatz,2019,8,1,7,3,0,4,2,1,0,1,0,0,0,0,791376,8671,5826072,4
198288,11,8,8010118,Silbersteinstra�e,2019,8,13,7,3,5,2,0,1,1,0,0,0,0,0,800995,7581,5822155,43
198289,11,12,12214126,Tegel S�d,2019,8,13,7,3,5,2,0,0,1,0,1,0,0,0,789889,144,5833976,529
198290,11,2,2020203,Viktoriapark,2019,8,13,7,3,6,4,0,1,0,1,0,0,0,0,797777,6624,5824942,951
198291,11,1,1011102,Gro�er Tiergarten,2019,8,12,7,3,5,3,0,0,1,0,0,0,1,0,796586,2338,5827816,328
198292,11,7,7040403,Manteuffelstra�e,2019,8,12,7,3,5,2,0,0,1,0,0,0,0,0,797842,3625,5822205,153
198293,11,1,1011202,Unter den Linden Nord,2019,8,12,7,3,0,1,0,0,0,0,1,0,0,0,797733,2955,5827622,64
198294,11,1,1044201,Reinickendorfer Stra�e,2019,8,11,7,3,2,6,0,0,1,0,0,0,0,0,796952,671,5831899,654
198295,11,2,2020204,Urbanstra�e,2019,8,0,7,3,0,1,2,0,0,0,0,0,1,0,798613,5299,5825153,76
198296,11,9,9020701,Adlershof West,2019,8,22,7,2,5,2,2,0,1,0,0,0,0,0,808977,9832,5818113,768
198297,11,1,1011304,Karl-Marx-Allee,2019,8,22,7,3,2,6,2,0,1,0,0,0,0,0,800225,2432,5828426,842
198298,11,6,6020411,Sch�tte-Lanz-Stra�e,2019,8,20,7,3,6,7,2,1,0,1,0,0,0,0,794268,9484,5815533,726
198299,11,7,7010104,Dennewitzplatz,2019,8,19,7,3,5,3,0,1,1,0,0,0,0,0,796046,354,5825344,573
198300,11,3,3030711,Blankenburg,2019,8,18,7,3,0,7,0,1,0,0,0,0,0,0,801118,3191,5836034,273
198301,11,9,9010202,K�penicker Landstra�e,2019,8,17,7,2,5,3,0,0,1,0,1,0,0,0,804486,1935,5823237,529
198302,11,6,6020409,K�nigsberger Stra�e,2019,8,17,7,3,2,6,0,0,1,0,0,0,0,0,793655,698,5818166,124
198303,11,2,2030401,Reichenberger Stra�e,2019,8,16,7,3,2,7,0,0,1,0,0,0,1,0,800090,6547,5825409,807
198304,11,5,5020524,Weinmeisterhornweg,2019,8,16,7,2,0,1,0,1,0,0,0,0,0,0,782963,2289,5826869,47
198305,11,5,5010314,Carl-Schurz-Stra�e,2019,8,15,7,3,2,6,0,0,1,0,0,0,0,0,783578,3051,5829044,822
198306,11,4,4041344,R�desheimer Platz,2019,8,15,7,3,5,3,0,1,1,0,0,0,0,0,793372,6104,5822415,331
198307,11,6,6040810,Dahlem,2019,8,15,7,3,2,6,0,0,1,0,0,0,0,0,792336,3209,5820811,341
198308,11,1,1044201,Reinickendorfer Stra�e,2019,8,15,7,3,1,5,0,0,1,0,1,0,0,0,797107,8358,5831922,896
198309,11,2,2050802,Boxhagener Platz,2019,8,14,7,3,2,6,0,0,1,0,0,0,1,0,801980,9387,5826926,671
198310,11,7,7050501,Rathausstra�e,2019,8,14,7,3,2,6,0,1,1,0,0,0,0,0,797817,1339,5819926,11
198311,11,11,11051331,Karlshorst Nord,2019,8,8,6,2,5,3,0,1,1,0,0,0,0,0,807713,637,5825488,764
198312,11,7,7030301,Friedenau,2019,8,19,6,3,6,7,0,0,1,1,0,0,0,0,793733,5763,5821634,544
198313,11,12,12214421,Reinickes Hof,2019,8,20,6,3,5,2,0,0,1,0,1,0,0,0,793465,116,5833646,389
198314,11,8,8010301,Reuterkiez,2019,8,19,6,3,3,6,0,1,1,0,0,0,0,0,800664,6143,5824372,159
198315,11,1,1011304,Karl-Marx-Allee,2019,8,18,6,3,5,2,0,0,1,0,1,0,0,0,799672,5587,5827881,637
198316,11,1,1011302,Oranienburger Stra�e,2019,8,17,6,3,3,6,0,0,1,0,1,0,0,0,798980,4577,5829004,514
198317,11,9,9020701,Adlershof West,2019,8,16,6,3,5,2,0,1,1,0,0,0,0,0,809055,984,5818762,711
198318,11,10,10040830,Kaulsdorf S�d,2019,8,16,6,3,2,6,0,0,1,0,0,0,1,0,810731,1928,5826407,978
198319,11,1,1022101,Huttenkiez,2019,8,16,6,3,0,5,0,1,0,0,0,0,1,0,793238,3312,5829015,465
198320,11,4,4051655,Babelsberger Stra�e,2019,8,16,6,3,6,4,0,0,1,1,0,0,0,0,793928,5465,5823210,57
198321,11,1,1011305,Heine-Viertel West,2019,8,15,6,3,5,2,0,1,0,0,0,0,0,0,799354,5552,5827167,918
198322,11,4,4031032,Halensee,2019,8,15,6,3,2,6,0,0,1,0,0,0,0,0,791459,9935,5825057,813
198323,11,6,6040804,Krumme Lanke,2019,8,15,6,3,5,2,0,1,1,0,0,0,0,0,787765,2273,5818324,519
198324,11,1,1044201,Reinickendorfer Stra�e,2019,8,14,6,3,5,3,0,1,1,0,0,0,0,0,796202,406,5830765,475
198325,11,1,1022106,Elberfelder Stra�e,2019,8,15,6,3,2,6,0,0,1,0,0,0,0,0,793764,165,5828134,4
198326,11,7,7050505,Hundsteinweg,2019,8,15,6,3,2,7,0,0,1,0,0,0,0,0,799433,6575,5817747,153
198327,11,9,9030902,Wohngebiet II,2019,8,16,6,3,5,2,0,1,1,0,0,0,0,0,807652,934,5815400,169
198328,11,12,12304314,Ziekowstra�e/Freie Scholle,2019,8,14,6,3,5,7,0,0,1,0,1,0,0,0,790630,4004,5835827,695
198329,11,4,4030518,Tegeler Weg,2019,8,18,6,3,0,7,0,0,0,0,0,0,1,0,791512,1869,5828130,99
198330,11,9,9041301,Kietzer Feld/Nachtheide,2019,8,17,6,3,2,6,0,1,1,0,0,0,0,0,811432,6706,5819474,455
198331,11,7,7060604,Marienfelde S�d,2019,8,2,6,2,8,7,2,1,1,0,0,0,0,0,796645,547,5815862,454
198332,11,3,3061126,Arnimplatz,2019,8,7,6,3,2,6,0,0,1,0,1,0,0,0,799182,1473,5831775,365
198333,11,3,3051017,Rennbahnstra�e,2019,8,7,6,3,5,3,0,0,1,0,0,0,0,0,803393,7433,5833112,228
198334,11,10,10030724,Oberfeldstra�e,2019,8,7,6,3,1,5,0,1,1,0,0,0,0,0,809366,3268,5829235,102
198335,11,11,11041128,Sewanstra�e,2019,8,6,6,3,1,7,0,0,1,0,0,0,0,0,805978,4899,5826277,409
198336,11,1,1011305,Heine-Viertel West,2019,8,0,6,2,0,1,2,1,0,0,0,0,0,0,799499,6351,5826668,556
198337,11,1,1022104,Emdener Stra�e,2019,8,13,6,3,0,5,0,1,1,0,0,0,0,0,794543,7657,5829040,924
198338,11,4,4031032,Halensee,2019,8,13,6,3,2,6,0,0,1,0,0,0,0,0,791039,1783,5824879,449
198339,11,3,3030405,Karow Nord,2019,8,13,6,3,3,6,0,0,1,0,0,0,0,0,803714,4017,5839273,64
198340,11,7,7040401,Neu-Tempelhof,2019,8,13,6,3,1,5,0,0,1,0,1,0,0,0,797197,7923,5823488,604
198341,11,10,10020413,Gut Hellersdorf,2019,8,12,6,3,8,1,0,0,0,0,1,0,0,0,810981,7664,5830923,61
198342,11,12,12214125,Waldidyll/Flughafensee,2019,8,12,6,3,5,2,0,1,1,0,0,0,0,0,790807,8287,5834063,812
198343,11,3,3030406,Alt-Karow,2019,8,11,6,3,5,3,0,1,1,0,0,0,0,0,803213,496,5838294,556
198344,11,4,4030622,Richard-Wagner-Stra�e,2019,8,11,6,3,5,2,0,0,1,0,0,0,0,0,792215,1299,5826873,904
198345,11,1,1033203,Humboldthain Nordwest,2019,8,11,6,2,0,7,0,0,1,0,0,0,1,0,796805,5748,5831258,191
198346,11,2,2030402,Wrangelkiez,2019,8,10,6,3,2,6,0,0,1,0,0,0,0,0,801686,8795,5825869,68
198347,11,4,4030417,Schlo�stra�e,2019,8,10,6,2,6,2,0,0,1,1,0,0,0,0,791778,1502,5827053,66
198348,11,3,3020203,Blankenfelde,2019,8,10,6,3,9,1,0,0,1,0,0,0,0,0,797647,186,5838779,393
198349,11,4,4020209,Eichkamp,2019,8,10,6,3,5,3,0,1,0,0,0,0,1,0,789514,4306,5824664,94
198350,11,1,1011302,Oranienburger Stra�e,2019,8,9,6,3,5,3,0,1,1,0,0,0,0,0,798295,2768,5828774,576
198351,11,1,1033201,Brunnenstra�e,2019,8,9,6,3,5,2,0,1,0,0,0,1,0,0,798081,4207,5830001,1
198352,11,10,10010102,Havemannstra�e,2019,8,10,6,3,3,6,0,1,0,0,0,0,1,0,809827,5043,5834061,469
198353,11,3,3050923,Wei�enseer Spitze,2019,8,8,6,3,5,3,0,0,1,0,0,0,0,0,800771,1214,5832134,759
198354,11,8,8010301,Reuterkiez,2019,8,10,6,3,5,2,0,1,1,0,0,0,0,0,801063,6899,5824921,84
198355,11,5,5010312,Kurstra�e,2019,8,17,5,3,5,3,0,0,1,0,0,0,0,0,785160,8257,5829594,63
198356,11,1,1022207,Hansaviertel,2019,8,8,6,3,1,5,0,0,1,0,1,0,0,0,794737,1235,5827921,657
198357,11,10,10020517,Adele-Sandrock-Stra�e,2019,8,8,6,3,5,2,0,1,1,0,0,0,0,0,813056,504,5830189,813
198358,11,1,1011101,St�lerstra�e,2019,8,16,5,3,1,7,0,1,1,0,0,0,0,0,794471,7764,5826103,989
198359,11,1,1033101,Soldiner Stra�e,2019,8,8,6,3,5,2,0,0,1,0,1,0,0,0,796662,2414,5832016,891
198360,11,4,4031032,Halensee,2019,8,9,6,3,1,5,0,1,1,0,0,0,0,0,791519,3604,5825076,898
198361,11,3,3061228,Erich-Weinert-Stra�e,2019,8,16,5,3,0,6,0,1,0,0,0,0,1,0,800676,1451,5831379,892
198362,11,4,4030929,Hindemithplatz,2019,8,9,6,3,1,5,0,1,0,0,0,0,1,0,792496,9924,5825773,292
198363,11,3,3061430,Volkspark Prenzlauer Berg,2019,8,9,5,2,5,2,0,1,1,0,0,0,0,0,802413,2504,5829232,49
198364,11,7,7010104,Dennewitzplatz,2019,8,15,6,2,5,2,0,1,0,0,0,0,1,0,796687,5014,5824815,48
198365,11,3,3061228,Erich-Weinert-Stra�e,2019,8,14,5,3,5,2,0,1,1,0,0,0,0,0,800237,8485,5831183,83
198366,11,1,1044202,Sparrplatz,2019,8,15,6,3,0,1,0,0,0,0,1,0,0,0,795623,3802,5830524,891
198367,11,2,2010102,Mehringplatz,2019,8,9,5,3,6,7,0,0,1,1,0,0,0,0,797959,767,5826222,35
198368,11,2,2040703,Wriezener Bahnhof/Entwicklungsgebiet,2019,8,9,6,3,5,3,0,1,1,0,0,0,0,0,801755,4664,5826262,313
198369,11,4,4030930,George-Grosz-Platz,2019,8,18,5,3,6,2,0,0,1,1,0,0,0,0,793139,5995,5825769,424
198370,11,1,1011104,K�rnerstra�e,2019,8,14,6,2,5,3,0,1,1,0,0,0,0,0,796322,4473,5825939,404
198371,11,7,7050502,Fritz-Werner-Stra�e,2019,8,18,5,3,1,5,0,1,1,0,0,0,0,0,798092,7355,5818431,367
198372,11,8,8010301,Reuterkiez,2019,8,23,5,3,2,2,2,0,1,0,0,0,0,0,800790,8062,5824328,663
198373,11,6,6010209,Feuerbachstra�e,2019,8,14,6,3,5,2,0,0,1,0,1,0,0,0,794656,7601,5820891,288
198374,11,11,11051229,Rummelsburg,2019,8,22,5,3,0,1,2,1,0,0,0,0,0,0,803787,423,5826193,366
198375,11,8,8030830,Gropiusstadt S�d,2019,8,14,6,3,2,6,0,0,1,0,0,0,0,0,802661,4427,5818106,211
198376,11,1,1011303,Alexanderplatzviertel,2019,8,22,5,3,2,6,2,0,1,0,1,0,0,0,799639,966,5828700,216
198377,11,5,5020625,Borkumer Stra�e,2019,8,20,5,3,2,6,0,0,1,0,0,0,0,0,784654,507,5828610,657
198378,11,6,6020303,Lankwitz Kirche,2019,8,14,6,3,0,6,0,1,0,0,0,0,0,0,795421,702,5818017,868
198379,11,12,12302109,Treuenbrietzener Stra�e,2019,8,20,5,3,6,7,1,0,1,1,0,0,0,0,795688,2284,5837006,102
198380,11,3,3061227,Humannplatz,2019,8,9,6,3,5,3,0,1,1,0,0,0,0,0,800107,8411,5831704,331
198381,11,1,1044202,Sparrplatz,2019,8,18,5,3,2,7,0,1,1,0,0,0,0,0,795552,37,5830735,247
198382,11,11,11020514,Gro�e-Leege-Stra�e,2019,8,14,6,2,2,2,0,1,1,0,0,0,0,0,804735,6719,5831197,811
198383,11,10,10040933,Mahlsdorf S�d,2019,8,17,5,3,0,7,0,1,0,0,0,0,0,0,812538,793,5825004,972
198384,11,6,6040703,Nikolassee,2019,8,13,6,2,0,3,0,1,0,0,1,0,0,0,787137,1802,5817203,306
198385,11,1,1011204,Leipziger Stra�e,2019,8,17,5,3,1,1,0,0,1,0,1,0,0,0,798844,8777,5827406,885
198386,11,1,1011305,Heine-Viertel West,2019,8,17,5,3,2,6,0,0,1,0,0,0,0,0,799411,447,5826447,833