OBJECTID,LAND,BEZ,LOR,STRASSE,UJAHR,UMONAT,USTUNDE,UWOCHENTAG,UKATEGORIE,UART,UTYP1,ULICHTVERH,IstRad,IstPKW,IstFuss,IstKrad,IstGkfz,IstSonstige,USTRZUSTAND,LINREFX,LINREFY,XGCSWGS84,YGCSWGS84
198387,11,8,8020622,Parchimer Allee,2019,8,13,6,3,5,2,0,0,1,0,0,0,0,0,802364,1047,5819912,369
198388,11,8,8041037,Alt-Rudow,2019,8,13,6,3,5,2,0,1,1,0,0,0,0,0,805240,4291,5818112,762
198389,11,11,11051330,Karlshorst West,2019,8,17,5,3,0,6,0,1,0,0,0,0,0,0,807213,4817,5825535,11
198390,11,3,3040818,Pankow S�d,2019,8,13,6,3,5,3,0,0,1,0,0,0,0,0,799483,2694,5831961,425
198391,11,1,1044202,Sparrplatz,2019,8,16,5,3,5,3,0,1,1,0,0,0,0,0,795460,5523,5830151,393
198392,11,7,7040405,Rathaus Tempelhof,2019,8,13,6,3,2,6,0,1,1,0,0,0,0,0,798029,2977,5821092,815
198393,11,3,3040508,Rosenthal,2019,8,16,5,2,0,1,0,0,0,0,1,0,0,1,796252,8901,5836386,66
198394,11,7,7040401,Neu-Tempelhof,2019,8,15,5,3,5,2,0,1,1,0,0,0,0,0,798741,1515,5823947,37
198395,11,1,1011102,Gro�er Tiergarten,2019,8,8,6,3,2,6,0,1,1,0,0,0,0,0,795142,2051,5827068,647
198396,11,1,1011201,Wilhelmstra�e,2019,8,8,6,2,4,6,0,1,1,0,0,0,0,0,797656,124,5826533,363
198397,11,9,9020802,K�llnische Vorstadt,2019,8,15,5,3,0,6,0,1,1,0,0,0,0,0,810290,5475,5820232,745
198398,11,7,7010102,Nollendorfplatz,2019,8,15,5,3,6,4,0,0,1,1,0,0,0,0,795109,3886,5825630,814
198399,11,6,6010209,Feuerbachstra�e,2019,8,7,6,3,5,3,0,1,1,0,0,0,0,0,794305,8176,5820843,585
198400,11,9,9020502,Obersch�neweide Ost,2019,8,15,5,3,2,6,0,0,1,0,0,0,0,0,808550,2719,5821662,88
198401,11,1,1022104,Emdener Stra�e,2019,8,7,6,3,4,4,0,1,0,1,0,0,0,0,794565,5548,5828688,546
198402,11,1,1044201,Reinickendorfer Stra�e,2019,8,16,5,3,5,3,0,1,1,0,0,0,0,1,796705,2814,5831623,596
198403,11,1,1011202,Unter den Linden Nord,2019,8,16,5,3,5,3,0,1,1,0,0,0,0,0,798164,3527,5827654,87
198404,11,8,8020619,Buschkrugallee Nord,2019,8,7,6,3,1,4,0,0,1,1,1,0,0,0,801522,7374,5820826,28
198405,11,3,3050920,Wei�er See,2019,8,15,5,3,6,4,0,0,1,1,0,0,0,0,801899,622,5831983,95
198406,11,4,4020313,K�nigin-Elisabeth-Stra�e,2019,8,6,6,3,5,3,0,0,1,0,1,0,0,0,790313,5771,5826032,152
198407,11,7,7010102,Nollendorfplatz,2019,8,15,5,3,5,7,0,1,1,0,0,0,0,0,795138,7782,5825315,223
198408,11,5,5010314,Carl-Schurz-Stra�e,2019,8,6,6,3,5,2,0,1,1,0,0,0,0,0,785169,3366,5829353,742
198409,11,2,3061435,Conrad-Blenkle-Stra�e,2019,8,14,5,2,6,4,0,0,1,1,0,0,0,0,801966,1795,5829057,2
198410,11,3,3040818,Pankow S�d,2019,8,14,5,3,5,3,0,1,1,0,0,0,0,0,799498,5859,5831955,332
198411,11,12,12301203,Wittenau S�d,2019,8,13,5,3,2,6,0,0,1,0,0,0,0,0,792902,968,5835251,63
198412,11,1,1011401,Invalidenstra�e,2019,8,13,5,3,2,6,0,0,1,0,1,0,0,0,798237,972,5829359,982
198413,11,1,1022206,L�neburger Stra�e,2019,8,23,5,3,2,6,2,0,1,0,0,0,0,0,796221,3014,5828479,42
198414,11,12,12214125,Waldidyll/Flughafensee,2019,8,17,5,3,5,3,0,0,1,0,1,0,0,0,788332,6224,5832049,25
198415,11,3,3040818,Pankow S�d,2019,8,12,5,3,2,6,0,0,1,0,0,0,0,0,799062,2721,5833193,75
198416,11,1,1022106,Elberfelder Stra�e,2019,8,10,5,3,0,2,0,1,1,0,0,0,0,0,793674,4089,5828112,209
198417,11,2,2010103,Moritzplatz,2019,8,17,5,3,5,2,0,1,1,0,0,0,0,0,799113,4154,5826283,725
198418,11,6,6030504,Teltower Damm,2019,8,10,5,3,5,2,0,0,1,0,1,0,0,0,790571,965,5815974,672
198419,11,10,10010311,Landsberger Tor,2019,8,17,5,3,5,2,0,1,1,0,0,0,0,0,810053,6742,5831662,224
198420,11,2,2030302,Lausitzer Platz,2019,8,10,5,3,2,6,0,0,1,0,0,0,0,0,801011,697,5825883,728
198421,11,12,12214424,Scharnweberstra�e,2019,8,15,5,2,5,2,0,1,1,0,0,0,0,0,793495,5542,5832425,534
198422,11,5,5010339,Freiheit,2019,8,16,5,3,5,3,0,0,1,0,0,0,0,0,787735,5191,5828231,707
198423,11,11,11030721,R�digerstra�e,2019,8,16,5,3,5,3,0,1,1,0,0,0,0,0,804284,592,5828424,809
198424,11,12,12224230,Heiligensee,2019,8,12,5,3,0,7,0,0,1,0,0,0,0,0,788053,427,5839250,737
198425,11,11,11030618,Fennpfuhl West,2019,8,17,5,2,0,1,0,0,0,0,1,0,0,0,803192,1709,5829600,13
198426,11,2,2020204,Urbanstra�e,2019,8,9,5,3,5,2,0,1,1,0,0,0,0,0,798309,3794,5825390,151
198427,11,2,2050803,Stralauer Kiez,2019,8,16,5,3,0,4,0,1,0,1,0,0,0,0,802370,6601,5826043,477
198428,11,7,7040405,Rathaus Tempelhof,2019,8,9,5,2,1,5,0,0,1,0,1,0,0,0,798407,4927,5821902,524
198429,11,1,1011401,Invalidenstra�e,2019,8,9,5,3,5,3,0,1,0,0,0,0,1,0,797859,3259,5829059,972
198430,11,2,2040502,Friedenstra�e,2019,8,16,5,3,5,2,0,0,1,0,1,0,0,0,801248,901,5827827,504
198431,11,4,4030623,Ernst-Reuter-Platz,2019,8,8,5,3,2,6,0,0,1,0,0,0,0,0,793044,7455,5826934,701
198432,11,4,4030726,Droysenstra�e,2019,8,16,5,3,2,6,0,0,1,0,0,0,1,0,792076,4537,5825815,858
198433,11,7,7040401,Neu-Tempelhof,2019,8,8,5,3,2,6,0,1,1,0,0,0,0,0,797179,299,5823326,309
198434,11,5,5030730,Zitadellenweg,2019,8,16,5,3,2,6,0,0,1,0,0,0,0,0,785981,2453,5829237,792
198435,11,9,9010402,Johannisthal Ost,2019,8,8,5,3,3,6,0,1,0,0,0,0,1,0,807485,6889,5819535,716
198436,11,2,2020203,Viktoriapark,2019,8,15,5,2,5,3,0,1,0,0,1,0,0,0,796996,9136,5823989,132
198437,11,12,12214424,Scharnweberstra�e,2019,8,8,5,3,6,4,0,0,1,1,0,0,0,0,793343,9246,5832881,72
198438,11,2,2020203,Viktoriapark,2019,8,7,5,3,0,1,0,1,0,0,0,0,0,0,797726,9853,5824595,16
198439,11,10,10020413,Gut Hellersdorf,2019,8,15,5,3,2,6,0,0,1,0,0,0,0,0,811541,362,5830311,123
198440,11,1,1033102,Gesundbrunnen,2019,8,15,5,3,3,6,0,0,1,0,0,0,0,0,797666,1466,5831849,729
198441,11,12,12231102,Frohnau,2019,8,7,5,3,5,3,0,1,1,0,0,0,0,0,790202,1849,5840072,232
198442,11,8,8010212,Rollberg,2019,8,7,5,3,5,2,0,1,1,0,0,0,0,0,801480,2777,5823165,517
198443,11,2,2030301,Oranienplatz,2019,8,23,5,2,6,6,2,0,1,1,0,0,0,0,799970,4214,5825685,209
198444,11,3,3071638,Winsstra�e,2019,8,7,5,3,1,5,0,1,1,0,0,0,0,0,800273,9053,5829997,352
198445,11,2,2020206,Graefekiez,2019,8,22,5,3,1,5,2,1,1,0,1,0,0,0,799646,7109,5825118,546
198446,11,9,9030901,Dorf Altglienicke,2019,8,5,5,3,5,3,0,1,1,0,0,0,0,0,807725,1774,5817906,97
198447,11,1,1044103,Westliche M�llerstra�e,2019,8,7,5,3,5,3,0,0,1,0,0,0,0,0,795171,7893,5830814,274
198448,11,3,3040818,Pankow S�d,2019,8,10,5,3,2,6,0,1,1,0,0,0,0,0,798442,595,5832220,368
198449,11,8,8020622,Parchimer Allee,2019,8,7,5,3,2,6,0,0,1,0,1,0,0,0,801441,6458,5820297,887
198450,11,1,1011203,Unter den Linden S�d,2019,8,18,4,2,6,4,1,1,0,1,0,0,0,0,798185,736,5827419,451
198451,11,4,4051654,Wilhelmsaue,2019,8,20,5,3,0,7,1,1,0,0,0,0,0,0,793453,8798,5823877,445
198452,11,4,4051652,Nikolsburger Platz,2019,8,8,4,3,5,3,0,0,1,0,0,0,0,0,793822,7688,5824454,86
198453,11,1,1011203,Unter den Linden S�d,2019,8,18,4,3,6,4,1,1,0,1,0,0,0,0,798178,5838,5827418,388
198454,11,11,2050803,Stralauer Kiez,2019,8,19,5,3,5,2,0,1,0,0,1,0,0,0,803298,3376,5826311,12
198455,11,2,2010102,Mehringplatz,2019,8,12,4,3,5,2,0,1,0,0,0,0,1,0,797922,37,5826457,303
198456,11,3,3061434,Anton-Saefkow-Park,2019,8,18,5,2,5,3,0,1,0,0,0,0,0,0,801465,6586,5829795,9
198457,11,6,6010103,Markelstra�e,2019,8,9,4,3,2,7,0,0,1,0,0,0,0,0,793872,9581,5820987,437
198458,11,6,6020301,Alt-Lankwitz,2019,8,18,5,3,2,6,0,0,1,0,0,0,0,0,795828,7491,5818153,303
198459,11,6,6020304,Kaiser-Wilhelm-Stra�e,2019,8,12,4,3,0,6,0,1,1,0,0,0,0,0,794895,5062,5817963,441
198460,11,2,2030401,Reichenberger Stra�e,2019,8,18,5,3,5,2,0,0,1,0,1,0,0,0,800638,7984,5825281,293
198461,11,12,12214424,Scharnweberstra�e,2019,8,21,4,2,1,5,2,0,1,0,1,0,0,0,792801,2499,5832751,247
198462,11,10,10010309,Springpfuhl,2019,8,21,4,2,5,2,2,0,1,0,1,0,0,0,807954,506,5830178,217
198463,11,7,7040403,Manteuffelstra�e,2019,8,14,5,3,2,6,0,0,1,0,0,0,1,0,797326,1678,5822160,66
198464,11,4,4041134,Bismarckallee,2019,8,14,5,2,0,7,0,1,0,0,0,0,0,0,790436,5368,5823930,587
198465,11,6,6030605,Botanischer Garten,2019,8,19,4,3,5,3,0,1,1,0,0,0,0,0,792032,6094,5819499,555
198466,11,2,2030301,Oranienplatz,2019,8,18,4,3,5,3,0,1,0,0,0,0,1,0,800087,618,5825638,252
198467,11,6,6040804,Krumme Lanke,2019,8,14,5,3,0,5,0,0,0,0,1,0,1,0,787893,7713,5818427,453
198468,11,4,4051445,Eisenzahnstra�e,2019,8,18,4,3,5,3,0,1,1,0,0,0,0,0,792314,9976,5824568,99
198469,11,8,8020728,Buckow Ost,2019,8,14,5,3,5,3,0,0,1,0,0,0,1,0,802145,9004,5817752,848
198470,11,10,10010203,Gewerbegebiet Bitterfelder Stra�e,2019,8,19,4,2,1,1,0,0,1,0,1,0,0,0,807604,1714,5832730,5
198471,11,7,7070703,John-Locke-Stra�e,2019,8,13,5,2,1,5,0,0,1,0,1,0,0,0,799628,443,5813972,831
198472,11,12,12103115,Breitkopfbecken,2019,8,16,4,2,0,7,0,0,1,1,0,0,0,0,795668,8017,5833194,238
198473,11,1,1011302,Oranienburger Stra�e,2019,8,13,5,3,6,4,0,1,0,1,0,0,0,0,798611,5993,5828991,258
198474,11,7,7040403,Manteuffelstra�e,2019,8,18,4,3,5,2,0,1,1,0,0,0,0,0,796846,3782,5822343,865
198475,11,9,9051901,Dammvorstadt,2019,8,12,5,3,3,6,0,0,1,0,0,0,0,0,811302,9342,5821565,655
198476,11,1,1011301,Charit�viertel,2019,8,17,4,3,0,5,0,1,1,0,0,0,0,0,796676,9797,5829751,436
198477,11,4,4041137,Flinsberger Platz,2019,8,10,5,3,2,6,0,0,1,0,0,0,1,0,791894,4379,5823948,627
198478,11,2,2040703,Wriezener Bahnhof/Entwicklungsgebiet,2019,8,9,5,3,3,6,0,1,1,0,0,0,0,0,801461,7987,5826399,787
198479,11,8,8010212,Rollberg,2019,8,9,5,3,5,2,0,1,1,0,0,0,0,0,800975,3024,5823486,157
198480,11,6,6010103,Markelstra�e,2019,8,8,5,3,2,6,0,1,1,0,0,0,0,0,793084,8394,5821596,447
198481,11,1,1011302,Oranienburger Stra�e,2019,8,8,5,3,2,6,0,0,1,0,1,1,0,0,797640,7595,5828756,597
198482,11,3,3030715,Heinersdorf,2019,8,7,5,3,5,3,0,1,1,0,0,0,0,0,801739,727,5833471,906
198483,11,2,2020206,Graefekiez,2019,8,7,5,3,2,6,0,0,1,0,0,0,0,0,799581,9113,5824899,881
198484,11,2,2010102,Mehringplatz,2019,8,7,5,3,5,2,0,1,1,0,0,0,0,0,798675,2355,5826439,932
198485,11,9,9052001,K�penick Nord,2019,8,7,5,3,5,2,0,1,1,0,0,0,0,0,810538,7594,5823205,449
198486,11,11,11010206,Wartenberg S�d,2019,8,18,5,2,1,1,0,0,1,0,1,0,0,0,806260,768,5834078,197
198487,11,9,9051702,B�lschestra�e,2019,8,16,5,2,0,3,0,0,1,0,1,0,0,0,814217,5797,5821995,719
198488,11,6,6030606,Hindenburgdamm,2019,8,10,5,2,1,5,0,1,1,0,0,0,0,0,793617,9659,5819199,879
198489,11,7,7010104,Dennewitzplatz,2019,8,14,5,2,0,1,0,1,0,0,0,0,0,0,796025,33,5824503,48
198490,11,5,5020628,Graetschelsteig,2019,8,14,5,2,5,3,0,0,1,0,0,0,0,0,784096,945,5826562,35
198491,11,5,5020420,Werkstra�e,2019,8,13,5,2,5,3,0,0,1,0,1,0,0,0,779977,5741,5828118,513
198492,11,8,8041037,Alt-Rudow,2019,8,9,5,2,5,3,0,0,1,0,1,0,0,0,805315,3803,5817670,599
198493,11,2,2030302,Lausitzer Platz,2019,8,7,5,2,2,6,0,0,1,0,1,0,0,0,800761,69,5826515,127
198494,11,1,1044203,Leopoldplatz,2019,8,12,5,3,3,6,0,0,1,0,0,0,0,0,795621,4101,5831727,613
198495,11,7,7010104,Dennewitzplatz,2019,8,5,5,3,1,5,2,1,1,0,0,0,0,0,796307,5454,5825096,137
198496,11,5,5010314,Carl-Schurz-Stra�e,2019,8,13,5,3,1,5,0,1,1,0,0,0,0,0,784747,1307,5829286,599
198497,11,3,3040818,Pankow S�d,2019,8,7,4,3,6,4,0,1,0,1,0,0,0,0,799618,2406,5832900,919
198498,11,8,8010404,Rixdorf,2019,8,8,4,3,6,4,0,1,0,1,0,0,0,0,802359,5687,5823235,852
198499,11,6,6040808,H�ttenweg,2019,8,21,4,3,1,5,2,1,1,0,0,0,0,0,788665,191,5821483,92
198500,11,1,1011102,Gro�er Tiergarten,2019,8,20,4,3,0,7,1,0,0,0,1,0,1,1,795156,1062,5827069,6
198501,11,5,5010207,Darbystra�e,2019,8,20,4,3,0,2,0,0,1,0,1,0,0,0,783691,2322,5830168,797
198502,11,7,7020203,Kaiser-Wilhelm-Platz,2019,8,18,4,3,0,3,0,0,1,0,1,0,0,0,795150,7214,5824016,297
198503,11,3,3061429,Greifswalder Stra�e,2019,8,17,4,3,6,4,0,1,0,1,0,0,0,0,801035,2388,5830457,1
198504,11,2,2020206,Graefekiez,2019,8,18,4,3,3,6,0,1,1,0,0,0,0,0,799736,135,5825019,823
198505,11,1,1033203,Humboldthain Nordwest,2019,8,18,4,3,2,6,0,0,1,0,1,0,0,0,796500,4221,5829913,214
198506,11,10,10040931,Mahlsdorf Nord,2019,8,17,4,3,1,5,0,1,1,0,0,0,0,0,814259,5337,5829300,919
198507,11,11,11051229,Rummelsburg,2019,8,17,4,3,5,2,0,1,0,0,0,0,1,0,803688,15,5826242,168
198508,11,3,3050925,Komponistenviertel Wei�ensee,2019,8,15,4,3,6,2,0,0,1,1,0,0,0,0,802263,6328,5831576,71
198509,11,2,2050601,Hausburgviertel,2019,8,17,4,3,5,3,0,1,1,0,0,0,0,0,802168,2566,5828591,814
198510,11,4,4030622,Richard-Wagner-Stra�e,2019,8,16,4,3,2,6,0,0,1,0,0,0,1,0,792749,3428,5826830,47
198511,11,12,12214421,Reinickes Hof,2019,8,17,4,3,5,2,0,1,1,0,0,0,0,0,793488,8642,5833874,31
198512,11,2,2050802,Boxhagener Platz,2019,8,16,4,3,2,6,0,0,0,0,0,0,1,0,802973,6343,5826889,463
198513,11,2,2040502,Friedenstra�e,2019,8,16,4,3,0,3,0,0,1,0,1,0,0,0,800868,8215,5828314,388
198514,11,8,8020625,Handwerker-Siedlung,2019,8,16,4,3,5,3,0,0,1,0,0,0,0,0,801404,4802,5818946,899
198515,11,4,4051654,Wilhelmsaue,2019,8,15,4,3,6,4,0,1,0,1,0,0,0,0,793742,7547,5823682,13
198516,11,6,6030605,Botanischer Garten,2019,8,15,4,3,0,1,0,1,0,0,0,0,0,0,792267,4309,5819359,743
198517,11,8,8020619,Buschkrugallee Nord,2019,8,15,4,3,5,2,0,0,1,0,0,0,0,0,801893,317,5821840,913
198518,11,1,1022106,Elberfelder Stra�e,2019,8,15,4,3,0,6,0,0,1,0,1,0,0,0,793664,2055,5827984,187
198519,11,3,3061441,Eldenaer Stra�e,2019,8,15,4,3,5,3,0,1,0,0,0,0,0,0,802567,4075,5828655,475
198520,11,9,9020702,Adlershof Ost,2019,8,14,4,3,0,1,0,1,0,0,0,0,0,0,809146,7124,5819518,235
198521,11,9,9020501,Obersch�neweide West,2019,8,14,4,3,5,7,0,0,1,0,1,0,0,0,806274,5894,5822917,38
198522,11,1,1044102,Schillerpark,2019,8,14,4,3,1,5,0,0,1,0,0,0,0,0,795113,8365,5832342,275
198523,11,9,9051701,Hirschgarten,2019,8,14,4,3,5,3,0,0,1,0,0,0,1,0,813260,2255,5821764,933
198524,11,1,1044203,Leopoldplatz,2019,8,13,4,3,5,3,0,0,1,0,0,0,0,0,795610,3147,5830993,841
198525,11,4,4041137,Flinsberger Platz,2019,8,13,4,3,2,6,0,0,1,0,0,0,0,0,791022,9453,5823094,627
198526,11,8,8010115,Hasenheide,2019,8,13,4,3,5,2,0,1,1,0,0,0,0,0,799850,8722,5823654,82
198527,11,5,5030731,Gartenfelder Stra�e,2019,8,12,4,3,6,4,0,1,0,1,0,0,0,0,787999,2505,5830184,595
198528,11,1,1033101,Soldiner Stra�e,2019,8,12,4,3,1,5,0,1,1,0,0,0,0,0,796430,8779,5831984,639
198529,11,2,2020204,Urbanstra�e,2019,8,11,4,3,5,3,0,1,1,0,0,0,0,0,798493,8601,5825222,624
198530,11,1,1011401,Invalidenstra�e,2019,8,11,4,3,6,4,0,0,0,1,0,0,1,0,797477,948,5829029,491
198531,11,8,8010117,Schillerpromenade,2019,8,10,4,3,2,6,0,0,1,0,1,0,0,0,800596,8634,5823190,3
198532,11,4,4051655,Babelsberger Stra�e,2019,8,10,4,3,5,2,0,1,1,0,0,0,0,0,793912,9731,5823084,508
198533,11,4,4041239,Stadion Wilmersdorf,2019,8,10,4,3,5,2,0,1,0,0,0,0,1,0,792342,9002,5823120,286
198534,11,1,1011302,Oranienburger Stra�e,2019,8,9,4,3,5,2,0,1,1,0,0,0,0,0,797758,9468,5828569,808
198535,11,12,12304314,Ziekowstra�e/Freie Scholle,2019,8,9,4,3,4,6,0,1,0,0,0,0,0,0,790623,5039,5835959,551
198536,11,3,3061430,Volkspark Prenzlauer Berg,2019,8,8,4,3,6,4,0,0,1,1,0,0,0,0,802067,127,5829584,73
198537,11,1,1044101,Rehberge,2019,8,8,4,3,2,7,0,0,1,0,0,0,0,0,794325,1867,5831332,11
198538,11,1,1033203,Humboldthain Nordwest,2019,8,7,4,3,6,4,0,1,0,1,0,0,0,0,796535,2569,5829880,186
198539,11,1,1033102,Gesundbrunnen,2019,8,7,4,3,1,5,0,1,0,0,0,0,1,0,797265,7959,5831276,37
198540,11,5,5030731,Gartenfelder Stra�e,2019,8,7,4,3,3,6,0,0,1,0,0,1,0,0,786975,7717,5829474,46
198541,11,7,7040404,Marienh�he,2019,8,1,4,3,8,1,2,0,1,0,0,0,0,0,796393,6853,5819743,565
198542,11,8,8010211,Flughafenstra�e,2019,8,1,4,3,5,2,2,0,1,0,0,0,0,0,800419,2,5823854,194
198543,11,1,1022206,L�neburger Stra�e,2019,8,20,4,3,5,2,1,1,1,0,0,0,0,0,796153,5875,5828278,68
198544,11,2,2050803,Stralauer Kiez,2019,8,12,4,3,0,2,0,1,1,0,0,0,0,0,802620,5308,5826136,51
198545,11,5,5010314,Carl-Schurz-Stra�e,2019,8,17,4,2,5,3,0,1,1,0,0,0,0,0,784800,3362,5828788,293
198546,11,9,9020601,Schnellerstra�e,2019,8,14,4,2,3,6,0,1,0,0,0,0,0,0,805741,1314,5821782,362
198547,11,1,1044102,Schillerpark,2019,8,12,4,2,6,4,0,0,0,1,1,0,0,0,794812,42,5831913,829
198548,11,10,10040829,Alt-Kaulsdorf,2019,8,7,4,2,5,3,0,1,1,0,0,0,0,0,811349,1206,5827806,52
198549,11,11,11020412,Hauptstra�e,2019,8,6,4,2,5,3,0,1,1,0,0,0,0,0,805829,9658,5831862,424
198550,11,4,4030519,Kaiserin-Augusta-Allee,2019,8,8,3,3,2,2,0,0,1,0,1,0,0,0,792345,3308,5827971,385
198551,11,6,6030608,Schweizer Viertel,2019,8,7,3,3,5,2,0,1,1,0,0,0,0,0,790908,9877,5817458,272
198552,11,4,4030518,Tegeler Weg,2019,8,20,3,3,5,3,2,0,1,0,0,0,1,0,791931,5525,5828331,141
198553,11,1,1011304,Karl-Marx-Allee,2019,8,19,3,3,0,1,1,1,0,0,0,0,0,0,799681,4884,5827573,205
198554,11,4,4020311,Reichsstra�e,2019,8,19,3,3,1,5,1,1,1,0,0,0,0,0,788630,4235,5827480,252
198555,11,3,3061228,Erich-Weinert-Stra�e,2019,8,19,3,3,3,6,0,1,0,0,0,0,0,0,800194,116,5830930,245
198556,11,1,1011301,Charit�viertel,2019,8,18,3,3,0,1,0,1,0,0,0,0,0,0,797126,7244,5827886,753
198557,11,1,1011303,Alexanderplatzviertel,2019,8,18,3,3,1,5,0,1,1,0,0,0,1,0,799161,5229,5828790,194
198558,11,1,1011301,Charit�viertel,2019,8,17,3,3,6,2,0,0,1,1,0,0,0,0,797069,6214,5828181,489
198559,11,3,3020210,Herthaplatz,2019,8,17,3,3,5,3,0,0,1,0,1,0,0,0,798474,529,5834871,82
198560,11,1,1044202,Sparrplatz,2019,8,17,3,3,2,6,0,1,1,0,0,0,0,0,795529,3862,5830044,414
198561,11,4,4030725,Amtsgerichtsplatz,2019,8,17,3,3,6,4,0,0,1,1,0,0,0,0,791971,9504,5826033,756
198562,11,8,8030829,Gropiusstadt Nord,2019,8,17,3,3,2,6,0,0,1,0,0,0,0,0,803012,959,5818352,712
198563,11,4,4030623,Ernst-Reuter-Platz,2019,8,16,3,3,5,3,0,1,1,0,0,0,0,0,793300,7563,5827220,259
198564,11,9,9030901,Dorf Altglienicke,2019,8,16,3,3,5,2,0,0,1,0,0,0,0,0,808083,5134,5816925,765
198565,11,4,4041241,Breite Stra�e,2019,8,16,3,3,5,2,0,1,1,0,0,0,0,0,791412,9934,5822544,936
198566,11,7,7040401,Neu-Tempelhof,2019,8,16,3,3,5,2,0,1,1,0,0,0,0,0,797787,572,5823274,241
198567,11,10,10030724,Oberfeldstra�e,2019,8,15,3,3,1,5,0,1,1,0,0,0,0,0,808995,1109,5830085,957
198568,11,4,4030417,Schlo�stra�e,2019,8,9,3,3,5,2,0,1,1,0,0,0,0,0,791570,9237,5826572,581
198569,11,7,7010104,Dennewitzplatz,2019,8,12,1,2,0,7,0,1,0,0,0,0,0,0,796761,9113,5824800,805
198570,11,1,1044203,Leopoldplatz,2019,8,4,3,3,5,3,2,0,1,0,0,0,0,1,795884,7312,5831962,531
198571,11,3,3030711,Blankenburg,2019,8,15,3,3,0,3,0,0,1,0,1,0,0,0,801422,308,5836110,66
198572,11,7,7030303,Grazer Platz,2019,8,14,3,3,0,5,0,1,1,0,0,0,0,0,795037,3795,5821615,549
198573,11,7,7040405,Rathaus Tempelhof,2019,8,14,3,3,5,3,0,0,1,0,0,0,1,0,798890,1398,5820866,74
198574,11,1,1011104,K�rnerstra�e,2019,8,14,3,3,5,2,0,1,1,0,0,0,0,0,796269,6227,5825956,3
198575,11,8,8041038,Wa�mannsdorfer Chaussee,2019,8,14,3,3,6,4,0,0,1,1,0,0,0,0,805722,8496,5816779,874
198576,11,10,10020517,Adele-Sandrock-Stra�e,2019,8,13,3,3,5,2,0,1,1,0,0,0,0,0,813368,613,5830132,338
198577,11,1,1011301,Charit�viertel,2019,8,12,3,3,5,3,0,0,1,0,1,0,0,0,797034,898,5829317,32
198578,11,4,4010102,Pl�tzensee,2019,8,12,3,3,2,6,0,0,1,0,0,0,0,0,793261,2306,5830061,76
198579,11,3,3050919,Gustav-Adolf-Stra�e,2019,8,12,3,3,2,6,0,0,1,0,0,0,0,0,800954,2663,5832147,621
198580,11,1,1044203,Leopoldplatz,2019,8,5,3,3,5,3,1,1,1,0,0,0,0,0,795878,6741,5831927,792
198581,11,7,7020204,Sch�neberger Insel,2019,8,11,3,3,3,6,0,1,0,0,0,0,1,0,796284,1819,5823196,35
198582,11,4,4020311,Reichsstra�e,2019,8,11,3,3,5,3,0,0,1,0,0,0,0,0,789992,273,5826317,665
198583,11,6,6020411,Sch�tte-Lanz-Stra�e,2019,8,10,3,3,5,3,0,1,1,0,0,0,0,0,794846,4269,5815349,536
198584,11,7,7030301,Friedenau,2019,8,10,3,3,4,6,0,1,0,0,0,0,0,0,793883,154,5821558,935
198585,11,9,9030901,Dorf Altglienicke,2019,8,9,3,3,5,3,0,0,1,0,0,1,0,0,807573,534,5815427,807
198586,11,6,6030607,Goerzwerke,2019,8,9,3,3,6,4,0,1,0,1,0,0,0,0,792991,2081,5817715,348
198587,11,3,3040513,Sch�nholz,2019,8,8,3,3,5,2,0,0,1,0,1,0,0,0,798049,9717,5833597,711
198588,11,1,1022104,Emdener Stra�e,2019,8,8,3,3,5,7,0,0,1,0,1,0,0,0,793607,2912,5829133,36
198589,11,7,7030303,Grazer Platz,2019,8,7,3,3,6,4,0,1,0,1,0,0,0,0,795890,336,5820828,643
198590,11,4,4030726,Droysenstra�e,2019,8,8,3,3,3,6,0,1,0,0,0,0,1,0,792135,541,5825303,805
198591,11,8,8041037,Alt-Rudow,2019,8,7,3,3,5,2,0,1,0,0,0,0,1,0,805395,3381,5817297,758
198592,11,3,3030406,Alt-Karow,2019,8,7,3,3,5,2,0,1,0,0,0,0,0,0,803626,358,5838990,42
198593,11,1,1011306,Heine-Viertel Ost,2019,8,7,3,3,5,5,0,1,1,0,0,0,0,0,799862,7028,5826725,432
198594,11,1,3071537,Kollwitzplatz,2019,8,6,3,3,3,6,0,0,1,0,1,0,0,0,799500,6008,5828868,913
198595,11,11,11030721,R�digerstra�e,2019,8,16,3,2,0,3,0,1,0,0,0,0,0,0,804769,7815,5827953,595
198596,11,10,10010102,Havemannstra�e,2019,8,6,3,3,5,2,1,1,0,0,0,0,1,0,809357,6489,5834278,683
198597,11,12,12304313,Borsigwalde,2019,8,13,3,2,8,6,0,0,1,0,0,0,0,0,791404,6232,5834248,616
198598,11,9,9010401,Johannisthal West,2019,8,9,3,2,1,5,0,1,0,0,0,0,1,0,805750,4818,5821343,165
198599,11,2,2030301,Oranienplatz,2019,8,9,3,3,1,5,0,1,1,0,0,0,1,0,800078,7317,5825915,568
198600,11,7,7030303,Grazer Platz,2019,8,10,3,3,2,6,0,0,1,0,0,0,0,0,794605,1715,5821838,41
198601,11,12,12103117,Letteplatz,2019,8,15,2,3,6,4,0,0,0,1,1,0,0,0,795902,471,5832722,152
198602,11,6,6040804,Krumme Lanke,2019,8,18,2,3,6,7,0,1,0,1,0,0,0,0,787950,9967,5818881,167
198603,11,6,6030504,Teltower Damm,2019,8,18,2,3,2,6,0,1,1,0,0,0,0,0,789778,9538,5815904,519