OBJECTID,LAND,BEZ,LOR,STRASSE,UJAHR,UMONAT,USTUNDE,UWOCHENTAG,UKATEGORIE,UART,UTYP1,ULICHTVERH,IstRad,IstPKW,IstFuss,IstKrad,IstGkfz,IstSonstige,USTRZUSTAND,LINREFX,LINREFY,XGCSWGS84,YGCSWGS84
198604,11,12,12103219,Sch�fersee,2019,8,17,2,3,5,2,0,1,0,0,0,0,1,0,795649,9105,5833011,387
198605,11,2,2030301,Oranienplatz,2019,8,17,2,3,5,3,0,1,1,0,0,0,0,0,800066,633,5825920,46
198606,11,3,3061441,Eldenaer Stra�e,2019,8,17,2,3,2,7,0,0,1,0,0,0,0,0,802330,5613,5828713,97
198607,11,6,6030504,Teltower Damm,2019,8,16,2,3,2,6,0,1,1,0,0,0,0,0,788970,5622,5816397,228
198608,11,7,7030301,Friedenau,2019,8,16,2,3,0,7,0,1,0,0,0,0,0,0,793916,2284,5822504,204
198609,11,1,1022102,Beusselkiez,2019,8,16,2,3,5,3,0,1,0,0,0,0,0,0,793300,5265,5828392,318
198610,11,4,4041136,Hagenplatz,2019,8,16,2,3,1,5,0,0,1,0,0,0,0,0,790673,2405,5822906,85
198611,11,11,11041128,Sewanstra�e,2019,8,10,2,3,0,7,0,1,0,0,0,0,0,0,805549,526,5825408,884
198612,11,1,1044201,Reinickendorfer Stra�e,2019,9,12,2,3,0,4,0,0,0,1,0,0,1,0,796436,7502,5831957,511
198613,11,1,1033102,Gesundbrunnen,2019,8,20,2,3,5,3,2,1,1,0,0,0,0,0,797140,9446,5831804,109
198614,11,9,9010402,Johannisthal Ost,2019,9,15,2,3,5,3,0,1,1,0,0,0,0,0,807012,5646,5820000,545
198615,11,11,11030721,R�digerstra�e,2019,9,7,2,3,3,2,0,1,1,0,0,0,0,0,804303,644,5828174,553
198616,11,11,11010310,M�hlengrund,2019,8,16,2,3,2,6,0,0,1,0,0,0,1,0,805511,2631,5833361,652
198617,11,2,2050801,Traveplatz,2019,8,15,2,3,5,2,0,1,0,0,1,0,0,0,803466,787,5827006,257
198618,11,4,4051445,Eisenzahnstra�e,2019,9,11,2,3,2,2,0,0,1,0,0,1,0,0,792490,9426,5824356,459
198619,11,6,6040808,H�ttenweg,2019,9,11,2,3,2,6,0,0,1,0,1,0,0,0,790054,6454,5819391,936
198620,11,10,10020517,Adele-Sandrock-Stra�e,2019,8,15,2,3,2,6,0,0,1,0,0,0,0,0,813230,6983,5830142,3
198621,11,6,6020301,Alt-Lankwitz,2019,9,10,2,2,2,6,0,0,1,0,0,0,0,0,796742,4901,5818424,507
198622,11,9,9020802,K�llnische Vorstadt,2019,8,15,2,3,0,3,0,1,1,0,0,0,0,0,810488,3211,5820100,9
198623,11,1,1033202,Humboldthain S�d,2019,9,11,2,3,2,2,0,0,1,0,0,0,0,0,797772,4613,5829743,966
198624,11,1,1033102,Gesundbrunnen,2019,8,15,2,3,2,6,0,0,1,0,0,0,1,0,797165,892,5831383,595
198625,11,8,8041036,Zittauer Stra�e,2019,9,11,2,3,5,3,0,0,1,0,0,0,0,0,805268,6566,5817249,913
198626,11,5,5010101,Hakenfelde Nord,2019,8,15,2,3,5,3,0,1,1,0,0,0,0,0,785421,3354,5833134,883
198627,11,12,12214424,Scharnweberstra�e,2019,9,11,2,3,3,6,0,0,1,0,0,0,0,0,793403,2709,5832502,841
198628,11,7,7010104,Dennewitzplatz,2019,9,7,2,3,2,7,0,0,0,0,1,0,1,0,796407,4256,5824314,507
198629,11,6,6030608,Schweizer Viertel,2019,8,14,2,3,0,1,0,1,0,0,0,0,0,0,791400,7932,5817792,549
198630,11,4,4030621,Spreestadt,2019,8,12,2,3,5,3,0,1,1,0,0,0,0,0,793598,7198,5827934,896
198631,11,9,9051901,Dammvorstadt,2019,9,10,2,3,0,1,0,1,0,0,0,0,0,0,810822,614,5820754,912
198632,11,1,1011203,Unter den Linden S�d,2019,8,11,2,3,2,6,0,1,1,0,0,0,0,0,797818,9095,5827085,93
198633,11,1,1011203,Unter den Linden S�d,2019,9,7,2,3,1,5,0,1,1,0,0,0,0,0,797614,4145,5827324,514
198634,11,2,2050602,Samariterviertel,2019,8,13,2,3,5,3,0,1,1,0,0,0,0,0,802416,3728,5828159,991
198635,11,9,9010401,Johannisthal West,2019,9,14,2,3,5,3,0,1,1,0,0,0,0,0,806231,885,5820330,35
198636,11,6,6040807,Zehlendorf Eiche,2019,8,11,2,2,5,2,0,1,1,0,0,0,0,0,790266,254,5818425,522
198637,11,1,1011401,Invalidenstra�e,2019,9,10,2,3,0,1,0,1,1,0,0,0,0,0,797923,3745,5829296,63
198638,11,11,11030619,Fennpfuhl Ost,2019,8,10,2,3,0,6,0,0,1,0,1,0,0,0,803642,637,5829518,394
198639,11,10,10040933,Mahlsdorf S�d,2019,9,10,2,3,2,6,0,0,0,0,1,1,0,0,812374,4361,5824004,558
198640,11,1,1011102,Gro�er Tiergarten,2019,9,14,2,3,5,3,0,0,1,0,1,0,0,0,795049,7504,5827190,349
198641,11,2,2050801,Traveplatz,2019,8,10,2,3,5,5,0,1,0,0,0,0,1,0,803578,7314,5827251,324
198642,11,2,2010104,Wassertorplatz,2019,9,10,2,3,5,3,0,0,1,0,0,0,1,0,799332,8143,5825643,201
198643,11,8,8041035,Blumenviertel,2019,8,9,2,3,5,3,0,0,1,0,0,0,0,0,804756,5053,5818460,742
198644,11,10,10030727,Biesdorf S�d,2019,9,9,2,3,2,6,0,1,1,0,0,0,0,0,809581,4019,5824963,399
198645,11,1,1022204,Thomasiusstra�e,2019,9,9,2,2,5,2,0,0,1,0,1,0,0,0,795118,309,5828260,673
198646,11,4,4030623,Ernst-Reuter-Platz,2019,8,9,2,3,0,1,0,1,0,0,0,0,0,0,793790,1327,5826938,358
198647,11,4,4020311,Reichsstra�e,2019,9,9,2,2,6,7,0,0,0,1,0,0,1,0,789630,8045,5826519,391
198648,11,12,12214422,Klixstra�e,2019,8,8,2,3,1,1,0,0,1,0,0,0,0,0,792267,4101,5833460,96
198649,11,4,4051653,Prager Platz,2019,9,8,2,3,2,6,0,0,1,0,1,0,0,0,793993,3384,5824432,48
198650,11,2,2010104,Wassertorplatz,2019,8,8,2,3,2,6,0,0,1,0,0,0,0,0,799111,5059,5825616,935
198651,11,9,9041501,Altstadt Kietz,2019,9,8,2,2,2,6,0,0,1,0,0,0,0,0,811044,5871,5820290,889
198652,11,4,4051446,Preu�enpark,2019,8,7,2,3,5,2,0,1,1,0,0,0,0,0,792924,6834,5824369,308
198653,11,4,4030417,Schlo�stra�e,2019,9,8,2,3,5,2,0,1,1,0,0,0,0,0,790879,5383,5826740,671
198654,11,7,7030303,Grazer Platz,2019,9,10,2,2,9,7,0,0,1,0,0,0,0,0,795814,9036,5820978,976
198655,11,6,6020410,Oberhofer Platz,2019,8,7,2,3,5,2,0,1,1,0,0,0,0,0,794097,1478,5817420,813
198656,11,2,2040701,Andreasviertel,2019,8,5,2,3,5,2,1,0,1,0,1,0,0,0,800631,4386,5827304,17
198657,11,2,2020204,Urbanstra�e,2019,9,13,1,3,6,7,0,0,0,1,0,0,1,0,798919,3445,5825281,61
198658,11,2,2050802,Boxhagener Platz,2019,8,0,2,3,0,1,2,0,0,0,1,0,0,0,802369,5116,5827303,205
198659,11,3,3071537,Kollwitzplatz,2019,9,0,1,3,5,3,2,0,1,0,0,0,1,0,799320,8484,5829403,95
198660,11,3,3040614,Pankow Zentrum,2019,8,23,2,3,0,1,2,1,0,0,0,0,0,1,799601,3908,5834026,2
198661,11,6,6030607,Goerzwerke,2019,9,17,1,2,6,4,0,0,1,1,0,0,0,0,792302,1299,5816419,824
198662,11,1,1044203,Leopoldplatz,2019,8,21,2,3,5,3,2,1,1,0,0,0,0,1,795897,2719,5831931,11
198663,11,1,1044202,Sparrplatz,2019,9,20,1,3,6,4,2,1,0,1,0,0,0,0,795353,9902,5830247,489
198664,11,4,4020313,K�nigin-Elisabeth-Stra�e,2019,9,18,1,3,5,2,0,1,1,0,0,0,0,0,790741,6248,5826718,392
198665,11,11,11041023,Gensinger Stra�e,2019,8,20,2,3,0,7,1,1,1,0,0,0,0,1,806756,234,5827745,499
198666,11,8,8010303,Donaustra�e,2019,9,18,1,3,0,6,0,0,1,0,0,0,1,0,801432,4054,5823871,4
198667,11,6,6010205,S�dende,2019,8,19,2,3,1,5,2,1,0,0,0,0,1,1,794836,8638,5820045,157
198668,11,10,10010102,Havemannstra�e,2019,9,17,1,3,5,2,0,0,1,0,0,0,0,0,809347,3839,5834283,582
198669,11,5,5030730,Zitadellenweg,2019,8,18,2,3,3,2,0,0,1,0,0,1,0,0,786537,8568,5831590,981
198670,11,10,10010311,Landsberger Tor,2019,9,16,1,3,6,6,0,1,0,1,0,0,0,0,810268,173,5830966,691
198671,11,12,12103116,Hausotterplatz,2019,8,22,2,2,5,3,2,0,1,0,0,0,1,1,796289,479,5833226,757
198672,11,11,11041128,Sewanstra�e,2019,9,11,1,3,5,3,0,1,1,0,0,0,0,0,806999,5058,5825987,426
198673,11,2,2010102,Mehringplatz,2019,9,11,1,3,5,3,0,1,1,0,0,0,0,0,798186,1162,5826507,477
198674,11,2,2050801,Traveplatz,2019,8,20,2,2,1,1,2,0,1,0,1,0,0,1,802462,8263,5827457,6
198675,11,5,5030730,Zitadellenweg,2019,9,10,1,3,5,2,0,1,1,0,0,0,0,0,785783,7471,5829261,769
198676,11,5,5010313,Ackerstra�e,2019,8,20,2,2,5,2,1,0,1,0,1,0,0,1,784665,788,5829707,58
198677,11,1,1011301,Charit�viertel,2019,9,10,1,3,1,5,0,1,1,0,0,0,0,0,796934,838,5829453,263
198678,11,10,10020414,Helle Mitte,2019,8,17,2,3,3,6,0,0,1,0,1,0,0,0,812210,9938,5830805,319
198679,11,9,9010301,Baumschulenstra�e,2019,9,8,1,3,2,6,0,0,1,0,0,0,0,0,805487,8485,5821532,889
198680,11,3,3020307,Buchholz,2019,8,14,2,2,3,6,0,1,0,0,0,0,1,0,800047,5297,5837374,637
198681,11,2,2050801,Traveplatz,2019,8,22,7,3,2,6,2,0,1,0,1,0,0,0,803653,608,5827412,105
198682,11,1,1011302,Oranienburger Stra�e,2019,8,21,7,2,5,3,2,1,0,0,0,0,1,0,798875,3797,5828559,678
198683,11,8,8010212,Rollberg,2019,8,13,2,2,2,6,0,1,1,0,0,0,0,0,801318,2228,5823538,293
198684,11,4,4030620,Alt-Lietzow,2019,8,8,2,2,3,6,0,1,1,0,0,0,0,0,792625,7815,5827383,713
198685,11,2,2050801,Traveplatz,2019,8,21,7,3,0,1,2,0,0,0,1,0,0,0,803312,4479,5826753,65
198686,11,3,3040512,Wilhelmsruh,2019,8,20,7,3,1,5,1,0,1,0,0,0,0,0,796312,8228,5835124,278
198687,11,7,7070702,Alt-Lichtenrade/T�pchiner Weg,2019,8,5,2,3,0,3,1,0,1,0,1,0,0,0,799987,4129,5814600,758
198688,11,11,11010205,Falkenberg West,2019,8,19,7,2,0,7,1,0,0,1,0,0,1,0,806570,592,5833534,735
198689,11,1,1011201,Wilhelmstra�e,2019,8,7,2,3,6,2,0,1,0,1,0,0,0,0,796956,8289,5826851,485
198690,11,4,4041238,Kissinger Stra�e,2019,8,18,7,3,5,3,0,0,1,0,0,0,0,0,791676,2314,5823237,923
198691,11,8,8020620,Tempelhofer Weg,2019,8,18,7,2,5,3,0,1,0,0,0,0,1,0,801401,9158,5820270,165
198692,11,8,8010118,Silbersteinstra�e,2019,8,13,1,3,2,6,0,0,1,0,1,0,0,0,800973,2873,5822233,642
198693,11,8,8010214,Glasower Stra�e,2019,8,17,7,3,1,5,0,1,0,0,0,0,1,0,801898,5758,5822395,418
198694,11,10,10040830,Kaulsdorf S�d,2019,8,17,7,3,5,2,0,1,1,0,0,0,0,0,810692,6617,5826244,576
198695,11,6,6040810,Dahlem,2019,8,8,1,3,5,2,0,1,1,0,0,0,0,0,790147,368,5819783,758
198696,11,4,4030931,Breitscheidplatz,2019,8,17,7,3,2,6,0,1,1,0,0,0,0,0,793767,114,5825839,66
198697,11,4,4030931,Breitscheidplatz,2019,8,23,1,3,2,6,2,0,1,0,0,0,0,0,794108,7672,5825981,751
198698,11,11,11010204,Falkenberg Ost,2019,8,16,7,2,5,3,0,0,1,0,1,0,0,0,806921,285,5834063,537
198699,11,1,1044103,Westliche M�llerstra�e,2019,8,15,7,3,5,3,0,1,0,0,1,0,0,0,794514,5567,5830657,14
198700,11,1,1022106,Elberfelder Stra�e,2019,8,22,1,3,5,3,2,1,0,0,1,0,0,0,794025,258,5828224,264
198701,11,1,1011306,Heine-Viertel Ost,2019,8,14,7,3,0,1,0,0,0,0,1,0,0,0,799909,8289,5826747,849
198702,11,6,6010209,Feuerbachstra�e,2019,8,19,1,3,0,2,0,1,1,0,0,0,0,0,794456,5522,5821342,746
198703,11,1,1033102,Gesundbrunnen,2019,8,13,7,3,5,3,0,1,1,0,0,0,0,0,797692,2343,5831313,486
198704,11,1,1011101,St�lerstra�e,2019,8,18,1,3,1,5,0,1,1,0,0,0,0,0,794669,8338,5826061,607
198705,11,8,8020727,Buckow Mitte,2019,8,13,7,3,6,4,0,1,0,1,0,0,0,0,800987,1573,5817046,688
198706,11,4,4051446,Preu�enpark,2019,8,13,7,3,2,6,0,0,1,0,0,0,0,0,792913,3764,5824383,51
198707,11,5,5010206,G�tersloher Weg,2019,8,17,1,3,5,2,0,0,1,0,1,0,0,0,781546,8186,5830699,459
198708,11,12,12301204,Wittenau Nord,2019,8,17,1,3,0,1,0,0,0,0,1,0,0,0,792372,4542,5835867,448
198709,11,2,2010102,Mehringplatz,2019,8,13,7,3,1,5,0,1,1,0,0,0,0,0,798362,9236,5826308,9
198710,11,8,8020620,Tempelhofer Weg,2019,8,13,7,3,2,6,0,0,1,0,0,0,0,0,801325,8677,5820387,484
198711,11,6,6030504,Teltower Damm,2019,8,17,1,3,2,6,0,0,1,0,1,0,0,0,790208,7111,5815125,845
198712,11,1,1044201,Reinickendorfer Stra�e,2019,8,13,7,3,1,6,0,0,1,0,0,0,0,0,797000,7183,5831896,644
198713,11,6,6010103,Markelstra�e,2019,8,15,1,3,5,3,0,0,1,0,1,0,0,0,793289,8789,5821667,262
198714,11,1,1033102,Gesundbrunnen,2019,8,12,7,3,2,6,0,0,1,0,0,0,0,0,797162,9664,5831385,467
198715,11,2,2030302,Lausitzer Platz,2019,8,12,7,3,2,6,0,0,1,0,0,0,0,0,800823,1754,5826476,89
198716,11,9,9020502,Obersch�neweide Ost,2019,8,14,1,3,1,6,0,0,1,0,1,0,0,0,808445,1406,5821716,893
198717,11,8,8010301,Reuterkiez,2019,8,11,7,3,3,6,0,1,1,0,0,0,0,0,801023,293,5824207,355
198718,11,12,12302107,Schorfheidestra�e,2019,8,10,7,3,2,2,0,0,1,0,1,0,0,0,794355,9625,5836310,109
198719,11,4,4020311,Reichsstra�e,2019,8,14,1,3,3,6,0,0,1,0,1,0,0,0,789177,2518,5826906,958
198720,11,2,3061441,Eldenaer Stra�e,2019,8,9,7,3,1,6,0,1,1,0,0,0,0,0,803182,4517,5828348,274
198721,11,1,1011201,Wilhelmstra�e,2019,8,14,1,3,6,2,0,1,0,1,0,0,0,0,797465,9045,5826811,952
198722,11,3,3040818,Pankow S�d,2019,8,8,7,3,1,5,0,1,1,0,0,0,0,0,799157,5687,5833207,4
198723,11,9,9010301,Baumschulenstra�e,2019,8,7,7,2,5,2,0,0,1,0,0,0,0,0,805016,3562,5822703,75
198724,11,10,10010205,Marzahn Ost,2019,8,21,1,2,0,1,2,1,0,0,0,0,0,0,810197,5367,5832282,385
198725,11,1,1011304,Karl-Marx-Allee,2019,8,11,1,3,5,7,0,0,1,0,0,0,1,0,800038,123,5828499,656
198726,11,1,1011102,Gro�er Tiergarten,2019,8,4,7,3,8,1,2,0,1,0,0,0,0,0,796476,174,5827485,428
198727,11,7,7060601,Marienfelder Allee Nordwest,2019,8,12,7,3,6,7,0,0,1,1,0,0,0,0,795658,368,5816089,258
198728,11,2,2040502,Friedenstra�e,2019,8,10,1,3,5,2,0,0,1,0,0,0,0,0,801248,6824,5827825,545
198729,11,2,2030301,Oranienplatz,2019,8,0,7,2,6,4,2,1,0,1,0,0,0,0,800222,3812,5826026,455
198730,11,12,12214527,Alt-Tegel,2019,8,3,1,3,0,1,2,1,0,0,0,0,0,0,789882,2786,5834745,573
198731,11,5,5010314,Carl-Schurz-Stra�e,2019,8,0,1,3,5,3,2,1,1,0,0,0,0,0,784803,6785,5828786,24
198732,11,4,4030725,Amtsgerichtsplatz,2019,8,13,7,3,5,2,0,1,1,0,0,0,0,0,791929,205,5826115,362
198733,11,7,7040405,Rathaus Tempelhof,2019,8,18,6,3,5,3,0,1,0,0,0,0,0,0,799664,8023,5821836,306
198734,11,11,11030721,R�digerstra�e,2019,8,22,7,2,0,1,2,1,0,0,0,0,0,0,805054,5976,5827733,751
198735,11,4,4030931,Breitscheidplatz,2019,8,23,6,3,6,7,2,0,1,1,0,0,0,0,793820,9052,5825862,558
198736,11,2,2020206,Graefekiez,2019,8,22,7,3,2,7,2,1,1,0,0,0,0,0,800292,8219,5824782,825
198737,11,8,8010212,Rollberg,2019,8,21,6,2,5,3,2,1,1,0,0,0,0,0,800972,6522,5823485,442
198738,11,11,11051229,Rummelsburg,2019,8,10,7,3,0,7,0,1,0,0,0,0,0,0,804074,3881,5826008,691
198739,11,3,3061429,Greifswalder Stra�e,2019,8,19,6,3,5,3,0,1,1,0,0,0,0,0,801940,6689,5830654,805
198740,11,7,7010104,Dennewitzplatz,2019,8,18,7,3,5,3,0,0,1,0,0,0,0,0,796173,249,5825310,67
198741,11,4,4020312,Branitzer Platz,2019,8,19,6,3,5,3,0,1,1,0,0,0,0,0,789949,2996,5826866,278
198742,11,12,12214424,Scharnweberstra�e,2019,8,18,7,3,2,6,0,0,1,0,0,0,0,0,793179,3439,5832282,316
198743,11,6,6020411,Sch�tte-Lanz-Stra�e,2019,8,18,6,3,5,3,0,1,1,0,0,0,0,0,794122,144,5815880,6
198744,11,1,1011201,Wilhelmstra�e,2019,8,17,7,3,5,2,0,1,1,0,0,0,0,0,797398,2276,5826955,915
198745,11,3,3061228,Erich-Weinert-Stra�e,2019,8,17,6,3,5,5,0,0,1,0,1,0,0,0,800912,326,5830852,383
198746,11,2,2030301,Oranienplatz,2019,8,23,7,3,1,5,2,1,1,0,0,0,0,0,799891,7869,5825930,281
198747,11,4,4030725,Amtsgerichtsplatz,2019,8,17,6,2,5,3,0,1,1,0,0,0,0,0,791981,3128,5825970,16
198748,11,4,4030827,Karl-August-Platz,2019,8,17,6,2,0,7,0,1,0,0,0,0,0,0,792050,122,5825983,705
198749,11,5,5030730,Zitadellenweg,2019,8,18,7,3,0,6,0,0,1,0,1,0,0,0,785676,2047,5829288,478
198750,11,7,7010102,Nollendorfplatz,2019,8,16,6,3,5,2,0,0,1,0,1,0,0,0,794948,7605,5825408,176
198751,11,7,7040402,Lindenhofsiedlung,2019,8,17,7,3,5,3,0,1,1,0,0,0,0,0,796672,1463,5820706,888
198752,11,3,3010102,Buch,2019,8,13,6,3,4,6,0,0,1,0,0,0,0,0,805042,6701,5840284,203
198753,11,1,1011303,Alexanderplatzviertel,2019,8,9,6,3,3,6,0,0,1,0,0,0,1,0,798905,7015,5827778,839
198754,11,10,10030727,Biesdorf S�d,2019,8,15,7,3,0,7,0,1,0,0,0,0,0,0,809882,9832,5825695,901
198755,11,1,1044202,Sparrplatz,2019,8,15,6,3,0,7,0,0,0,0,1,0,0,0,795705,1749,5830573,939
198756,11,5,5010311,Eiswerder,2019,8,23,7,3,2,6,2,0,1,0,0,0,0,0,785232,1257,5830967,673
198757,11,4,4030725,Amtsgerichtsplatz,2019,8,15,6,3,1,5,0,1,1,0,0,0,0,0,791593,2727,5826097,554
198758,11,8,8010118,Silbersteinstra�e,2019,8,21,7,3,3,6,2,0,1,0,1,0,0,0,800915,9446,5822366,509
198759,11,12,12301203,Wittenau S�d,2019,8,15,6,3,2,6,0,0,1,0,1,0,0,0,792396,2923,5834131,693
198760,11,5,5010312,Kurstra�e,2019,8,19,7,3,6,4,1,0,1,1,0,0,0,0,785191,62,5829494,14
198761,11,12,12103220,Humboldtstra�e,2019,8,14,6,3,5,2,0,1,0,0,0,0,1,0,794442,2324,5833814,742
198762,11,1,1011102,Gro�er Tiergarten,2019,8,13,6,3,5,3,0,1,1,0,0,0,0,0,795269,8836,5827320,609
198763,11,5,5020627,Tiefwerder,2019,8,15,7,3,2,2,0,0,1,0,0,0,0,0,785935,8454,5827990,488
198764,11,1,1033202,Humboldthain S�d,2019,8,19,7,2,0,7,0,1,0,0,0,0,0,0,797371,3017,5829619,253
198765,11,7,7040403,Manteuffelstra�e,2019,8,13,6,3,5,7,0,0,1,0,0,0,0,0,797115,7197,5822169,482
198766,11,9,9020702,Adlershof Ost,2019,8,14,7,3,5,3,0,1,1,0,0,0,0,0,809185,9864,5819527,385
198767,11,8,8020622,Parchimer Allee,2019,8,13,6,3,5,2,0,1,1,0,0,0,0,0,801303,762,5819923,381
198768,11,3,3040818,Pankow S�d,2019,8,14,7,3,2,3,0,0,1,0,0,0,0,0,799381,5511,5833496,931
198769,11,4,4030827,Karl-August-Platz,2019,8,13,6,3,2,6,0,0,1,0,0,0,0,0,792448,9879,5826117,907
198770,11,4,4030519,Kaiserin-Augusta-Allee,2019,8,12,6,3,5,2,0,1,1,0,0,0,0,0,792107,4487,5827719,235
198771,11,9,9041501,Altstadt Kietz,2019,8,13,7,3,2,6,0,0,1,0,0,0,0,0,811045,5384,5820290,706
198772,11,8,8030831,Gropiusstadt Ost,2019,8,13,7,3,5,2,0,0,1,0,0,0,0,0,803350,9864,5817402,487
198773,11,9,9010302,Sp�thsfelde,2019,8,12,6,3,5,3,0,1,0,0,0,0,1,0,805226,4819,5820576,102
198774,11,3,3040614,Pankow Zentrum,2019,8,11,6,3,0,3,0,1,0,0,0,0,1,0,799385,1194,5833902,198
198775,11,9,9051901,Dammvorstadt,2019,8,12,7,3,5,3,0,1,0,0,0,0,0,0,810640,2615,5821014,471
198776,11,5,5020417,Staakener Stra�e,2019,8,11,6,3,0,3,0,0,1,0,1,0,0,0,783412,2115,5828627,715
198777,11,7,7030303,Grazer Platz,2019,8,11,7,3,5,2,0,1,1,0,0,0,0,0,794663,7199,5821801,518
198778,11,7,7050501,Rathausstra�e,2019,8,9,6,3,1,5,0,1,1,0,0,0,0,0,797542,4664,5819885,597
198779,11,1,1011204,Leipziger Stra�e,2019,8,9,6,3,5,3,0,1,1,0,0,0,0,0,798573,97,5826806,593
198780,11,9,9041601,M�ggelheim,2019,8,11,7,2,8,1,0,0,0,0,1,0,0,0,817660,2736,5817833,291
198781,11,8,8010404,Rixdorf,2019,8,9,6,3,2,6,0,0,1,0,0,0,0,0,801473,8951,5823243,846
198782,11,4,4030931,Breitscheidplatz,2019,8,6,7,2,8,7,0,0,1,0,0,0,0,1,794061,3912,5826259,611
198783,11,12,12224229,Konradsh�he/Tegelort,2019,8,8,6,3,5,2,0,1,1,0,0,0,0,0,786327,895,5834462,963
198784,11,2,2030401,Reichenberger Stra�e,2019,8,12,7,3,5,3,0,0,1,0,0,0,0,0,800515,1044,5825456,432
198785,11,8,8020727,Buckow Mitte,2019,8,8,6,3,6,4,0,0,1,1,0,0,0,0,801189,3637,5817153,938
198786,11,8,8010213,K�rnerpark,2019,8,16,7,3,5,3,0,1,1,0,0,0,0,0,801143,2076,5822844,615
198787,11,1,1033101,Soldiner Stra�e,2019,8,8,6,3,5,2,0,1,1,0,0,0,0,0,797567,7044,5832754,761
198788,11,7,7070701,Kettinger Stra�e/Schillerstra�e,2019,8,7,6,3,1,5,0,0,1,0,0,1,0,0,799413,5123,5814247,53
198789,11,3,3061434,Anton-Saefkow-Park,2019,8,3,6,3,6,4,2,0,1,1,0,0,0,0,800812,11,5830226,204
198790,11,7,7020201,Bayerischer Platz,2019,8,15,6,3,5,3,0,0,1,0,0,0,0,0,794955,8231,5824307,565
198791,11,2,2040701,Andreasviertel,2019,8,7,6,3,5,2,0,1,1,0,0,0,0,0,800143,1108,5827348,243
198792,11,7,7040405,Rathaus Tempelhof,2019,8,9,6,3,6,4,0,0,1,1,0,0,0,0,798538,8999,5821892,512
198793,11,6,6010207,Mittelstra�e,2019,8,19,6,3,5,3,0,0,1,0,1,0,0,0,794043,7699,5820378,322
198794,11,9,9051702,B�lschestra�e,2019,8,16,6,2,5,7,0,0,1,0,1,0,0,0,814193,138,5820923,791
198795,11,2,2030302,Lausitzer Platz,2019,8,13,6,3,0,2,0,1,0,0,0,0,1,0,801183,4424,5825936,78
198796,11,1,1011305,Heine-Viertel West,2019,8,16,6,2,1,5,0,0,1,0,0,0,1,0,799421,8984,5827296,344
198797,11,1,1011302,Oranienburger Stra�e,2019,8,1,6,3,0,1,2,0,0,0,0,0,1,0,798986,61,5829022,86
198798,11,1,1033101,Soldiner Stra�e,2019,8,13,6,2,5,2,0,0,1,0,0,0,0,0,796160,3988,5832270,675
198799,11,9,9051901,Dammvorstadt,2019,8,20,6,3,0,6,1,1,0,0,0,0,1,0,810640,4998,5820337,241
198800,11,3,3071638,Winsstra�e,2019,8,8,6,3,0,6,0,0,0,0,1,0,0,0,800282,2281,5829601,3
198801,11,3,3040818,Pankow S�d,2019,8,20,6,3,5,2,1,1,1,0,0,0,0,0,798933,6625,5832600,919
198802,11,1,1022204,Thomasiusstra�e,2019,8,8,6,2,5,3,0,1,0,0,0,0,0,0,794971,61,5827990,34
198803,11,9,9020701,Adlershof West,2019,8,17,6,3,5,2,0,1,1,0,0,0,0,0,809054,3932,5818764,115
198804,11,11,11051229,Rummelsburg,2019,8,11,6,3,0,6,0,0,1,0,0,0,0,0,804092,2495,5826002,545
198805,11,6,6030608,Schweizer Viertel,2019,8,9,6,2,1,5,0,1,1,0,0,0,0,0,791144,3833,5816642,349
198806,11,8,8020625,Handwerker-Siedlung,2019,8,19,6,2,0,2,0,0,1,0,0,0,1,0,801385,2344,5819267,137
198807,11,4,4030417,Schlo�stra�e,2019,8,4,6,3,1,5,2,1,1,0,0,0,0,0,791461,206,5827151,8
198808,11,6,6010102,Schlo�stra�e,2019,8,19,6,2,6,4,0,1,0,1,0,0,0,0,793322,5098,5821172,766
198809,11,1,1011401,Invalidenstra�e,2019,8,9,5,3,5,2,0,1,1,0,0,0,0,0,797379,5354,5829301,541
198810,11,8,8010303,Donaustra�e,2019,8,18,6,3,2,6,0,1,1,0,0,0,0,0,801370,9623,5823851,961
198811,11,1,1044201,Reinickendorfer Stra�e,2019,8,21,5,3,1,5,2,1,1,0,0,0,0,0,795792,7045,5831041,738
198812,11,12,12103116,Hausotterplatz,2019,8,18,6,3,1,5,0,1,1,0,0,0,0,0,796017,4944,5833250,458
198813,11,12,12231102,Frohnau,2019,8,19,5,3,3,6,1,1,1,0,0,0,0,0,789468,4412,5840379,386
198814,11,11,11030619,Fennpfuhl Ost,2019,8,18,5,3,5,3,0,1,0,0,0,0,0,0,803759,1871,5829235,688
198815,11,2,2020206,Graefekiez,2019,8,18,6,3,6,4,0,1,0,1,0,0,0,0,799736,7661,5824839,719
198816,11,1,1011305,Heine-Viertel West,2019,8,17,6,3,1,5,0,1,0,0,0,0,1,0,799379,2786,5826369,292
198817,11,7,7040405,Rathaus Tempelhof,2019,8,18,5,3,5,2,0,1,1,0,0,0,0,0,799000,5262,5821696,474
198818,11,1,1011105,N�rdlicher Landwehrkanal,2019,8,18,5,3,2,6,0,0,1,0,0,0,0,0,796610,3175,5826883,108
198819,11,7,7030301,Friedenau,2019,8,16,6,2,5,2,0,1,1,0,0,0,0,0,794403,4776,5822298,878
198820,11,1,1011201,Wilhelmstra�e,2019,8,17,5,3,5,3,0,1,0,0,0,0,1,0,797261,9793,5827013,792