OBJECTID,LAND,BEZ,LOR,STRASSE,UJAHR,UMONAT,USTUNDE,UWOCHENTAG,UKATEGORIE,UART,UTYP1,ULICHTVERH,IstRad,IstPKW,IstFuss,IstKrad,IstGkfz,IstSonstige,USTRZUSTAND,LINREFX,LINREFY,XGCSWGS84,YGCSWGS84
198821,11,4,4051655,Babelsberger Stra�e,2019,8,16,6,3,5,2,0,1,0,0,0,0,1,0,793992,228,5824051,211
198822,11,9,9030901,Dorf Altglienicke,2019,8,19,5,3,5,3,0,0,1,0,1,0,0,0,808492,5222,5816654,885
198823,11,1,1022106,Elberfelder Stra�e,2019,8,17,5,3,6,4,0,0,1,1,0,0,0,0,794462,6131,5828354,588
198824,11,1,1011105,N�rdlicher Landwehrkanal,2019,8,22,6,3,2,2,2,1,1,0,0,0,0,0,796635,7318,5826669,56
198825,11,4,4051654,Wilhelmsaue,2019,8,15,5,3,0,7,0,1,0,0,0,0,0,0,793444,9141,5823947,16
198826,11,1,1011204,Leipziger Stra�e,2019,8,15,5,3,5,3,0,1,1,0,0,0,0,0,797990,1984,5826785,715
198827,11,9,9031001,Bohnsdorf,2019,8,16,6,2,5,2,0,1,1,0,0,0,0,0,809094,9643,5815181,863
198828,11,3,3040614,Pankow Zentrum,2019,8,15,5,3,5,3,0,1,0,0,0,0,0,0,799256,26,5833675,786
198829,11,6,6020303,Lankwitz Kirche,2019,8,14,5,3,3,2,0,0,1,0,1,0,0,0,795910,2272,5818720,486
198830,11,5,5030731,Gartenfelder Stra�e,2019,8,22,6,3,5,2,2,1,1,0,0,0,0,0,787944,5893,5830040,922
198831,11,7,7010102,Nollendorfplatz,2019,8,14,5,3,3,5,0,1,1,0,0,0,0,0,794969,567,5825163,879
198832,11,4,4041241,Breite Stra�e,2019,8,22,6,2,5,2,2,1,1,0,0,0,0,0,791911,7383,5822279,941
198833,11,3,3040614,Pankow Zentrum,2019,8,14,5,3,5,2,0,1,1,0,0,0,0,0,798733,2711,5833689,212
198834,11,4,4030930,George-Grosz-Platz,2019,8,21,6,3,5,2,1,1,1,0,0,0,0,0,792949,8467,5825355,458
198835,11,2,2030302,Lausitzer Platz,2019,8,14,5,3,4,7,0,1,0,0,0,0,0,0,800901,9287,5825850,269
198836,11,11,11030721,R�digerstra�e,2019,8,20,6,3,0,2,1,1,1,0,0,0,0,0,804296,7051,5828423,967
198837,11,5,5030832,Rohrdamm,2019,8,14,5,3,5,3,0,1,1,0,0,0,0,0,789482,5517,5829420,639
198838,11,5,5040936,J�gerallee,2019,8,14,5,3,5,2,0,1,1,0,0,0,0,0,780793,2334,5820422,124
198839,11,8,8010117,Schillerpromenade,2019,8,16,6,2,3,6,0,0,1,0,1,0,0,0,800684,3536,5822956,681
198840,11,1,1011204,Leipziger Stra�e,2019,8,16,6,3,5,3,0,0,1,0,0,0,1,0,797892,5412,5826671,185
198841,11,4,4030620,Alt-Lietzow,2019,8,13,5,3,0,2,0,0,1,0,0,0,1,0,792761,6933,5827053,349
198842,11,8,8040933,Vogelviertel S�d,2019,8,14,5,2,2,6,0,0,1,0,0,0,0,0,803284,8973,5818518,329
198843,11,12,12304314,Ziekowstra�e/Freie Scholle,2019,8,15,6,3,5,2,0,0,1,0,1,0,0,0,790620,4154,5835983,302
198844,11,1,1011204,Leipziger Stra�e,2019,8,12,5,3,5,3,0,1,0,0,0,0,0,0,798530,3508,5827097,396
198845,11,1,1044101,Rehberge,2019,8,15,6,3,5,2,0,1,1,0,0,0,0,0,793673,5415,5832254,633
198846,11,9,9010402,Johannisthal Ost,2019,8,12,5,3,5,3,0,0,1,0,0,0,0,0,805707,206,5818798,895
198847,11,5,5010339,Freiheit,2019,8,12,6,3,2,6,0,0,1,0,0,0,0,0,786814,6828,5828209,465
198848,11,12,12214424,Scharnweberstra�e,2019,8,10,5,3,0,6,0,0,1,0,1,0,0,0,793519,6983,5832404,885
198849,11,5,5010209,An der Kappe,2019,8,11,6,3,5,3,0,1,1,0,0,0,0,0,782906,9944,5830340,164
198850,11,7,7040405,Rathaus Tempelhof,2019,8,10,5,3,0,7,0,0,1,0,0,0,1,0,798499,4783,5820934,458
198851,11,1,1033201,Brunnenstra�e,2019,8,11,6,3,2,6,0,0,1,0,0,0,0,0,797691,7347,5830709,85
198852,11,3,3040818,Pankow S�d,2019,8,13,1,3,5,3,0,0,1,0,0,0,0,0,799558,6766,5832081,76
198853,11,9,9051801,Rahnsdorf/Hessenwinkel,2019,9,8,2,3,5,3,0,0,1,0,0,0,0,1,819383,7257,5819910,702
198854,11,12,12304313,Borsigwalde,2019,9,7,2,3,5,3,0,0,1,0,0,0,1,1,791931,8628,5834134,627
198855,11,8,8010301,Reuterkiez,2019,9,7,2,3,5,3,0,0,1,0,0,0,0,1,800432,2562,5824906,288
198856,11,7,7050501,Rathausstra�e,2019,9,6,2,3,2,2,2,0,1,0,0,0,1,1,797602,3884,5819527,446
198857,11,8,8030831,Gropiusstadt Ost,2019,9,14,2,3,6,2,0,0,1,1,0,0,0,1,803725,9363,5818021,95
198858,11,11,11051229,Rummelsburg,2019,9,6,2,3,5,2,1,1,1,0,0,0,0,1,804095,153,5825995,295
198859,11,4,4010102,Pl�tzensee,2019,9,5,2,3,2,6,0,0,1,0,0,0,0,1,793350,28,5829688,2
198860,11,9,9051901,Dammvorstadt,2019,9,18,2,3,5,3,0,1,1,0,0,0,0,1,810821,66,5821366,703
198861,11,4,4030415,Schlo�garten,2019,9,22,1,3,5,3,2,1,1,0,0,0,0,0,791655,4274,5827533,803
198862,11,1,1033203,Humboldthain Nordwest,2019,9,3,1,3,1,5,2,0,1,0,0,0,0,0,796689,967,5830787,498
198863,11,8,8010212,Rollberg,2019,9,21,1,3,1,5,2,0,1,0,0,0,0,0,801101,8635,5823279,67
198864,11,8,8010212,Rollberg,2019,9,21,1,2,6,7,2,1,0,1,0,0,0,0,800868,4076,5823457,341
198865,11,7,7060603,Marienfelde Nordost,2019,9,21,1,3,1,5,2,0,1,0,0,0,0,0,798375,8146,5816892,587
198866,11,7,7040403,Manteuffelstra�e,2019,9,18,1,3,2,7,0,0,1,0,1,0,0,0,796917,3641,5820709,1
198867,11,7,7050505,Hundsteinweg,2019,9,14,1,3,1,5,0,0,1,0,0,0,1,0,799216,7651,5818158,154
198868,11,8,8010212,Rollberg,2019,9,2,1,2,0,1,2,1,0,0,0,0,0,0,801109,3563,5823523,596
198869,11,2,2050802,Boxhagener Platz,2019,9,1,1,3,0,7,2,0,0,0,0,0,1,0,802390,7309,5826834,694
198870,11,12,12231101,Hermsdorf,2019,9,0,1,2,0,1,2,1,0,0,0,0,0,0,791656,1618,5838922,166
198871,11,2,2030301,Oranienplatz,2019,9,0,1,3,2,7,2,1,1,0,0,0,0,1,799926,2899,5826024,477
198872,11,4,4030620,Alt-Lietzow,2019,9,0,1,3,5,3,2,0,1,0,0,0,0,0,792844,53,5827219,739
198873,11,12,12214125,Waldidyll/Flughafensee,2019,9,13,1,3,2,6,0,0,1,0,0,0,0,0,791092,1623,5831074,349
198874,11,1,1011105,N�rdlicher Landwehrkanal,2019,9,13,1,3,0,7,0,0,0,0,0,0,1,0,796068,4135,5826700,602
198875,11,8,8010118,Silbersteinstra�e,2019,9,0,1,3,3,6,2,1,1,0,0,0,0,0,801021,5817,5822118,483
198876,11,1,1044102,Schillerpark,2019,9,11,1,3,5,2,0,0,1,0,0,0,0,0,794908,2068,5832038,59
198877,11,7,7070701,Kettinger Stra�e/Schillerstra�e,2019,9,11,1,3,2,2,0,0,1,0,0,0,0,0,798708,516,5816023,92
198878,11,3,3030406,Alt-Karow,2019,9,11,1,3,5,3,0,0,1,0,0,0,0,0,802747,6523,5839052,537
198879,11,11,11051330,Karlshorst West,2019,9,10,1,3,0,3,0,1,0,0,0,0,1,0,807201,8172,5825560,26
198880,11,8,8010213,K�rnerpark,2019,9,21,7,3,5,3,2,1,1,0,0,0,0,0,801244,7925,5822459,703
198881,11,4,4030620,Alt-Lietzow,2019,9,23,7,2,0,1,2,0,0,0,0,0,1,0,792095,729,5827629,59
198882,11,3,3040818,Pankow S�d,2019,9,23,7,2,5,3,2,0,1,0,0,0,0,0,799708,8119,5832505,677
198883,11,6,6040804,Krumme Lanke,2019,9,22,7,3,0,1,2,0,0,0,1,0,0,1,787632,1569,5818122,268
198884,11,1,1044103,Westliche M�llerstra�e,2019,9,17,7,3,6,4,0,0,1,1,0,0,0,0,795265,7077,5830733,421
198885,11,6,6030502,Zehlendorf S�d,2019,9,14,7,3,5,3,0,0,1,0,1,0,0,0,788989,8525,5816094,207
198886,11,9,9051701,Hirschgarten,2019,9,16,7,3,5,3,0,1,1,0,0,0,0,0,812505,9217,5821292,3
198887,11,5,5010101,Hakenfelde Nord,2019,9,16,7,2,4,6,0,0,1,0,1,0,0,0,785346,6179,5832551,37
198888,11,10,10030727,Biesdorf S�d,2019,9,16,7,3,2,6,0,0,1,0,0,0,0,0,809581,1445,5825572,581
198889,11,8,8020625,Handwerker-Siedlung,2019,9,15,7,2,5,2,0,0,1,0,0,0,1,0,801377,565,5819273,13
198890,11,10,10040829,Alt-Kaulsdorf,2019,9,15,7,3,5,2,0,0,1,0,1,0,0,0,811530,1429,5827808,616
198891,11,8,8020621,Mohriner Allee Nord,2019,9,14,7,3,5,3,0,0,1,0,0,0,0,0,800094,5961,5819151,57
198892,11,4,4030417,Schlo�stra�e,2019,9,14,7,3,0,1,0,0,0,0,1,0,0,0,791551,7077,5826692,897
198893,11,3,3071536,Teutoburger Platz,2019,9,14,7,3,6,4,0,1,0,1,0,0,0,0,798933,4401,5829951,442
198894,11,3,3050925,Komponistenviertel Wei�ensee,2019,9,14,7,3,1,1,0,1,1,0,0,0,0,0,802323,9951,5831316,791
198895,11,4,4030726,Droysenstra�e,2019,9,14,7,3,2,6,0,0,1,0,0,0,0,0,792236,113,5825340,99
198896,11,9,9020702,Adlershof Ost,2019,9,11,7,3,0,1,0,1,0,0,0,0,0,0,809134,658,5819509,341
198897,11,1,1011401,Invalidenstra�e,2019,9,10,7,3,1,1,0,1,1,0,0,0,0,0,797815,9117,5829270,528
198898,11,7,7030301,Friedenau,2019,9,9,7,3,5,3,0,1,1,0,0,0,0,0,793974,1274,5822306,115
198899,11,8,8041039,Frauenviertel,2019,9,14,7,3,6,7,0,0,1,1,0,0,0,0,806573,322,5815723,312
198900,11,2,2020203,Viktoriapark,2019,9,1,7,3,1,5,2,1,1,0,0,0,1,0,797690,8606,5824591,385
198901,11,2,2020205,Chamissokiez,2019,9,22,6,3,1,1,2,0,1,0,0,0,1,0,798312,5537,5824393,81
198902,11,2,2010103,Moritzplatz,2019,9,21,6,3,0,1,2,1,0,0,0,0,0,0,799173,862,5826260,654
198903,11,2,2050803,Stralauer Kiez,2019,9,21,6,3,5,2,2,1,1,0,0,0,0,0,802753,6741,5826107,63
198904,11,3,3010101,Bucher Forst,2019,9,20,6,2,5,2,2,0,1,0,1,0,0,0,803848,1382,5841440,476
198905,11,3,3061131,Falkplatz,2019,9,11,6,3,5,3,0,1,1,0,0,0,0,0,799177,2716,5830743,543
198906,11,1,1011203,Unter den Linden S�d,2019,9,11,6,2,6,2,0,0,1,1,0,0,0,0,797919,1207,5827278,644
198907,11,4,4051655,Babelsberger Stra�e,2019,9,11,6,3,3,6,0,0,1,0,1,0,0,0,793959,9067,5823446,821
198908,11,1,1044102,Schillerpark,2019,9,10,6,3,2,6,0,0,1,0,0,0,0,0,794877,4811,5832005,641
198909,11,7,7050504,Imbrosweg,2019,9,19,6,3,1,5,2,0,1,0,0,0,1,0,799836,9112,5820459,634
198910,11,1,1011201,Wilhelmstra�e,2019,9,15,6,2,0,1,0,0,0,0,0,0,1,0,797024,1038,5826580,961
198911,11,1,1011306,Heine-Viertel Ost,2019,9,9,6,3,2,2,0,0,0,0,1,1,0,0,800080,107,5826452,345
198912,11,2,2020205,Chamissokiez,2019,9,19,6,3,6,4,1,0,1,1,0,0,0,0,798450,9082,5824555,36
198913,11,9,9010402,Johannisthal Ost,2019,9,19,6,3,5,2,1,1,1,0,0,0,0,0,806104,989,5819162,606
198914,11,1,1011302,Oranienburger Stra�e,2019,9,8,6,3,2,2,0,1,1,0,0,0,0,0,799091,1194,5828975,67
198915,11,1,1022103,Westhafen,2019,9,14,6,3,2,6,0,0,1,0,0,0,0,0,793573,896,5829815,239
198916,11,1,1044201,Reinickendorfer Stra�e,2019,9,8,6,3,3,6,0,0,1,0,1,0,0,0,796699,3435,5831951,32
198917,11,1,1011306,Heine-Viertel Ost,2019,9,14,6,3,1,7,0,1,1,0,0,0,0,0,800108,9568,5826881,932
198918,11,2,2040701,Andreasviertel,2019,9,8,6,3,0,7,0,0,0,0,0,1,0,0,800617,9463,5827208,76
198919,11,11,11030720,Herzbergstra�e,2019,9,18,6,2,6,4,0,0,1,1,0,0,0,0,805182,9,5829607,719
198920,11,8,8020727,Buckow Mitte,2019,9,7,6,2,6,4,0,0,1,1,0,0,0,0,800517,1975,5816503,812
198921,11,4,4030621,Spreestadt,2019,9,14,6,3,5,3,0,1,1,0,0,0,0,0,793216,8433,5827791,511
198922,11,8,8010118,Silbersteinstra�e,2019,9,18,6,3,1,5,0,0,1,0,0,0,0,0,800393,3411,5821713,802
198923,11,1,1044203,Leopoldplatz,2019,9,14,6,3,2,6,0,0,1,0,0,0,0,0,796244,3684,5831948,853
198924,11,9,9020502,Obersch�neweide Ost,2019,9,6,6,3,5,3,0,0,1,0,0,0,0,0,806937,8849,5822299,19
198925,11,7,7010101,Wittenbergplatz/Viktoria-Luise-Platz,2019,9,16,6,3,2,2,0,1,1,0,0,0,0,0,794562,963,5825786,132
198926,11,4,4041136,Hagenplatz,2019,9,13,6,3,5,2,0,1,1,0,0,0,0,0,790677,2585,5822691,548
198927,11,10,10030727,Biesdorf S�d,2019,9,12,6,3,2,6,0,0,1,0,0,0,0,0,809579,6671,5825096,55
198928,11,3,3050920,Wei�er See,2019,9,16,6,3,5,2,0,1,1,0,0,0,0,0,802307,5556,5832626,487
198929,11,5,5020627,Tiefwerder,2019,9,12,6,2,5,2,0,0,1,0,0,0,0,0,785637,1357,5828028,701
198930,11,1,1033102,Gesundbrunnen,2019,9,16,6,3,9,1,0,0,1,1,0,0,0,0,797157,349,5831905,615
198931,11,12,12214422,Klixstra�e,2019,9,12,6,3,2,6,0,0,1,0,0,0,1,0,792067,9287,5832942,158
198932,11,1,1044103,Westliche M�llerstra�e,2019,9,16,6,3,5,2,0,1,1,0,0,0,0,0,794509,8518,5830643,201
198933,11,10,10020414,Helle Mitte,2019,9,12,6,3,2,2,0,0,1,0,1,0,0,0,812069,9533,5830895,591
198934,11,4,4020313,K�nigin-Elisabeth-Stra�e,2019,9,11,6,2,3,6,0,0,1,0,1,0,0,0,790476,7969,5826782,486
198935,11,1,1011402,Arkonaplatz,2019,9,15,6,3,0,1,0,1,0,0,0,0,0,0,798718,9779,5829543,158
198936,11,4,4030726,Droysenstra�e,2019,9,15,6,2,5,2,0,1,1,0,0,0,0,0,792090,9959,5825291,91
198937,11,4,4030623,Ernst-Reuter-Platz,2019,9,12,6,3,5,2,0,1,0,0,0,1,0,0,793674,295,5825995,311
198938,11,1,1011401,Invalidenstra�e,2019,9,19,6,1,9,7,1,0,1,1,0,0,1,0,798113,9677,5829348,9
198939,11,4,4041343,Binger Stra�e,2019,9,6,5,2,0,7,0,1,1,0,0,0,0,0,792742,6544,5823123,808
198940,11,1,1011306,Heine-Viertel Ost,2019,9,4,5,2,6,2,2,0,1,1,0,0,0,1,799662,8836,5827043,626
198941,11,7,7040405,Rathaus Tempelhof,2019,9,22,5,3,5,2,2,0,1,0,0,0,0,0,798893,609,5821213,683
198942,11,2,2020204,Urbanstra�e,2019,9,20,5,3,2,6,2,0,1,0,0,0,0,0,798296,1892,5825339,96
198943,11,6,6040810,Dahlem,2019,9,20,5,3,5,2,2,1,1,0,0,0,0,0,790352,3107,5820678,943
198944,11,12,12214125,Waldidyll/Flughafensee,2019,9,18,5,2,0,7,0,1,0,0,0,0,0,0,791061,4568,5833909,291
198945,11,10,10030727,Biesdorf S�d,2019,9,18,5,2,5,3,0,0,1,0,0,0,0,0,809838,2586,5825689,294
198946,11,3,3071639,B�tzowstra�e,2019,9,21,5,3,5,3,2,1,1,0,0,0,0,0,800962,4858,5829193,916
198947,11,6,6020303,Lankwitz Kirche,2019,9,10,5,3,5,2,0,1,1,0,0,0,0,0,795189,6191,5818764,689
198948,11,1,1022104,Emdener Stra�e,2019,9,17,5,3,5,3,0,1,0,0,0,0,0,1,794303,1401,5828462,655
198949,11,10,10030727,Biesdorf S�d,2019,9,17,5,3,2,6,0,0,1,0,0,0,0,0,809717,4314,5826033,113
198950,11,1,1044202,Sparrplatz,2019,9,12,5,3,2,6,0,0,1,0,0,0,0,0,795400,87,5830610,899
198951,11,12,12103218,Teichstra�e,2019,9,11,5,3,5,2,0,1,1,0,0,0,0,0,794565,1456,5833792,474
198952,11,3,3061131,Falkplatz,2019,9,11,5,3,5,2,0,1,1,0,0,0,0,0,799135,5132,5830601,35
198953,11,3,3020209,Niedersch�nhausen,2019,9,9,5,3,5,3,0,1,1,0,0,0,0,0,797885,1622,5834642,227
198954,11,10,10010310,Alt-Marzahn,2019,9,9,5,3,2,6,0,0,1,0,0,1,0,0,808094,6883,5830922,342
198955,11,4,4020313,K�nigin-Elisabeth-Stra�e,2019,9,8,5,3,3,6,0,0,1,0,0,0,0,0,790151,2832,5826070,444
198956,11,6,6030607,Goerzwerke,2019,9,8,5,3,2,6,0,0,1,0,0,1,0,0,792224,3246,5816651,21
198957,11,7,7040406,Germaniagarten,2019,9,8,5,3,5,2,0,1,1,0,0,0,0,0,800253,7607,5821586,116
198958,11,3,3040512,Wilhelmsruh,2019,9,8,5,3,0,2,0,1,1,0,0,0,0,0,796916,2901,5835822,402
198959,11,9,9010402,Johannisthal Ost,2019,9,8,5,3,0,2,0,0,1,0,1,0,0,1,806491,1354,5820058,823
198960,11,5,5030731,Gartenfelder Stra�e,2019,9,8,5,2,5,3,0,1,0,0,0,0,1,0,788001,8548,5830207,936
198961,11,4,4020209,Eichkamp,2019,9,17,5,3,0,5,0,0,0,0,1,0,1,0,789816,8155,5824903,4
198962,11,8,8020726,Buckow West,2019,9,17,5,3,5,3,0,0,1,0,0,0,0,0,799906,6176,5816245,14
198963,11,12,12224230,Heiligensee,2019,9,17,5,3,5,2,0,1,1,0,0,0,0,0,787290,51,5837899,624
198964,11,4,4051654,Wilhelmsaue,2019,9,17,5,2,6,7,0,0,1,1,0,0,0,0,793599,8418,5823944,754
198965,11,4,4030726,Droysenstra�e,2019,9,17,5,3,5,3,0,0,1,0,0,0,0,0,792090,8326,5825281,779
198966,11,5,5040934,Alt-Gatow,2019,9,16,5,2,0,1,0,1,0,0,0,0,0,0,783826,613,5823585,922
198967,11,5,5040936,J�gerallee,2019,9,7,5,3,5,3,0,1,1,0,0,0,0,0,780779,1452,5820414,777
198968,11,4,4030931,Breitscheidplatz,2019,9,15,5,3,6,4,0,0,1,1,0,0,0,0,794436,5297,5825886,939
198969,11,9,9041401,Allende I,2019,9,7,5,2,6,4,0,0,1,1,0,0,0,0,811649,5107,5820424,135
198970,11,5,5010312,Kurstra�e,2019,9,15,6,2,5,3,0,0,1,0,1,0,0,0,785088,2385,5829871,69
198971,11,10,10020414,Helle Mitte,2019,9,15,5,3,6,2,0,0,1,1,0,0,0,0,812237,7694,5830686,179
198972,11,1,1022104,Emdener Stra�e,2019,9,15,6,3,1,5,0,1,1,0,0,0,0,0,794363,2458,5828435,887
198973,11,6,6040701,Wannsee,2019,9,15,6,3,5,3,0,1,1,0,0,0,0,0,782334,5566,5815313,249
198974,11,9,9020502,Obersch�neweide Ost,2019,9,7,5,3,0,1,0,0,0,0,1,0,0,1,809101,9055,5821545,987
198975,11,1,1033102,Gesundbrunnen,2019,9,15,5,3,5,2,0,1,1,0,0,0,0,0,797317,6553,5831634,203
198976,11,1,1011304,Karl-Marx-Allee,2019,9,21,6,3,2,6,2,0,1,0,0,0,0,0,799773,299,5827532,78
198977,11,4,4030518,Tegeler Weg,2019,9,15,5,3,5,3,0,0,1,0,0,0,0,0,791699,3505,5828394,776
198978,11,10,10020518,Schleipfuhl,2019,9,6,5,3,5,3,1,0,1,0,0,0,0,1,812935,6646,5830025,92
198979,11,4,4051549,Rathaus Wilmersdorf,2019,9,7,5,3,5,2,0,1,1,0,0,0,0,1,793312,8333,5823634,548
198980,11,6,6010102,Schlo�stra�e,2019,9,11,5,3,0,1,0,1,0,0,0,0,0,0,793733,9796,5821072,301
198981,11,2,2020205,Chamissokiez,2019,9,14,5,3,5,5,0,1,1,0,0,0,0,0,798318,1772,5824281,804
198982,11,6,6040810,Dahlem,2019,9,16,5,3,5,2,0,1,1,0,0,0,0,0,790387,9079,5820839,826
198983,11,6,6040804,Krumme Lanke,2019,9,15,5,3,6,4,0,1,0,1,0,0,0,0,787606,683,5818080,596
198984,11,6,6030504,Teltower Damm,2019,9,6,5,2,2,7,0,0,1,0,0,0,1,1,789969,7896,5816232,12
198985,11,7,7020201,Bayerischer Platz,2019,9,16,5,3,2,2,0,1,1,0,0,0,0,0,794860,4586,5824286,138
198986,11,7,7020203,Kaiser-Wilhelm-Platz,2019,9,14,5,3,5,7,0,0,0,0,1,0,1,0,795520,26,5824366,932
198987,11,1,1011304,Karl-Marx-Allee,2019,9,16,5,3,0,5,0,0,1,0,1,0,0,0,799525,1455,5827882,935
198988,11,7,7010104,Dennewitzplatz,2019,9,14,5,3,5,3,0,1,1,0,0,0,0,0,796317,4343,5824924,649
198989,11,4,4030620,Alt-Lietzow,2019,9,16,5,2,5,2,0,0,1,0,0,0,1,0,791860,91,5827450,856
198990,11,9,9010401,Johannisthal West,2019,9,14,5,3,0,2,0,0,1,0,1,0,0,0,806318,2569,5820929,401
198991,11,7,7040402,Lindenhofsiedlung,2019,9,15,5,3,0,6,0,0,1,0,0,0,1,0,796815,176,5822356,345
198992,11,12,12214125,Waldidyll/Flughafensee,2019,9,15,5,3,2,2,0,0,1,0,1,0,0,0,790950,624,5833803,845
198993,11,4,4020310,Park Ruhwald,2019,9,6,5,3,0,1,0,0,0,0,1,0,0,1,790238,6465,5828094,398
198994,11,12,12301204,Wittenau Nord,2019,9,6,5,3,5,3,0,0,1,0,1,0,0,1,792459,9968,5835351,616
198995,11,5,5010312,Kurstra�e,2019,9,15,5,3,1,5,0,1,1,0,0,0,0,0,784779,2556,5830471,799
198996,11,11,11030618,Fennpfuhl West,2019,9,15,5,3,1,5,0,0,1,0,0,0,0,0,802870,8929,5828733,706
198997,11,12,12103117,Letteplatz,2019,9,6,5,2,0,3,1,0,1,0,1,0,0,1,796397,3394,5832691,147
198998,11,3,3010102,Buch,2019,9,14,5,3,5,3,0,0,1,0,0,0,0,0,804371,698,5840424,6
198999,11,8,8020622,Parchimer Allee,2019,9,18,5,2,0,7,1,0,0,0,1,0,0,1,801261,5273,5819679,711
199000,11,11,11040926,Weitlingstra�e,2019,9,14,5,2,6,4,0,1,0,1,0,0,0,0,805049,543,5826744,562
199001,11,2,2040703,Wriezener Bahnhof/Entwicklungsgebiet,2019,9,13,5,3,5,3,0,1,0,0,0,0,1,0,801767,78,5826253,667
199002,11,11,11030720,Herzbergstra�e,2019,9,13,5,2,5,3,0,1,1,0,0,0,0,0,805186,448,5829419,154
199003,11,12,12231101,Hermsdorf,2019,9,14,5,3,5,3,0,1,1,0,0,0,0,0,792104,8276,5837987,676
199004,11,1,1044203,Leopoldplatz,2019,9,13,5,3,2,6,0,0,1,0,0,0,0,0,795425,95,5831585,772
199005,11,12,12214424,Scharnweberstra�e,2019,9,11,5,3,3,6,0,0,1,0,0,1,0,0,793380,707,5832503,54
199006,11,2,2040701,Andreasviertel,2019,9,11,5,3,2,6,0,1,0,0,0,0,0,0,800602,469,5827039,541
199007,11,4,4031032,Halensee,2019,9,23,5,2,5,7,2,0,1,0,0,0,0,0,791018,7496,5824869,104
199008,11,1,1022106,Elberfelder Stra�e,2019,9,14,5,3,6,4,0,0,0,1,0,0,1,0,794441,445,5828357,572
199009,11,10,10020414,Helle Mitte,2019,9,15,5,3,5,3,0,1,1,0,0,0,0,0,812014,3105,5830885,123
199010,11,2,2040502,Friedenstra�e,2019,9,12,4,3,2,6,0,1,1,0,0,0,0,0,800761,124,5828450,768
199011,11,2,2010102,Mehringplatz,2019,9,20,5,3,5,3,2,0,1,0,0,0,0,0,798181,2702,5826512,423
199012,11,1,3071536,Teutoburger Platz,2019,9,14,4,3,3,3,0,1,1,0,0,0,0,0,799083,2619,5829018,168
199013,11,3,3040818,Pankow S�d,2019,9,19,5,3,0,4,2,0,0,1,1,0,0,0,799472,9368,5831859,933
199014,11,7,7020201,Bayerischer Platz,2019,9,18,5,2,3,6,0,0,1,0,0,0,0,0,794959,9965,5824119,398
199015,11,1,1011302,Oranienburger Stra�e,2019,9,20,4,3,3,6,2,0,1,0,0,0,0,0,798440,8004,5829047,187
199016,11,1,1044202,Sparrplatz,2019,9,19,4,3,5,2,0,1,1,0,0,0,0,0,794610,7721,5829870,924
199017,11,4,4031032,Halensee,2019,9,18,5,3,5,3,0,0,1,0,0,0,0,0,790953,3799,5824833,665
199018,11,5,5020523,Maulbeerallee,2019,9,18,5,2,5,3,0,1,1,0,0,0,0,0,783047,9776,5827281,903
199019,11,7,7050504,Imbrosweg,2019,9,19,4,2,1,5,0,0,1,0,0,0,0,0,799799,871,5820465,21
199020,11,6,6030504,Teltower Damm,2019,9,17,5,2,5,2,0,0,1,0,1,0,0,0,790159,6668,5815444,938
199021,11,1,1011302,Oranienburger Stra�e,2019,9,18,4,3,1,5,0,1,0,0,0,1,1,0,797978,969,5828497,12
199022,11,12,12103116,Hausotterplatz,2019,9,17,5,2,6,4,0,0,1,1,0,0,0,0,796586,6659,5833580,743
199023,11,12,12103117,Letteplatz,2019,9,18,4,3,2,6,0,0,1,0,0,0,0,0,796644,8088,5832450,284
199024,11,4,4031032,Halensee,2019,9,10,5,3,1,5,0,1,1,0,0,0,0,0,791536,3916,5825100,987
199025,11,4,4030417,Schlo�stra�e,2019,9,18,4,3,1,5,0,0,1,0,0,0,0,0,791813,6828,5826919,663
199026,11,4,4051654,Wilhelmsaue,2019,9,10,5,3,5,3,0,0,1,0,1,0,0,0,793439,655,5823835,308
199027,11,5,5020417,Staakener Stra�e,2019,9,10,5,3,5,3,0,0,1,0,1,0,0,1,782822,87,5828571,97
199028,11,8,8041037,Alt-Rudow,2019,9,18,4,3,5,3,0,0,1,0,1,0,0,0,805698,2509,5816979,992
199029,11,4,4051653,Prager Platz,2019,9,18,4,3,2,6,0,0,1,0,0,0,0,0,793976,8586,5824691,3
199030,11,1,1044101,Rehberge,2019,9,9,5,3,3,6,0,0,1,0,0,0,0,0,794526,2502,5831578,961
199031,11,5,5010314,Carl-Schurz-Stra�e,2019,9,18,4,3,3,6,0,0,0,0,1,0,1,0,784940,555,5829395,125
199032,11,3,3061429,Greifswalder Stra�e,2019,9,9,5,3,5,3,0,1,1,0,0,0,0,0,801415,3715,5830908,652
199033,11,9,9020502,Obersch�neweide Ost,2019,9,17,4,3,5,2,0,0,1,0,1,0,0,0,807079,3213,5822532,697
199034,11,4,4020310,Park Ruhwald,2019,9,9,5,3,3,6,0,0,0,0,1,0,1,0,790142,5873,5827332,632
199035,11,1,1011306,Heine-Viertel Ost,2019,9,17,4,3,5,2,0,1,0,0,1,0,0,0,799774,106,5826561,658
199036,11,8,8020622,Parchimer Allee,2019,9,7,5,3,2,7,0,1,1,0,0,0,0,0,802316,528,5819329,18
199037,11,3,3040508,Rosenthal,2019,9,16,4,2,5,3,0,1,1,0,0,0,0,0,795890,3772,5836466,663
199038,11,1,1011303,Alexanderplatzviertel,2019,9,8,5,3,5,3,0,1,0,0,1,0,0,1,799350,423,5828621,446