OBJECTID,LAND,BEZ,LOR,STRASSE,UJAHR,UMONAT,USTUNDE,UWOCHENTAG,UKATEGORIE,UART,UTYP1,ULICHTVERH,IstRad,IstPKW,IstFuss,IstKrad,IstGkfz,IstSonstige,USTRZUSTAND,LINREFX,LINREFY,XGCSWGS84,YGCSWGS84
199039,11,2,2020202,Rathaus Yorckstra�e,2019,9,7,5,3,5,2,0,1,1,0,0,0,0,1,797943,511,5825259,136
199040,11,4,4031032,Halensee,2019,9,16,4,3,2,3,0,1,1,0,0,0,0,0,791451,2681,5825070,675
199041,11,12,12214424,Scharnweberstra�e,2019,9,5,5,2,0,3,2,1,1,0,0,0,0,1,793471,3267,5832412,124
199042,11,2,2010103,Moritzplatz,2019,9,16,4,3,1,5,0,1,1,0,0,0,0,0,799553,659,5826112,818
199043,11,1,1022207,Hansaviertel,2019,9,16,5,2,6,4,0,1,0,1,0,0,0,0,794635,4703,5827606,908
199044,11,1,1011301,Charit�viertel,2019,9,8,4,3,3,6,0,1,1,0,0,0,0,0,797615,966,5828331,117
199045,11,8,8020621,Mohriner Allee Nord,2019,9,15,4,3,3,6,0,1,0,0,0,0,0,0,800340,42,5819243,86
199046,11,9,9020702,Adlershof Ost,2019,9,15,4,3,0,3,0,1,0,0,0,0,1,0,809317,3531,5819371,469
199047,11,6,6010101,Fichtenberg,2019,9,15,4,3,5,3,0,1,1,0,0,0,0,0,793150,8323,5820833,713
199048,11,8,8010213,K�rnerpark,2019,9,16,4,3,2,2,0,1,0,0,0,0,1,0,801047,945,5822427,431
199049,11,1,1011204,Leipziger Stra�e,2019,9,15,4,3,2,2,0,1,0,0,0,0,1,0,798674,1392,5827587,342
199050,11,4,4010102,Pl�tzensee,2019,9,21,4,3,2,6,2,0,1,0,0,0,0,0,792952,391,5830401,108
199051,11,9,9051702,B�lschestra�e,2019,9,12,4,3,5,2,0,1,1,0,0,0,0,0,814202,6549,5821326,771
199052,11,1,1011204,Leipziger Stra�e,2019,9,21,4,3,5,3,2,0,1,0,0,0,0,0,797990,9746,5826785,847
199053,11,5,5020524,Weinmeisterhornweg,2019,9,20,4,3,6,4,2,1,0,1,0,0,0,0,783391,7432,5826748,951
199054,11,7,7030301,Friedenau,2019,9,11,4,3,6,2,0,0,1,1,0,0,0,0,794227,6175,5822417,879
199055,11,1,1033203,Humboldthain Nordwest,2019,9,11,4,2,2,2,0,0,0,0,1,0,0,0,796492,6671,5830527,7
199056,11,11,11030721,R�digerstra�e,2019,9,20,4,3,5,2,2,0,1,0,1,0,0,0,804272,2537,5827873,91
199057,11,1,1044101,Rehberge,2019,9,10,4,3,2,3,0,0,1,0,0,0,1,0,794315,151,5830463,331
199058,11,4,4041137,Flinsberger Platz,2019,9,20,4,2,6,4,2,0,1,1,0,0,0,0,790720,9332,5822721,683
199059,11,9,9020601,Schnellerstra�e,2019,9,0,4,3,5,3,2,0,1,0,0,0,0,0,805908,598,5821824,27
199060,11,1,1033202,Humboldthain S�d,2019,9,19,4,3,1,5,2,0,1,0,0,0,0,0,797740,6014,5830210,532
199061,11,9,9041402,Siedlung K�mmereiheide,2019,9,10,4,3,6,4,0,1,0,1,0,0,0,0,812133,11,5820713,967
199062,11,3,3030715,Heinersdorf,2019,9,19,4,3,5,2,1,0,1,0,0,0,0,0,800625,7595,5833910,766
199063,11,3,3061131,Falkplatz,2019,9,19,4,3,4,6,1,1,0,0,0,0,0,0,798695,606,5830312,633
199064,11,4,4041344,R�desheimer Platz,2019,9,10,4,3,0,5,0,0,1,0,1,0,0,0,792861,1548,5822921,14
199065,11,3,3061131,Falkplatz,2019,9,19,4,3,3,6,0,1,0,0,0,0,0,0,798725,3965,5830324,222
199066,11,6,6020304,Kaiser-Wilhelm-Stra�e,2019,9,15,4,3,5,3,0,1,0,0,0,0,1,0,794628,4565,5817924,641
199067,11,2,2050802,Boxhagener Platz,2019,9,18,4,3,0,1,0,1,1,0,0,0,0,0,802697,3937,5827237,595
199068,11,12,12214125,Waldidyll/Flughafensee,2019,9,10,4,2,5,2,0,0,1,0,0,0,0,0,790969,2616,5833803,375
199069,11,5,5030833,Motardstra�e,2019,9,17,4,3,5,3,0,0,1,0,0,0,0,0,788171,866,5829380,851
199070,11,5,5030730,Zitadellenweg,2019,9,14,4,3,5,2,0,1,0,0,0,0,1,0,786916,8857,5829320,829
199071,11,11,11041022,Rosenfelder Ring,2019,9,17,4,3,2,6,0,0,1,0,0,0,0,0,806576,4555,5827780,152
199072,11,9,9051901,Dammvorstadt,2019,9,9,4,3,5,3,0,1,1,0,0,0,0,0,810887,1485,5821450,313
199073,11,4,4020313,K�nigin-Elisabeth-Stra�e,2019,9,10,4,3,5,3,0,0,1,0,0,0,0,0,790399,725,5826230,519
199074,11,3,3061430,Volkspark Prenzlauer Berg,2019,9,17,4,3,5,2,0,1,1,0,0,0,0,0,802328,8842,5829223,813
199075,11,7,7040403,Manteuffelstra�e,2019,9,14,4,3,5,2,0,1,1,0,0,0,0,0,797329,7373,5822178,812
199076,11,7,7040402,Lindenhofsiedlung,2019,9,16,4,3,5,3,0,0,1,0,0,0,1,0,796823,606,5822178,11
199077,11,4,4031032,Halensee,2019,9,14,4,3,5,3,0,0,1,0,1,0,0,0,791837,2607,5824715,41
199078,11,11,11020516,Wei�e Taube,2019,9,16,4,3,2,6,0,0,1,0,0,0,0,0,806052,4786,5830622,568
199079,11,6,6010101,Fichtenberg,2019,9,14,4,3,5,2,0,1,1,0,0,0,0,0,793194,1765,5820228,557
199080,11,1,1011202,Unter den Linden Nord,2019,9,7,4,3,5,2,0,1,0,0,1,0,0,0,798551,3148,5827801,312
199081,11,9,9020501,Obersch�neweide West,2019,9,12,4,3,5,3,0,0,0,0,0,0,1,0,806104,1498,5822162,186
199082,11,5,5010314,Carl-Schurz-Stra�e,2019,9,9,4,3,0,2,0,0,1,0,0,0,1,0,784836,11,5829150,252
199083,11,8,8041035,Blumenviertel,2019,9,14,4,3,5,2,0,0,1,0,1,0,0,0,804040,276,5819198,196
199084,11,12,12231102,Frohnau,2019,9,12,4,3,1,5,0,1,1,0,0,0,0,0,790367,8558,5840191,586
199085,11,6,6010210,Bismarckstra�e,2019,9,12,4,3,5,3,0,0,1,0,1,0,0,0,794970,6958,5821024,288
199086,11,4,4051549,Rathaus Wilmersdorf,2019,9,10,4,2,5,2,0,1,0,0,0,0,1,0,793319,7835,5823612,353
199087,11,2,2030401,Reichenberger Stra�e,2019,9,11,4,3,0,7,0,0,1,0,0,0,0,0,800659,783,5825676,857
199088,11,4,4041137,Flinsberger Platz,2019,9,13,4,2,6,4,0,0,0,1,1,0,0,0,791490,6579,5823561,321
199089,11,9,9020501,Obersch�neweide West,2019,9,11,4,3,5,2,0,1,0,0,0,1,0,0,806555,5223,5822315,907
199090,11,1,1044203,Leopoldplatz,2019,9,10,4,3,1,5,0,1,1,0,0,0,1,0,795955,4405,5831941,16
199091,11,10,10030724,Oberfeldstra�e,2019,9,9,4,3,5,7,0,0,1,0,0,0,0,0,809591,5677,5828542,361
199092,11,8,8010301,Reuterkiez,2019,9,10,4,3,5,2,0,1,1,0,0,0,0,0,800564,9943,5825143,543
199093,11,4,4030622,Richard-Wagner-Stra�e,2019,9,9,4,3,1,5,0,1,1,0,0,0,0,0,792215,8271,5826927,208
199094,11,7,7020201,Bayerischer Platz,2019,9,12,4,3,5,2,0,0,1,0,0,0,0,0,794935,6795,5824669,576
199095,11,1,1011102,Gro�er Tiergarten,2019,9,8,4,3,2,2,0,0,1,0,1,0,0,0,795126,1378,5827083,722
199096,11,11,11040926,Weitlingstra�e,2019,9,8,4,3,5,2,0,1,1,0,0,0,0,0,806684,3788,5826910,934
199097,11,11,11030618,Fennpfuhl West,2019,9,9,4,3,0,6,0,0,1,0,0,1,0,0,802788,3019,5829423,1
199098,11,2,2040703,Wriezener Bahnhof/Entwicklungsgebiet,2019,9,8,4,3,5,2,0,1,1,0,0,0,0,0,801754,308,5826263,126
199099,11,7,7010102,Nollendorfplatz,2019,9,7,4,3,6,7,0,0,0,0,0,0,1,0,795061,2322,5825003,237
199100,11,12,12304314,Ziekowstra�e/Freie Scholle,2019,9,7,4,3,5,2,0,1,1,0,0,0,0,0,790616,8918,5835985,806
199101,11,9,9051801,Rahnsdorf/Hessenwinkel,2019,9,12,4,3,5,3,0,1,1,0,0,0,0,0,820724,3371,5819513,518
199102,11,2,2010102,Mehringplatz,2019,9,7,4,3,3,6,0,1,1,0,0,0,0,0,798043,7731,5826515,471
199103,11,4,4010101,Jungfernheide,2019,9,6,4,2,0,3,0,0,1,0,1,0,0,0,791326,4554,5830671,59
199104,11,12,12301203,Wittenau S�d,2019,9,5,4,3,0,3,2,1,1,0,0,0,0,0,793276,6137,5835161,461
199105,11,5,5010101,Hakenfelde Nord,2019,9,5,4,3,0,7,1,0,0,0,1,0,0,0,785040,1252,5834240,211
199106,11,9,9051901,Dammvorstadt,2019,9,6,4,3,5,2,0,1,1,0,0,0,0,0,810259,7449,5821449,385
199107,11,9,9041402,Siedlung K�mmereiheide,2019,9,14,4,3,0,2,0,0,1,0,0,0,1,0,812358,207,5820086,447
199108,11,5,5010101,Hakenfelde Nord,2019,9,0,4,3,6,4,2,0,0,1,0,0,1,0,785422,2312,5831689,592
199109,11,12,12214527,Alt-Tegel,2019,9,16,4,3,9,1,0,0,1,0,0,0,0,0,790193,9973,5835155,307
199110,11,12,12214424,Scharnweberstra�e,2019,9,12,3,3,5,3,0,0,1,0,0,0,0,0,792925,2331,5832701,144
199111,11,8,8010117,Schillerpromenade,2019,9,15,4,3,5,2,0,1,1,0,0,0,0,0,800178,9217,5823637,139
199112,11,11,11030721,R�digerstra�e,2019,9,17,3,3,1,5,0,1,1,0,0,0,0,0,805174,3836,5827754,936
199113,11,12,12214424,Scharnweberstra�e,2019,9,15,4,3,3,6,0,0,1,0,1,0,0,0,793422,4699,5832399,664
199114,11,4,4030415,Schlo�garten,2019,9,15,4,2,0,7,0,1,1,0,0,0,0,0,791091,7479,5827434,103
199115,11,11,11040926,Weitlingstra�e,2019,9,8,3,3,5,3,0,1,0,0,0,0,0,0,806621,4483,5827363,831
199116,11,11,11051330,Karlshorst West,2019,9,15,4,3,5,2,0,1,1,0,0,0,0,0,807269,8838,5825414,629
199117,11,10,10010310,Alt-Marzahn,2019,9,15,4,3,5,7,0,0,0,0,1,0,1,0,809026,3136,5830230,872
199118,11,3,3040614,Pankow Zentrum,2019,9,14,3,3,5,3,0,0,1,0,1,0,0,0,800200,6578,5835970,18
199119,11,1,1011202,Unter den Linden Nord,2019,9,11,4,3,0,1,0,1,0,0,0,0,0,0,798150,458,5828007,793
199120,11,2,2030402,Wrangelkiez,2019,9,23,3,3,1,5,2,0,0,0,0,0,1,0,801296,1346,5825740,862
199121,11,7,7040405,Rathaus Tempelhof,2019,9,13,4,3,5,3,0,0,1,0,0,0,0,0,798623,3971,5820654,61
199122,11,1,1044201,Reinickendorfer Stra�e,2019,9,12,4,3,5,2,0,1,1,0,0,0,0,0,796983,8306,5831935,137
199123,11,1,1022202,Heidestra�e,2019,9,15,3,3,5,2,0,1,1,0,0,0,0,0,795668,9129,5829732,336
199124,11,5,5010314,Carl-Schurz-Stra�e,2019,9,20,3,2,6,4,1,0,1,1,0,0,0,0,783765,4481,5829117,539
199125,11,1,1022202,Heidestra�e,2019,9,8,4,2,0,7,0,0,1,0,0,0,0,0,795669,3721,5829731,688
199126,11,5,5020523,Maulbeerallee,2019,9,13,3,3,2,7,0,0,1,0,0,0,0,0,782785,7808,5827465,322
199127,11,1,1011201,Wilhelmstra�e,2019,9,20,3,3,2,6,2,1,1,0,0,0,0,0,797481,3231,5826772,855
199128,11,1,1033101,Soldiner Stra�e,2019,9,16,3,2,5,3,0,0,1,0,1,0,0,0,796410,2756,5832008,862
199129,11,12,12214527,Alt-Tegel,2019,9,15,3,3,5,3,0,1,1,0,0,0,0,0,789877,6087,5835060,533
199130,11,8,8020622,Parchimer Allee,2019,9,19,3,3,5,2,1,0,1,0,0,0,0,0,802363,1518,5819912,373
199131,11,6,6030606,Hindenburgdamm,2019,9,12,3,3,1,5,0,0,1,0,1,0,0,0,793540,5988,5819465,487
199132,11,5,5020625,Borkumer Stra�e,2019,9,16,3,3,5,2,0,0,1,0,0,0,0,0,783757,5195,5828683,632
199133,11,1,1011202,Unter den Linden Nord,2019,9,14,3,2,0,1,0,0,0,0,0,0,1,0,798450,7807,5828005,653
199134,11,2,2030401,Reichenberger Stra�e,2019,9,16,3,3,3,6,0,0,1,0,1,0,0,0,800834,4682,5825579,742
199135,11,9,9020802,K�llnische Vorstadt,2019,9,18,3,3,2,6,0,0,1,0,0,0,0,0,810070,6275,5820414,385
199136,11,9,9010301,Baumschulenstra�e,2019,9,16,3,3,5,3,0,0,1,0,0,0,0,0,804628,6442,5821692,197
199137,11,2,2040502,Friedenstra�e,2019,9,14,3,3,2,7,0,1,1,0,0,0,0,0,801180,6724,5827977,197
199138,11,5,5010311,Eiswerder,2019,9,16,3,3,5,7,0,0,1,0,1,0,0,0,785400,5526,5830329,886
199139,11,6,6030607,Goerzwerke,2019,9,13,3,3,5,3,0,0,1,0,0,0,1,0,791486,5556,5816162,882
199140,11,4,4051446,Preu�enpark,2019,9,15,3,3,1,5,0,1,1,0,0,0,0,0,793072,9901,5824882,818
199141,11,12,12103220,Humboldtstra�e,2019,9,16,3,3,5,3,0,0,1,0,1,0,0,0,793692,8358,5833335,839
199142,11,6,6030609,Augustaplatz,2019,9,15,3,3,2,6,0,0,1,0,0,0,1,0,793218,9905,5819605,761
199143,11,9,9020701,Adlershof West,2019,9,17,3,3,5,2,0,1,0,0,0,0,1,0,807713,8476,5818106,469
199144,11,1,1044102,Schillerpark,2019,9,15,3,3,2,6,0,1,1,0,0,0,0,0,794336,977,5831769,219
199145,11,4,4030725,Amtsgerichtsplatz,2019,9,13,3,3,0,3,0,0,1,0,0,0,1,1,791293,5924,5826056,792
199146,11,1,1022102,Beusselkiez,2019,9,15,3,3,0,4,0,0,0,1,0,0,1,0,793567,6878,5828392,281
199147,11,2,2030302,Lausitzer Platz,2019,9,15,3,3,2,7,0,1,1,0,0,0,0,0,801267,3758,5826185,358
199148,11,10,10020415,Hellersdorfer Promenade,2019,9,13,3,2,1,5,0,0,1,0,0,0,1,1,812110,9654,5831312,797
199149,11,12,12301205,Waidmannslust,2019,9,14,3,3,2,6,0,0,1,0,0,0,0,0,792463,9496,5837305,959
199150,11,6,6030501,Berlepschstra�e,2019,9,16,3,2,5,3,0,1,1,0,0,0,0,0,788735,235,5816316,94
199151,11,10,10040933,Mahlsdorf S�d,2019,9,14,3,3,3,6,0,1,1,0,0,0,0,0,812374,2619,5824001,542
199152,11,11,11040925,Victoriastadt,2019,9,14,3,3,5,3,0,1,1,0,0,0,0,0,803626,1416,5826566,52
199153,11,3,3040614,Pankow Zentrum,2019,9,12,3,3,5,2,0,1,1,0,0,0,0,0,797852,8641,5833037,83
199154,11,10,10010310,Alt-Marzahn,2019,9,14,3,3,5,2,0,1,1,0,0,0,0,0,809419,4542,5831091,694
199155,11,8,8010211,Flughafenstra�e,2019,9,11,3,3,5,7,0,0,1,0,0,0,0,0,800413,5958,5823917,9
199156,11,4,4041342,Schlangenbader Stra�e,2019,9,13,3,3,0,5,0,0,1,0,1,0,0,0,792421,5887,5822823,74
199157,11,8,8020622,Parchimer Allee,2019,9,11,3,3,5,2,0,0,1,0,0,0,1,0,801315,423,5819540,193
199158,11,4,4030931,Breitscheidplatz,2019,9,12,3,3,6,7,0,0,1,1,0,0,0,0,794406,6246,5825879,462
199159,11,2,2020202,Rathaus Yorckstra�e,2019,9,10,3,3,5,2,0,1,1,0,0,0,0,0,797941,3924,5825259,319
199160,11,3,3051017,Rennbahnstra�e,2019,9,10,3,3,0,2,0,0,0,0,1,1,0,0,802899,1251,5833160,605
199161,11,8,8041036,Zittauer Stra�e,2019,9,10,3,2,5,7,0,0,1,0,1,0,0,0,804337,373,5817011,978
199162,11,1,1011303,Alexanderplatzviertel,2019,9,10,3,3,5,2,0,0,1,0,0,0,1,0,799244,435,5828468,698
199163,11,3,3040818,Pankow S�d,2019,9,10,3,3,6,2,0,0,1,1,0,0,0,1,799830,8493,5831972,87
199164,11,1,1044202,Sparrplatz,2019,9,10,3,3,5,2,0,1,1,0,0,0,0,0,794896,8303,5830251,901
199165,11,4,4030725,Amtsgerichtsplatz,2019,9,10,3,2,5,2,0,0,1,0,1,0,0,1,791994,4482,5825975,239
199166,11,9,9020701,Adlershof West,2019,9,9,3,3,6,2,0,0,1,1,0,0,0,0,808490,6184,5819052,531
199167,11,4,4030417,Schlo�stra�e,2019,9,10,3,3,0,1,0,1,0,0,0,0,0,1,791485,6755,5827200,12
199168,11,3,3061126,Arnimplatz,2019,9,22,3,3,0,1,2,1,0,0,0,0,0,0,798789,635,5831459,103
199169,11,11,11051229,Rummelsburg,2019,9,9,3,3,1,5,0,1,0,0,0,1,0,0,803811,9533,5826162,59
199170,11,1,1044103,Westliche M�llerstra�e,2019,9,10,3,3,0,7,0,1,0,0,0,0,0,1,794681,9076,5830867,32
199171,11,11,11030721,R�digerstra�e,2019,9,8,3,3,0,6,0,1,1,0,0,0,0,0,804467,7607,5828170,809
199172,11,7,7040401,Neu-Tempelhof,2019,9,8,3,3,5,2,0,1,1,0,0,0,0,0,798740,9929,5823947,57
199173,11,5,5010101,Hakenfelde Nord,2019,9,8,3,3,2,6,0,0,1,0,0,0,1,0,785909,409,5831720,262
199174,11,8,8020727,Buckow Mitte,2019,9,9,3,3,6,7,0,0,1,1,0,0,0,0,801558,392,5817398,114
199175,11,4,4051448,Schaperstra�e,2019,9,8,3,3,5,3,0,0,1,0,0,0,0,0,794238,835,5825413,649
199176,11,2,2020203,Viktoriapark,2019,9,9,3,3,5,2,0,1,0,0,0,0,1,1,797482,6737,5824555,387
199177,11,11,11030618,Fennpfuhl West,2019,9,7,3,3,6,4,0,0,0,1,1,0,0,0,803831,1037,5828730,982
199178,11,2,2020205,Chamissokiez,2019,9,21,3,2,3,7,2,1,1,0,0,0,0,0,797953,3456,5824572,73
199179,11,3,3051017,Rennbahnstra�e,2019,9,7,3,3,5,2,0,1,1,0,0,0,0,0,803870,1244,5832202,451
199180,11,1,1011103,L�tzowstra�e,2019,9,7,3,3,2,6,0,0,1,0,0,0,0,1,795197,5509,5825926,792
199181,11,6,6010205,S�dende,2019,9,7,3,2,6,4,0,0,1,1,0,0,0,0,796289,8577,5819660,137
199182,11,2,2050803,Stralauer Kiez,2019,9,7,3,3,5,2,0,1,1,0,0,0,0,1,803103,3215,5826087,77
199183,11,1,1011202,Unter den Linden Nord,2019,9,6,3,3,5,3,0,1,1,0,0,0,0,0,797498,6972,5827762,657
199184,11,1,1011302,Oranienburger Stra�e,2019,9,23,3,3,5,3,2,1,0,0,1,0,0,0,798766,1177,5828963,647
199185,11,8,8041036,Zittauer Stra�e,2019,9,16,3,3,5,3,0,1,1,0,0,0,0,0,804552,816,5816532,477
199186,11,10,10010205,Marzahn Ost,2019,9,18,3,3,5,3,0,1,1,0,0,0,0,0,810404,7078,5832151,285
199187,11,4,4030620,Alt-Lietzow,2019,9,17,3,3,0,4,0,1,0,1,0,0,0,0,791834,156,5827445,7
199188,11,10,10030724,Oberfeldstra�e,2019,9,8,3,3,0,3,0,0,1,0,0,0,1,0,809569,1481,5828034,71
199189,11,8,8010117,Schillerpromenade,2019,9,14,3,3,2,6,0,0,1,0,0,0,1,0,800637,1323,5823074,979
199190,11,4,4051652,Nikolsburger Platz,2019,9,17,3,2,5,2,0,0,1,0,1,0,0,0,793449,2175,5824326,268
199191,11,6,6020409,K�nigsberger Stra�e,2019,9,16,3,3,5,3,0,0,1,0,0,0,1,0,793733,1144,5817611,638
199192,11,12,12301203,Wittenau S�d,2019,9,19,3,1,5,3,2,0,1,0,1,0,0,0,793553,376,5834245,492
199193,11,5,5010207,Darbystra�e,2019,9,11,3,3,2,6,0,0,1,0,0,0,1,0,783690,7033,5830007,714
199194,11,2,2030402,Wrangelkiez,2019,9,14,2,3,1,5,0,1,1,0,0,0,0,0,801759,2969,5825810,411
199195,11,3,3061228,Erich-Weinert-Stra�e,2019,9,1,3,3,5,3,2,0,1,0,0,0,0,1,800323,1832,5831578,622
199196,11,8,8010212,Rollberg,2019,9,14,2,3,2,2,0,0,1,0,1,0,0,0,801294,5351,5823574,771
199197,11,2,2040701,Andreasviertel,2019,9,14,3,3,1,5,0,0,1,0,0,0,1,0,800816,3544,5826885,741
199198,11,10,10040828,Kaulsdorf Nord,2019,9,10,2,3,5,3,0,1,0,0,0,0,1,0,811202,376,5827915,258
199199,11,11,11020513,Orankesee,2019,9,6,2,2,6,7,1,1,0,1,0,0,0,0,803020,725,5831351,302
199200,11,11,11051332,Karlshorst S�d,2019,9,8,2,3,2,2,0,1,1,0,0,0,0,0,807196,1272,5823898,684
199201,11,11,11020411,Malchower Weg,2019,9,22,2,3,1,1,2,0,1,0,0,0,0,1,806376,9955,5832409,262
199202,11,7,7030301,Friedenau,2019,9,16,2,3,5,3,0,1,0,0,0,0,0,0,794395,9639,5822574,251
199203,11,7,7020204,Sch�neberger Insel,2019,9,12,2,2,5,3,0,1,1,0,0,0,0,1,796128,7732,5823309,18
199204,11,11,11051331,Karlshorst Nord,2019,9,5,2,3,6,7,2,0,1,0,0,0,1,1,807241,2649,5824227,978
199205,11,12,12231101,Hermsdorf,2019,9,21,2,2,5,3,2,0,1,0,1,0,0,0,791421,1803,5838754,895
199206,11,12,12302109,Treuenbrietzener Stra�e,2019,9,20,2,3,5,3,2,0,1,0,0,0,0,1,795398,4374,5836786,537
199207,11,1,1011303,Alexanderplatzviertel,2019,9,18,2,3,6,7,0,0,1,1,0,0,0,0,799462,1507,5828802,335
199208,11,12,12103116,Hausotterplatz,2019,9,19,2,3,5,3,2,0,1,0,0,0,0,1,796595,5714,5833589,996
199209,11,1,1011203,Unter den Linden S�d,2019,9,18,2,3,3,6,0,1,1,0,0,0,0,0,797936,514,5827178,645
199210,11,5,5020625,Borkumer Stra�e,2019,9,5,2,3,6,2,2,0,1,1,0,0,0,1,783587,5244,5828663,555
199211,11,12,12304313,Borsigwalde,2019,9,18,2,2,6,4,0,0,1,1,0,0,0,0,792526,9752,5835157,167
199212,11,1,1022101,Huttenkiez,2019,9,19,2,3,2,6,1,0,1,0,0,0,0,1,793624,8542,5828129,546
199213,11,1,1022206,L�neburger Stra�e,2019,9,18,2,3,2,6,0,0,1,0,0,0,0,1,796278,7354,5828481,686
199214,11,1,1011306,Heine-Viertel Ost,2019,9,17,2,3,5,3,0,1,1,0,0,0,0,0,799900,4672,5826514,857
199215,11,4,4051447,Ludwigkirchplatz,2019,9,17,2,3,5,2,0,1,1,0,0,0,0,0,793192,3399,5824560,764
199216,11,6,6030605,Botanischer Garten,2019,9,13,2,3,2,6,0,0,1,0,1,0,0,1,791851,8983,5819162,82
199217,11,12,12214125,Waldidyll/Flughafensee,2019,9,16,2,3,6,4,0,0,1,1,0,0,0,1,790967,218,5833827,77
199218,11,7,7040403,Manteuffelstra�e,2019,9,17,2,3,5,3,0,0,1,0,0,0,0,0,796931,9476,5822275,1
199219,11,8,8020621,Mohriner Allee Nord,2019,9,12,2,3,2,6,0,0,1,0,0,0,1,1,801031,7106,5819530,25
199220,11,4,4020311,Reichsstra�e,2019,9,17,2,3,5,2,0,1,1,0,0,0,0,0,790160,772,5826651,235
199221,11,12,12214423,Mellerbogen,2019,9,16,2,3,5,3,0,0,1,0,0,0,0,1,792840,2616,5833652,48
199222,11,6,6030503,Zehlendorf Mitte,2019,9,16,2,3,5,2,0,0,1,0,0,0,0,1,790896,3841,5817757,482
199223,11,5,5010311,Eiswerder,2019,9,17,2,3,5,3,0,1,1,0,0,0,0,0,785366,267,5830245,984
199224,11,6,6040809,Thielallee,2019,9,10,2,3,2,7,0,0,1,0,0,0,0,1,791746,5584,5820656,73
199225,11,4,4020311,Reichsstra�e,2019,9,10,2,3,1,5,0,1,0,0,0,1,0,1,788826,6515,5827229,456
199226,11,4,4030623,Ernst-Reuter-Platz,2019,9,15,2,3,2,6,0,0,1,0,0,0,0,0,793768,2777,5826572,435
199227,11,1,1044201,Reinickendorfer Stra�e,2019,9,16,2,3,5,3,0,0,1,0,0,0,0,1,796429,8997,5831177,255
199228,11,5,5020524,Weinmeisterhornweg,2019,9,16,2,2,6,2,0,0,1,1,0,0,0,1,783044,2063,5826062,538
199229,11,7,7050506,Birnhornweg,2019,9,23,2,3,5,2,2,0,1,0,0,0,1,0,798879,6515,5817218,522
199230,11,4,4051447,Ludwigkirchplatz,2019,9,16,2,3,6,4,0,0,1,1,0,0,0,1,793298,5023,5824966,128
199231,11,7,7050506,Birnhornweg,2019,9,16,2,3,5,2,0,0,1,0,0,0,0,0,798812,1302,5817333,857
199232,11,5,5020625,Borkumer Stra�e,2019,9,15,2,3,5,2,0,1,1,0,0,0,0,1,784641,327,5828418,543
199233,11,2,2020206,Graefekiez,2019,9,15,2,3,2,6,0,0,1,0,0,0,0,0,799401,256,5824533,142
199234,11,9,9051901,Dammvorstadt,2019,9,9,2,3,8,1,0,0,1,0,0,0,0,1,811937,745,5821587,346
199235,11,5,5010101,Hakenfelde Nord,2019,9,15,2,3,4,1,0,0,1,0,0,0,0,0,781758,2312,5835374,545
199236,11,8,8010301,Reuterkiez,2019,9,15,2,3,5,3,0,1,1,0,0,0,0,1,801298,3528,5824011,839
199237,11,4,4030726,Droysenstra�e,2019,9,9,2,3,5,2,0,0,1,0,0,0,1,1,792090,9624,5825290,75
199238,11,8,8010508,Wei�e Siedlung,2019,9,8,2,3,2,6,0,0,1,0,0,0,0,0,802919,9036,5822862,37
199239,11,5,5010207,Darbystra�e,2019,9,12,2,2,5,2,0,0,1,0,1,0,0,0,783699,539,5830176,783
199240,11,5,5010339,Freiheit,2019,9,14,2,3,2,6,0,0,1,0,0,0,0,1,787564,959,5828030,57
199241,11,8,8020625,Handwerker-Siedlung,2019,9,9,2,3,0,6,0,0,1,0,1,0,0,1,801468,1794,5819247,226
199242,11,8,8010510,Gewerbegebiet K�llnische Heide,2019,9,12,2,2,5,3,0,1,1,0,0,0,0,0,802483,3266,5822557,436
199243,11,4,4030622,Richard-Wagner-Stra�e,2019,9,14,2,3,6,4,0,1,0,1,0,0,0,1,791892,5385,5827078,756
199244,11,3,3040512,Wilhelmsruh,2019,9,15,2,3,2,6,0,0,1,0,0,0,0,0,796948,2053,5835828,635
199245,11,2,2030402,Wrangelkiez,2019,9,14,2,3,5,3,0,1,1,0,0,0,0,1,801069,6003,5825688,959
199246,11,6,6040806,Fischtal,2019,9,12,2,2,5,2,0,0,1,0,1,0,0,0,788837,4799,5819590,79
199247,11,2,2020205,Chamissokiez,2019,9,9,2,3,6,2,0,0,1,1,0,0,0,1,798481,3412,5824501,756
199248,11,3,3030405,Karow Nord,2019,9,7,2,3,2,7,0,0,1,0,1,0,0,0,804331,7306,5838885,208
199249,11,2,2050602,Samariterviertel,2019,9,14,2,3,2,6,1,0,1,0,0,1,0,1,802671,4284,5828055,316
199250,11,1,1011304,Karl-Marx-Allee,2019,9,8,2,3,0,3,0,1,0,0,1,0,0,0,799736,3749,5827706,607
199251,11,5,5020625,Borkumer Stra�e,2019,9,16,6,3,5,2,0,0,1,0,0,0,0,0,784553,1795,5828171,701
199252,11,12,12302212,Rollbergesiedlung,2019,9,16,6,3,2,6,0,0,1,0,0,0,0,0,792564,2027,5837366,709
199253,11,8,8041037,Alt-Rudow,2019,9,16,6,3,1,1,0,0,1,0,1,0,0,0,806433,293,5818009,489
199254,11,1,1033102,Gesundbrunnen,2019,9,16,6,3,3,6,0,0,1,0,1,0,0,0,797326,6033,5831224,391