OBJECTID,LAND,BEZ,LOR,STRASSE,UJAHR,UMONAT,USTUNDE,UWOCHENTAG,UKATEGORIE,UART,UTYP1,ULICHTVERH,IstRad,IstPKW,IstFuss,IstKrad,IstGkfz,IstSonstige,USTRZUSTAND,LINREFX,LINREFY,XGCSWGS84,YGCSWGS84
199255,11,1,1011303,Alexanderplatzviertel,2019,9,16,6,3,5,2,0,1,1,0,0,0,0,0,799763,9716,5828636,434
199256,11,8,8030831,Gropiusstadt Ost,2019,9,15,6,2,5,2,0,1,1,0,0,0,0,0,803741,7327,5818005,983
199257,11,9,9010402,Johannisthal Ost,2019,9,15,6,3,0,1,0,1,0,0,0,0,0,0,807237,7231,5819779,808
199258,11,4,4041137,Flinsberger Platz,2019,9,14,6,3,2,6,0,0,1,0,0,0,0,0,791711,8719,5823784,459
199259,11,5,5030731,Gartenfelder Stra�e,2019,9,14,6,3,5,3,0,0,1,0,0,0,1,0,786962,9069,5829334,46
199260,11,2,2010102,Mehringplatz,2019,9,14,6,3,0,5,0,0,1,0,1,0,0,0,798559,9751,5826493,242
199261,11,9,9020701,Adlershof West,2019,9,14,6,3,5,2,0,1,1,0,0,0,0,0,808328,567,5818867,135
199262,11,11,11030618,Fennpfuhl West,2019,9,14,6,3,6,7,0,0,1,1,0,0,0,0,802839,4044,5828775,601
199263,11,4,4030623,Ernst-Reuter-Platz,2019,9,14,6,2,3,6,0,0,1,0,0,0,1,0,793017,823,5826940,126
199264,11,1,1011303,Alexanderplatzviertel,2019,9,13,6,3,2,6,0,1,1,0,0,0,0,0,798840,5172,5827960,98
199265,11,4,4051446,Preu�enpark,2019,9,13,6,3,5,7,0,0,1,0,0,0,0,0,792596,2039,5824883,495
199266,11,1,1022104,Emdener Stra�e,2019,9,21,6,3,0,1,2,0,0,0,1,0,0,0,794402,1987,5828450,341
199267,11,3,3071536,Teutoburger Platz,2019,9,21,6,3,0,1,2,0,0,0,0,0,1,0,799168,3728,5829204,579
199268,11,9,9010202,K�penicker Landstra�e,2019,9,21,6,3,5,3,2,0,1,0,0,0,0,0,803856,545,5823854,436
199269,11,1,1033101,Soldiner Stra�e,2019,9,13,6,3,2,6,0,0,1,0,0,0,0,0,797423,466,5832535,166
199270,11,5,5010103,Amorbacher Weg,2019,9,12,6,3,5,3,0,0,1,0,0,0,0,0,783906,5818,5831462,73
199271,11,8,8020727,Buckow Mitte,2019,9,12,6,3,5,2,0,0,1,0,1,0,0,0,800308,449,5816743,76
199272,11,12,12224230,Heiligensee,2019,9,12,6,2,2,6,0,0,1,0,1,0,0,0,785749,1781,5838242,517
199273,11,3,3010101,Bucher Forst,2019,9,7,6,3,3,6,0,1,1,0,0,0,0,0,803557,821,5841732,395
199274,11,9,9041301,Kietzer Feld/Nachtheide,2019,9,12,6,3,2,6,0,0,1,0,0,0,0,0,815562,8825,5818060,727
199275,11,1,1011303,Alexanderplatzviertel,2019,9,7,6,3,0,3,0,0,0,0,1,0,0,0,798765,179,5828215,771
199276,11,10,10030724,Oberfeldstra�e,2019,9,12,6,3,5,3,0,0,1,0,0,0,0,0,809642,5094,5829694,455
199277,11,11,11010310,M�hlengrund,2019,9,6,6,2,4,7,0,0,1,0,0,0,1,0,806719,5759,5832452,2
199278,11,4,4030827,Karl-August-Platz,2019,9,11,6,3,1,5,0,1,1,0,0,0,0,0,792139,173,5826248,238
199279,11,10,10040828,Kaulsdorf Nord,2019,9,9,6,3,5,3,0,1,1,0,0,0,0,0,812425,8907,5829374,5
199280,11,7,7020204,Sch�neberger Insel,2019,9,9,6,2,5,3,0,1,1,0,0,0,0,0,796256,8098,5823525,701
199281,11,11,11030721,R�digerstra�e,2019,9,9,6,3,0,7,0,0,1,0,0,0,0,0,804297,1475,5828415,983
199282,11,8,8020728,Buckow Ost,2019,9,8,6,3,6,4,0,0,1,1,0,0,0,0,801845,7974,5816753,725
199283,11,4,4041134,Bismarckallee,2019,9,8,6,3,5,2,0,0,1,0,0,0,0,0,790859,1368,5824577,73
199284,11,7,7050502,Fritz-Werner-Stra�e,2019,9,8,6,3,1,1,0,0,1,0,0,0,0,0,797878,1453,5818049,586
199285,11,10,10020518,Schleipfuhl,2019,9,7,6,3,5,3,0,0,1,0,0,0,1,0,813134,9396,5830152,863
199286,11,1,1022206,L�neburger Stra�e,2019,9,14,6,3,0,6,0,0,1,0,0,0,1,0,796204,6487,5828469,402
199287,11,10,10010308,Marzahner Chaussee,2019,9,15,5,2,5,2,0,1,0,0,0,0,0,0,807639,1952,5829194,103
199288,11,4,4020310,Park Ruhwald,2019,9,11,5,3,5,7,0,0,1,0,0,0,0,0,789843,3933,5827400,564
199289,11,1,1011201,Wilhelmstra�e,2019,9,21,5,3,0,3,2,0,1,0,1,0,0,0,796957,3332,5826859,371
199290,11,4,4041137,Flinsberger Platz,2019,9,17,5,3,2,7,0,0,1,0,1,0,0,0,791518,1696,5823588,926
199291,11,2,2020206,Graefekiez,2019,9,10,5,3,3,6,0,0,1,0,0,1,0,0,799868,793,5824476,687
199292,11,8,8010509,Schulenburgpark,2019,9,20,5,3,6,4,2,0,1,1,0,0,0,0,803790,9135,5822146,556
199293,11,5,5020625,Borkumer Stra�e,2019,9,10,5,3,2,7,0,0,1,0,1,0,0,0,784035,4311,5828532,345
199294,11,2,2020206,Graefekiez,2019,9,19,5,3,6,4,1,1,0,1,0,0,0,0,800018,2454,5824454,445
199295,11,2,2010102,Mehringplatz,2019,9,16,5,2,5,2,0,0,1,0,1,0,0,0,798215,4145,5825859,437
199296,11,5,5020625,Borkumer Stra�e,2019,9,19,5,3,6,4,1,1,0,1,0,0,0,0,784040,282,5828716,999
199297,11,1,1011105,N�rdlicher Landwehrkanal,2019,9,9,5,3,1,5,0,1,1,0,0,0,0,0,796069,7457,5826436,26
199298,11,10,10020623,Rotes Viertel,2019,9,16,5,3,6,4,0,0,1,1,0,0,0,0,811520,6154,5828709,463
199299,11,1,1033101,Soldiner Stra�e,2019,9,9,5,3,0,6,0,0,1,0,0,0,1,0,797168,7366,5831935,452
199300,11,1,1022106,Elberfelder Stra�e,2019,9,15,5,3,5,3,0,0,1,0,0,0,0,0,793819,4382,5827957,116
199301,11,5,5020626,Adamstra�e,2019,9,15,5,3,2,6,0,0,1,0,0,0,0,0,784539,145,5827992,483
199302,11,1,1011401,Invalidenstra�e,2019,9,14,5,3,2,3,0,0,1,0,1,0,0,0,798409,319,5829208,321
199303,11,11,11010103,Dorf Falkenberg,2019,9,19,5,3,5,3,1,0,1,0,0,0,0,0,808270,1148,5834024,694
199304,11,8,8020622,Parchimer Allee,2019,9,8,5,3,0,2,0,1,1,0,0,0,0,0,802573,8257,5819932,359
199305,11,2,2050802,Boxhagener Platz,2019,9,8,5,3,5,2,0,1,1,0,0,0,0,0,802673,5302,5827243,944
199306,11,8,8020622,Parchimer Allee,2019,9,7,5,2,5,2,0,1,1,0,0,0,0,0,801312,9247,5819949,854
199307,11,4,4020310,Park Ruhwald,2019,9,14,5,2,6,4,0,0,0,1,0,0,1,0,790344,156,5827318,613
199308,11,9,9051901,Dammvorstadt,2019,9,14,5,2,5,7,0,1,1,0,0,0,0,0,809947,5866,5821593,83
199309,11,7,7060604,Marienfelde S�d,2019,9,7,5,3,5,3,0,1,1,0,0,0,0,0,795815,3581,5815200,24
199310,11,8,8010404,Rixdorf,2019,9,17,5,2,5,3,0,0,1,0,0,0,0,0,801998,1665,5823293,71
199311,11,1,1011303,Alexanderplatzviertel,2019,9,14,5,3,6,4,0,1,0,1,0,0,0,0,798816,3231,5828243,611
199312,11,1,1022206,L�neburger Stra�e,2019,9,17,5,2,5,2,0,1,1,0,0,0,0,0,795453,5003,5827718,71
199313,11,5,5010209,An der Kappe,2019,9,14,5,3,1,1,0,1,1,0,0,0,0,0,782241,6088,5829468,191
199314,11,11,11040926,Weitlingstra�e,2019,9,13,5,2,6,4,0,0,1,1,0,0,0,0,805111,8204,5826190,997
199315,11,2,2030301,Oranienplatz,2019,9,2,5,3,1,5,2,0,1,0,0,0,0,0,800117,325,5826154,524
199316,11,1,1044101,Rehberge,2019,9,13,5,3,3,6,0,0,1,0,0,1,0,0,794038,3912,5830240,941
199317,11,8,8010508,Wei�e Siedlung,2019,9,12,5,3,5,2,0,0,1,0,0,0,0,0,803196,6889,5822707,794
199318,11,5,5030731,Gartenfelder Stra�e,2019,9,11,5,3,1,5,0,0,1,0,0,0,1,0,787397,8869,5830013,945
199319,11,8,8010211,Flughafenstra�e,2019,9,5,5,3,5,7,1,0,1,0,0,0,0,0,800386,344,5824111,12
199320,11,1,1022201,Stephankiez,2019,9,14,5,3,0,6,0,0,0,0,0,0,1,0,795426,5252,5829528,294
199321,11,3,3051017,Rennbahnstra�e,2019,9,13,5,2,5,3,0,0,1,0,0,0,0,0,802207,8538,5832973,994
199322,11,7,7010104,Dennewitzplatz,2019,9,4,5,3,6,2,2,0,1,1,0,0,0,0,796036,6384,5825376,201
199323,11,1,1011101,St�lerstra�e,2019,9,13,5,3,2,6,0,0,1,0,0,0,1,0,795298,5254,5826408,937
199324,11,12,12224229,Konradsh�he/Tegelort,2019,9,15,4,2,0,6,0,0,1,0,0,0,1,0,786308,57,5834361,244
199325,11,4,4030726,Droysenstra�e,2019,9,16,4,3,5,3,0,1,1,0,0,0,0,0,791949,7623,5825233,921
199326,11,1,1011204,Leipziger Stra�e,2019,9,9,4,3,5,3,0,1,1,0,0,0,0,0,798557,1436,5826814,789
199327,11,2,2030401,Reichenberger Stra�e,2019,9,8,4,3,6,4,0,0,1,1,0,0,0,0,800878,8314,5825318,875
199328,11,8,8041040,Waltersdorfer Chaussee Ost,2019,9,13,4,3,6,2,0,0,1,1,0,0,0,0,805794,4972,5816849,727
199329,11,1,1011202,Unter den Linden Nord,2019,9,13,4,3,5,2,0,1,1,0,0,0,0,0,797594,3006,5828064,41
199330,11,9,9010101,Elsenstra�e,2019,9,23,4,3,0,1,2,1,0,0,0,0,0,0,802306,8598,5825328,781
199331,11,11,11040926,Weitlingstra�e,2019,9,16,4,3,5,3,0,1,1,0,0,0,0,0,806133,342,5826709,65
199332,11,10,10040828,Kaulsdorf Nord,2019,9,8,4,3,5,3,0,0,1,0,0,0,0,0,812339,384,5829697,126
199333,11,1,1022201,Stephankiez,2019,9,22,4,2,1,5,2,1,0,0,0,0,1,0,795670,169,5829262,409
199334,11,1,1011301,Charit�viertel,2019,9,21,4,3,1,1,2,1,1,0,0,0,0,0,797579,6615,5828552,126
199335,11,6,6040703,Nikolassee,2019,9,19,4,3,1,5,2,1,1,0,0,0,0,0,787044,8768,5817293,97
199336,11,7,7020202,Volkspark (Rudolf-Wilde-Park),2019,9,19,4,3,2,6,1,0,1,0,0,0,0,0,794990,82,5823919,772
199337,11,5,5010314,Carl-Schurz-Stra�e,2019,9,18,4,3,5,7,1,0,1,0,1,0,0,0,784228,1337,5828948,428
199338,11,11,11030721,R�digerstra�e,2019,9,18,4,3,0,3,0,1,1,0,0,0,0,0,804833,3841,5827748,44
199339,11,4,4030623,Ernst-Reuter-Platz,2019,9,18,4,3,6,4,0,0,1,1,0,0,0,0,793932,6594,5826512,808
199340,11,3,3020307,Buchholz,2019,9,17,4,2,6,7,0,0,1,1,0,0,0,0,800164,6902,5836534,857
199341,11,1,1011201,Wilhelmstra�e,2019,9,17,4,3,6,2,0,0,1,1,0,0,0,0,796994,338,5826617,881
199342,11,2,2050803,Stralauer Kiez,2019,9,17,4,3,3,6,0,0,1,0,0,0,0,0,802831,2277,5826106,2
199343,11,6,6030504,Teltower Damm,2019,9,17,4,3,1,7,0,0,1,0,0,0,0,0,789801,8335,5816750,96
199344,11,5,5030730,Zitadellenweg,2019,9,16,4,3,2,3,0,1,1,0,0,0,0,0,786601,792,5830059,839
199345,11,9,9020701,Adlershof West,2019,9,8,4,3,0,6,0,0,1,0,0,0,0,0,808029,7686,5819785,87
199346,11,5,5020626,Adamstra�e,2019,9,16,4,3,5,3,0,0,1,0,0,0,0,0,785091,4221,5827591,69
199347,11,3,3061429,Greifswalder Stra�e,2019,9,15,4,3,2,2,0,1,1,0,0,0,0,0,801345,6202,5830615,99
199348,11,9,9051701,Hirschgarten,2019,9,6,4,3,5,2,1,1,0,0,0,0,1,0,812938,755,5821379,441
199349,11,9,9010302,Sp�thsfelde,2019,9,6,4,3,5,2,0,1,1,0,0,0,0,0,803842,1722,5820985,842
199350,11,1,1011303,Alexanderplatzviertel,2019,9,15,4,3,6,4,0,0,0,1,0,0,1,0,799151,9927,5828216,802
199351,11,5,5010314,Carl-Schurz-Stra�e,2019,9,5,4,2,6,2,2,0,1,1,0,0,0,0,784801,8195,5828811,554
199352,11,12,12103115,Breitkopfbecken,2019,9,14,4,3,5,2,0,1,1,0,0,0,0,0,795330,7214,5833842,353
199353,11,7,7040405,Rathaus Tempelhof,2019,9,14,4,3,5,3,0,1,1,0,0,0,0,0,799149,5234,5821299,5
199354,11,4,4030620,Alt-Lietzow,2019,9,14,4,3,5,3,0,0,1,0,1,0,0,0,792148,5538,5827322,56
199355,11,12,12302110,Dannenwalder Weg,2019,9,14,4,3,6,4,0,0,1,1,0,0,0,1,794558,5311,5835783,151
199356,11,7,7010102,Nollendorfplatz,2019,9,13,4,2,6,2,0,0,1,1,0,0,0,0,795518,599,5825369,819
199357,11,2,2030302,Lausitzer Platz,2019,9,13,4,3,0,3,0,1,0,0,1,0,0,0,800658,209,5826577,874
199358,11,11,11051331,Karlshorst Nord,2019,9,10,4,2,4,2,0,1,0,0,0,0,1,0,807755,8,5824028,585
199359,11,1,1033202,Humboldthain S�d,2019,9,7,4,3,6,2,0,0,1,1,0,0,0,0,797762,4783,5829745,203
199360,11,12,12214422,Klixstra�e,2019,9,10,4,3,5,2,0,0,1,0,0,0,1,0,792216,8217,5833724,75
199361,11,8,8010406,Treptower Stra�e Nord,2019,9,9,4,2,5,3,0,0,1,0,1,0,0,0,802622,1608,5824365,73
199362,11,5,5010208,Germersheimer Platz,2019,9,9,4,3,5,3,0,1,1,0,0,0,0,0,783825,211,5830154,407
199363,11,10,10010308,Marzahner Chaussee,2019,9,9,4,3,5,2,0,1,1,0,0,0,0,0,806318,3014,5830168,815
199364,11,2,2040701,Andreasviertel,2019,9,8,4,3,5,2,0,1,1,0,0,0,0,0,800315,5027,5827619,739
199365,11,8,8020622,Parchimer Allee,2019,9,7,4,3,5,7,0,1,1,0,0,0,0,0,802007,6944,5819931,88
199366,11,2,2030302,Lausitzer Platz,2019,9,6,4,3,5,3,0,1,0,0,1,0,0,1,800847,2584,5826462,1
199367,11,5,5020625,Borkumer Stra�e,2019,9,9,4,2,5,3,0,0,1,0,0,0,1,0,784753,7049,5828627,868
199368,11,2,2020205,Chamissokiez,2019,9,16,3,3,1,5,0,1,1,0,0,0,0,0,798280,7277,5824716,338
199369,11,3,3050923,Wei�enseer Spitze,2019,9,22,3,3,5,3,2,0,1,0,0,0,0,1,801109,1827,5831522,157
199370,11,1,1022207,Hansaviertel,2019,9,22,3,2,6,4,2,1,0,1,0,0,0,1,794696,6662,5827418,746
199371,11,1,1011401,Invalidenstra�e,2019,9,21,3,3,6,4,2,1,0,1,0,0,0,1,798125,5857,5829345,109
199372,11,10,10010206,Ringkolonnaden,2019,9,20,3,2,5,3,2,0,1,0,0,0,0,1,809972,9529,5832046,53
199373,11,1,1033102,Gesundbrunnen,2019,9,19,3,3,5,2,1,0,1,0,0,0,1,1,797668,2903,5831309,14
199374,11,5,5020627,Tiefwerder,2019,9,19,3,3,5,2,2,0,1,0,0,0,0,0,785983,759,5827953,427
199375,11,3,3061429,Greifswalder Stra�e,2019,9,19,3,2,6,4,0,0,1,1,0,0,0,1,801924,4912,5830672,398
199376,11,12,12103219,Sch�fersee,2019,9,18,3,3,2,6,1,0,1,0,0,0,0,1,795097,8099,5832470,406
199377,11,2,2040502,Friedenstra�e,2019,9,18,3,3,2,7,1,0,1,0,1,0,0,1,800873,559,5828490,519
199378,11,8,8010301,Reuterkiez,2019,9,18,3,3,6,4,2,0,0,1,1,0,0,1,800984,7939,5824783,452
199379,11,2,2040502,Friedenstra�e,2019,9,17,3,3,0,2,1,1,1,0,0,0,0,1,800483,853,5828469,113
199380,11,3,3040818,Pankow S�d,2019,9,18,3,3,5,2,0,0,1,0,1,0,0,1,798771,8206,5832593,806
199381,11,8,8040933,Vogelviertel S�d,2019,9,15,3,3,0,2,0,1,1,0,0,0,0,0,803019,9057,5819379,25
199382,11,3,3061228,Erich-Weinert-Stra�e,2019,9,16,3,2,2,6,0,0,1,0,0,0,0,1,800346,491,5830853,643
199383,11,9,9051901,Dammvorstadt,2019,9,17,3,3,2,6,0,0,1,0,0,0,0,1,810755,1729,5821229,502
199384,11,10,10010102,Havemannstra�e,2019,9,17,3,3,5,3,1,0,1,0,1,0,0,1,809448,8063,5834612,584
199385,11,9,9051901,Dammvorstadt,2019,9,17,3,3,2,6,0,0,1,0,0,0,0,1,809661,5489,5821478,686
199386,11,2,2030302,Lausitzer Platz,2019,9,14,3,3,2,6,0,0,1,0,1,0,0,1,800380,1051,5825798,611
199387,11,5,5030730,Zitadellenweg,2019,9,14,3,3,2,6,0,0,1,0,0,0,0,1,786008,5689,5829183,617
199388,11,4,4030621,Spreestadt,2019,9,12,3,3,6,4,0,0,0,1,1,0,0,1,793070,2898,5827668,669
199389,11,11,11040926,Weitlingstra�e,2019,9,12,3,2,5,2,0,1,1,0,0,0,0,1,806698,6441,5826916,611
199390,11,2,2020203,Viktoriapark,2019,9,11,3,3,3,6,0,0,1,0,0,0,0,0,797814,5167,5824907,91
199391,11,10,10010308,Marzahner Chaussee,2019,9,11,3,3,5,2,0,0,1,0,0,0,0,0,806313,2421,5830191,255
199392,11,3,3050925,Komponistenviertel Wei�ensee,2019,9,11,3,2,5,2,0,0,1,0,0,0,1,0,802691,1312,5831796,914
199393,11,7,7010101,Wittenbergplatz/Viktoria-Luise-Platz,2019,9,10,3,3,5,7,0,0,0,0,1,0,1,0,794647,1034,5825224,383
199394,11,2,2010103,Moritzplatz,2019,9,12,4,3,2,6,0,0,1,0,0,1,0,1,799825,5527,5825742,91
199395,11,3,3061228,Erich-Weinert-Stra�e,2019,9,10,3,3,5,3,0,0,1,0,1,0,0,0,800804,3517,5830903,534
199396,11,11,11030619,Fennpfuhl Ost,2019,9,5,3,3,7,7,1,1,0,0,0,0,0,0,803613,9352,5829766,808
199397,11,4,4051446,Preu�enpark,2019,9,10,3,3,5,2,0,1,1,0,0,0,0,0,792316,9356,5825233,37
199398,11,4,4030623,Ernst-Reuter-Platz,2019,9,23,3,3,2,1,2,0,1,0,1,0,0,0,793214,5067,5826767,955
199399,11,8,8010211,Flughafenstra�e,2019,9,9,3,3,2,6,0,0,1,0,0,0,0,0,800356,574,5824303,57
199400,11,3,3020307,Buchholz,2019,9,9,3,3,5,2,0,1,1,0,0,0,0,0,799262,1692,5837648,99
199401,11,12,12301203,Wittenau S�d,2019,9,23,3,3,5,3,2,1,1,0,0,0,0,0,793352,2399,5836046,457
199402,11,6,6030504,Teltower Damm,2019,9,15,3,3,5,3,0,1,0,0,0,0,0,0,789633,3304,5817029,24
199403,11,2,2020203,Viktoriapark,2019,9,9,3,3,2,2,0,1,1,0,0,0,0,0,797179,4874,5824753,782
199404,11,6,6020302,Komponistenviertel Lankwitz,2019,9,8,3,2,1,5,0,1,1,0,0,0,0,0,794457,6023,5818806,492
199405,11,5,5020626,Adamstra�e,2019,9,21,3,3,5,3,2,1,1,0,0,0,0,0,784232,3396,5827368,95
199406,11,5,5020419,Magistratsweg,2019,9,8,3,3,0,2,0,1,0,0,0,0,1,0,780875,8989,5828336,119
199407,11,3,3040818,Pankow S�d,2019,9,8,3,3,6,7,0,1,0,1,0,0,0,0,799783,7546,5832261,794
199408,11,11,11010204,Falkenberg Ost,2019,9,6,3,3,5,2,0,1,1,0,0,0,0,0,807351,4629,5833148,318
199409,11,1,1044101,Rehberge,2019,9,16,3,3,1,1,0,0,1,0,0,0,0,1,794227,2029,5829976,776
199410,11,9,9052001,K�penick Nord,2019,9,16,3,2,5,7,0,0,1,0,0,0,1,0,811356,472,5822551,204
199411,11,2,2010103,Moritzplatz,2019,9,17,3,2,6,4,0,0,0,1,1,0,0,0,799426,758,5826150,45
199412,11,6,6010207,Mittelstra�e,2019,9,16,3,3,5,3,0,1,0,0,0,0,1,1,793746,8588,5819871,128
199413,11,2,2010103,Moritzplatz,2019,9,16,3,3,5,3,0,0,1,0,0,0,0,0,799027,443,5826061,9
199414,11,3,3040818,Pankow S�d,2019,9,16,3,3,5,3,0,1,1,0,0,0,0,1,799979,5224,5833095,534
199415,11,2,2010103,Moritzplatz,2019,9,16,3,3,5,3,0,1,1,0,0,0,0,1,798997,7806,5825707,3
199416,11,10,10040931,Mahlsdorf Nord,2019,9,16,3,2,2,6,0,0,1,0,0,0,0,0,813479,6152,5829462,134
199417,11,2,2020204,Urbanstra�e,2019,9,16,3,3,5,7,0,1,1,0,0,0,0,1,798003,5985,5825270,555
199418,11,11,11020515,Landsberger Allee,2019,9,15,3,3,0,3,0,0,1,0,0,0,1,0,803561,5561,5830184,887
199419,11,11,11030619,Fennpfuhl Ost,2019,9,6,3,3,6,4,0,0,0,1,1,0,0,0,803997,3331,5829072,752
199420,11,4,4030931,Breitscheidplatz,2019,9,15,3,2,3,6,0,0,1,0,1,0,0,0,793877,2989,5826059,281
199421,11,11,11020411,Malchower Weg,2019,9,16,3,2,5,3,0,0,1,0,1,0,0,1,805975,21,5832534,176
199422,11,1,1044103,Westliche M�llerstra�e,2019,9,16,3,3,5,3,0,0,1,0,0,0,0,1,794649,2725,5830520,463
199423,11,5,5020625,Borkumer Stra�e,2019,9,15,3,3,5,7,0,1,1,0,0,0,0,0,784272,4762,5828074,443
199424,11,12,12103115,Breitkopfbecken,2019,9,15,3,3,6,4,0,0,1,1,0,0,0,0,795648,3706,5833552,446
199425,11,2,2040502,Friedenstra�e,2019,9,15,3,3,2,7,0,0,1,0,0,0,0,1,800964,159,5828226,247
199426,11,2,2010103,Moritzplatz,2019,9,15,3,3,5,3,0,1,1,0,0,0,0,1,799598,653,5825841,476
199427,11,8,8041036,Zittauer Stra�e,2019,9,14,3,3,5,3,0,1,1,0,0,0,0,0,805149,3517,5817087,648
199428,11,11,11020514,Gro�e-Leege-Stra�e,2019,9,15,3,2,0,3,0,1,1,0,0,0,0,1,804729,296,5831191,408
199429,11,1,1022201,Stephankiez,2019,9,13,3,3,5,2,0,0,1,0,0,0,0,0,795476,3651,5829575,127
199430,11,11,11030721,R�digerstra�e,2019,9,15,3,3,0,1,0,0,0,0,1,0,0,1,803917,7583,5828019,656
199431,11,1,1011103,L�tzowstra�e,2019,9,13,3,3,5,2,0,0,1,0,0,0,0,0,795183,8663,5825907,426
199432,11,11,11030720,Herzbergstra�e,2019,9,14,3,2,2,6,0,0,1,0,0,1,1,1,805399,1942,5830019,29
199433,11,1,1033101,Soldiner Stra�e,2019,9,10,3,3,5,2,0,0,1,0,1,0,0,0,797424,5413,5832537,194
199434,11,2,2010104,Wassertorplatz,2019,9,14,3,3,2,6,0,0,1,0,1,0,0,1,799650,4775,5825661,599
199435,11,1,1011301,Charit�viertel,2019,9,13,3,3,0,1,0,0,0,0,1,0,0,1,797004,3761,5828945,6
199436,11,3,3071638,Winsstra�e,2019,9,10,3,3,2,5,0,0,1,0,0,0,0,0,799815,9264,5829030,512
199437,11,1,1011204,Leipziger Stra�e,2019,9,8,3,3,5,2,0,1,1,0,0,0,0,0,798899,2338,5827347,78
199438,11,7,7010102,Nollendorfplatz,2019,9,17,3,3,5,3,0,1,1,0,0,0,0,0,795704,3949,5825458,968
199439,11,1,1044201,Reinickendorfer Stra�e,2019,9,8,3,3,5,2,0,1,1,0,0,0,0,0,796705,2717,5831623,605
199440,11,7,7040402,Lindenhofsiedlung,2019,9,17,2,3,0,7,0,0,0,0,1,0,1,1,796714,4424,5821152,197
199441,11,2,2030401,Reichenberger Stra�e,2019,9,8,3,3,0,2,0,1,0,0,1,0,0,0,800695,5395,5825390,879
199442,11,8,8010405,Hertzbergplatz,2019,9,13,2,3,2,7,0,0,1,0,0,0,1,0,802499,6369,5823346,993
199443,11,3,3050924,Behaimstra�e,2019,9,8,3,3,2,6,0,1,1,0,0,0,0,0,801666,8832,5831709,965
199444,11,1,1044202,Sparrplatz,2019,9,7,2,3,5,2,0,0,1,0,0,1,0,0,794898,5117,5830250,79
199445,11,2,2010102,Mehringplatz,2019,9,7,3,3,2,6,1,0,1,0,0,1,0,0,798438,7048,5826520,417
199446,11,4,4030827,Karl-August-Platz,2019,9,12,2,3,6,4,0,0,1,1,0,0,0,0,791902,7984,5826445,92
199447,11,6,6010204,Munsterdamm,2019,9,22,2,3,1,5,2,0,1,0,0,0,0,0,795533,1159,5820013,394
199448,11,1,1011302,Oranienburger Stra�e,2019,9,7,3,3,3,6,0,1,1,0,0,0,0,0,798951,2733,5828436,422
199449,11,1,1022103,Westhafen,2019,9,18,2,3,5,2,0,0,1,0,1,0,0,0,793693,7939,5829198,269
199450,11,12,12231102,Frohnau,2019,9,7,3,3,2,7,0,0,1,0,0,0,0,0,790371,8356,5839362,474
199451,11,12,12301206,L�bars,2019,9,18,2,3,2,6,0,0,1,0,0,0,0,0,795023,6499,5838070,328
199452,11,1,1022101,Huttenkiez,2019,9,17,2,3,5,2,0,1,1,0,0,0,0,0,793286,525,5829033,163
199453,11,4,4020313,K�nigin-Elisabeth-Stra�e,2019,9,7,3,3,2,2,1,0,1,0,0,0,0,0,790537,1252,5826371,54
199454,11,3,3040614,Pankow Zentrum,2019,9,17,2,3,4,6,0,1,1,0,0,0,0,0,798153,8869,5833694,472
199455,11,4,4030519,Kaiserin-Augusta-Allee,2019,9,5,3,3,6,4,2,0,0,1,1,0,0,0,792059,9925,5828666,278
199456,11,4,4010101,Jungfernheide,2019,9,17,2,3,3,6,0,0,1,0,0,0,0,0,791267,5951,5830709,721
199457,11,10,10020413,Gut Hellersdorf,2019,9,0,3,3,9,1,2,0,1,0,0,0,0,0,810937,6757,5831628,482
199458,11,7,7040402,Lindenhofsiedlung,2019,9,17,2,3,0,7,0,0,0,0,1,0,0,1,796700,6153,5821137,649
199459,11,2,2010102,Mehringplatz,2019,9,22,3,2,5,3,2,1,1,1,0,0,0,0,798346,979,5825559,333
199460,11,7,7040402,Lindenhofsiedlung,2019,9,17,2,3,0,7,0,0,0,0,1,0,1,1,796616,5921,5821140,171
199461,11,8,8030831,Gropiusstadt Ost,2019,9,16,2,2,5,2,0,1,0,0,0,0,1,0,804697,2274,5817818,177
199462,11,8,8010214,Glasower Stra�e,2019,9,9,2,3,0,3,0,1,0,0,0,1,0,0,801859,5144,5822386,125
199463,11,9,9020701,Adlershof West,2019,9,14,2,3,5,2,0,1,1,0,0,0,0,0,807722,7203,5818115,205
199464,11,7,7070702,Alt-Lichtenrade/T�pchiner Weg,2019,9,16,2,2,5,3,0,0,1,0,0,0,0,0,799962,7645,5815428,304
199465,11,3,3040818,Pankow S�d,2019,9,20,2,3,0,6,2,1,1,0,0,0,0,0,799477,8476,5832755,627
199466,11,8,8010213,K�rnerpark,2019,9,16,2,3,6,7,0,0,0,1,0,0,1,0,801613,1822,5822562,652
199467,11,4,4041238,Kissinger Stra�e,2019,9,16,2,3,5,3,0,1,1,0,0,0,0,0,791670,24,5823246,435
199468,11,9,9010202,K�penicker Landstra�e,2019,9,16,2,3,1,7,0,0,1,0,0,0,0,0,803945,2714,5823118,582
199469,11,11,11010205,Falkenberg West,2019,9,14,2,3,2,6,0,0,1,0,0,0,0,0,806324,199,5833857,704
199470,11,2,2050802,Boxhagener Platz,2019,9,15,2,3,1,5,0,1,1,0,0,0,0,0,802179,7778,5827134,503