OBJECTID,LAND,BEZ,LOR,STRASSE,UJAHR,UMONAT,USTUNDE,UWOCHENTAG,UKATEGORIE,UART,UTYP1,ULICHTVERH,IstRad,IstPKW,IstFuss,IstKrad,IstGkfz,IstSonstige,USTRZUSTAND,LINREFX,LINREFY,XGCSWGS84,YGCSWGS84
199471,11,12,12214125,Waldidyll/Flughafensee,2019,9,15,2,3,2,6,0,0,1,0,0,0,0,0,788046,8261,5831003,44
199472,11,1,1011102,Gro�er Tiergarten,2019,9,9,2,3,2,2,0,0,1,0,0,1,0,0,795052,64,5827184,91
199473,11,1,1044203,Leopoldplatz,2019,9,14,2,2,5,2,0,0,1,0,0,0,0,0,795884,1997,5831962,438
199474,11,9,9031001,Bohnsdorf,2019,9,8,2,3,5,3,0,1,1,0,0,0,0,0,810847,7825,5815493,752
199475,11,8,8010211,Flughafenstra�e,2019,9,14,2,3,6,7,0,1,0,1,0,0,0,0,800356,7239,5824213,683
199476,11,5,5030731,Gartenfelder Stra�e,2019,9,8,2,3,2,6,0,0,1,0,0,0,0,0,788000,774,5829367,383
199477,11,12,12214424,Scharnweberstra�e,2019,9,11,2,2,5,3,0,0,0,0,1,0,1,0,793298,941,5832574,536
199478,11,10,10010308,Marzahner Chaussee,2019,9,8,2,3,5,2,0,1,1,0,0,0,0,0,807200,8,5829145,792
199479,11,6,6020305,Gemeindepark Lankwitz,2019,9,14,2,3,2,7,0,0,1,0,1,0,0,0,795623,3379,5817010,639
199480,11,11,11041128,Sewanstra�e,2019,9,10,2,3,6,4,0,0,1,1,0,0,0,0,806018,2982,5826452,286
199481,11,4,4051447,Ludwigkirchplatz,2019,9,8,2,3,5,2,0,1,1,0,0,0,0,0,793156,8504,5824516,691
199482,11,1,1011203,Unter den Linden S�d,2019,9,9,2,3,5,2,0,1,1,0,0,0,0,0,798201,916,5827421,858
199483,11,7,7050501,Rathausstra�e,2019,9,7,2,3,2,2,0,0,1,0,0,1,0,0,797740,6491,5819114,539
199484,11,1,1011302,Oranienburger Stra�e,2019,9,10,2,3,6,7,0,0,1,1,0,0,0,0,797759,3471,5828330,57
199485,11,1,1044203,Leopoldplatz,2019,9,21,2,2,6,4,2,0,1,1,0,0,0,0,796011,652,5831416,212
199486,11,5,5010313,Ackerstra�e,2019,9,14,2,3,2,6,0,0,1,0,0,0,1,0,784651,6952,5829727,756
199487,11,12,12214422,Klixstra�e,2019,9,19,2,3,3,6,2,0,1,0,1,0,0,0,792234,6732,5833258,689
199488,11,2,2020204,Urbanstra�e,2019,9,9,2,3,5,2,0,1,1,0,0,0,0,1,798791,8838,5824920,462
199489,11,6,6030502,Zehlendorf S�d,2019,9,9,2,3,5,3,0,1,1,0,0,0,0,1,789079,7188,5815764,743
199490,11,9,9051801,Rahnsdorf/Hessenwinkel,2019,9,20,2,2,2,7,2,0,1,0,0,0,0,0,819378,4385,5819906,724
199491,11,1,1044203,Leopoldplatz,2019,9,20,2,3,2,6,2,0,1,0,0,0,0,0,795864,5195,5831925,13
199492,11,4,4030931,Breitscheidplatz,2019,9,9,2,3,6,2,0,0,1,1,0,0,0,0,793940,975,5826080,968
199493,11,1,1011305,Heine-Viertel West,2019,9,9,2,3,3,6,0,1,1,0,0,0,0,0,799660,6163,5827084,328
199494,11,9,9041501,Altstadt Kietz,2019,9,16,2,3,2,6,0,0,1,0,0,0,0,0,811363,3291,5820111,286
199495,11,4,4030931,Breitscheidplatz,2019,9,8,2,3,2,6,0,1,1,0,0,0,0,1,794562,5859,5826001,987
199496,11,7,7040405,Rathaus Tempelhof,2019,9,9,2,2,5,3,0,1,0,0,0,0,0,0,797942,1079,5822041,348
199497,11,1,1011301,Charit�viertel,2019,9,8,2,3,5,2,0,1,1,0,0,0,0,0,796969,4202,5828808,357
199498,11,3,3061227,Humannplatz,2019,9,8,2,3,0,2,0,1,1,0,0,0,0,0,800159,9217,5831670,374
199499,11,3,3010104,Lietzengraben,2019,9,15,2,3,5,3,0,0,1,0,0,0,0,0,800111,5445,5840245,22
199500,11,6,6020410,Oberhofer Platz,2019,9,7,2,2,5,3,0,1,1,0,0,0,0,0,794445,1153,5817316,57
199501,11,12,12224230,Heiligensee,2019,9,13,2,3,0,7,0,0,1,0,0,0,0,0,786485,8507,5837722,426
199502,11,7,7020202,Volkspark (Rudolf-Wilde-Park),2019,9,14,2,3,5,3,0,1,1,0,0,0,0,0,794892,102,5823919,138
199503,11,4,4030930,George-Grosz-Platz,2019,9,11,2,3,5,7,0,0,1,0,0,0,1,0,792840,1671,5825515,527
199504,11,1,1011302,Oranienburger Stra�e,2019,9,19,2,3,0,4,2,1,0,1,0,0,0,0,798601,6565,5828879,274
199505,11,8,8010211,Flughafenstra�e,2019,9,11,2,3,5,3,0,0,1,0,0,0,0,0,800428,241,5823849,24
199506,11,8,8010117,Schillerpromenade,2019,9,7,2,3,2,7,0,0,1,0,0,0,0,0,800497,4097,5822869,293
199507,11,4,4010103,Paul-Hertz-Siedlung,2019,9,13,2,3,6,4,0,0,1,1,0,0,0,0,791317,9052,5829728,403
199508,11,1,1033102,Gesundbrunnen,2019,9,15,1,3,1,5,0,1,1,0,0,0,0,0,797277,2076,5831910,735
199509,11,5,5020521,D�beritzer Weg,2019,9,17,2,3,0,3,0,1,1,0,0,0,0,0,780686,779,5827868,1
199510,11,11,11051229,Rummelsburg,2019,9,8,1,3,6,4,0,0,1,1,0,0,0,0,804103,3481,5825989,753
199511,11,1,1011302,Oranienburger Stra�e,2019,9,13,2,3,0,1,0,1,0,0,0,0,0,0,797875,4282,5828531,457
199512,11,4,4030931,Breitscheidplatz,2019,9,16,1,3,5,2,0,1,1,0,0,0,0,0,793986,6853,5826152,492
199513,11,4,4030725,Amtsgerichtsplatz,2019,9,18,1,3,0,7,0,0,0,0,1,0,0,1,791727,1721,5826104,293
199514,11,8,8010301,Reuterkiez,2019,9,9,2,3,5,2,0,1,1,0,0,0,0,0,801102,7883,5824358,22
199515,11,3,3050924,Behaimstra�e,2019,9,18,2,3,4,1,1,1,0,0,0,0,1,0,801608,3575,5831413,342
199516,11,8,8010118,Silbersteinstra�e,2019,9,16,1,3,0,7,0,0,0,1,0,0,1,0,800914,8116,5822308,25
199517,11,1,1011102,Gro�er Tiergarten,2019,9,16,1,3,0,1,0,0,0,0,0,0,1,0,795183,4983,5826878,868
199518,11,1,1033203,Humboldthain Nordwest,2019,9,12,2,3,5,3,0,0,1,0,0,0,0,0,796683,7488,5830124,311
199519,11,9,9010101,Elsenstra�e,2019,9,16,1,3,2,6,0,1,1,0,0,0,0,0,802250,8945,5824849,782
199520,11,9,9041601,M�ggelheim,2019,9,12,2,3,5,3,0,1,1,0,0,0,0,0,816641,6225,5817425,396
199521,11,4,4051551,Brabanter Platz,2019,9,15,1,3,1,5,0,1,1,0,0,0,0,0,792937,6429,5823317,294
199522,11,4,4030620,Alt-Lietzow,2019,9,14,1,3,2,3,0,1,1,0,0,0,0,0,791793,2005,5827491,668
199523,11,3,3071537,Kollwitzplatz,2019,9,18,2,3,2,6,2,0,1,0,0,0,0,0,799573,724,5828977,162
199524,11,4,4010101,Jungfernheide,2019,9,13,1,3,5,2,0,0,0,0,1,0,0,0,791208,5889,5829731,13
199525,11,4,4010103,Paul-Hertz-Siedlung,2019,9,20,1,3,3,2,2,0,1,0,0,0,0,0,791127,6552,5829152,348
199526,11,4,4051445,Eisenzahnstra�e,2019,9,17,2,3,5,2,0,0,1,0,0,0,0,0,792441,1503,5824104,158
199527,11,1,1044102,Schillerpark,2019,9,18,1,2,5,3,0,1,1,0,0,0,0,0,795277,2446,5831732,913
199528,11,1,1022207,Hansaviertel,2019,9,17,2,3,6,7,0,0,1,1,0,0,0,0,794746,3495,5827405,639
199529,11,9,9020701,Adlershof West,2019,9,18,1,3,5,2,0,0,1,0,0,0,0,0,808329,4667,5818868,776
199530,11,7,7040403,Manteuffelstra�e,2019,9,17,1,3,5,2,0,1,1,0,0,0,0,0,797850,4669,5821927,573
199531,11,9,9041501,Altstadt Kietz,2019,9,14,2,3,1,1,0,1,1,0,0,0,0,0,810855,6004,5820529,909
199532,11,1,1033201,Brunnenstra�e,2019,9,17,2,3,1,5,0,1,1,0,0,0,0,0,797843,24,5830434,97
199533,11,1,1011102,Gro�er Tiergarten,2019,9,7,1,3,0,1,0,0,0,0,1,0,0,0,796569,7577,5827815,267
199534,11,2,2030302,Lausitzer Platz,2019,9,0,1,3,0,7,2,1,0,0,0,0,0,0,801645,5922,5826072,385
199535,11,4,4030931,Breitscheidplatz,2019,9,17,2,3,6,7,0,0,0,1,0,0,1,0,793661,971,5825794,62
199536,11,9,9010101,Elsenstra�e,2019,9,6,1,3,5,3,0,1,1,0,0,0,0,0,802319,3244,5825532,826
199537,11,8,8010510,Gewerbegebiet K�llnische Heide,2019,9,11,2,3,2,2,0,0,1,0,0,0,0,0,802132,294,5822014,777
199538,11,8,8010213,K�rnerpark,2019,9,10,2,3,1,5,0,0,1,0,0,0,1,0,801297,5221,5822646,375
199539,11,4,4010102,Pl�tzensee,2019,9,6,1,3,2,6,1,0,1,0,1,0,0,0,793337,984,5829739,853
199540,11,4,4030931,Breitscheidplatz,2019,9,4,1,3,5,2,2,0,1,0,0,0,0,0,793981,724,5826175,468
199541,11,5,5010339,Freiheit,2019,9,10,2,2,1,5,0,0,1,0,0,0,0,0,785717,5635,5828348,616
199542,11,5,5010339,Freiheit,2019,9,1,1,3,1,1,2,0,1,0,0,0,0,0,787964,8143,5828204,338
199543,11,7,7070706,Horstwalder Stra�e/Paplitzer Stra�e,2019,9,10,2,3,5,3,0,0,1,0,0,0,0,0,799827,5644,5812671,292
199544,11,9,9030901,Dorf Altglienicke,2019,9,4,7,3,5,3,2,0,1,0,0,0,0,0,808098,2776,5816928,925
199545,11,8,8020727,Buckow Mitte,2019,9,17,2,3,5,7,0,1,1,0,0,0,0,0,801558,1274,5817506,874
199546,11,7,7050503,Eisenacher Stra�e,2019,9,14,7,3,2,6,0,0,1,0,0,0,0,0,799026,647,5819683,48
199547,11,3,3040818,Pankow S�d,2019,9,16,2,3,5,2,0,1,1,0,0,0,0,0,799649,299,5831843,833
199548,11,12,12214421,Reinickes Hof,2019,9,14,7,3,6,4,0,0,1,1,0,0,0,0,793448,4685,5833529,341
199549,11,1,1044101,Rehberge,2019,9,10,2,3,5,3,0,0,1,0,0,0,0,0,794245,8394,5831424,382
199550,11,12,12301205,Waidmannslust,2019,9,14,7,2,0,1,0,1,0,0,0,0,0,0,792312,308,5837794,64
199551,11,9,9052001,K�penick Nord,2019,9,10,2,3,2,7,0,0,1,0,1,0,0,0,810618,403,5822959,66
199552,11,7,7010104,Dennewitzplatz,2019,9,14,7,2,5,2,0,1,1,0,0,0,0,0,795998,7577,5824957,224
199553,11,4,4030623,Ernst-Reuter-Platz,2019,9,13,2,3,0,2,0,0,0,0,0,0,1,0,793680,8253,5826359,548
199554,11,3,3050923,Wei�enseer Spitze,2019,9,13,7,3,5,3,0,0,1,0,0,0,0,0,801062,8035,5831425,44
199555,11,9,9020802,K�llnische Vorstadt,2019,9,13,7,3,5,3,0,1,1,0,0,0,0,0,810487,611,5820100,325
199556,11,1,1044101,Rehberge,2019,9,20,1,3,5,3,2,1,1,0,0,0,0,0,794033,4905,5830175,902
199557,11,9,9051701,Hirschgarten,2019,9,21,7,3,3,6,2,0,1,0,1,0,0,0,812474,7137,5821292,557
199558,11,11,11040926,Weitlingstra�e,2019,9,23,1,3,5,3,2,0,1,0,0,0,0,0,806139,2486,5826839,37
199559,11,4,4051655,Babelsberger Stra�e,2019,9,21,7,3,0,1,2,0,0,0,0,0,1,0,793936,5838,5823415,268
199560,11,6,6010205,S�dende,2019,9,23,7,3,6,4,2,0,1,1,0,0,0,0,796311,292,5819684,85
199561,11,2,2020203,Viktoriapark,2019,9,20,1,3,5,2,2,1,1,0,0,0,0,0,797753,44,5824294,292
199562,11,1,1044201,Reinickendorfer Stra�e,2019,9,22,7,2,6,4,1,0,1,1,0,0,0,0,796848,177,5831560,682
199563,11,3,3061228,Erich-Weinert-Stra�e,2019,9,21,1,2,5,2,2,1,1,0,0,0,0,0,800169,7637,5830964,25
199564,11,4,4020311,Reichsstra�e,2019,9,21,7,3,5,2,2,0,1,0,0,0,0,0,789633,33,5826235,657
199565,11,1,1033102,Gesundbrunnen,2019,9,21,1,3,3,6,2,0,1,0,0,0,0,0,797260,8384,5831299,634
199566,11,11,11041022,Rosenfelder Ring,2019,9,21,7,3,6,4,2,0,1,1,0,0,0,0,806600,1979,5827774,59
199567,11,9,9051901,Dammvorstadt,2019,9,20,1,3,0,7,2,0,0,0,1,0,0,1,809662,848,5821476,299
199568,11,1,1011402,Arkonaplatz,2019,9,13,7,3,0,7,0,1,0,0,0,0,0,0,798627,8435,5829362,22
199569,11,7,7040404,Marienh�he,2019,9,21,7,3,0,1,2,0,0,0,1,0,0,0,797426,9099,5820387,104
199570,11,7,7010102,Nollendorfplatz,2019,9,19,1,3,5,3,2,1,1,0,0,0,0,0,795914,3453,5825161,279
199571,11,4,4030518,Tegeler Weg,2019,9,19,1,3,5,2,2,0,1,0,0,0,1,0,791388,5681,5828584,858
199572,11,6,6010102,Schlo�stra�e,2019,9,13,7,3,5,2,0,0,1,0,1,0,0,0,793290,8859,5821108,13
199573,11,12,12103116,Hausotterplatz,2019,9,15,1,3,4,6,0,0,1,0,0,0,0,0,796119,755,5833428,732
199574,11,2,2020203,Viktoriapark,2019,9,20,7,3,1,5,2,1,1,0,0,0,0,0,797514,364,5824836,529
199575,11,4,4030930,George-Grosz-Platz,2019,9,14,1,2,3,6,0,1,0,0,0,0,1,0,793499,9205,5825729,522
199576,11,6,6010205,S�dende,2019,9,12,7,3,5,5,0,0,1,0,0,0,0,0,795203,5158,5819997,6
199577,11,12,12214527,Alt-Tegel,2019,9,11,7,3,5,2,0,0,1,0,0,0,0,0,790363,2449,5834875,251
199578,11,6,6030606,Hindenburgdamm,2019,9,14,1,3,1,5,0,0,1,0,1,0,0,0,793188,1534,5818207,465
199579,11,2,2010101,Askanischer Platz,2019,9,13,1,3,5,7,0,0,1,0,0,0,1,0,797274,725,5826294,892
199580,11,6,6030610,Lichterfelde West,2019,9,19,7,2,0,1,1,0,0,0,1,0,0,0,792007,7453,5818968,346
199581,11,6,6020303,Lankwitz Kirche,2019,9,18,7,2,2,6,0,0,1,0,0,0,0,0,795638,7746,5818259,439
199582,11,10,10010102,Havemannstra�e,2019,9,13,1,3,5,7,0,0,1,0,1,0,0,0,809345,5685,5834284,429
199583,11,6,6020410,Oberhofer Platz,2019,9,10,7,3,0,6,0,0,1,0,1,0,0,0,794262,5498,5817558,12
199584,11,3,3061332,Helmholtzplatz,2019,9,13,1,2,5,7,0,1,1,0,0,0,0,0,799871,1501,5830870,556
199585,11,9,9010401,Johannisthal West,2019,9,9,7,3,3,6,0,1,0,0,0,0,0,0,805580,5324,5821600,976
199586,11,3,3061126,Arnimplatz,2019,9,9,7,3,2,6,0,0,1,0,0,0,0,0,799244,4862,5831804,448
199587,11,12,12214421,Reinickes Hof,2019,9,12,1,3,5,3,0,0,1,0,1,0,0,0,793401,9442,5833178,733
199588,11,9,9020802,K�llnische Vorstadt,2019,9,9,7,2,6,4,0,0,1,1,0,0,0,0,810694,6384,5819566,36
199589,11,9,9041301,Kietzer Feld/Nachtheide,2019,9,12,1,2,5,3,0,0,1,0,1,0,0,0,812104,3657,5819738,934
199590,11,6,6040804,Krumme Lanke,2019,9,9,7,3,6,4,0,1,0,1,0,0,0,0,787652,6747,5818154,254
199591,11,6,6030610,Lichterfelde West,2019,9,19,1,2,2,2,1,1,1,0,0,0,0,0,791980,3456,5818992,746
199592,11,3,3030716,M�rchenland,2019,9,8,7,3,6,4,0,1,0,1,0,0,0,0,802507,434,5833837,412
199593,11,11,11030619,Fennpfuhl Ost,2019,9,11,7,3,5,2,0,1,1,0,0,0,0,0,803548,4357,5829724,318
199594,11,1,1011202,Unter den Linden Nord,2019,9,16,7,3,1,6,0,1,1,0,0,0,0,0,797673,8233,5827980,122
199595,11,12,12301204,Wittenau Nord,2019,9,16,7,3,0,1,0,0,0,0,1,0,0,0,792719,5791,5835819,578
199596,11,11,11030618,Fennpfuhl West,2019,9,20,7,3,1,5,2,0,1,0,0,0,1,0,802506,377,5828941,563
199597,11,1,1011105,N�rdlicher Landwehrkanal,2019,9,19,7,3,5,3,2,0,1,0,0,0,0,0,796583,3666,5826869,169
199598,11,7,7040404,Marienh�he,2019,9,15,7,3,3,6,0,1,1,0,0,0,0,0,796575,7306,5820074,555
199599,11,9,9010402,Johannisthal Ost,2019,9,14,7,3,5,2,0,0,1,0,0,0,1,0,805887,8584,5818966,153
199600,11,3,3061227,Humannplatz,2019,9,18,7,3,1,5,1,0,1,0,0,0,1,0,800100,9269,5831154,624
199601,11,12,12302110,Dannenwalder Weg,2019,9,2,7,3,1,5,2,0,1,0,0,0,0,0,794808,4633,5836295,863
199602,11,3,3030405,Karow Nord,2019,9,17,7,3,5,3,0,1,1,0,0,0,0,0,804155,5217,5838842,838
199603,11,7,7030303,Grazer Platz,2019,9,0,7,3,1,3,2,1,1,0,0,0,0,0,794864,192,5821591,994
199604,11,9,9020701,Adlershof West,2019,9,16,7,2,5,2,0,0,1,0,0,0,0,0,807711,3,5818115,267
199605,11,7,7070706,Horstwalder Stra�e/Paplitzer Stra�e,2019,9,13,6,3,1,5,0,1,1,0,0,0,0,0,800027,19,5813186,206
199606,11,10,10020414,Helle Mitte,2019,9,13,7,3,1,5,0,1,1,0,0,0,0,0,812055,2316,5830892,74
199607,11,4,4051448,Schaperstra�e,2019,9,10,6,3,0,7,0,1,0,0,0,0,0,0,793996,6695,5825513,957
199608,11,1,1022202,Heidestra�e,2019,9,10,7,3,5,2,0,0,1,0,0,0,0,0,795667,3825,5829740,731
199609,11,12,12214424,Scharnweberstra�e,2019,9,14,6,3,5,7,0,0,1,0,0,0,0,0,793104,596,5832646,916
199610,11,10,10040932,Alt-Mahlsdorf,2019,9,7,7,2,6,4,0,0,0,1,0,0,1,0,812925,706,5827945,782
199611,11,7,7040403,Manteuffelstra�e,2019,9,14,6,3,2,6,0,0,1,0,0,0,0,0,797344,1268,5821896,547
199612,11,5,5020626,Adamstra�e,2019,9,13,6,3,2,6,0,0,1,0,0,0,0,0,784540,111,5827996,487
199613,11,12,12214424,Scharnweberstra�e,2019,9,15,7,3,1,5,0,1,1,0,0,0,1,0,792308,3314,5832913,652
199614,11,1,1011304,Karl-Marx-Allee,2019,9,13,6,3,3,6,0,1,0,0,0,0,0,0,799739,9663,5827544,148
199615,11,12,12304313,Borsigwalde,2019,9,15,7,3,2,7,0,0,1,0,0,0,0,0,792589,9968,5835158,451
199616,11,5,5030730,Zitadellenweg,2019,9,13,6,3,5,2,0,1,0,0,0,0,1,1,785746,668,5829267,844
199617,11,8,8010301,Reuterkiez,2019,9,14,7,3,3,6,0,1,1,0,0,0,0,0,801367,4561,5823942,513
199618,11,7,7030301,Friedenau,2019,9,12,6,3,0,7,0,1,1,0,0,0,0,0,793940,134,5822531,83
199619,11,7,7030301,Friedenau,2019,9,3,7,2,9,1,2,0,0,0,1,0,0,0,793922,2957,5822824,375
199620,11,7,7020203,Kaiser-Wilhelm-Platz,2019,9,12,6,3,0,7,0,1,1,0,0,0,0,0,795651,521,5824126,32
199621,11,5,5030730,Zitadellenweg,2019,9,11,6,3,2,6,0,0,1,0,0,0,0,0,786418,2031,5831091,441
199622,11,1,1011201,Wilhelmstra�e,2019,9,14,7,3,2,2,0,0,1,0,0,0,0,0,796967,6826,5827051,795
199623,11,3,3061430,Volkspark Prenzlauer Berg,2019,9,14,7,3,0,1,0,0,0,0,1,0,0,0,802441,2053,5829411,586
199624,11,5,5010101,Hakenfelde Nord,2019,9,11,6,3,0,7,0,0,1,0,0,0,1,0,785932,6107,5831624,467
199625,11,9,9051901,Dammvorstadt,2019,9,10,6,3,1,5,0,0,1,0,0,0,0,0,811666,116,5821148,98
199626,11,9,9051702,B�lschestra�e,2019,9,1,7,3,2,2,2,0,1,0,0,0,0,0,814466,9649,5820801,501
199627,11,9,9010101,Elsenstra�e,2019,9,10,6,3,5,2,0,1,1,0,0,0,0,0,802330,1912,5825303,626
199628,11,8,8041035,Blumenviertel,2019,9,13,7,3,5,3,0,0,1,0,0,0,0,0,804354,5329,5818318,2
199629,11,4,4030929,Hindemithplatz,2019,9,9,6,3,6,7,0,0,1,1,0,0,0,0,792711,1192,5825613,55
199630,11,12,12214424,Scharnweberstra�e,2019,9,21,6,3,4,6,2,1,1,0,0,0,0,0,793026,7109,5832767,263
199631,11,10,10020412,Alte Hellersdorfer Stra�e,2019,9,13,7,3,5,3,0,1,1,0,0,0,0,0,811347,3244,5831933,489
199632,11,4,4041133,G�terbahnhof Grunewald,2019,9,9,6,2,0,1,0,0,0,0,1,0,0,0,790521,3892,5825163,137
199633,11,2,2040502,Friedenstra�e,2019,9,7,6,3,5,2,0,0,1,0,0,0,0,0,800474,5294,5828468,142
199634,11,2,2030302,Lausitzer Platz,2019,9,12,7,3,0,3,0,0,1,0,1,0,0,0,800847,5588,5826461,813
199635,11,8,8010213,K�rnerpark,2019,9,17,6,3,2,2,0,0,1,0,0,0,0,0,801642,2779,5822559,931
199636,11,12,12103117,Letteplatz,2019,9,3,6,3,0,1,2,0,0,0,1,0,0,0,795782,1413,5832578,7
199637,11,6,6010208,Bergstra�e,2019,9,12,7,3,2,6,0,0,1,0,0,0,0,0,794733,21,5820088,49
199638,11,8,8041036,Zittauer Stra�e,2019,9,20,6,3,5,3,2,0,1,0,0,0,0,0,804925,4067,5817687,262
199639,11,4,4010102,Pl�tzensee,2019,9,11,7,3,0,1,0,0,1,0,1,0,0,0,793184,1137,5830143,75
199640,11,12,12302108,M�rkisches Zentrum,2019,9,18,6,3,2,6,0,0,1,0,0,0,0,0,795453,3241,5837428,416
199641,11,6,6040805,Fischerh�ttenstra�e,2019,9,11,7,3,5,3,0,0,1,0,0,0,0,0,789423,9495,5818031,508
199642,11,1,1011301,Charit�viertel,2019,9,18,6,3,6,4,0,0,1,1,0,0,0,0,797522,886,5828765,463
199643,11,10,10010204,Wuhletalstra�e,2019,9,11,7,3,0,1,0,0,0,0,1,0,0,0,808704,8425,5832826,231
199644,11,5,5010205,An der Tr�nke,2019,9,17,6,2,5,3,0,0,1,0,1,0,0,0,780459,2242,5830047,252
199645,11,9,9051901,Dammvorstadt,2019,9,18,6,3,5,2,0,1,1,0,0,0,0,0,809933,9053,5821623,534
199646,11,5,5020417,Staakener Stra�e,2019,9,10,7,3,5,2,0,1,1,0,0,0,0,0,783585,3891,5828663,303
199647,11,2,2010104,Wassertorplatz,2019,9,10,7,3,5,7,0,1,1,0,0,0,0,0,799333,5702,5825627,564
199648,11,3,3040818,Pankow S�d,2019,9,17,6,3,5,3,0,1,1,0,0,0,0,0,799657,302,5832810,173
199649,11,8,8010211,Flughafenstra�e,2019,9,17,6,3,2,6,0,0,1,0,0,0,0,0,800557,9533,5823760,505
199650,11,9,9051901,Dammvorstadt,2019,9,10,7,3,5,7,0,0,1,0,0,0,1,0,810716,601,5820939,985
199651,11,4,4030623,Ernst-Reuter-Platz,2019,9,16,6,3,5,3,0,1,1,0,0,0,0,0,792922,73,5826761,875
199652,11,1,1011102,Gro�er Tiergarten,2019,9,12,7,3,1,5,0,1,1,0,0,0,0,0,796536,571,5827613,376
199653,11,1,1033201,Brunnenstra�e,2019,9,16,6,3,4,6,0,1,0,0,0,0,1,0,797700,2577,5830671,323
199654,11,1,1044201,Reinickendorfer Stra�e,2019,9,23,6,3,2,6,2,0,1,0,0,0,0,0,796479,5476,5831966,369
199655,11,1,1044101,Rehberge,2019,9,16,6,2,5,3,0,0,1,0,0,0,1,0,794647,6042,5831460,483
199656,11,4,4030623,Ernst-Reuter-Platz,2019,9,18,6,3,1,5,0,1,1,0,0,0,0,0,793797,4518,5826075,197
199657,11,10,10010310,Alt-Marzahn,2019,9,16,6,3,2,6,0,0,1,0,0,0,1,0,808895,4115,5830178,447
199658,11,7,7040401,Neu-Tempelhof,2019,9,14,2,3,5,3,0,0,1,0,0,0,1,0,797468,7575,5822615,28
199659,11,9,9010202,K�penicker Landstra�e,2019,9,16,2,3,2,6,0,0,1,0,0,0,0,1,803816,9037,5823314,356
199660,11,1,1044103,Westliche M�llerstra�e,2019,9,15,2,3,2,6,0,0,1,0,0,0,0,1,794855,3308,5830989,59
199661,11,12,12214527,Alt-Tegel,2019,9,16,2,2,6,4,0,0,1,1,0,0,0,0,790301,9368,5834978,205
199662,11,12,12214125,Waldidyll/Flughafensee,2019,9,16,2,3,0,4,0,0,1,1,0,0,0,0,789846,1391,5833340,274
199663,11,1,1011303,Alexanderplatzviertel,2019,9,16,2,2,5,3,0,0,0,0,1,0,1,1,799498,19,5828344,449
199664,11,2,2050601,Hausburgviertel,2019,9,16,2,3,5,3,0,0,1,0,0,0,0,1,801763,6755,5828661,466
199665,11,5,5020626,Adamstra�e,2019,9,16,2,3,1,5,0,1,1,0,0,0,0,1,784595,639,5827950,281
199666,11,9,9020701,Adlershof West,2019,9,16,2,3,5,3,0,0,1,0,0,0,1,0,808108,893,5818397,877
199667,11,1,1033102,Gesundbrunnen,2019,9,6,2,3,5,2,0,1,1,0,0,0,0,0,797156,6552,5831919,568
199668,11,6,6010206,Stadtpark,2019,9,12,2,3,3,6,0,0,1,0,0,0,1,1,794771,4262,5819856,533
199669,11,6,6020301,Alt-Lankwitz,2019,9,12,2,2,6,2,0,0,1,1,0,0,0,1,796476,3607,5818331,854
199670,11,4,4030931,Breitscheidplatz,2019,9,12,2,2,2,7,0,0,1,0,0,0,0,1,794058,881,5825944,668
199671,11,6,6030503,Zehlendorf Mitte,2019,9,9,2,3,6,4,0,0,1,1,0,0,0,1,789523,995,5817482,271
199672,11,5,5010103,Amorbacher Weg,2019,9,9,2,3,2,2,0,0,1,0,0,0,0,1,784756,7722,5831112,541
199673,11,8,8010405,Hertzbergplatz,2019,9,11,2,3,5,3,0,0,1,0,1,0,0,1,802265,3909,5823531,337
199674,11,3,3061131,Falkplatz,2019,9,10,2,3,2,6,0,0,1,0,0,0,0,1,799154,44,5830837,209
199675,11,4,4051551,Brabanter Platz,2019,9,9,2,3,5,2,0,0,1,0,0,0,0,1,792894,6517,5823290,128
199676,11,4,4030622,Richard-Wagner-Stra�e,2019,9,8,2,3,5,2,0,1,1,0,0,0,0,1,792748,5023,5826737,825
199677,11,2,2030302,Lausitzer Platz,2019,9,8,2,3,0,5,0,1,1,0,0,0,0,1,801548,1655,5826038,169
199678,11,4,4010101,Jungfernheide,2019,9,7,2,3,5,2,0,1,1,0,0,0,0,1,790421,1521,5829043,117
199679,11,4,4020314,Messegel�nde,2019,9,7,2,3,2,6,0,0,1,0,0,0,0,1,790048,7144,5825251,599
199680,11,1,1033201,Brunnenstra�e,2019,9,6,2,3,6,2,2,0,1,1,0,0,0,1,797906,9299,5830316,355
199681,11,7,7050501,Rathausstra�e,2019,9,6,2,2,6,2,2,0,1,1,0,0,0,1,798001,3187,5819645,445
199682,11,8,8020727,Buckow Mitte,2019,9,6,2,3,6,4,2,0,1,1,0,0,0,1,801754,541,5816744,65
199683,11,2,2050801,Traveplatz,2019,9,6,2,3,2,6,2,0,1,0,0,1,0,1,803348,6358,5826721,293
199684,11,6,6020305,Gemeindepark Lankwitz,2019,9,5,2,3,5,2,2,1,1,0,0,0,0,1,796064,614,5817534,143
199685,11,1,1033102,Gesundbrunnen,2019,9,18,2,3,5,2,0,1,1,0,0,0,0,0,797161,1645,5831877,887
199686,11,8,8030831,Gropiusstadt Ost,2019,9,18,1,3,2,7,2,0,1,0,1,0,1,1,803533,739,5817798,818
199687,11,1,1011101,St�lerstra�e,2019,9,17,1,3,0,4,0,0,0,1,1,0,0,1,794573,1492,5826095,612