OBJECTID,LAND,BEZ,LOR,STRASSE,UJAHR,UMONAT,USTUNDE,UWOCHENTAG,UKATEGORIE,UART,UTYP1,ULICHTVERH,IstRad,IstPKW,IstFuss,IstKrad,IstGkfz,IstSonstige,USTRZUSTAND,LINREFX,LINREFY,XGCSWGS84,YGCSWGS84
199688,11,1,1011402,Arkonaplatz,2019,9,16,1,3,2,6,0,0,1,0,0,0,0,1,798307,2058,5829397,76
199689,11,4,4030827,Karl-August-Platz,2019,9,16,1,2,5,3,0,0,1,0,0,0,0,1,792714,9118,5826095,23
199690,11,5,5020419,Magistratsweg,2019,9,15,1,2,5,2,1,0,1,0,0,0,0,1,780865,524,5828328,486
199691,11,1,1011301,Charit�viertel,2019,9,14,1,3,0,1,0,0,0,0,0,0,1,1,797571,3937,5828629,265
199692,11,10,10020415,Hellersdorfer Promenade,2019,9,14,1,3,5,3,0,0,1,0,0,0,1,1,812678,7223,5831108,167
199693,11,8,8020726,Buckow West,2019,9,13,1,3,2,6,0,0,1,0,0,0,0,1,799395,4504,5816313,579
199694,11,7,7030301,Friedenau,2019,9,13,1,3,3,6,0,1,1,0,0,0,0,1,794795,1817,5822894,912
199695,11,4,4020313,K�nigin-Elisabeth-Stra�e,2019,9,12,1,3,3,6,0,0,1,0,0,0,0,1,790472,1479,5826019,601
199696,11,2,2030301,Oranienplatz,2019,9,12,1,2,4,7,0,1,0,0,0,0,1,1,800277,3969,5826074,643
199697,11,5,5030730,Zitadellenweg,2019,9,8,1,3,1,5,0,0,1,0,0,0,0,0,786976,1343,5829856,48
199698,11,3,3061430,Volkspark Prenzlauer Berg,2019,9,19,1,3,0,6,2,0,1,0,0,0,0,1,802438,6867,5829268,854
199699,11,2,2020204,Urbanstra�e,2019,9,8,1,3,5,3,0,1,1,0,0,0,0,1,798292,6721,5824821,381
199700,11,1,1044101,Rehberge,2019,9,19,1,3,5,2,1,0,1,0,0,0,0,1,793796,3796,5832177,287
199701,11,6,6020303,Lankwitz Kirche,2019,9,18,1,3,5,7,1,0,1,0,1,0,0,1,795312,7142,5818518,894
199702,11,8,8010301,Reuterkiez,2019,9,17,1,3,5,2,0,1,0,0,0,0,1,1,801412,7018,5824134,458
199703,11,4,4041136,Hagenplatz,2019,9,21,7,3,1,1,2,0,1,0,0,0,0,1,789509,5326,5823525,717
199704,11,7,7040401,Neu-Tempelhof,2019,10,17,3,3,2,6,1,0,1,0,1,0,0,1,798721,5199,5823949,3
199705,11,1,1011102,Gro�er Tiergarten,2019,9,13,7,2,2,6,0,1,0,0,0,0,1,0,795155,563,5827075,522
199706,11,1,1011306,Heine-Viertel Ost,2019,10,17,3,3,1,5,0,1,1,0,0,0,0,1,800125,4294,5826577,673
199707,11,7,7040406,Germaniagarten,2019,9,15,7,3,1,5,1,0,1,0,0,0,0,1,800160,1835,5821496,765
199708,11,6,6020306,Lankwitz S�d,2019,10,17,3,3,5,3,0,0,1,0,0,0,0,1,796228,7557,5817019,635
199709,11,4,4030931,Breitscheidplatz,2019,9,22,7,3,0,2,2,0,0,1,0,0,1,0,793993,1674,5826148,137
199710,11,6,6010205,S�dende,2019,10,16,3,3,2,6,0,0,1,0,0,0,0,1,796149,946,5819832,869
199711,11,7,7050505,Hundsteinweg,2019,10,16,3,3,2,2,0,0,1,0,0,0,1,1,798941,8003,5817278,527
199712,11,1,1011301,Charit�viertel,2019,9,23,7,3,5,2,2,1,1,0,0,0,0,0,797013,799,5828942,3
199713,11,7,7010104,Dennewitzplatz,2019,10,16,3,3,2,6,0,0,1,0,1,0,0,1,796177,7135,5825310,447
199714,11,4,4041136,Hagenplatz,2019,9,21,7,3,8,1,2,0,1,0,0,0,0,1,790691,3273,5822709,206
199715,11,4,4020313,K�nigin-Elisabeth-Stra�e,2019,10,16,3,3,2,6,0,0,1,0,0,0,0,1,790341,2915,5826678,652
199716,11,8,8020621,Mohriner Allee Nord,2019,10,15,3,3,5,3,0,0,1,0,0,0,0,1,800481,453,5819301,646
199717,11,4,4041136,Hagenplatz,2019,9,19,7,2,5,2,2,0,1,0,1,0,0,1,789617,6374,5823364,563
199718,11,11,11010310,M�hlengrund,2019,10,15,3,3,6,4,0,0,1,1,0,0,0,1,805271,4291,5833253,957
199719,11,5,5010311,Eiswerder,2019,9,18,7,3,0,1,0,1,1,0,0,0,0,1,785941,153,5830341,528
199720,11,8,8010213,K�rnerpark,2019,10,15,3,3,2,2,0,0,1,0,0,0,0,1,801361,5832,5822504,441
199721,11,8,8010301,Reuterkiez,2019,9,18,7,3,0,5,0,1,1,0,0,0,0,1,800501,8014,5824472,817
199722,11,1,1033102,Gesundbrunnen,2019,10,14,3,3,5,2,0,1,1,0,0,0,0,1,797330,942,5831873,573
199723,11,9,9052001,K�penick Nord,2019,9,15,7,3,0,1,0,0,0,0,1,0,0,1,811165,4511,5822101,611
199724,11,12,12214424,Scharnweberstra�e,2019,10,10,3,3,0,5,0,0,1,0,0,0,1,1,793346,2079,5832817,875
199725,11,11,11020515,Landsberger Allee,2019,10,9,3,3,2,7,0,0,0,0,0,1,1,1,805030,3309,5830404,747
199726,11,1,1011305,Heine-Viertel West,2019,9,17,7,3,2,7,0,0,1,0,0,0,0,1,799061,852,5826880,233
199727,11,12,12214125,Waldidyll/Flughafensee,2019,9,15,7,3,0,6,0,0,1,0,1,0,0,1,791177,4253,5830882,63
199728,11,9,9031202,Schm�ckwitz/Rauchfangswerder,2019,10,9,3,3,5,2,0,0,1,0,0,0,1,1,819378,584,5812745,61
199729,11,10,10010311,Landsberger Tor,2019,9,16,7,3,0,5,0,0,1,0,0,0,0,0,810235,5729,5831099,41
199730,11,2,2030301,Oranienplatz,2019,10,14,3,3,5,3,0,1,1,0,0,0,0,1,800107,2649,5825740,862
199731,11,11,11020412,Hauptstra�e,2019,9,15,7,3,2,6,0,0,1,0,0,0,0,1,805634,4408,5831787,975
199732,11,1,1011202,Unter den Linden Nord,2019,10,2,3,3,0,7,2,0,0,0,0,0,1,0,797680,5401,5827937,483
199733,11,7,7050503,Eisenacher Stra�e,2019,10,13,3,3,5,2,0,0,1,0,0,0,0,1,799474,3042,5820508,998
199734,11,7,7050501,Rathausstra�e,2019,9,16,7,2,5,2,0,0,1,0,1,0,0,1,797219,693,5819544,188
199735,11,1,1011204,Leipziger Stra�e,2019,9,14,7,3,2,6,0,0,1,0,0,0,0,1,798572,527,5826859,19
199736,11,2,2020203,Viktoriapark,2019,10,12,3,3,2,2,0,0,1,0,0,0,1,1,797091,2081,5824704,82
199737,11,12,12304314,Ziekowstra�e/Freie Scholle,2019,10,11,3,3,5,2,0,0,1,0,0,0,1,1,790700,8519,5835384,324
199738,11,6,6020411,Sch�tte-Lanz-Stra�e,2019,9,14,7,3,5,2,0,1,1,0,0,0,0,1,795220,1495,5816173,353
199739,11,5,5040935,Gro�-Glienicker Weg,2019,10,10,3,2,5,3,0,0,1,0,0,1,0,1,782469,9125,5820629,239
199740,11,2,2020204,Urbanstra�e,2019,9,12,7,3,3,6,0,1,0,0,0,0,1,1,798404,9154,5824782,567
199741,11,1,1033102,Gesundbrunnen,2019,10,20,2,3,5,2,0,0,1,0,0,0,1,0,797163,233,5831921,313
199742,11,11,11010205,Falkenberg West,2019,10,14,2,3,2,2,0,0,1,0,0,0,0,0,806893,8215,5832610,735
199743,11,4,4030931,Breitscheidplatz,2019,9,12,7,3,0,4,0,0,0,1,1,0,0,1,794077,9284,5825724,626
199744,11,3,3071537,Kollwitzplatz,2019,10,17,2,3,5,3,0,0,0,0,1,0,1,0,799455,8625,5829339,558
199745,11,5,5020629,B�rnicker Stra�e,2019,9,9,7,3,0,1,0,0,0,0,1,0,0,1,785031,2113,5826304,242
199746,11,2,2030301,Oranienplatz,2019,10,20,2,2,5,2,2,0,1,0,1,0,0,0,799908,468,5825978,769
199747,11,8,8010301,Reuterkiez,2019,9,9,7,3,0,1,0,0,0,0,1,0,0,1,800657,7312,5824517,154
199748,11,4,4030519,Kaiserin-Augusta-Allee,2019,10,20,2,3,5,2,2,0,1,0,0,0,0,0,792084,9465,5827960,648
199749,11,5,5030730,Zitadellenweg,2019,9,12,7,2,0,6,0,0,0,0,1,0,0,1,785486,914,5829263,84
199750,11,2,2010104,Wassertorplatz,2019,10,19,2,3,5,7,2,0,1,0,1,0,0,0,799339,6612,5825628,45
199751,11,4,4030827,Karl-August-Platz,2019,10,19,2,3,2,7,2,0,1,0,0,0,0,0,791926,8849,5826448,976
199752,11,8,8010117,Schillerpromenade,2019,9,11,7,3,6,4,0,0,1,1,0,0,0,0,800623,1038,5823113,661
199753,11,6,6030503,Zehlendorf Mitte,2019,9,11,7,3,0,1,0,1,0,0,0,0,0,1,789387,8071,5817890,596
199754,11,1,1011304,Karl-Marx-Allee,2019,10,16,2,3,4,2,0,1,0,0,0,0,0,0,799672,61,5827595,643
199755,11,2,2010101,Askanischer Platz,2019,10,18,2,3,2,6,2,0,1,0,0,0,1,0,797865,4224,5825570,448
199756,11,5,5010207,Darbystra�e,2019,9,10,7,2,5,2,0,1,1,0,0,0,0,1,783702,499,5830168,375
199757,11,8,8041036,Zittauer Stra�e,2019,10,16,2,3,5,3,0,1,1,0,0,0,0,0,805254,5841,5817233,126
199758,11,4,4051654,Wilhelmsaue,2019,9,10,7,3,6,7,0,0,1,1,0,0,0,0,793390,1399,5823677,332
199759,11,9,9051701,Hirschgarten,2019,10,18,2,3,1,5,2,1,1,0,0,0,0,0,813049,5549,5821635,995
199760,11,1,1011302,Oranienburger Stra�e,2019,10,15,2,2,4,6,0,1,0,0,0,0,1,0,798145,1458,5828887,621
199761,11,1,1022104,Emdener Stra�e,2019,9,10,7,3,2,6,0,0,1,0,0,0,0,1,794568,742,5828788,997
199762,11,9,9010402,Johannisthal Ost,2019,10,15,2,3,5,3,0,1,0,0,1,0,0,0,807116,76,5819898,907
199763,11,7,7040401,Neu-Tempelhof,2019,9,1,7,3,5,3,2,0,1,0,0,0,0,0,797309,166,5823515,459
199764,11,10,10020412,Alte Hellersdorfer Stra�e,2019,10,15,2,3,2,6,0,0,1,0,0,0,0,0,811804,8639,5831858,736
199765,11,2,2010101,Askanischer Platz,2019,9,15,7,3,5,2,0,0,1,0,0,0,0,1,797028,4322,5825874,38
199766,11,8,8010212,Rollberg,2019,10,15,2,3,6,4,0,0,1,1,0,0,0,0,800677,839,5823165,176
199767,11,1,1022204,Thomasiusstra�e,2019,10,8,2,3,2,2,0,0,1,0,0,0,1,0,795118,5713,5828261,845
199768,11,2,2010103,Moritzplatz,2019,9,11,7,3,5,3,0,0,1,0,0,0,0,0,799034,9268,5826066,535
199769,11,2,2030402,Wrangelkiez,2019,10,9,2,3,2,6,0,0,1,0,0,0,0,0,801783,2483,5825790,539
199770,11,12,12231101,Hermsdorf,2019,9,16,6,3,5,2,0,1,1,0,0,0,0,1,792221,676,5838181,846
199771,11,6,6010103,Markelstra�e,2019,10,14,2,3,0,1,0,0,0,0,1,0,0,0,793049,1311,5821525,689
199772,11,4,4051653,Prager Platz,2019,9,21,6,3,5,2,2,1,1,0,0,0,0,1,793948,4352,5824710,565
199773,11,10,10010310,Alt-Marzahn,2019,10,14,2,3,2,2,0,0,1,0,0,0,0,0,809340,6986,5830332,67
199774,11,9,9020502,Obersch�neweide Ost,2019,9,17,6,3,0,1,1,0,0,0,1,0,0,1,809044,1455,5821573,473
199775,11,7,7030303,Grazer Platz,2019,10,13,2,3,5,2,0,1,0,0,0,0,1,0,796191,7462,5822784,814
199776,11,1,1033102,Gesundbrunnen,2019,10,13,2,3,5,3,0,1,0,0,0,0,1,0,797713,1022,5831818,383
199777,11,7,7050501,Rathausstra�e,2019,9,15,6,3,4,6,0,0,1,0,1,0,0,1,796989,5174,5819474,605
199778,11,7,7040405,Rathaus Tempelhof,2019,9,12,6,3,0,1,0,0,1,0,1,0,0,1,799497,9122,5821799,635
199779,11,2,2010101,Askanischer Platz,2019,10,10,2,3,1,7,0,1,1,0,0,0,0,0,797695,9955,5825807,211
199780,11,1,1022204,Thomasiusstra�e,2019,10,13,2,3,6,4,0,0,1,1,0,0,0,0,794763,1096,5828314,352
199781,11,12,12214424,Scharnweberstra�e,2019,9,7,6,3,3,2,0,0,1,0,0,0,0,1,793208,2913,5832403,428
199782,11,12,12214424,Scharnweberstra�e,2019,10,13,2,2,5,3,0,0,1,0,0,0,0,0,792816,4614,5833029,358
199783,11,9,9041501,Altstadt Kietz,2019,9,13,6,3,5,2,0,1,0,0,0,0,1,1,811341,8913,5819932,436
199784,11,11,11040926,Weitlingstra�e,2019,10,10,2,3,6,2,0,0,1,1,0,0,0,0,806697,8786,5826920,362
199785,11,1,1022103,Westhafen,2019,10,10,2,3,5,2,0,1,0,0,0,1,0,0,794578,1584,5829789,565
199786,11,5,5010209,An der Kappe,2019,9,19,6,3,2,2,0,0,1,0,0,0,0,0,780940,104,5829866,636
199787,11,6,6040807,Zehlendorf Eiche,2019,10,12,2,3,5,3,0,1,1,0,0,0,0,0,789858,3026,5818760,161
199788,11,12,12103218,Teichstra�e,2019,10,10,2,3,5,2,0,0,1,0,0,0,1,0,795051,3853,5834850,711
199789,11,7,7060604,Marienfelde S�d,2019,9,9,6,3,0,7,0,0,0,0,1,0,1,1,797736,3069,5815392,978
199790,11,1,1011204,Leipziger Stra�e,2019,10,9,2,3,0,7,0,1,0,0,0,0,0,0,798157,733,5826644,946
199791,11,2,2050803,Stralauer Kiez,2019,9,14,6,3,0,6,0,0,1,0,0,0,1,0,803212,578,5826326,551
199792,11,8,8010301,Reuterkiez,2019,10,9,2,3,3,6,0,1,0,0,0,0,1,0,800817,6791,5825029,745
199793,11,2,2020204,Urbanstra�e,2019,10,9,2,3,2,6,0,0,1,0,0,0,0,0,798440,4023,5824773,142
199794,11,12,12214424,Scharnweberstra�e,2019,9,13,6,3,5,3,0,0,1,0,0,0,0,1,793474,3208,5832414,889
199795,11,4,4010102,Pl�tzensee,2019,9,12,6,3,5,3,0,1,1,0,0,0,0,1,793356,868,5829669,931
199796,11,3,3061228,Erich-Weinert-Stra�e,2019,10,9,2,3,5,3,0,1,1,0,0,0,0,0,801154,7558,5831132,778
199797,11,11,11030721,R�digerstra�e,2019,9,14,6,3,3,6,0,0,1,0,0,0,0,1,804609,6043,5827526,329
199798,11,7,7040401,Neu-Tempelhof,2019,10,8,2,3,1,5,0,1,1,0,0,0,0,0,797411,8021,5823671,301
199799,11,2,2020202,Rathaus Yorckstra�e,2019,10,7,2,3,5,3,0,1,1,0,0,0,0,0,797273,2895,5825511,353
199800,11,5,5020627,Tiefwerder,2019,9,15,6,3,2,6,0,0,1,0,0,0,0,0,785323,8647,5828214,222
199801,11,1,1033203,Humboldthain Nordwest,2019,9,14,6,3,2,6,0,0,1,0,0,0,0,1,796762,7776,5830511,262
199802,11,9,9052001,K�penick Nord,2019,10,12,2,3,5,3,0,1,1,0,0,0,0,0,810988,2838,5821976,45
199803,11,1,1044201,Reinickendorfer Stra�e,2019,10,12,2,3,5,2,0,0,1,0,0,0,0,0,796476,8364,5831928,484
199804,11,10,10020413,Gut Hellersdorf,2019,9,14,6,3,6,4,0,0,1,1,0,0,0,1,811134,5788,5831268,593
199805,11,5,5010313,Ackerstra�e,2019,10,8,2,3,2,2,0,0,1,0,0,0,0,0,784754,3385,5829936,26
199806,11,1,1044103,Westliche M�llerstra�e,2019,9,14,6,3,5,3,0,1,1,0,0,0,0,1,794956,5584,5830810,876
199807,11,4,4030726,Droysenstra�e,2019,10,8,2,3,5,7,0,0,1,0,0,0,0,0,792098,72,5825757,396
199808,11,9,9051901,Dammvorstadt,2019,9,14,6,3,5,2,0,1,1,0,0,0,0,1,811587,3328,5821155,46
199809,11,12,12103117,Letteplatz,2019,10,7,2,3,5,2,0,1,1,0,0,0,0,0,795774,41,5832708,541
199810,11,5,5010313,Ackerstra�e,2019,9,14,6,3,5,3,0,0,1,0,0,0,0,1,784406,357,5829916,536
199811,11,7,7070706,Horstwalder Stra�e/Paplitzer Stra�e,2019,10,12,2,3,6,2,0,0,1,1,0,0,0,0,800036,2547,5813257,524
199812,11,12,12103115,Breitkopfbecken,2019,10,1,2,2,1,7,2,0,1,0,0,0,0,0,795655,4926,5833549,202
199813,11,6,6030607,Goerzwerke,2019,9,14,6,3,5,3,0,0,1,0,1,0,0,1,792318,3301,5816606,45
199814,11,4,4051448,Schaperstra�e,2019,9,13,6,3,5,2,0,1,1,0,0,0,0,1,793459,8653,5824721,958
199815,11,5,5010313,Ackerstra�e,2019,10,11,2,3,1,7,0,0,1,0,0,0,0,0,784860,3605,5830102,776
199816,11,3,3061430,Volkspark Prenzlauer Berg,2019,10,11,2,2,6,4,0,0,1,1,0,0,0,0,802308,3869,5829187,285
199817,11,4,4051445,Eisenzahnstra�e,2019,9,13,6,3,2,2,0,0,1,0,0,0,1,1,792439,8159,5824107,832
199818,11,1,1011306,Heine-Viertel Ost,2019,10,11,2,3,5,2,0,0,1,0,1,0,0,0,800254,7937,5826822,949
199819,11,2,2020204,Urbanstra�e,2019,9,12,6,3,2,6,0,0,1,0,0,0,1,1,798289,3766,5825474,968
199820,11,9,9020501,Obersch�neweide West,2019,10,10,2,2,5,3,0,1,1,0,0,0,0,0,806211,3864,5822174,162
199821,11,2,2050803,Stralauer Kiez,2019,10,5,1,3,1,5,2,1,1,0,0,0,1,1,803110,241,5826296,668
199822,11,7,7070703,John-Locke-Stra�e,2019,9,13,6,3,1,6,0,1,1,0,0,0,0,1,798900,5026,5814354,293
199823,11,10,10010206,Ringkolonnaden,2019,10,14,1,3,5,3,0,1,1,0,0,0,0,0,809981,5728,5832050,792
199824,11,8,8010301,Reuterkiez,2019,9,12,6,3,1,5,0,1,1,0,0,0,0,1,801096,92,5824135,331
199825,11,1,1033102,Gesundbrunnen,2019,10,19,1,3,5,2,2,0,1,0,0,0,0,0,797363,25,5831193,189
199826,11,1,1011204,Leipziger Stra�e,2019,9,12,6,3,5,2,0,1,1,0,0,0,0,1,798860,24,5826767,224
199827,11,7,7060604,Marienfelde S�d,2019,9,12,6,2,6,4,0,0,1,1,0,0,0,1,798079,1177,5814407,312
199828,11,1,1022104,Emdener Stra�e,2019,10,18,1,2,6,4,1,0,1,1,0,0,0,0,794447,1613,5829094,53
199829,11,5,5010311,Eiswerder,2019,10,18,1,3,2,6,1,0,1,0,0,0,0,0,785409,1719,5830362,934
199830,11,1,1044102,Schillerpark,2019,9,11,6,3,5,2,0,1,1,0,0,0,0,1,794700,6914,5831783,392
199831,11,11,11051229,Rummelsburg,2019,10,21,1,3,2,2,2,0,1,0,1,0,0,0,804789,93,5825408,278
199832,11,1,1011201,Wilhelmstra�e,2019,9,21,6,2,6,4,2,0,1,1,0,0,0,0,797472,9618,5826794,341
199833,11,1,1044201,Reinickendorfer Stra�e,2019,10,16,1,3,2,6,0,0,1,0,0,0,0,0,797047,6671,5831926,997
199834,11,7,7010102,Nollendorfplatz,2019,9,18,6,3,5,3,1,1,1,0,0,0,0,1,795182,5715,5825494,419
199835,11,8,8020727,Buckow Mitte,2019,10,14,1,3,2,6,0,0,1,0,0,0,0,0,801600,2987,5817447,348
199836,11,9,9010302,Sp�thsfelde,2019,9,18,6,3,8,1,1,0,1,0,0,0,0,1,803207,8644,5820967,3
199837,11,12,12231102,Frohnau,2019,10,14,1,3,2,2,0,1,1,0,0,0,0,0,789922,9949,5840474,14
199838,11,7,7040401,Neu-Tempelhof,2019,10,14,1,3,2,6,0,0,1,0,0,0,0,0,797750,2572,5823954,92
199839,11,1,1011202,Unter den Linden Nord,2019,9,19,6,3,0,1,2,0,0,0,0,0,1,1,797737,7201,5827795,168
199840,11,11,11030721,R�digerstra�e,2019,9,18,6,3,5,3,1,0,1,0,0,0,0,1,804833,5019,5827749,191
199841,11,8,8010405,Hertzbergplatz,2019,10,14,1,3,5,3,0,1,1,0,0,0,0,0,801650,6878,5823968,661
199842,11,4,4020310,Park Ruhwald,2019,9,18,6,3,8,1,1,0,1,0,0,0,0,1,790174,1079,5828196,549
199843,11,1,1044201,Reinickendorfer Stra�e,2019,10,13,1,3,6,4,0,0,1,1,0,0,0,0,796417,3844,5831970,492
199844,11,1,1022102,Beusselkiez,2019,9,17,6,3,1,5,0,1,1,0,0,0,0,1,793548,2113,5828510,926
199845,11,2,2040703,Wriezener Bahnhof/Entwicklungsgebiet,2019,10,13,1,3,2,2,0,1,1,0,0,0,0,0,801351,2615,5826457,932
199846,11,7,7070701,Kettinger Stra�e/Schillerstra�e,2019,9,16,6,3,5,3,0,0,1,0,0,0,0,1,799049,3754,5814291,799
199847,11,12,12214422,Klixstra�e,2019,10,13,1,3,5,2,0,0,1,0,0,0,0,0,792275,216,5833930,104
199848,11,6,6040804,Krumme Lanke,2019,10,13,1,3,5,3,0,1,1,0,0,0,0,0,787244,3364,5818354,348
199849,11,4,4030725,Amtsgerichtsplatz,2019,9,17,6,3,4,6,0,0,1,0,1,0,0,1,791149,1775,5825642,578
199850,11,5,5010206,G�tersloher Weg,2019,10,12,1,3,5,2,0,1,1,0,0,0,0,0,782158,6651,5829951,975
199851,11,7,7070702,Alt-Lichtenrade/T�pchiner Weg,2019,9,16,6,3,2,6,0,0,1,0,1,0,0,1,799975,3231,5814566,264
199852,11,7,7010102,Nollendorfplatz,2019,10,11,1,3,6,4,0,0,0,1,0,0,1,0,795081,19,5825808,364
199853,11,11,11051332,Karlshorst S�d,2019,9,16,6,3,6,4,0,0,1,1,0,0,0,1,807223,9849,5824073,328
199854,11,2,2040701,Andreasviertel,2019,10,9,1,3,5,3,0,1,1,0,0,0,0,0,800619,97,5827307,604
199855,11,1,1033201,Brunnenstra�e,2019,9,16,6,3,2,6,0,0,1,0,0,0,0,1,797931,3789,5830272,42
199856,11,8,8020622,Parchimer Allee,2019,10,1,1,2,1,5,2,0,1,0,0,0,1,0,802183,2113,5819314,259
199857,11,8,8020620,Tempelhofer Weg,2019,9,16,6,3,3,6,0,0,1,0,1,0,0,1,800326,684,5820524,654
199858,11,4,4041136,Hagenplatz,2019,9,15,6,3,5,3,0,0,1,0,0,0,1,1,790536,3349,5822781,49
199859,11,12,12304314,Ziekowstra�e/Freie Scholle,2019,10,0,1,2,5,2,2,0,1,0,1,0,0,1,790684,1255,5835382,557
199860,11,4,4030519,Kaiserin-Augusta-Allee,2019,9,15,6,3,6,4,0,0,1,1,0,0,0,1,792069,936,5828336,516
199861,11,12,12214424,Scharnweberstra�e,2019,10,13,7,3,2,6,0,0,1,0,0,0,0,0,792206,5758,5832945,537
199862,11,12,12302211,L�barser Stra�e,2019,10,16,7,3,8,1,0,0,1,0,0,0,0,0,793489,9217,5836973,652
199863,11,3,3050923,Wei�enseer Spitze,2019,9,11,6,3,0,1,0,1,1,1,0,0,0,1,800831,403,5832047,48
199864,11,10,10040932,Alt-Mahlsdorf,2019,9,9,6,3,5,2,0,1,1,0,0,0,0,1,812977,451,5827501,6
199865,11,2,2010103,Moritzplatz,2019,10,16,7,3,5,3,0,1,1,0,0,0,0,0,799343,5968,5826192,208
199866,11,5,5010208,Germersheimer Platz,2019,9,10,6,3,2,6,0,0,1,0,0,0,1,1,783717,2281,5830172,427
199867,11,1,1011202,Unter den Linden Nord,2019,10,14,7,3,0,1,0,1,0,0,0,0,0,0,797207,6581,5827497,332
199868,11,9,9020702,Adlershof Ost,2019,9,10,6,3,5,3,0,1,1,0,0,0,0,1,809228,6699,5819314,425
199869,11,7,7010101,Wittenbergplatz/Viktoria-Luise-Platz,2019,10,20,7,3,6,7,2,1,0,1,0,0,0,1,794600,477,5825793,879
199870,11,1,1011103,L�tzowstra�e,2019,9,10,6,3,5,2,0,1,1,0,0,0,0,1,795271,403,5826033,423
199871,11,7,7050502,Fritz-Werner-Stra�e,2019,10,19,7,3,5,2,2,0,1,0,0,0,0,0,798379,8,5818418,792
199872,11,4,4030519,Kaiserin-Augusta-Allee,2019,10,18,7,3,2,6,1,0,1,0,0,0,0,1,792071,406,5827980,803
199873,11,9,9051901,Dammvorstadt,2019,10,18,7,3,9,1,0,0,0,0,1,0,0,0,810239,2496,5821476,326
199874,11,4,4051445,Eisenzahnstra�e,2019,9,10,6,3,6,4,0,0,1,1,0,0,0,1,791968,3501,5824737,979
199875,11,3,3050924,Behaimstra�e,2019,10,17,7,3,0,7,0,0,1,0,0,0,1,0,801483,3152,5831869,833
199876,11,4,4020313,K�nigin-Elisabeth-Stra�e,2019,9,9,6,2,5,3,0,0,1,0,0,0,0,1,790493,9477,5826546,12
199877,11,4,4030931,Breitscheidplatz,2019,10,14,7,3,6,2,0,0,1,1,0,0,0,0,794352,4437,5825900,19
199878,11,12,12103115,Breitkopfbecken,2019,9,9,6,3,5,3,0,1,1,0,0,0,0,1,795346,3893,5833841,178
199879,11,4,4030827,Karl-August-Platz,2019,10,12,7,3,3,6,0,0,1,0,1,0,0,0,792269,9256,5826111,912
199880,11,5,5030731,Gartenfelder Stra�e,2019,10,12,7,3,6,4,0,0,1,1,0,0,0,0,786591,1336,5830252,549
199881,11,9,9020701,Adlershof West,2019,9,9,6,2,5,2,0,0,1,0,0,0,0,1,809327,1704,5818503,22
199882,11,3,3061332,Helmholtzplatz,2019,9,9,6,3,0,5,0,1,0,0,0,1,0,1,799602,8038,5831130,138
199883,11,7,7060604,Marienfelde S�d,2019,10,11,7,3,2,2,0,0,1,0,0,0,0,0,796572,6117,5815881,443
199884,11,3,3050920,Wei�er See,2019,10,11,7,3,5,3,0,0,1,0,0,0,0,1,802250,4489,5831589,31
199885,11,1,1011103,L�tzowstra�e,2019,9,9,6,3,3,6,0,0,1,0,0,0,0,1,795262,1542,5826012,986
199886,11,6,6010209,Feuerbachstra�e,2019,10,7,7,3,5,2,1,0,1,0,0,0,0,1,794023,46,5821044,72
199887,11,5,5010102,Goltzstra�e,2019,9,8,6,3,5,2,0,1,1,0,0,0,0,1,785209,2192,5831876,388
199888,11,6,6040810,Dahlem,2019,10,6,7,3,5,3,2,0,1,0,0,0,0,1,790158,8296,5819788,732
199889,11,4,4051550,Leon-Jessel-Platz,2019,10,5,7,3,2,6,2,0,1,0,0,0,0,1,792952,9445,5824226,925
199890,11,1,1011304,Karl-Marx-Allee,2019,10,4,7,3,5,2,2,0,1,0,0,0,0,1,799731,5123,5827551,813
199891,11,9,9020701,Adlershof West,2019,9,8,6,3,2,6,0,0,1,0,0,0,0,1,809062,8844,5818756,621
199892,11,4,4030827,Karl-August-Platz,2019,10,19,7,3,1,5,2,1,1,0,0,0,0,1,792731,996,5826215,94
199893,11,8,8010404,Rixdorf,2019,9,8,6,3,5,2,0,1,1,0,0,0,0,1,802576,2757,5823077,955
199894,11,10,10010207,Marzahner Promenade,2019,10,10,6,3,6,4,0,0,1,1,0,0,0,0,808411,64,5831212,291
199895,11,11,11040926,Weitlingstra�e,2019,10,19,6,3,6,2,2,0,1,1,0,0,0,1,805195,4806,5827245,563
199896,11,9,9020802,K�llnische Vorstadt,2019,9,8,6,3,2,6,0,0,1,0,0,1,0,1,810040,6069,5819479,777
199897,11,1,1033102,Gesundbrunnen,2019,10,22,6,3,5,2,2,0,1,0,0,0,0,1,797157,54,5831904,692
199898,11,1,1011201,Wilhelmstra�e,2019,9,9,6,3,2,6,0,1,0,0,0,0,0,1,797206,5308,5827476,955
199899,11,6,6030606,Hindenburgdamm,2019,10,21,6,3,6,2,2,0,1,1,0,0,0,1,793178,277,5818211,484
199900,11,1,1022201,Stephankiez,2019,9,7,6,3,5,7,0,0,1,0,1,0,0,1,795005,3163,5829134,167
199901,11,5,5010314,Carl-Schurz-Stra�e,2019,10,21,6,3,2,6,2,0,1,0,0,0,0,1,785322,1191,5829293,631