OBJECTID,LAND,BEZ,LOR,STRASSE,UJAHR,UMONAT,USTUNDE,UWOCHENTAG,UKATEGORIE,UART,UTYP1,ULICHTVERH,IstRad,IstPKW,IstFuss,IstKrad,IstGkfz,IstSonstige,USTRZUSTAND,LINREFX,LINREFY,XGCSWGS84,YGCSWGS84
199902,11,6,6040806,Fischtal,2019,10,10,6,3,2,7,0,0,1,0,1,0,0,0,788886,6612,5819465,557
199903,11,1,1033203,Humboldthain Nordwest,2019,9,0,6,3,1,5,2,0,1,0,0,0,0,0,796960,3279,5830795,942
199904,11,4,4010101,Jungfernheide,2019,9,8,6,2,0,7,0,0,1,0,0,1,0,1,790900,2346,5830673,187
199905,11,5,5010312,Kurstra�e,2019,10,20,6,3,6,7,2,0,1,1,0,0,0,1,785405,8426,5830432,374
199906,11,7,7010102,Nollendorfplatz,2019,10,19,6,3,6,2,2,0,1,1,0,0,0,1,794979,347,5825231,726
199907,11,10,10040933,Mahlsdorf S�d,2019,9,12,6,2,0,1,0,0,0,0,1,0,0,1,812270,4174,5823893,831
199908,11,5,5020626,Adamstra�e,2019,10,19,6,3,5,3,2,0,1,0,0,0,0,1,784768,6073,5827092,523
199909,11,2,2020206,Graefekiez,2019,9,8,6,3,6,4,0,1,0,1,0,0,0,1,799474,925,5824850,323
199910,11,1,1033202,Humboldthain S�d,2019,10,17,6,3,0,1,0,0,0,0,1,0,0,1,797690,4491,5829644,231
199911,11,7,7050501,Rathausstra�e,2019,9,7,6,3,0,4,0,1,0,1,0,0,0,1,797951,3267,5819922,54
199912,11,1,1011201,Wilhelmstra�e,2019,10,18,6,3,5,7,0,0,1,0,1,0,0,1,797374,7236,5827051,474
199913,11,6,6030501,Berlepschstra�e,2019,9,18,5,3,5,2,0,0,1,0,0,0,0,0,787530,9035,5817380,834
199914,11,4,4010101,Jungfernheide,2019,10,17,6,3,5,3,1,0,1,0,0,0,0,1,789707,3032,5829595,942
199915,11,5,5020627,Tiefwerder,2019,10,16,6,3,2,6,0,0,1,0,0,0,0,1,785317,468,5828218,709
199916,11,2,2030301,Oranienplatz,2019,9,21,5,3,5,2,2,1,0,0,0,0,1,0,799881,1807,5825901,596
199917,11,4,4061757,Forst Grunewald,2019,9,11,5,3,9,1,0,0,1,0,0,0,0,0,785235,1589,5824200,728
199918,11,2,2030302,Lausitzer Platz,2019,10,16,6,3,5,3,0,1,1,0,0,0,0,1,800418,6268,5826038,529
199919,11,4,4030725,Amtsgerichtsplatz,2019,9,11,5,3,2,6,0,0,1,0,0,0,0,0,792002,3575,5825968,312
199920,11,3,3020307,Buchholz,2019,10,15,6,3,0,5,0,1,1,0,0,0,0,0,800077,783,5837494,666
199921,11,6,6020411,Sch�tte-Lanz-Stra�e,2019,9,13,5,2,5,5,0,0,1,0,1,0,0,0,795131,845,5815684,146
199922,11,1,1033202,Humboldthain S�d,2019,10,14,6,3,0,1,0,0,0,0,1,0,0,1,797824,522,5829804,848
199923,11,4,4041343,Binger Stra�e,2019,9,12,5,2,0,7,0,0,1,0,0,0,1,0,792666,4732,5823053,714
199924,11,3,3050923,Wei�enseer Spitze,2019,10,14,6,3,5,2,0,0,1,0,0,0,0,1,800199,7521,5832139,73
199925,11,5,5040936,J�gerallee,2019,9,12,5,2,5,2,0,1,1,0,0,0,0,0,780517,9141,5820688,658
199926,11,7,7040403,Manteuffelstra�e,2019,10,12,6,3,5,2,0,0,1,0,1,0,0,0,797425,4914,5820799,312
199927,11,2,2030302,Lausitzer Platz,2019,10,10,6,3,2,2,0,0,1,0,0,0,0,0,801455,733,5826044,573
199928,11,5,5010314,Carl-Schurz-Stra�e,2019,9,12,5,2,6,4,0,0,0,1,1,0,0,0,785222,8547,5828887,332
199929,11,12,12214424,Scharnweberstra�e,2019,10,14,6,3,2,6,0,0,1,0,0,0,0,1,793508,4,5832397,727
199930,11,1,1033201,Brunnenstra�e,2019,9,10,5,3,5,3,0,0,1,0,0,0,1,0,797430,5646,5831148,65
199931,11,6,6010207,Mittelstra�e,2019,10,13,6,3,2,6,0,0,1,0,0,0,0,1,794132,9962,5820340,311
199932,11,7,7040403,Manteuffelstra�e,2019,10,5,6,2,5,2,2,1,1,0,0,0,0,0,797327,6851,5822178,708
199933,11,1,1011301,Charit�viertel,2019,9,10,5,3,2,6,0,0,1,0,0,0,0,0,796676,8883,5829751,518
199934,11,8,8010303,Donaustra�e,2019,10,0,6,3,5,2,2,1,1,0,0,0,0,0,801293,9918,5823827,941
199935,11,3,3061131,Falkplatz,2019,9,8,5,3,1,5,0,1,1,0,0,0,0,0,798697,2612,5830879,392
199936,11,4,4030620,Alt-Lietzow,2019,10,0,6,3,5,3,2,0,1,0,0,0,0,0,792145,6081,5827326,857
199937,11,7,7020203,Kaiser-Wilhelm-Platz,2019,9,8,5,3,1,5,0,1,0,0,0,0,1,0,795476,459,5824436,633
199938,11,2,2030401,Reichenberger Stra�e,2019,10,17,5,3,6,7,0,0,0,1,0,0,1,0,800182,4897,5825384,13
199939,11,6,6030503,Zehlendorf Mitte,2019,9,8,5,3,5,3,0,1,1,0,0,0,0,0,789259,5317,5818044,816
199940,11,3,3050925,Komponistenviertel Wei�ensee,2019,10,14,5,3,5,3,0,0,1,0,0,0,0,1,801893,6237,5831284,706
199941,11,9,9020601,Schnellerstra�e,2019,10,13,5,2,5,3,0,0,1,0,0,0,0,1,805908,598,5821824,27
199942,11,6,6020411,Sch�tte-Lanz-Stra�e,2019,9,7,5,3,5,3,0,0,1,0,0,0,0,0,795123,9822,5816185,417
199943,11,5,5010310,Eckschanze,2019,9,7,5,3,4,6,0,1,0,0,0,0,0,0,784765,6902,5830421,594
199944,11,5,5030730,Zitadellenweg,2019,10,11,5,2,4,6,0,0,1,0,0,0,0,1,787172,9387,5830658,357
199945,11,2,2010102,Mehringplatz,2019,9,7,5,2,5,3,0,1,1,0,0,0,0,0,798334,1358,5825630,643
199946,11,8,8020622,Parchimer Allee,2019,10,11,5,3,5,3,0,0,1,0,0,0,0,1,802566,3795,5819902,247
199947,11,3,3071639,B�tzowstra�e,2019,9,16,5,3,6,7,0,1,0,1,0,0,0,0,800654,48,5829616,748
199948,11,1,1011302,Oranienburger Stra�e,2019,10,10,5,2,0,7,0,0,1,0,0,0,0,1,798640,607,5829091,939
199949,11,11,11020412,Hauptstra�e,2019,9,16,5,3,5,3,0,0,1,0,1,0,0,0,805398,4767,5831360,837
199950,11,8,8010301,Reuterkiez,2019,10,23,5,3,5,3,2,0,1,0,0,0,0,0,801129,4981,5824684,574
199951,11,1,1033202,Humboldthain S�d,2019,10,10,5,3,0,1,0,0,0,0,1,0,0,1,797684,6008,5829635,138
199952,11,3,3061429,Greifswalder Stra�e,2019,9,18,5,3,5,3,1,1,1,0,0,0,0,0,801413,5641,5830922,624
199953,11,1,1011301,Charit�viertel,2019,10,9,5,3,0,1,0,0,0,0,1,0,0,1,796959,4011,5828920,41
199954,11,9,9031101,Gr�nau,2019,9,18,5,3,5,3,2,1,1,0,0,0,0,0,811468,9656,5817294,982
199955,11,2,2010101,Askanischer Platz,2019,10,4,5,2,6,2,2,0,1,1,0,0,0,1,797619,2044,5826418,714
199956,11,4,4031032,Halensee,2019,9,16,5,3,5,2,0,0,1,0,0,0,0,0,791019,6798,5824868,39
199957,11,8,8010118,Silbersteinstra�e,2019,10,19,5,3,5,3,2,0,1,0,0,0,1,0,801004,6777,5822160,88
199958,11,3,3010104,Lietzengraben,2019,9,16,5,3,2,6,0,0,1,0,0,0,0,0,801206,9914,5839213,695
199959,11,1,1022102,Beusselkiez,2019,10,16,5,3,1,5,0,1,1,0,0,0,0,1,793526,4367,5828513,856
199960,11,4,4030415,Schlo�garten,2019,10,14,5,3,2,6,0,0,1,0,0,0,0,1,790604,8143,5827359,58
199961,11,1,1011204,Leipziger Stra�e,2019,9,16,5,3,5,2,0,1,1,0,0,0,0,0,797855,992,5826859,91
199962,11,11,11010103,Dorf Falkenberg,2019,10,14,5,3,1,1,0,0,1,0,0,0,0,1,807686,205,5834012,107
199963,11,12,12224230,Heiligensee,2019,9,18,5,3,6,6,1,0,1,1,0,0,0,0,785452,127,5835940,778
199964,11,2,2010103,Moritzplatz,2019,10,18,5,2,5,3,2,0,1,0,0,0,1,0,798929,1406,5826353,905
199965,11,8,8020622,Parchimer Allee,2019,9,18,5,3,5,2,0,1,0,0,0,0,1,0,801264,6138,5819821,28
199966,11,1,1011102,Gro�er Tiergarten,2019,10,18,4,2,6,4,1,0,1,1,0,0,0,1,796852,2953,5827631,73
199967,11,3,3061332,Helmholtzplatz,2019,9,15,5,3,3,6,0,1,1,0,0,0,0,0,800068,9657,5830664,635
199968,11,9,9051901,Dammvorstadt,2019,10,7,4,3,6,2,0,0,1,1,0,0,0,1,810777,3529,5821249,144
199969,11,6,6040809,Thielallee,2019,10,7,4,3,0,1,2,0,0,0,1,0,0,1,792088,239,5820289,691
199970,11,11,11030720,Herzbergstra�e,2019,9,14,5,3,0,6,0,0,1,0,0,0,1,0,805135,5436,5829989,784
199971,11,4,4051655,Babelsberger Stra�e,2019,9,14,5,3,6,4,0,0,1,1,0,0,0,0,794161,8937,5824104,374
199972,11,8,8010405,Hertzbergplatz,2019,10,7,4,3,6,4,2,0,1,1,0,0,0,1,802066,2658,5823564,48
199973,11,6,6010102,Schlo�stra�e,2019,10,7,4,3,3,6,0,1,0,0,0,0,1,0,793067,913,5821401,572
199974,11,7,7020201,Bayerischer Platz,2019,9,14,5,3,5,7,0,0,1,0,1,0,0,0,794865,7374,5824287,379
199975,11,3,3030715,Heinersdorf,2019,10,18,4,3,5,7,0,0,1,0,1,0,0,0,800164,3491,5832725,72
199976,11,1,1044102,Schillerpark,2019,9,14,5,3,2,7,0,0,1,0,0,0,0,0,795259,8063,5831726,628
199977,11,1,1011102,Gro�er Tiergarten,2019,10,17,4,2,5,2,0,0,1,0,1,0,0,0,794308,391,5827029,377
199978,11,5,5030731,Gartenfelder Stra�e,2019,10,17,4,3,2,6,0,0,1,0,0,0,0,1,787212,2373,5829747,838
199979,11,7,7010101,Wittenbergplatz/Viktoria-Luise-Platz,2019,9,18,5,3,2,6,1,0,1,0,0,0,0,0,794711,604,5825757,821
199980,11,8,8010404,Rixdorf,2019,10,16,4,3,6,2,0,0,1,1,0,0,0,0,802488,7128,5823167,18
199981,11,1,1022101,Huttenkiez,2019,10,16,4,3,0,1,0,0,0,0,0,0,1,1,792911,4455,5828884,497
199982,11,1,1011104,K�rnerstra�e,2019,9,17,5,2,3,6,0,0,1,0,1,0,0,0,796625,3592,5826185,85
199983,11,8,8010404,Rixdorf,2019,10,16,4,3,1,5,0,1,1,0,0,0,0,1,801769,84,5822674,234
199984,11,2,7010104,Dennewitzplatz,2019,9,14,5,3,3,6,0,0,1,0,1,0,0,0,797064,339,5824721,2
199985,11,6,6030608,Schweizer Viertel,2019,10,16,4,3,0,2,0,1,0,0,0,0,1,0,792591,8,5817200,311
199986,11,7,7030301,Friedenau,2019,10,23,4,2,5,7,2,0,1,0,1,0,0,0,793939,8717,5822533,833
199987,11,12,12301204,Wittenau Nord,2019,9,18,5,3,5,2,0,1,1,0,0,0,0,0,792907,5047,5835906,835
199988,11,8,8010301,Reuterkiez,2019,10,16,4,3,5,3,0,1,0,0,1,0,0,0,800950,6568,5824716,81
199989,11,7,7010102,Nollendorfplatz,2019,9,13,5,3,6,2,0,0,1,1,0,0,0,0,794948,3978,5825411,972
199990,11,1,1011306,Heine-Viertel Ost,2019,10,22,4,3,0,7,2,0,0,1,0,0,1,0,799844,9362,5827199,762
199991,11,1,1011401,Invalidenstra�e,2019,9,17,5,3,5,7,0,0,1,0,0,0,0,0,797409,5746,5829164,38
199992,11,12,12214421,Reinickes Hof,2019,10,15,4,3,5,3,0,0,1,0,0,0,1,0,793419,6062,5833379,383
199993,11,1,1044101,Rehberge,2019,10,15,4,3,2,6,0,0,1,0,0,0,0,0,794159,5826,5830311,935
199994,11,4,4030620,Alt-Lietzow,2019,9,17,5,3,1,5,0,0,1,0,1,0,0,0,792314,307,5827249,26
199995,11,1,1044103,Westliche M�llerstra�e,2019,9,13,5,3,2,2,0,1,1,0,0,0,0,0,794635,2898,5830512,245
199996,11,1,1044202,Sparrplatz,2019,10,22,4,3,1,5,2,1,1,0,0,0,0,0,795685,617,5830562,211
199997,11,12,12214424,Scharnweberstra�e,2019,10,21,4,3,5,2,2,0,1,0,0,0,0,0,792908,9831,5832163,636
199998,11,4,4041241,Breite Stra�e,2019,9,17,5,3,2,6,0,0,1,0,0,0,0,0,791330,6643,5822049,407
199999,11,3,3050920,Wei�er See,2019,10,13,4,2,6,4,0,0,1,1,0,0,0,1,802668,5,5832413,832
200000,11,8,8010214,Glasower Stra�e,2019,9,17,5,3,5,3,0,0,1,0,0,0,0,1,801397,6758,5821869,302
200001,11,1,2010102,Mehringplatz,2019,10,13,4,3,2,6,0,0,1,0,0,0,1,0,798851,5135,5826639,107
200002,11,3,3040513,Sch�nholz,2019,10,13,4,3,2,6,0,0,1,0,0,1,0,0,796902,1679,5833845,709
200003,11,9,9030903,K�lner Viertel,2019,9,0,5,3,1,1,2,0,1,0,0,0,0,1,808904,775,5815634,15
200004,11,7,7040405,Rathaus Tempelhof,2019,10,12,4,2,4,6,0,0,1,0,0,0,0,0,799508,176,5821801,855
200005,11,8,8010303,Donaustra�e,2019,10,20,4,3,6,2,2,0,1,1,0,0,0,0,800682,8737,5824118,203
200006,11,2,2010103,Moritzplatz,2019,9,7,5,3,0,1,0,1,0,0,0,0,0,1,799234,8326,5826244,169
200007,11,6,6010208,Bergstra�e,2019,10,12,4,3,6,2,0,0,1,1,0,0,0,1,794133,1764,5820815,639
200008,11,9,9051801,Rahnsdorf/Hessenwinkel,2019,9,8,5,2,0,1,0,0,0,0,1,0,0,1,818241,87,5820701,209
200009,11,3,3040818,Pankow S�d,2019,10,20,4,3,5,3,2,1,1,0,0,0,0,0,800076,2618,5832605,133
200010,11,8,8040933,Vogelviertel S�d,2019,10,11,4,2,5,3,0,0,1,0,0,0,0,1,803003,8207,5819366,821
200011,11,2,2030301,Oranienplatz,2019,9,1,5,2,0,1,2,1,0,0,0,0,0,1,800091,2226,5825739,615
200012,11,3,3040513,Sch�nholz,2019,9,8,5,3,6,4,0,0,0,1,1,0,0,0,796662,878,5834126,834
200013,11,3,3020209,Niedersch�nhausen,2019,10,11,4,3,5,3,0,0,1,0,0,0,0,1,797830,334,5835393,175
200014,11,1,1011301,Charit�viertel,2019,10,18,4,3,2,6,2,1,1,0,0,0,0,0,796911,3276,5828127,803
200015,11,7,7070701,Kettinger Stra�e/Schillerstra�e,2019,9,19,4,3,2,6,1,0,1,0,0,0,0,0,798724,6512,5816027,788
200016,11,1,1022101,Huttenkiez,2019,10,10,4,3,2,6,0,0,1,0,0,0,0,1,793527,3741,5829190,739
200017,11,2,2050802,Boxhagener Platz,2019,9,10,4,3,0,3,0,1,0,0,0,0,0,0,802029,2646,5827169,856
200018,11,1,1011204,Leipziger Stra�e,2019,9,12,4,3,0,1,0,1,0,0,0,0,0,1,798898,209,5827349,37
200019,11,1,1033203,Humboldthain Nordwest,2019,10,8,4,3,5,2,0,1,1,0,0,0,0,1,796916,9458,5830733,379
200020,11,7,7010102,Nollendorfplatz,2019,10,10,4,3,2,6,0,0,1,0,0,0,0,1,794972,8259,5825118,917
200021,11,2,2010102,Mehringplatz,2019,9,9,4,3,5,3,0,1,1,0,0,0,0,1,798183,347,5826499,56
200022,11,1,1011203,Unter den Linden S�d,2019,10,8,4,3,5,2,0,1,1,0,0,0,0,1,797622,8021,5827024,94
200023,11,3,3030715,Heinersdorf,2019,9,16,4,3,5,3,0,0,1,0,0,0,0,1,801251,6433,5833177,634
200024,11,7,7050502,Fritz-Werner-Stra�e,2019,10,10,4,3,5,2,0,0,1,0,0,0,0,1,798379,754,5818418,79
200025,11,4,4051446,Preu�enpark,2019,9,23,4,3,5,7,2,1,1,0,0,0,0,0,792860,8025,5825287,913
200026,11,11,11030720,Herzbergstra�e,2019,10,10,4,2,2,1,0,0,1,0,0,0,1,1,804161,6423,5829837,567
200027,11,1,1011302,Oranienburger Stra�e,2019,9,21,4,3,0,6,2,1,0,1,0,0,0,1,797862,7502,5828741,636
200028,11,2,2020204,Urbanstra�e,2019,10,8,4,3,0,2,0,1,1,0,0,0,0,1,798747,8356,5824982,852
200029,11,3,3040614,Pankow Zentrum,2019,9,21,4,3,0,7,2,0,0,0,0,0,1,1,799086,4931,5833834,763
200030,11,2,2040701,Andreasviertel,2019,10,8,4,2,5,2,0,0,1,0,1,0,0,1,800283,8656,5827632,192
200031,11,11,11010205,Falkenberg West,2019,9,20,4,3,5,2,2,0,1,0,0,0,0,1,806904,89,5832625,874
200032,11,11,11030720,Herzbergstra�e,2019,10,10,4,2,0,1,0,1,0,0,0,0,0,1,804354,9313,5829081,816
200033,11,1,1044203,Leopoldplatz,2019,9,20,4,3,6,4,2,0,1,1,0,0,0,1,795452,4029,5831563,756
200034,11,8,8020619,Buschkrugallee Nord,2019,10,6,4,3,8,1,2,0,1,0,0,0,0,1,802493,9962,5820704,856
200035,11,6,6010103,Markelstra�e,2019,10,9,4,3,0,1,0,0,0,0,1,0,0,1,793040,2059,5821522,584
200036,11,1,1044202,Sparrplatz,2019,9,20,4,3,0,7,2,1,1,0,0,0,0,0,795456,7177,5830145,365
200037,11,9,9010301,Baumschulenstra�e,2019,10,9,4,3,2,4,0,0,1,1,0,0,0,1,804763,7451,5822310,124
200038,11,10,10010310,Alt-Marzahn,2019,9,19,4,3,0,3,2,0,1,0,1,0,0,1,807810,2725,5830799,53
200039,11,4,4020310,Park Ruhwald,2019,10,9,4,2,6,4,0,0,1,1,0,0,0,1,790382,4818,5827324,543
200040,11,10,10020415,Hellersdorfer Promenade,2019,10,16,4,3,2,6,0,0,1,0,0,0,1,0,812179,7645,5831090,99
200041,11,1,1022206,L�neburger Stra�e,2019,9,19,4,2,6,4,2,0,0,1,0,0,1,0,796594,5326,5828710,542
200042,11,9,9041501,Altstadt Kietz,2019,10,20,3,3,1,1,2,1,1,0,0,0,0,1,811122,9864,5820269,323
200043,11,2,2020206,Graefekiez,2019,9,19,4,3,5,2,2,1,1,0,0,0,0,1,800190,7067,5824401,536
200044,11,8,8010404,Rixdorf,2019,10,19,3,3,6,4,2,0,1,1,0,0,0,1,802011,9034,5823483,93
200045,11,10,10040828,Kaulsdorf Nord,2019,9,19,4,3,5,3,2,1,1,0,0,0,0,1,812417,4698,5829366,807
200046,11,11,11051229,Rummelsburg,2019,10,20,3,3,5,2,2,1,1,0,0,0,0,1,804093,8475,5825996,71
200047,11,7,7030301,Friedenau,2019,9,19,4,3,5,2,2,1,1,0,0,0,0,1,793496,174,5822495,199
200048,11,7,7020203,Kaiser-Wilhelm-Platz,2019,10,19,3,3,5,3,2,0,1,0,0,0,0,1,795138,1739,5824105,711
200049,11,5,5010314,Carl-Schurz-Stra�e,2019,10,18,3,3,5,2,0,0,1,0,0,0,0,0,784794,2366,5828793,417
200050,11,1,1011201,Wilhelmstra�e,2019,9,14,4,3,0,6,0,0,1,0,0,0,1,0,797400,9106,5826956,933
200051,11,1,1044203,Leopoldplatz,2019,9,18,4,3,1,1,1,0,1,0,0,0,0,1,795744,9322,5831891,931
200052,11,3,3061131,Falkplatz,2019,10,15,3,3,5,2,0,1,1,0,0,0,0,0,799138,9572,5830367,632
200053,11,12,1044101,Rehberge,2019,9,17,4,2,5,3,0,0,1,0,0,0,1,1,793592,9998,5832344,342
200054,11,11,11020411,Malchower Weg,2019,10,21,3,3,6,7,2,1,0,1,0,0,0,1,806657,8028,5832305,105
200055,11,2,2050802,Boxhagener Platz,2019,9,17,4,3,5,3,0,1,1,0,0,0,0,1,802847,699,5826941,93
200056,11,8,8010303,Donaustra�e,2019,10,11,3,3,6,7,0,0,1,1,0,0,0,1,801152,3426,5823781,701
200057,11,1,1044203,Leopoldplatz,2019,10,17,3,3,5,3,0,0,1,0,0,0,1,1,795904,1559,5831965,867
200058,11,2,2010102,Mehringplatz,2019,9,17,4,3,5,3,0,1,1,0,0,0,0,1,798359,802,5825560,264
200059,11,1,1011402,Arkonaplatz,2019,9,17,4,3,5,3,0,1,1,0,0,0,0,1,798682,18,5829453,767
200060,11,6,6010206,Stadtpark,2019,10,17,3,3,5,3,1,1,1,0,0,0,0,1,794709,1216,5819452,267
200061,11,1,1011101,St�lerstra�e,2019,10,16,3,3,5,3,0,0,1,0,0,0,1,0,795054,5128,5826301,441
200062,11,7,7030301,Friedenau,2019,9,17,4,3,5,3,0,1,1,0,0,0,0,1,793952,6241,5822454,78
200063,11,1,1033201,Brunnenstra�e,2019,10,15,3,3,6,7,0,0,0,1,0,0,1,1,797799,4788,5831148,903
200064,11,6,6040702,D�ppel,2019,9,16,4,3,5,3,0,1,1,0,0,0,0,1,787499,7932,5816884,497
200065,11,7,7010102,Nollendorfplatz,2019,10,16,3,3,5,2,0,0,1,0,1,0,0,1,794948,8556,5825407,18
200066,11,6,6040703,Nikolassee,2019,10,15,3,3,0,3,0,1,1,0,0,0,0,1,786664,5538,5817724,994
200067,11,2,2010104,Wassertorplatz,2019,9,20,4,2,0,1,2,0,0,0,1,0,0,1,799796,5223,5825719,795
200068,11,4,4030726,Droysenstra�e,2019,10,15,3,3,0,1,0,0,1,0,0,0,1,1,791803,7673,5825397,532
200069,11,5,5010206,G�tersloher Weg,2019,9,16,4,3,6,4,0,0,1,1,0,0,0,1,781605,644,5830242,59
200070,11,5,5010312,Kurstra�e,2019,10,15,3,3,0,7,0,0,0,0,1,0,0,1,785201,5099,5829781,66
200071,11,4,4051652,Nikolsburger Platz,2019,9,16,4,3,0,6,0,0,1,0,1,0,0,1,793467,4978,5824700,16
200072,11,4,4030518,Tegeler Weg,2019,10,15,3,2,5,2,0,0,1,0,0,0,0,1,791475,626,5828279,112
200073,11,1,1044201,Reinickendorfer Stra�e,2019,9,18,4,3,0,7,1,0,0,0,1,0,0,1,796903,2427,5831902,881
200074,11,4,4030623,Ernst-Reuter-Platz,2019,10,15,3,3,2,6,0,1,1,0,0,0,0,0,793741,6685,5826505,93
200075,11,2,2050601,Hausburgviertel,2019,10,14,3,2,3,6,0,0,1,0,0,1,0,1,801781,8902,5828940,67
200076,11,5,5030730,Zitadellenweg,2019,9,16,4,3,4,1,0,0,1,0,0,0,0,1,787172,5177,5830660,967
200077,11,1,1022207,Hansaviertel,2019,9,8,4,3,5,2,0,1,1,0,0,0,0,0,794396,663,5827608,577
200078,11,2,2050601,Hausburgviertel,2019,10,14,3,3,3,6,0,1,1,0,0,0,0,1,801899,922,5828928,55
200079,11,1,1044203,Leopoldplatz,2019,10,14,3,3,2,6,0,0,1,0,0,0,1,1,795446,5156,5831558,236
200080,11,1,1011204,Leipziger Stra�e,2019,9,8,4,3,2,6,0,1,1,0,0,0,0,1,797956,758,5827067,6
200081,11,5,5010312,Kurstra�e,2019,10,14,3,3,5,3,0,1,1,0,0,0,0,1,785075,1616,5829890,506
200082,11,2,2030302,Lausitzer Platz,2019,9,16,4,3,8,1,0,0,1,1,0,0,0,1,800735,7081,5826521,418
200083,11,2,2040701,Andreasviertel,2019,10,14,3,3,2,3,0,0,1,0,0,0,0,1,800144,213,5827333,283
200084,11,11,11020513,Orankesee,2019,9,16,4,3,5,3,0,1,1,0,0,0,0,1,804119,3978,5831903,769
200085,11,4,4030621,Spreestadt,2019,10,14,3,3,5,2,0,1,1,0,0,0,0,1,793881,2456,5826957,554
200086,11,6,6010205,S�dende,2019,9,16,4,3,0,6,0,0,0,0,1,0,0,1,795531,854,5819931,78
200087,11,4,4030930,George-Grosz-Platz,2019,10,14,3,3,6,4,0,1,0,1,0,0,0,1,792954,1806,5825471,501
200088,11,7,7040403,Manteuffelstra�e,2019,9,15,4,3,5,3,1,0,1,0,0,0,0,1,797014,5451,5820706,501
200089,11,7,7050505,Hundsteinweg,2019,10,13,3,3,2,6,0,0,1,0,1,0,0,1,798247,487,5818947,309
200090,11,5,5010103,Amorbacher Weg,2019,9,15,4,3,2,6,0,0,1,0,0,0,0,1,784464,525,5831704,2
200091,11,4,4030828,Savignyplatz,2019,10,13,3,3,2,6,0,0,1,0,0,0,0,1,793170,7046,5826096,86
200092,11,4,4051445,Eisenzahnstra�e,2019,10,12,3,3,2,6,0,0,1,0,0,0,0,1,791942,6926,5824762,736
200093,11,6,6020301,Alt-Lankwitz,2019,9,12,4,3,2,6,0,0,1,0,0,0,1,1,795709,649,5818214,576
200094,11,1,1033101,Soldiner Stra�e,2019,10,12,3,3,5,3,0,1,0,0,0,0,1,1,796155,7813,5832271,126
200095,11,1,1044201,Reinickendorfer Stra�e,2019,9,15,4,3,2,6,0,0,1,0,1,0,0,1,796858,4989,5831940,532
200096,11,12,12301203,Wittenau S�d,2019,10,11,3,3,2,3,0,0,1,0,0,0,1,1,793589,4693,5836124,584
200097,11,2,2040502,Friedenstra�e,2019,9,12,4,3,5,3,0,1,1,0,0,0,0,1,800769,971,5828490,69
200098,11,9,9051702,B�lschestra�e,2019,10,11,3,3,2,6,0,0,1,0,0,0,0,1,813727,7986,5821729,166
200099,11,10,10040828,Kaulsdorf Nord,2019,9,12,4,3,0,1,0,0,0,0,1,0,0,1,811443,6549,5828147,248
200100,11,3,3040818,Pankow S�d,2019,10,11,3,3,6,4,0,0,1,1,0,0,0,1,799665,3943,5832817,343
200101,11,4,4030417,Schlo�stra�e,2019,10,8,3,2,5,7,0,0,1,0,0,0,0,1,791700,636,5827390,728
200102,11,7,7060601,Marienfelder Allee Nordwest,2019,9,11,4,3,1,5,0,0,1,0,0,0,0,1,795993,8277,5816303,913
200103,11,3,3071639,B�tzowstra�e,2019,9,11,4,3,6,4,0,0,1,1,0,0,0,1,800562,6648,5829814,307
200104,11,3,3030716,M�rchenland,2019,10,7,3,3,2,6,0,0,1,0,0,0,1,1,803632,852,5833484,405
200105,11,9,9010101,Elsenstra�e,2019,10,7,3,2,6,4,0,0,1,1,0,0,0,1,801482,6795,5824896,38
200106,11,4,4041134,Bismarckallee,2019,9,11,4,3,0,5,0,1,1,0,0,0,0,0,790858,3168,5824442,692
200107,11,11,11020513,Orankesee,2019,10,11,3,3,5,2,0,0,1,0,0,0,1,1,804136,3933,5831923,24
200108,11,6,6020303,Lankwitz Kirche,2019,9,10,4,3,2,2,0,0,1,0,0,0,0,1,795496,2539,5818348,159
200109,11,3,3020203,Blankenfelde,2019,10,10,3,3,0,2,0,1,1,0,0,0,0,1,797150,1966,5838895,354
200110,11,9,9051702,B�lschestra�e,2019,10,7,3,3,5,3,0,1,1,0,0,0,0,1,813761,843,5821714,99
200111,11,7,7040403,Manteuffelstra�e,2019,9,10,4,3,2,2,0,0,1,0,0,0,0,1,797861,339,5821928,636
200112,11,2,2010102,Mehringplatz,2019,10,10,3,3,6,2,0,0,1,1,0,0,0,1,798318,183,5825553,265
200113,11,1,1022104,Emdener Stra�e,2019,10,5,3,3,2,6,2,0,1,0,0,1,0,1,793678,4152,5828492,481
200114,11,4,4030415,Schlo�garten,2019,9,10,4,3,6,4,0,1,0,1,0,0,0,1,790971,1836,5827411,72
200115,11,4,4051447,Ludwigkirchplatz,2019,10,9,3,3,5,3,0,1,1,0,0,0,0,1,793354,4942,5824665,24
200116,11,2,2010104,Wassertorplatz,2019,10,0,3,3,1,6,2,0,1,0,0,1,1,0,798787,1055,5825577,628
200117,11,6,6020409,K�nigsberger Stra�e,2019,9,15,4,2,5,3,0,0,1,0,0,1,0,1,793241,818,5816839,532
200118,11,3,3050923,Wei�enseer Spitze,2019,10,9,3,3,5,3,0,1,0,0,0,0,0,1,800328,2903,5831640,141
200119,11,1,1033102,Gesundbrunnen,2019,9,10,4,3,2,6,0,0,1,0,0,0,0,1,797543,6459,5831285,593