OBJECTID,LAND,BEZ,LOR,STRASSE,UJAHR,UMONAT,USTUNDE,UWOCHENTAG,UKATEGORIE,UART,UTYP1,ULICHTVERH,IstRad,IstPKW,IstFuss,IstKrad,IstGkfz,IstSonstige,USTRZUSTAND,LINREFX,LINREFY,XGCSWGS84,YGCSWGS84
200120,11,11,11010206,Wartenberg S�d,2019,9,9,2,3,2,6,0,0,1,0,0,0,0,1,805754,5041,5833789,503
200121,11,8,8020728,Buckow Ost,2019,9,10,4,3,5,3,0,0,1,0,0,0,0,1,802146,6713,5817751,715
200122,11,1,1011301,Charit�viertel,2019,9,16,2,2,1,5,0,0,1,0,1,0,0,1,797110,131,5828825,788
200123,11,1,1044201,Reinickendorfer Stra�e,2019,9,15,4,3,0,3,0,0,0,0,1,0,1,1,796215,3732,5830763,58
200124,11,10,10010310,Alt-Marzahn,2019,9,15,2,3,5,2,0,0,1,0,0,0,0,0,807798,8059,5830767,321
200125,11,6,6010205,S�dende,2019,9,19,2,3,2,6,1,0,1,0,0,0,0,1,795372,916,5819974,33
200126,11,9,9020602,Oberspree,2019,9,14,4,3,5,3,0,1,1,0,0,0,0,1,807578,9646,5820222,779
200127,11,1,1044203,Leopoldplatz,2019,9,9,4,3,2,6,0,0,1,0,0,0,0,1,795917,4285,5831968,169
200128,11,6,6020408,Lichterfelde S�d,2019,9,19,2,3,5,3,2,1,1,0,0,0,0,1,792650,2787,5815228,62
200129,11,10,10040931,Mahlsdorf Nord,2019,9,17,2,3,5,2,0,1,1,0,0,0,0,0,813776,1244,5830051,234
200130,11,4,4020311,Reichsstra�e,2019,9,14,4,3,3,6,0,0,1,0,0,0,0,1,789986,3481,5826171,13
200131,11,4,4041137,Flinsberger Platz,2019,9,18,2,3,2,6,0,0,1,0,0,0,0,1,791895,1351,5823949,349
200132,11,12,12214528,Tegeler Forst,2019,9,14,4,3,0,7,0,0,0,0,1,0,0,1,788914,9331,5836114,599
200133,11,1,1011204,Leipziger Stra�e,2019,9,17,2,3,5,3,2,0,1,0,0,0,0,0,798135,324,5827009,464
200134,11,10,10020414,Helle Mitte,2019,9,13,4,3,6,2,0,0,1,1,0,0,0,0,812237,7694,5830686,179
200135,11,4,4051549,Rathaus Wilmersdorf,2019,9,14,2,3,5,7,0,0,1,0,0,0,0,1,792479,4033,5824008,287
200136,11,4,4051551,Brabanter Platz,2019,9,12,4,3,4,6,0,0,1,0,0,0,0,0,793319,8618,5823075,814
200137,11,4,4030929,Hindemithplatz,2019,10,18,4,3,0,4,1,1,0,1,0,0,0,1,792718,6679,5825876,242
200138,11,1,1011101,St�lerstra�e,2019,10,18,4,3,0,3,1,1,1,0,0,0,0,1,795112,6454,5826491,871
200139,11,9,9020502,Obersch�neweide Ost,2019,10,12,4,3,6,4,0,0,1,1,0,0,0,0,806729,7071,5822299,784
200140,11,5,5030730,Zitadellenweg,2019,10,17,4,3,2,6,0,0,1,0,0,0,1,1,786514,4799,5829203,901
200141,11,1,1011302,Oranienburger Stra�e,2019,10,17,4,3,2,6,0,0,1,0,0,0,0,1,798471,1312,5829052,99
200142,11,1,1011402,Arkonaplatz,2019,10,0,4,2,0,1,2,0,0,0,1,0,0,0,798625,6807,5829487,754
200143,11,7,7020204,Sch�neberger Insel,2019,10,11,4,3,5,3,0,1,1,0,0,0,0,1,796273,1528,5823229,24
200144,11,4,4041342,Schlangenbader Stra�e,2019,10,11,4,2,6,2,0,0,1,1,0,0,0,1,792043,3416,5822453,54
200145,11,3,3061332,Helmholtzplatz,2019,10,11,4,3,2,6,0,0,1,0,1,0,0,1,799274,8978,5831102,763
200146,11,9,9020802,K�llnische Vorstadt,2019,10,9,4,3,5,3,0,1,1,0,0,0,0,1,810258,31,5820350,587
200147,11,1,1033203,Humboldthain Nordwest,2019,10,9,4,3,5,7,0,0,0,0,1,0,1,1,796748,1636,5830490,221
200148,11,3,3061227,Humannplatz,2019,10,9,4,3,1,5,0,1,0,0,0,1,0,1,799958,3374,5831098,264
200149,11,5,5010314,Carl-Schurz-Stra�e,2019,10,9,4,3,2,6,0,0,1,0,0,0,1,1,785317,6071,5829279,719
200150,11,3,3061332,Helmholtzplatz,2019,10,9,4,3,5,2,0,1,1,0,0,0,0,1,799841,1317,5830806,315
200151,11,12,12302212,Rollbergesiedlung,2019,10,8,4,3,5,3,0,0,1,0,0,0,0,1,793405,6053,5837764,441
200152,11,1,1011301,Charit�viertel,2019,10,8,4,3,0,7,0,0,1,0,0,0,1,1,797010,5902,5828950,46
200153,11,9,9020701,Adlershof West,2019,10,8,4,3,0,3,0,0,1,0,1,0,0,1,807645,5182,5819363,87
200154,11,4,4051656,Hildegardstra�e,2019,10,7,4,3,5,5,0,1,1,0,0,0,0,1,793436,985,5823414,389
200155,11,3,3030715,Heinersdorf,2019,10,7,4,3,6,4,1,0,0,1,1,0,0,0,800474,667,5832367,35
200156,11,8,8020622,Parchimer Allee,2019,10,6,4,3,5,2,2,1,1,0,0,0,0,0,801414,1694,5820246,761
200157,11,4,4041238,Kissinger Stra�e,2019,10,19,4,1,6,4,2,0,1,1,1,0,0,1,791137,1018,5822803,45
200158,11,9,9041501,Altstadt Kietz,2019,10,15,3,3,3,6,0,1,0,0,0,0,0,0,810875,361,5820304,965
200159,11,2,2020206,Graefekiez,2019,10,18,3,3,0,1,1,0,0,0,1,0,0,0,799892,602,5825139,923
200160,11,3,3061228,Erich-Weinert-Stra�e,2019,10,15,3,2,5,3,0,1,1,0,0,0,0,0,801256,3256,5831050,732
200161,11,2,2030302,Lausitzer Platz,2019,10,22,3,3,1,5,2,1,1,0,0,0,1,0,800667,1698,5826572,416
200162,11,1,1011301,Charit�viertel,2019,10,22,3,3,3,6,2,0,1,0,1,0,0,0,797007,7151,5828948,62
200163,11,1,1011105,N�rdlicher Landwehrkanal,2019,10,13,4,3,6,2,0,0,1,1,0,0,0,1,796641,4031,5826647,515
200164,11,2,2050802,Boxhagener Platz,2019,10,21,3,3,1,5,2,1,1,0,0,0,0,0,802259,5542,5827115,811
200165,11,4,4031032,Halensee,2019,10,20,3,3,5,7,2,1,1,0,0,0,0,0,791451,4074,5825070,281
200166,11,7,7050505,Hundsteinweg,2019,10,20,3,3,2,6,2,0,1,0,0,0,0,0,798464,1604,5819031,153
200167,11,1,1033102,Gesundbrunnen,2019,10,18,3,3,0,1,1,0,0,0,1,0,0,0,797160,6567,5831885,235
200168,11,5,5010101,Hakenfelde Nord,2019,10,16,3,3,0,4,0,0,0,1,0,0,1,0,785919,7154,5831523,611
200169,11,10,10010310,Alt-Marzahn,2019,10,15,3,3,5,2,0,0,1,0,0,0,1,0,807798,7167,5830767,319
200170,11,9,9052001,K�penick Nord,2019,10,15,3,3,4,6,0,0,1,0,0,0,0,0,810088,2422,5823486,426
200171,11,1,1011201,Wilhelmstra�e,2019,10,11,3,2,0,5,0,0,1,0,1,0,1,0,797014,9262,5826591,851
200172,11,7,7010102,Nollendorfplatz,2019,10,14,3,3,1,5,0,1,0,0,1,0,0,0,795508,3041,5824981,757
200173,11,11,11030721,R�digerstra�e,2019,10,11,3,2,5,3,0,0,1,1,0,0,0,0,803863,519,5828372,239
200174,11,6,6030605,Botanischer Garten,2019,10,11,3,3,0,1,0,1,0,0,0,0,0,1,792211,6199,5819436,844
200175,11,9,9020501,Obersch�neweide West,2019,10,11,3,3,5,2,0,1,0,0,0,1,0,0,806598,389,5822779,1
200176,11,1,1011302,Oranienburger Stra�e,2019,10,11,3,3,5,2,0,1,0,0,0,0,0,0,798332,9919,5828961,324
200177,11,5,5020626,Adamstra�e,2019,10,10,3,3,5,2,0,1,1,0,0,0,0,0,784591,754,5827964,67
200178,11,4,4041344,R�desheimer Platz,2019,10,9,3,3,1,5,0,1,1,0,0,0,0,1,793181,3353,5822105,481
200179,11,1,1011201,Wilhelmstra�e,2019,10,8,3,3,5,3,0,1,0,1,0,0,0,0,797465,2644,5826813,493
200180,11,4,4030623,Ernst-Reuter-Platz,2019,10,8,3,3,2,6,0,0,1,0,0,0,0,0,793329,983,5826683,639
200181,11,1,1011306,Heine-Viertel Ost,2019,10,9,3,3,4,6,0,1,1,0,0,0,0,0,800152,6886,5826865,621
200182,11,3,3071536,Teutoburger Platz,2019,10,14,3,3,6,4,0,1,0,1,0,0,0,0,798825,1704,5829228,28
200183,11,1,1011204,Leipziger Stra�e,2019,10,8,3,3,2,2,0,1,1,0,0,0,0,0,797862,3539,5826764,54
200184,11,7,7050505,Hundsteinweg,2019,10,14,3,3,6,7,0,0,0,1,0,0,1,0,799317,5044,5819052,71
200185,11,1,1022101,Huttenkiez,2019,10,18,3,3,0,2,1,0,1,0,1,0,0,0,792670,68,5828529,83
200186,11,1,1011103,L�tzowstra�e,2019,10,14,3,3,2,6,0,0,1,0,0,0,0,0,795770,4729,5825718,429
200187,11,9,9010401,Johannisthal West,2019,10,8,3,3,0,3,0,0,1,0,1,0,0,0,806122,9184,5820089,933
200188,11,2,2010104,Wassertorplatz,2019,10,7,3,2,2,6,0,0,1,0,1,0,0,0,799874,8651,5825697,773
200189,11,10,10010102,Havemannstra�e,2019,10,18,3,3,2,7,1,0,1,0,0,0,0,0,809787,9007,5834082,526
200190,11,5,5030731,Gartenfelder Stra�e,2019,10,7,3,3,0,6,0,0,1,0,1,0,0,0,787627,7566,5829396,506
200191,11,5,5010312,Kurstra�e,2019,10,6,3,3,5,3,1,1,1,0,0,0,0,0,785135,443,5829611,911
200192,11,5,5010209,An der Kappe,2019,10,17,3,3,5,2,0,1,1,0,0,0,0,0,783238,72,5830269,678
200193,11,2,2040701,Andreasviertel,2019,10,17,3,3,5,3,0,1,0,0,0,1,0,0,800618,4866,5827307,795
200194,11,8,8010301,Reuterkiez,2019,10,13,3,3,2,6,0,0,1,0,0,0,0,0,800911,1282,5824250,323
200195,11,1,1022103,Westhafen,2019,10,17,3,3,5,2,0,0,1,0,1,0,0,0,794670,9582,5829772,421
200196,11,12,12301205,Waidmannslust,2019,10,12,3,3,6,2,0,0,0,1,0,0,1,0,792107,2958,5837666,818
200197,11,8,8020622,Parchimer Allee,2019,10,15,3,3,2,6,0,0,1,0,0,0,0,0,801314,3612,5819571,856
200198,11,3,3061228,Erich-Weinert-Stra�e,2019,10,12,3,3,5,2,0,0,0,0,1,0,1,0,800501,4711,5830759,314
200199,11,9,9020601,Schnellerstra�e,2019,10,16,3,3,2,6,0,0,0,0,0,0,1,0,805361,1524,5822407,533
200200,11,7,7040405,Rathaus Tempelhof,2019,10,21,2,2,5,3,2,0,1,0,1,0,0,0,798894,8264,5821207,113
200201,11,4,4010101,Jungfernheide,2019,10,21,2,3,6,7,2,0,0,1,0,1,0,0,791118,8734,5829405,361
200202,11,1,1022201,Stephankiez,2019,10,20,2,3,2,6,2,1,1,0,0,0,0,0,795338,5265,5829445,6
200203,11,2,2050802,Boxhagener Platz,2019,10,19,2,3,5,2,2,1,1,0,0,0,0,0,802107,3253,5827355,98
200204,11,3,3061430,Volkspark Prenzlauer Berg,2019,10,18,2,3,2,2,1,1,1,0,0,0,0,0,802329,7699,5829224,175
200205,11,1,1011201,Wilhelmstra�e,2019,10,18,2,3,6,4,1,1,0,1,0,0,0,0,797045,2766,5826555,838
200206,11,4,4041136,Hagenplatz,2019,10,18,2,3,5,2,1,1,1,0,0,0,0,0,790689,9757,5822707,533
200207,11,1,1011105,N�rdlicher Landwehrkanal,2019,10,17,2,3,5,2,0,1,1,0,0,0,0,0,796123,942,5826718,675
200208,11,8,8020625,Handwerker-Siedlung,2019,10,17,2,2,1,5,0,0,1,0,0,0,0,0,801452,2462,5818597,585
200209,11,12,12103218,Teichstra�e,2019,10,17,2,3,1,5,1,0,1,0,0,0,0,0,794819,1969,5833121,55
200210,11,6,6010101,Fichtenberg,2019,10,16,2,2,0,6,0,0,1,0,0,0,1,0,793399,2935,5820373,386
200211,11,10,10010309,Springpfuhl,2019,10,15,2,3,5,2,0,1,0,0,0,0,1,0,807934,6073,5829198,169
200212,11,3,3071536,Teutoburger Platz,2019,10,15,2,3,5,7,0,0,0,0,0,0,1,0,799096,8184,5830247,1
200213,11,2,2010102,Mehringplatz,2019,10,15,2,2,6,4,0,0,1,1,0,0,0,0,798285,1742,5826523,385
200214,11,2,2020204,Urbanstra�e,2019,10,9,2,3,2,2,0,1,1,0,0,0,0,0,798622,509,5825120,332
200215,11,11,11051330,Karlshorst West,2019,10,15,2,3,5,5,0,0,1,0,0,0,0,0,806148,7743,5825141,232
200216,11,8,8010302,Bouch�stra�e,2019,10,15,2,3,0,6,0,1,0,0,0,0,1,0,801954,6417,5824578,349
200217,11,5,5020625,Borkumer Stra�e,2019,10,11,2,2,5,3,0,1,0,0,1,0,0,0,783923,89,5828516,799
200218,11,9,9051702,B�lschestra�e,2019,10,11,2,3,0,6,0,1,0,0,0,0,1,0,814203,663,5821471,993
200219,11,9,9041401,Allende I,2019,10,11,2,2,0,7,0,1,0,0,0,0,0,0,811923,8645,5820624,38
200220,11,1,1033202,Humboldthain S�d,2019,10,15,2,3,2,6,0,0,1,0,1,0,0,0,797711,577,5829672,206
200221,11,2,2050803,Stralauer Kiez,2019,10,8,2,3,2,6,0,0,1,0,1,0,0,0,803278,457,5826314,732
200222,11,5,5030731,Gartenfelder Stra�e,2019,10,14,2,3,2,2,0,0,1,0,0,0,0,0,788016,4793,5829392,203
200223,11,1,1044202,Sparrplatz,2019,10,8,2,3,2,6,0,0,1,0,0,0,0,0,795888,9531,5830458,619
200224,11,12,12214424,Scharnweberstra�e,2019,10,7,2,3,5,2,0,0,1,0,0,0,0,0,793352,346,5832935,645
200225,11,7,7060604,Marienfelde S�d,2019,10,13,2,3,2,3,0,0,1,0,1,0,0,0,798081,7082,5814502,136
200226,11,11,11020412,Hauptstra�e,2019,10,10,2,2,6,4,0,0,1,1,0,0,0,0,804921,996,5831378,202
200227,11,6,6030609,Augustaplatz,2019,10,6,2,3,1,5,1,1,1,0,0,0,0,0,792761,765,5819039,585
200228,11,4,4031032,Halensee,2019,10,10,2,3,5,2,0,0,1,0,0,0,0,0,790960,5488,5824830,423
200229,11,8,8010118,Silbersteinstra�e,2019,10,14,2,3,6,2,0,0,1,1,0,0,0,0,801120,456,5821893,385
200230,11,3,3061435,Conrad-Blenkle-Stra�e,2019,10,6,2,3,5,3,2,1,1,0,0,0,0,1,801742,715,5829168,244
200231,11,9,9010401,Johannisthal West,2019,10,10,2,3,5,5,0,0,1,0,0,0,0,0,806237,8816,5821002,637
200232,11,10,10010309,Springpfuhl,2019,10,13,2,2,0,3,0,0,1,0,1,0,0,0,807840,3894,5829077,415
200233,11,4,4020310,Park Ruhwald,2019,10,10,2,3,5,2,0,0,1,0,1,0,0,0,790538,1495,5827349,791
200234,11,4,4030519,Kaiserin-Augusta-Allee,2019,10,13,2,3,5,3,0,1,1,0,0,0,0,0,792075,5737,5828588,712
200235,11,10,10020622,Kaulsdorf Nord I,2019,10,9,2,3,5,2,0,0,1,0,0,0,0,0,810967,1152,5828193,981
200236,11,2,2010104,Wassertorplatz,2019,10,9,2,3,2,6,0,0,1,0,1,0,0,0,798657,317,5825583,139
200237,11,3,3061131,Falkplatz,2019,10,12,2,2,5,3,0,1,1,0,0,0,0,0,799133,853,5830368,56
200238,11,7,7040401,Neu-Tempelhof,2019,10,9,2,3,0,1,0,1,0,0,0,0,0,0,797230,5003,5823036,913
200239,11,2,2010102,Mehringplatz,2019,10,8,2,3,0,7,0,0,0,0,1,0,0,1,798765,24,5826177,331
200240,11,7,7040401,Neu-Tempelhof,2019,10,12,2,3,2,6,0,0,1,0,0,0,0,0,797298,332,5822660,79
200241,11,8,8010211,Flughafenstra�e,2019,10,16,1,3,5,3,0,1,1,0,0,0,0,0,800613,685,5823773,777
200242,11,3,3040614,Pankow Zentrum,2019,10,22,1,2,3,6,2,1,0,0,0,0,1,0,798724,7687,5833121,229
200243,11,3,3040614,Pankow Zentrum,2019,10,17,1,3,4,6,0,1,0,0,0,0,0,0,800012,6048,5834827,181
200244,11,9,9041301,Kietzer Feld/Nachtheide,2019,10,16,1,3,2,6,0,0,1,0,0,0,0,1,812097,3162,5819747,558
200245,11,12,12302109,Treuenbrietzener Stra�e,2019,10,16,1,3,0,1,0,0,0,0,1,0,0,0,795588,5991,5837241,421
200246,11,3,3040512,Wilhelmsruh,2019,10,15,1,3,2,6,0,0,1,0,1,0,0,0,796407,4275,5834670,146
200247,11,1,1011101,St�lerstra�e,2019,10,15,1,2,2,6,0,0,1,0,1,0,0,0,795161,1505,5825917,253
200248,11,1,1011105,N�rdlicher Landwehrkanal,2019,10,13,1,3,5,3,0,1,0,0,1,0,0,0,796569,367,5826870,404
200249,11,12,12214424,Scharnweberstra�e,2019,10,13,1,3,5,2,0,0,1,0,0,0,1,0,792904,9639,5832167,764
200250,11,4,4051445,Eisenzahnstra�e,2019,10,13,1,3,5,5,0,0,1,0,1,0,0,0,792690,405,5824434,6
200251,11,4,4020313,K�nigin-Elisabeth-Stra�e,2019,10,12,1,3,2,6,0,0,1,0,0,0,0,0,790518,7828,5826502,506
200252,11,8,8020727,Buckow Mitte,2019,10,11,1,3,6,2,0,0,1,1,0,0,0,0,800320,9164,5816737,267
200253,11,3,3051022,Hansastra�e,2019,10,10,1,3,5,3,0,0,1,0,0,0,0,0,802999,4855,5832007,236
200254,11,11,11010205,Falkenberg West,2019,10,9,1,3,5,7,0,1,1,0,0,0,0,0,806299,9369,5833899,636
200255,11,2,2040701,Andreasviertel,2019,10,7,1,3,6,7,0,0,1,1,0,0,0,0,800717,1537,5827070,231
200256,11,4,4010102,Pl�tzensee,2019,10,6,1,3,5,7,2,0,1,0,0,0,0,0,792499,8375,5830685,669
200257,11,1,1011306,Heine-Viertel Ost,2019,10,22,1,3,5,3,2,0,1,0,0,0,0,1,799767,4694,5826564,54
200258,11,3,3040614,Pankow Zentrum,2019,10,22,1,2,3,6,2,1,0,0,0,0,1,0,798727,584,5833123,736
200259,11,2,2030302,Lausitzer Platz,2019,10,20,1,3,5,3,2,0,1,0,1,0,0,1,800969,399,5826064,615
200260,11,4,4030620,Alt-Lietzow,2019,10,20,1,3,0,1,2,1,0,0,0,0,0,0,792637,25,5827412,208
200261,11,4,4031032,Halensee,2019,10,16,4,3,5,2,0,0,1,0,1,0,0,1,791871,996,5824727,729
200262,11,1,1011301,Charit�viertel,2019,10,17,3,3,0,1,1,0,1,0,0,0,1,1,797454,2812,5828850,246
200263,11,4,4041344,R�desheimer Platz,2019,10,19,1,3,0,1,2,0,0,0,1,0,0,1,793388,9873,5821926,968
200264,11,11,2050801,Traveplatz,2019,10,19,1,3,0,1,2,0,0,0,1,0,0,1,803664,4455,5827433,484
200265,11,2,2010104,Wassertorplatz,2019,10,18,1,3,0,2,2,1,1,0,0,0,0,1,799452,7651,5825659,489
200266,11,4,4030930,George-Grosz-Platz,2019,10,18,1,3,0,1,1,0,0,0,1,0,0,0,793118,1093,5825589,628
200267,11,7,7050501,Rathausstra�e,2019,10,13,7,3,2,2,0,0,1,0,0,0,0,0,797464,8657,5820309,25
200268,11,6,6040810,Dahlem,2019,10,13,7,3,2,2,0,0,1,0,0,0,0,0,790399,4568,5820898,996
200269,11,1,1022103,Westhafen,2019,10,18,7,3,0,5,1,0,1,0,1,0,0,0,794869,7904,5829770,779
200270,11,2,2050803,Stralauer Kiez,2019,10,15,4,2,6,4,0,0,1,1,0,0,0,1,803260,8595,5826317,79
200271,11,6,6030610,Lichterfelde West,2019,10,23,7,2,0,1,2,1,0,0,0,0,0,0,792231,6245,5818664,829
200272,11,3,3061430,Volkspark Prenzlauer Berg,2019,10,23,7,2,2,6,2,0,1,0,1,0,0,0,801950,8495,5829754,33
200273,11,1,1011302,Oranienburger Stra�e,2019,10,15,4,3,6,4,0,0,0,1,1,0,0,1,798110,812,5828956,112
200274,11,1,1044101,Rehberge,2019,10,22,7,2,5,2,1,1,1,0,0,0,0,0,794519,4647,5831564,763
200275,11,8,8010406,Treptower Stra�e Nord,2019,10,21,7,3,5,2,2,0,1,0,0,0,1,0,802396,2353,5824048,106
200276,11,4,4010101,Jungfernheide,2019,10,22,7,3,5,2,2,0,1,0,0,0,1,0,791253,327,5829731,46
200277,11,1,1011305,Heine-Viertel West,2019,10,22,7,3,6,2,2,0,1,1,0,0,0,0,799212,8314,5826976,305
200278,11,8,8020619,Buschkrugallee Nord,2019,10,19,7,3,0,5,2,0,1,0,0,0,1,0,801249,628,5821577,712
200279,11,1,1044101,Rehberge,2019,10,18,7,3,1,5,2,0,1,0,0,0,1,0,793695,2693,5832104,63
200280,11,12,12214125,Waldidyll/Flughafensee,2019,10,18,7,3,6,2,2,0,0,1,0,0,1,0,790705,3386,5834318,303
200281,11,12,12301205,Waidmannslust,2019,10,16,7,2,5,3,0,1,1,0,0,0,0,0,792374,8311,5837801,268
200282,11,8,8030830,Gropiusstadt S�d,2019,10,15,7,3,5,3,0,0,1,0,0,0,0,0,802494,6983,5817963,473
200283,11,5,5020625,Borkumer Stra�e,2019,10,15,7,2,0,6,0,0,1,0,0,0,1,0,784561,9674,5828221,894
200284,11,7,7060604,Marienfelde S�d,2019,10,14,7,3,5,2,0,1,1,0,0,0,0,0,797595,9221,5815555,83
200285,11,7,7010102,Nollendorfplatz,2019,10,14,7,3,5,7,0,0,1,0,1,0,0,0,794953,8235,5825404,52
200286,11,10,10010207,Marzahner Promenade,2019,10,13,7,3,0,6,0,0,1,0,0,0,1,0,808006,3209,5831072,675
200287,11,4,4030827,Karl-August-Platz,2019,10,12,7,3,5,3,0,1,0,0,1,0,0,0,792731,2633,5826591,302
200288,11,10,10020620,Kaulsdorf Nord II,2019,10,12,7,3,5,2,0,0,0,0,0,0,1,0,811315,9233,5829840,502
200289,11,9,9020701,Adlershof West,2019,10,12,7,3,5,3,0,1,1,0,0,0,0,0,807643,3487,5819360,774
200290,11,6,6010102,Schlo�stra�e,2019,10,12,7,3,5,3,0,0,1,0,0,0,0,0,793420,2249,5820913,372
200291,11,11,11041128,Sewanstra�e,2019,10,11,7,3,5,3,0,1,1,0,0,0,0,0,806845,3531,5826253,121
200292,11,11,11030720,Herzbergstra�e,2019,10,11,7,3,3,6,0,1,0,0,0,0,1,0,805194,9492,5829081,116
200293,11,11,11030721,R�digerstra�e,2019,10,10,7,3,3,6,0,1,1,0,0,0,0,0,804223,9317,5828690,198
200294,11,3,3030715,Heinersdorf,2019,10,10,7,3,5,3,0,0,1,0,0,0,0,0,801082,3124,5833978,25
200295,11,11,11010206,Wartenberg S�d,2019,10,10,7,3,0,3,0,0,1,0,1,0,0,0,806287,3277,5834076,302
200296,11,4,4030519,Kaiserin-Augusta-Allee,2019,10,9,7,3,5,7,0,0,1,0,1,0,0,0,792077,9356,5828393,753
200297,11,8,8010301,Reuterkiez,2019,10,1,7,3,5,3,2,0,1,0,1,0,0,0,800733,3393,5825055,919
200298,11,5,5010314,Carl-Schurz-Stra�e,2019,10,0,7,3,6,4,2,0,1,1,0,0,0,0,784897,416,5828752,34
200299,11,2,2040502,Friedenstra�e,2019,10,19,6,3,0,6,2,0,1,0,1,0,0,0,800872,5704,5828502,726
200300,11,1,1011202,Unter den Linden Nord,2019,10,10,6,2,6,4,0,1,0,1,0,0,0,1,797363,8398,5827731,613
200301,11,11,11051229,Rummelsburg,2019,10,20,6,3,6,4,2,0,1,1,0,0,0,1,805608,7531,5824270,522
200302,11,1,1011306,Heine-Viertel Ost,2019,10,14,6,3,5,7,0,1,0,0,0,0,1,0,800348,9418,5826766,45
200303,11,5,5020626,Adamstra�e,2019,10,13,6,3,5,2,0,0,1,0,0,0,0,0,784146,5098,5827321,68
200304,11,8,8010214,Glasower Stra�e,2019,10,13,6,3,2,6,0,0,1,0,0,0,0,0,801810,3461,5821959,1
200305,11,11,11030618,Fennpfuhl West,2019,10,19,6,2,5,3,2,0,1,0,0,0,1,1,803258,7649,5829611,208
200306,11,1,1022201,Stephankiez,2019,10,10,6,3,0,6,0,1,1,0,0,0,0,0,795434,827,5829536,95
200307,11,6,6020301,Alt-Lankwitz,2019,10,19,6,3,5,3,2,0,1,0,0,0,0,1,796556,9487,5818899,652
200308,11,3,3071537,Kollwitzplatz,2019,10,19,6,3,1,5,2,1,1,0,0,0,0,1,799316,1322,5830073,473
200309,11,2,2030302,Lausitzer Platz,2019,10,17,6,3,5,2,1,1,1,0,0,0,0,1,801453,5564,5826033,276
200310,11,4,4020310,Park Ruhwald,2019,10,19,6,3,5,2,2,1,1,0,0,0,0,1,790330,8425,5827537,8
200311,11,12,12224230,Heiligensee,2019,10,6,6,3,2,6,1,0,1,0,0,0,0,0,786047,1777,5839154,672
200312,11,2,2050802,Boxhagener Platz,2019,10,12,4,3,0,3,0,1,1,0,0,0,0,1,802065,394,5827160,95
200313,11,6,6040809,Thielallee,2019,10,18,6,3,5,3,2,0,1,0,0,0,0,1,791203,7668,5819702,399
200314,11,5,5030833,Motardstra�e,2019,10,5,6,3,6,4,2,0,0,1,1,0,0,0,790045,767,5829151,173
200315,11,2,2010104,Wassertorplatz,2019,10,17,6,3,5,3,1,1,1,0,0,0,0,1,799442,5149,5825663,703
200316,11,1,1033102,Gesundbrunnen,2019,10,17,6,3,5,7,1,0,1,0,1,0,0,0,797141,6088,5831391,189
200317,11,7,7060601,Marienfelder Allee Nordwest,2019,10,16,6,3,2,6,0,0,1,0,0,0,0,1,796603,3296,5816059,796
200318,11,6,6030504,Teltower Damm,2019,10,16,6,2,5,5,0,0,1,0,0,0,0,1,790080,272,5815803,585
200319,11,7,7070703,John-Locke-Stra�e,2019,10,15,6,3,5,2,0,0,1,0,1,0,0,0,799535,7778,5813171,155
200320,11,11,11020514,Gro�e-Leege-Stra�e,2019,10,14,6,3,2,6,0,0,1,0,0,0,0,0,804293,9031,5830770,807
200321,11,1,1022102,Beusselkiez,2019,10,14,6,3,0,5,0,0,0,1,0,0,1,0,793572,2454,5828715,819
200322,11,4,4030726,Droysenstra�e,2019,10,20,6,3,5,7,2,0,1,0,0,0,0,1,791654,3203,5825546,924
200323,11,8,8020620,Tempelhofer Weg,2019,10,14,4,3,3,6,0,0,1,0,0,0,1,1,800910,4181,5820896,2
200324,11,4,4010101,Jungfernheide,2019,10,15,6,3,2,6,0,0,1,0,0,0,1,0,790432,583,5829041,632
200325,11,2,2010102,Mehringplatz,2019,10,16,5,3,6,6,0,0,0,1,0,0,1,1,798688,3871,5826444,53
200326,11,1,1011204,Leipziger Stra�e,2019,10,19,5,3,5,3,2,1,0,0,0,0,0,0,798154,6201,5826611,238
200327,11,8,8010117,Schillerpromenade,2019,10,23,5,3,2,6,2,0,1,0,0,0,0,1,800558,6087,5823304,929
200328,11,1,1044102,Schillerpark,2019,10,22,5,3,2,6,2,0,1,0,0,0,0,1,794997,931,5832147,306
200329,11,3,3010102,Buch,2019,10,20,5,3,6,4,2,1,0,1,0,0,0,1,804207,86,5841108,333
200330,11,7,7030301,Friedenau,2019,10,20,5,3,6,4,2,0,1,1,0,0,0,1,794000,2934,5821595,306
200331,11,10,10020415,Hellersdorfer Promenade,2019,10,19,5,2,3,6,2,1,1,0,0,0,0,1,812123,3615,5831381,379
200332,11,5,5010314,Carl-Schurz-Stra�e,2019,10,19,5,2,6,4,2,0,1,1,0,0,0,0,784745,7169,5828819,495
200333,11,1,1011204,Leipziger Stra�e,2019,10,17,5,3,5,2,0,0,1,0,0,0,0,1,798698,7888,5827084,172