OBJECTID,LAND,BEZ,LOR,STRASSE,UJAHR,UMONAT,USTUNDE,UWOCHENTAG,UKATEGORIE,UART,UTYP1,ULICHTVERH,IstRad,IstPKW,IstFuss,IstKrad,IstGkfz,IstSonstige,USTRZUSTAND,LINREFX,LINREFY,XGCSWGS84,YGCSWGS84
200765,11,1,1011202,Unter den Linden Nord,2019,10,14,4,3,3,6,0,0,1,0,0,0,0,0,797734,1463,5827616,86
200766,11,2,2020202,Rathaus Yorckstra�e,2019,10,12,5,3,0,5,0,1,1,0,0,0,0,0,797569,1047,5825209,37
200767,11,1,1011305,Heine-Viertel West,2019,10,11,6,3,0,5,0,1,1,0,0,0,0,0,799040,9321,5827077,151
200768,11,9,9010401,Johannisthal West,2019,10,13,1,3,5,3,0,1,1,0,0,0,0,0,805814,123,5820339,766
200769,11,1,1011101,St�lerstra�e,2019,10,17,4,3,5,2,2,1,1,0,0,0,0,0,795230,5272,5826625,853
200770,11,4,4051448,Schaperstra�e,2019,11,19,6,3,5,2,2,1,1,0,0,0,0,1,793917,9272,5824957,728
200771,11,4,4051652,Nikolsburger Platz,2019,10,19,7,3,6,4,2,0,0,1,0,0,1,0,793441,826,5824086,583
200772,11,5,5020625,Borkumer Stra�e,2019,10,10,3,3,5,3,0,0,1,0,1,0,0,0,784134,27,5828729,93
200773,11,12,12103219,Sch�fersee,2019,11,8,6,3,0,6,0,0,1,0,0,0,1,0,795062,7316,5832467,535
200774,11,3,3061429,Greifswalder Stra�e,2019,10,13,6,3,5,3,0,0,1,0,0,0,1,0,801906,1729,5830326,968
200775,11,10,10010102,Havemannstra�e,2019,10,16,2,2,6,4,0,0,1,1,0,0,0,0,809762,2803,5834464,449
200776,11,8,8020726,Buckow West,2019,10,10,5,3,0,1,0,1,0,0,0,0,0,0,799563,3662,5816390,255
200777,11,12,12214421,Reinickes Hof,2019,10,14,7,3,5,3,0,0,1,0,0,0,0,0,793125,274,5833868,991
200778,11,11,11030720,Herzbergstra�e,2019,10,11,4,3,1,5,0,0,1,0,0,0,0,0,805192,518,5829220,731
200779,11,4,4030519,Kaiserin-Augusta-Allee,2019,10,17,4,2,4,7,2,1,0,0,0,0,1,0,791253,54,5828956,4
200780,11,9,9041301,Kietzer Feld/Nachtheide,2019,11,18,6,2,5,2,2,0,1,0,1,0,0,0,811761,438,5818271,175
200781,11,8,8020622,Parchimer Allee,2019,10,12,7,3,5,3,0,0,1,0,0,0,0,0,801588,4907,5820150,19
200782,11,3,3040818,Pankow S�d,2019,10,17,3,2,0,7,2,1,0,0,0,0,0,0,799476,3914,5833291,105
200783,11,4,4051446,Preu�enpark,2019,11,18,6,3,5,3,2,1,1,0,0,0,0,1,792912,178,5824395,732
200784,11,2,2050801,Traveplatz,2019,10,1,7,3,5,3,2,1,1,0,0,0,0,0,803102,327,5827119,47
200785,11,5,5030730,Zitadellenweg,2019,10,6,3,3,5,2,1,1,1,0,0,0,0,0,786645,3069,5829241,803
200786,11,3,3050919,Gustav-Adolf-Stra�e,2019,10,9,5,3,0,3,0,0,1,0,1,0,0,0,800780,3715,5832464,909
200787,11,4,4051652,Nikolsburger Platz,2019,10,13,6,3,5,2,0,0,1,0,1,0,0,0,793450,5777,5824353,441
200788,11,7,7050502,Fritz-Werner-Stra�e,2019,10,11,2,2,5,3,0,0,1,0,1,0,0,0,797543,2582,5818305,609
200789,11,7,7020204,Sch�neberger Insel,2019,10,19,5,3,6,4,2,1,0,1,0,0,0,0,796039,863,5823519,794
200790,11,8,8041038,Wa�mannsdorfer Chaussee,2019,11,8,7,3,5,3,0,0,1,0,1,0,0,1,805921,3755,5816218,958
200791,11,2,2050602,Samariterviertel,2019,10,17,7,3,5,2,2,1,1,0,0,0,0,0,802636,38,5827910,317
200792,11,1,1011202,Unter den Linden Nord,2019,10,8,4,3,2,6,0,1,1,0,0,0,0,0,797179,5752,5827492,875
200793,11,4,4051656,Hildegardstra�e,2019,10,18,4,1,5,5,2,0,1,0,1,0,0,0,793757,8731,5823089,38
200794,11,7,7030301,Friedenau,2019,11,16,6,3,5,3,2,1,1,0,0,0,0,0,793754,8158,5822077,792
200795,11,10,10010308,Marzahner Chaussee,2019,10,17,6,3,0,3,1,0,1,0,0,0,1,0,806310,981,5830175,27
200796,11,12,12301206,L�bars,2019,10,14,3,3,6,2,0,0,1,1,0,0,0,0,794029,2009,5838135,186
200797,11,1,1011302,Oranienburger Stra�e,2019,10,15,5,3,3,6,0,1,1,0,0,0,0,0,798579,2213,5828918,1
200798,11,4,4020310,Park Ruhwald,2019,10,11,6,3,5,7,0,0,1,0,0,0,0,0,790249,744,5828028,306
200799,11,6,6030501,Berlepschstra�e,2019,10,8,2,3,5,3,0,1,1,0,0,0,0,0,788505,8321,5816873,118
200800,11,4,4041342,Schlangenbader Stra�e,2019,10,9,5,3,6,2,0,0,0,1,1,0,0,0,791976,7164,5822376,98
200801,11,4,4031032,Halensee,2019,10,17,5,3,1,5,1,1,1,0,0,0,0,0,791848,5583,5825272,7
200802,11,12,12214424,Scharnweberstra�e,2019,10,9,6,3,6,2,0,0,1,1,0,0,0,0,792561,4087,5832814,226
200803,11,11,11040925,Victoriastadt,2019,10,9,2,3,5,2,0,1,1,0,0,0,0,0,803709,5786,5826763,361
200804,11,6,6030504,Teltower Damm,2019,10,16,5,2,6,4,2,0,1,1,0,0,0,1,790140,2616,5815557,942
200805,11,6,6020303,Lankwitz Kirche,2019,11,22,7,3,5,3,2,1,1,0,0,0,0,1,795143,3537,5818244,83
200806,11,5,5010206,G�tersloher Weg,2019,10,16,7,3,2,6,0,1,1,0,0,0,0,0,782391,8917,5830484,7
200807,11,3,3010101,Bucher Forst,2019,10,5,4,3,6,6,2,0,1,1,0,0,0,0,803177,2949,5841356,731
200808,11,8,8010509,Schulenburgpark,2019,10,17,3,3,6,4,2,0,0,1,1,0,0,0,803331,5879,5822481,402
200809,11,12,12103219,Sch�fersee,2019,11,14,6,3,6,4,0,0,1,1,0,0,0,0,795165,2662,5832495,946
200810,11,4,4020313,K�nigin-Elisabeth-Stra�e,2019,10,16,6,3,5,2,0,1,0,0,0,0,1,0,790493,7503,5826547,439
200811,11,12,12103115,Breitkopfbecken,2019,10,17,2,2,2,6,2,0,1,0,0,0,0,0,795506,1855,5833434,726
200812,11,1,1022106,Elberfelder Stra�e,2019,10,13,5,3,0,1,0,0,0,0,1,0,0,0,793991,6194,5827833,56
200813,11,6,6020305,Gemeindepark Lankwitz,2019,10,8,6,3,2,6,0,0,1,0,0,0,0,0,795654,5226,5816943,63
200814,11,12,12214527,Alt-Tegel,2019,10,17,1,3,2,6,2,0,1,0,0,0,0,0,789874,9143,5835741,609
200815,11,4,4041343,Binger Stra�e,2019,10,19,4,3,6,2,2,0,1,1,0,0,0,0,792670,19,5823057,226
200816,11,12,12301203,Wittenau S�d,2019,11,17,6,3,5,3,1,0,1,0,0,0,0,1,792992,3033,5835645,553
200817,11,4,4051447,Ludwigkirchplatz,2019,10,14,7,3,0,7,0,0,0,0,0,0,1,0,793400,8964,5825195,136
200818,11,10,10020413,Gut Hellersdorf,2019,10,11,3,3,9,7,0,0,0,0,0,0,1,0,811775,2797,5831465,37
200819,11,2,2050803,Stralauer Kiez,2019,11,10,6,3,2,2,0,0,1,0,0,0,0,0,802446,4768,5826267,328
200820,11,2,2040701,Andreasviertel,2019,10,22,6,2,5,3,2,0,1,0,0,0,1,0,800586,6249,5827028,739
200821,11,7,7070704,Nahariyastra�e,2019,11,15,7,3,6,2,0,0,0,1,0,0,1,1,800651,746,5814136,408
200822,11,9,9052001,K�penick Nord,2019,10,14,7,3,5,3,0,0,1,0,0,0,0,0,809220,8547,5823023,457
200823,11,7,7040404,Marienh�he,2019,10,14,3,3,2,6,0,0,1,0,0,0,0,0,796410,5697,5819759,128
200824,11,8,8020619,Buschkrugallee Nord,2019,11,10,6,2,2,6,0,0,1,0,1,0,0,0,801565,7967,5820650,15
200825,11,11,11030619,Fennpfuhl Ost,2019,10,15,6,3,0,2,0,0,1,0,0,0,1,0,803538,5047,5829731,344
200826,11,4,4020313,K�nigin-Elisabeth-Stra�e,2019,10,18,2,3,5,3,2,0,1,0,0,0,0,1,790519,9564,5826494,613
200827,11,2,2050802,Boxhagener Platz,2019,10,12,5,3,2,6,0,0,1,0,0,0,0,0,803038,1182,5826971,265
200828,11,2,2050803,Stralauer Kiez,2019,10,2,1,3,5,3,2,0,1,0,0,0,0,0,802113,7322,5826365,461
200829,11,7,7030303,Grazer Platz,2019,10,16,4,3,5,2,0,0,1,0,1,0,0,0,795416,4971,5820986,527
200830,11,12,12302110,Dannenwalder Weg,2019,11,18,6,3,6,2,2,0,1,1,0,0,0,1,795269,5409,5836363,999
200831,11,4,4020311,Reichsstra�e,2019,10,11,7,3,5,3,0,0,1,0,0,0,0,0,789642,567,5826509,277
200832,11,9,9020701,Adlershof West,2019,10,10,3,3,1,5,0,1,1,0,0,0,1,0,808625,1428,5818622,192
200833,11,2,2030402,Wrangelkiez,2019,11,1,6,2,5,5,2,0,1,0,0,0,0,0,801687,2348,5825869,412
200834,11,2,2030402,Wrangelkiez,2019,10,19,6,3,5,7,2,1,1,0,0,0,0,0,801679,9369,5825874,933
200835,11,1,1011302,Oranienburger Stra�e,2019,10,23,2,2,4,6,2,1,1,0,0,0,0,1,797901,7387,5828522,794
200836,11,8,8030830,Gropiusstadt S�d,2019,10,22,5,3,1,5,2,0,1,0,0,0,0,0,802463,9209,5817940,487
200837,11,6,6030610,Lichterfelde West,2019,10,17,2,3,5,3,2,0,1,0,0,0,0,1,792410,7339,5817836,247
200838,11,3,3061227,Humannplatz,2019,10,4,5,3,5,2,2,0,1,0,1,0,0,0,799494,8286,5831770,177
200839,11,4,4051445,Eisenzahnstra�e,2019,10,19,1,3,6,2,2,0,1,1,0,0,0,0,792194,4105,5824737,689
200840,11,12,12103115,Breitkopfbecken,2019,10,13,4,3,2,6,0,0,1,0,0,0,0,0,795413,3581,5834067,48
200841,11,9,9051901,Dammvorstadt,2019,11,21,6,2,0,1,2,1,0,0,0,0,0,1,812039,819,5821397,372
200842,11,6,6020409,K�nigsberger Stra�e,2019,10,13,7,3,0,1,0,1,0,0,0,0,0,0,793195,2119,5817486,798
200843,11,3,3071537,Kollwitzplatz,2019,10,8,3,3,5,2,0,1,1,0,0,0,0,0,799785,6324,5829587,119
200844,11,1,1011202,Unter den Linden Nord,2019,10,17,5,3,5,3,2,1,1,0,0,0,0,0,798548,3247,5827805,403
200845,11,5,5020625,Borkumer Stra�e,2019,10,10,2,3,5,2,0,1,1,0,0,0,0,0,784551,7063,5828174,892
200846,11,5,5020419,Magistratsweg,2019,10,18,5,3,6,4,2,0,1,1,0,0,0,0,781606,9658,5828424,264
200847,11,1,1044103,Westliche M�llerstra�e,2019,11,0,7,3,2,6,2,0,1,0,0,0,0,1,795190,997,5831031,164
200848,11,4,4051448,Schaperstra�e,2019,10,17,7,3,5,3,1,1,1,0,0,0,0,0,794206,2843,5824955,356
200849,11,4,4030519,Kaiserin-Augusta-Allee,2019,10,8,4,3,2,6,0,0,1,0,0,0,1,0,791238,1602,5828951,869
200850,11,12,12214125,Waldidyll/Flughafensee,2019,10,19,3,3,5,2,2,1,1,0,0,0,0,0,789975,747,5833680,452
200851,11,12,12103218,Teichstra�e,2019,11,16,6,3,1,5,0,0,1,0,0,0,0,0,794822,7921,5833366,786
200852,11,9,9052001,K�penick Nord,2019,10,14,6,3,0,6,0,1,0,0,0,0,0,0,811575,9133,5823108,873
200853,11,6,6020408,Lichterfelde S�d,2019,11,9,7,3,2,2,0,0,1,0,0,0,0,1,792717,5044,5816241,905
200854,11,5,5020417,Staakener Stra�e,2019,10,17,7,3,0,7,1,1,1,0,0,0,0,0,781739,1776,5828463,441
200855,11,6,6010210,Bismarckstra�e,2019,10,10,4,3,5,3,0,0,1,0,0,0,0,0,795189,6858,5821190,29
200856,11,1,1022206,L�neburger Stra�e,2019,10,13,4,2,2,6,0,0,0,0,1,1,0,0,796259,301,5828501,38
200857,11,2,2040701,Andreasviertel,2019,11,21,6,3,5,3,2,1,1,0,0,0,0,1,800613,4675,5827116,752
200858,11,1,1011202,Unter den Linden Nord,2019,10,19,6,3,5,2,2,1,1,0,0,0,0,0,797648,7189,5828129,82
200859,11,7,7040403,Manteuffelstra�e,2019,10,12,3,2,5,3,0,1,0,0,1,0,0,0,797705,5543,5822197,892
200860,11,11,11030619,Fennpfuhl Ost,2019,10,15,5,3,0,2,1,0,1,0,0,0,1,0,803855,963,5829056,612
200861,11,4,4030519,Kaiserin-Augusta-Allee,2019,10,8,6,3,6,4,0,0,1,1,0,0,0,0,792457,4185,5828245,645
200862,11,1,1033203,Humboldthain Nordwest,2019,10,8,2,3,5,3,0,1,1,0,0,0,0,0,795738,5815,5829803,558
200863,11,1,1011302,Oranienburger Stra�e,2019,10,14,5,2,5,3,0,1,1,0,0,0,0,0,798716,6772,5828797,41
200864,11,1,1044202,Sparrplatz,2019,11,17,7,3,2,2,2,0,1,0,0,0,0,1,794961,5176,5830169,495
200865,11,1,1044101,Rehberge,2019,10,15,7,3,2,6,0,0,1,0,0,0,0,0,794136,6063,5830069,65
200866,11,11,11020516,Wei�e Taube,2019,10,16,3,3,5,2,1,1,0,0,0,0,1,0,806179,321,5830425,853
200867,11,4,4051446,Preu�enpark,2019,11,13,6,3,5,3,0,1,1,0,0,0,0,0,792911,9613,5824396,112
200868,11,8,8030829,Gropiusstadt Nord,2019,10,15,6,2,5,3,0,0,1,0,1,0,0,0,803157,712,5818432,57
200869,11,1,1011203,Unter den Linden S�d,2019,10,18,2,3,1,5,2,1,1,0,0,0,0,1,798002,3069,5827389,997
200870,11,9,9020501,Obersch�neweide West,2019,10,8,5,3,5,2,0,1,1,0,0,0,0,0,806455,9138,5822104,697
200871,11,4,4041136,Hagenplatz,2019,10,8,6,3,5,2,0,1,1,0,0,0,0,0,790732,265,5823473,343
200872,11,11,11040925,Victoriastadt,2019,10,13,1,3,2,6,0,1,1,0,0,0,0,0,803868,9361,5826822,86
200873,11,3,3030406,Alt-Karow,2019,10,6,2,3,5,2,0,1,1,0,0,0,0,0,803364,647,5838250,406
200874,11,3,3010102,Buch,2019,10,10,5,3,0,1,0,0,1,0,0,0,0,0,804376,4145,5841199,153
200875,11,7,7040401,Neu-Tempelhof,2019,10,7,6,3,6,2,0,0,1,1,0,0,0,0,797291,3477,5822595,909
200876,11,5,5020625,Borkumer Stra�e,2019,10,5,2,3,2,6,1,0,1,0,0,0,0,0,784713,4409,5828562,663
200877,11,2,2010102,Mehringplatz,2019,10,19,5,3,1,5,2,1,0,0,0,0,1,0,798242,6948,5826010,181
200878,11,7,7020204,Sch�neberger Insel,2019,11,15,7,3,6,4,0,0,1,1,0,0,0,1,796533,8587,5823967,767
200879,11,7,7010101,Wittenbergplatz/Viktoria-Luise-Platz,2019,10,14,7,3,0,5,0,1,0,0,1,0,0,0,794642,8383,5825743,445
200880,11,3,3020307,Buchholz,2019,10,13,3,3,2,6,0,0,1,0,0,0,0,0,800193,878,5836563,441
200881,11,6,6010101,Fichtenberg,2019,11,10,6,3,2,6,0,0,1,0,0,0,0,0,793509,5507,5820610,857
200882,11,5,5010314,Carl-Schurz-Stra�e,2019,10,15,6,2,0,2,0,0,1,0,0,0,1,0,784783,2326,5828813,675
200883,11,3,3071536,Teutoburger Platz,2019,10,17,2,3,5,3,2,0,1,0,0,0,0,1,799218,9776,5829267,878
200884,11,6,6010209,Feuerbachstra�e,2019,10,7,5,3,2,6,0,0,1,0,0,0,0,1,794053,9189,5821008,487
200885,11,2,2010102,Mehringplatz,2019,10,1,1,3,5,2,2,0,1,0,0,0,0,0,798215,2303,5825860,673
200886,11,9,9020701,Adlershof West,2019,10,15,4,3,5,2,0,0,1,0,0,0,0,0,807713,4615,5818118,863
200887,11,7,7010103,Barbarossaplatz,2019,11,18,6,3,2,2,2,1,1,0,0,0,0,1,795221,9977,5824488,663
200888,11,4,4041134,Bismarckallee,2019,10,0,7,2,1,5,2,1,1,0,0,0,0,0,790858,6792,5824502,71
200889,11,4,4030726,Droysenstra�e,2019,10,20,4,3,5,3,1,0,1,0,0,0,0,0,792090,9042,5825307,878
200890,11,1,1033203,Humboldthain Nordwest,2019,11,20,6,3,5,3,2,0,1,0,0,0,0,1,796806,9472,5831270,429
200891,11,7,7040404,Marienh�he,2019,10,20,7,3,1,7,2,0,1,0,0,0,0,0,797083,69,5820484,97
200892,11,8,8020727,Buckow Mitte,2019,10,16,3,3,0,3,0,0,0,0,1,0,1,1,801514,4451,5817626,549
200893,11,7,7020203,Kaiser-Wilhelm-Platz,2019,11,9,6,3,2,2,0,0,1,0,0,0,0,0,795434,7478,5824426,855
200894,11,12,12214424,Scharnweberstra�e,2019,10,14,6,3,5,7,0,0,1,0,1,0,0,0,793104,596,5832646,916
200895,11,8,8010117,Schillerpromenade,2019,10,16,2,3,3,6,0,0,1,0,1,0,0,0,800523,1407,5823413,835
200896,11,9,9010301,Baumschulenstra�e,2019,10,10,5,3,3,6,0,0,1,0,0,0,0,0,804453,3185,5821832,963
200897,11,8,8020625,Handwerker-Siedlung,2019,10,12,7,3,5,3,0,1,1,0,0,0,0,0,801509,479,5819224,169
200898,11,1,1011302,Oranienburger Stra�e,2019,10,12,4,3,6,4,0,0,1,1,0,0,0,0,798689,5434,5828337,196
200899,11,9,9031101,Gr�nau,2019,10,17,4,2,0,6,2,0,0,0,1,0,1,0,810271,7156,5817601,982
200900,11,2,2010104,Wassertorplatz,2019,11,23,6,3,2,6,2,0,1,0,0,0,0,1,799790,4627,5825718,124
200901,11,10,10020517,Adele-Sandrock-Stra�e,2019,10,12,7,3,0,5,0,0,1,0,1,0,0,0,812383,188,5830461,381
200902,11,6,6040804,Krumme Lanke,2019,10,8,3,3,5,3,0,1,1,0,0,0,0,1,787478,7932,5817705,579
200903,11,4,4031032,Halensee,2019,10,17,5,3,6,4,2,0,1,1,0,0,0,0,791425,9044,5825065,636
200904,11,3,3030405,Karow Nord,2019,10,7,6,3,7,7,1,0,0,0,1,0,0,0,803738,1755,5838767,43
200905,11,10,10030727,Biesdorf S�d,2019,10,9,2,3,5,2,0,0,1,0,1,0,0,0,809720,3354,5826204,999
200906,11,1,1011204,Leipziger Stra�e,2019,10,9,3,3,5,2,0,1,0,0,0,0,0,0,798619,3621,5826919,148
200907,11,4,4030828,Savignyplatz,2019,10,9,5,3,1,5,0,1,1,0,0,0,0,0,793288,3397,5826150,346
200908,11,10,10040933,Mahlsdorf S�d,2019,10,16,6,3,0,1,0,1,0,0,0,0,0,0,813070,6194,5826639,624
200909,11,8,8010510,Gewerbegebiet K�llnische Heide,2019,10,11,2,3,3,6,0,0,1,0,0,0,0,0,802636,3606,5823041,539
200910,11,10,10020414,Helle Mitte,2019,10,19,5,3,6,4,2,0,1,1,0,0,0,0,812033,74,5830790,45
200911,11,3,3061228,Erich-Weinert-Stra�e,2019,11,8,7,3,5,2,1,1,1,0,0,0,0,1,800321,1097,5831579,784
200912,11,3,3050920,Wei�er See,2019,10,17,7,3,1,5,0,1,1,0,0,0,0,0,802313,2779,5831899,236
200913,11,9,9010302,Sp�thsfelde,2019,10,10,4,3,4,7,0,0,1,0,0,0,1,0,805447,3099,5820488,705
200914,11,7,7030303,Grazer Platz,2019,10,8,4,3,6,2,0,0,1,1,0,0,0,0,795239,1515,5822271,429
200915,11,11,11020411,Malchower Weg,2019,11,22,6,2,5,3,2,0,1,0,1,0,0,1,805963,6403,5832532,43
200916,11,10,10020517,Adele-Sandrock-Stra�e,2019,10,18,6,3,2,6,1,0,1,0,0,0,0,0,813391,5313,5830122,898
200917,11,6,6030607,Goerzwerke,2019,10,8,3,2,5,3,0,0,1,0,0,0,1,0,790867,7157,5815636,884
200918,11,6,6020306,Lankwitz S�d,2019,10,15,5,3,5,3,0,0,1,0,0,0,0,0,796239,8333,5817016,62
200919,11,7,7020202,Volkspark (Rudolf-Wilde-Park),2019,10,7,6,3,2,6,0,0,1,0,0,0,0,0,795013,9041,5823241,555
200920,11,12,12302110,Dannenwalder Weg,2019,10,8,2,3,2,6,0,0,1,0,0,0,0,0,794733,5274,5836284,457
200921,11,10,10010310,Alt-Marzahn,2019,10,1,5,2,2,3,2,0,1,0,0,0,0,0,808495,3235,5831147,436
200922,11,1,1022206,L�neburger Stra�e,2019,11,16,7,3,5,3,0,0,1,0,0,0,1,1,795726,5363,5828198,358
200923,11,1,1022106,Elberfelder Stra�e,2019,10,15,7,2,6,2,0,0,1,1,0,0,0,0,794210,106,5828326,643
200924,11,10,10020413,Gut Hellersdorf,2019,10,14,3,3,6,6,0,1,0,1,0,0,0,0,811674,311,5831506,565
200925,11,8,8010117,Schillerpromenade,2019,10,19,5,2,5,5,2,0,1,0,1,0,0,0,800550,5975,5823327,892
200926,11,4,4030828,Savignyplatz,2019,11,20,7,3,2,6,2,0,1,0,0,0,0,1,793379,9684,5826089,269
200927,11,7,7010102,Nollendorfplatz,2019,10,16,7,3,6,7,0,1,0,1,0,0,0,0,795607,5901,5824986,34
200928,11,3,3030716,M�rchenland,2019,10,7,4,3,2,6,0,0,1,0,0,0,0,1,803576,5568,5833492,571
200929,11,11,11040926,Weitlingstra�e,2019,10,18,3,3,0,1,2,0,0,0,1,0,0,0,804905,98,5826256,179
200930,11,1,1011102,Gro�er Tiergarten,2019,10,9,6,3,5,7,0,0,1,0,1,0,0,0,796671,3146,5827620,679
200931,11,7,7040403,Manteuffelstra�e,2019,11,15,6,3,5,3,0,1,1,0,0,0,0,0,797277,7836,5821223,949
200932,11,9,9030903,K�lner Viertel,2019,10,16,6,3,6,4,0,0,0,1,0,0,1,0,808721,9464,5815559,18
200933,11,4,4020310,Park Ruhwald,2019,10,20,2,3,5,3,2,0,1,0,0,0,0,1,790354,2491,5827309,282
200934,11,6,6030606,Hindenburgdamm,2019,10,13,5,3,5,3,0,1,1,0,0,0,0,0,793241,7988,5819537,451
200935,11,5,5040936,J�gerallee,2019,10,3,6,3,9,1,2,0,1,0,0,0,0,1,780636,472,5821693,56
200936,11,7,7010102,Nollendorfplatz,2019,10,18,1,3,2,2,2,0,1,0,0,0,0,0,795444,425,5824984,665
200937,11,9,9041301,Kietzer Feld/Nachtheide,2019,10,6,4,3,5,3,2,1,1,0,0,0,0,0,812301,49,5819155,929
200938,11,2,2040502,Friedenstra�e,2019,10,9,6,3,2,6,0,1,1,0,0,0,0,0,800751,5624,5828096,969
200939,11,2,2050802,Boxhagener Platz,2019,11,12,7,3,5,3,0,0,1,0,0,0,0,1,802589,5722,5826886,97
200940,11,4,4030725,Amtsgerichtsplatz,2019,10,21,7,3,0,1,2,0,0,0,0,0,1,0,791945,6644,5826112,864
200941,11,1,1011202,Unter den Linden Nord,2019,10,11,3,3,5,3,0,1,0,0,1,0,0,0,798068,9871,5827870,391
200942,11,2,2040701,Andreasviertel,2019,11,10,6,3,2,2,0,1,1,0,0,0,0,0,800514,208,5827088,853
200943,11,2,2030302,Lausitzer Platz,2019,10,14,6,3,2,7,0,1,1,0,0,0,0,0,801458,5014,5826068,898
200944,11,7,7050501,Rathausstra�e,2019,10,17,2,3,0,5,2,1,1,0,0,0,0,1,797665,3027,5819592,478
200945,11,3,3061429,Greifswalder Stra�e,2019,10,7,5,3,2,6,0,0,1,0,0,0,0,0,801609,2845,5830154,862
200946,11,5,5010208,Germersheimer Platz,2019,10,15,6,3,2,6,0,0,1,0,0,0,0,0,783665,723,5829668,63
200947,11,12,12214125,Waldidyll/Flughafensee,2019,11,11,6,3,2,6,0,0,0,0,0,0,1,0,791056,3127,5834262,912
200948,11,4,4030930,George-Grosz-Platz,2019,10,15,6,3,5,3,0,1,1,0,0,0,0,0,793131,654,5825593,727
200949,11,2,2010101,Askanischer Platz,2019,10,18,2,3,2,6,2,0,1,0,0,0,0,1,797857,7792,5825639,13
200950,11,3,3050919,Gustav-Adolf-Stra�e,2019,10,7,5,3,5,3,0,1,1,0,0,0,0,0,801938,3654,5832579,454
200951,11,4,4010101,Jungfernheide,2019,10,0,6,3,5,2,2,0,1,0,0,0,0,0,791217,139,5829730,951
200952,11,1,1011401,Invalidenstra�e,2019,10,11,1,3,0,1,0,0,0,0,1,0,0,1,797360,3124,5829139,864
200953,11,4,4030931,Breitscheidplatz,2019,10,16,4,3,5,7,1,0,1,0,0,0,0,0,793526,1234,5825847,236
200954,11,10,10020414,Helle Mitte,2019,10,17,5,2,1,4,1,1,1,1,0,0,0,0,812047,5876,5830713,696
200955,11,1,1044203,Leopoldplatz,2019,11,19,6,3,2,6,2,0,1,0,0,0,0,1,795193,9415,5831363,78
200956,11,4,4051551,Brabanter Platz,2019,10,12,7,3,5,7,0,0,1,0,0,0,0,0,793321,2682,5823546,891
200957,11,4,4020311,Reichsstra�e,2019,10,10,3,3,5,2,0,1,1,0,0,0,0,1,789118,252,5826933,112
200958,11,10,10040828,Kaulsdorf Nord,2019,10,21,5,3,5,3,2,0,1,0,0,0,0,0,811899,8992,5829748,123
200959,11,3,3061441,Eldenaer Stra�e,2019,11,7,6,3,5,2,1,1,1,0,0,0,0,0,802379,3675,5828837,982
200960,11,1,1011203,Unter den Linden S�d,2019,10,21,6,3,8,1,2,0,0,0,0,0,1,0,798181,3617,5827115,571
200961,11,4,4030929,Hindemithplatz,2019,10,15,2,3,5,5,0,0,1,0,0,0,1,0,792717,6836,5825847,86
200962,11,2,2010102,Mehringplatz,2019,10,7,5,3,5,2,0,1,1,0,0,0,0,0,798643,8087,5826461,2
200963,11,9,9020701,Adlershof West,2019,10,18,5,3,5,2,0,1,1,0,0,0,0,0,809339,4675,5818507,65
200964,11,8,8010118,Silbersteinstra�e,2019,10,17,7,3,0,6,1,0,1,0,1,0,0,0,801070,5439,5821996,558
200965,11,1,1033101,Soldiner Stra�e,2019,10,11,4,3,5,3,0,1,1,0,0,0,0,0,797686,2746,5832849,581
200966,11,10,10030724,Oberfeldstra�e,2019,10,18,5,2,5,2,2,1,1,0,0,0,0,1,809584,7314,5828543,314
200967,11,5,5010208,Germersheimer Platz,2019,10,13,4,2,5,2,0,1,1,0,0,0,0,0,783720,7456,5830619,93
200968,11,1,1011203,Unter den Linden S�d,2019,10,16,5,3,1,5,0,1,1,0,0,0,0,0,797748,9179,5827525,909
200969,11,3,3040614,Pankow Zentrum,2019,10,16,5,2,3,5,0,1,1,0,0,0,0,0,798706,3727,5833105,259
200970,11,2,2040502,Friedenstra�e,2019,10,20,1,3,5,3,2,0,1,0,0,0,0,0,801249,1253,5827829,513
200971,11,12,12231101,Hermsdorf,2019,10,14,4,3,2,6,0,0,1,0,0,0,0,0,790958,77,5837963,688
200972,11,12,12224230,Heiligensee,2019,10,16,5,3,2,6,0,0,1,0,0,0,1,0,787525,3191,5836370,421
200973,11,9,9051901,Dammvorstadt,2019,10,15,5,3,3,6,0,0,0,0,0,0,1,0,811024,6439,5821818,266
200974,11,4,4020310,Park Ruhwald,2019,11,17,6,3,3,6,2,0,1,0,0,0,0,1,790522,5933,5827329,191
200975,11,8,8020625,Handwerker-Siedlung,2019,10,13,7,3,2,2,0,0,1,0,1,0,0,0,801385,5713,5819264,264
200976,11,8,8041035,Blumenviertel,2019,10,7,3,3,5,3,0,1,1,0,0,0,0,1,803809,7628,5818819,131
200977,11,9,9030903,K�lner Viertel,2019,10,15,5,3,5,3,0,0,1,0,0,0,0,0,809246,2825,5815356,658