OBJECTID,LAND,BEZ,LOR,STRASSE,UJAHR,UMONAT,USTUNDE,UWOCHENTAG,UKATEGORIE,UART,UTYP1,ULICHTVERH,IstRad,IstPKW,IstFuss,IstKrad,IstGkfz,IstSonstige,USTRZUSTAND,LINREFX,LINREFY,XGCSWGS84,YGCSWGS84
200978,11,7,7030302,Cecilieng�rten,2019,10,7,5,3,5,2,0,1,1,1,0,0,0,0,794419,1576,5821933,398
200979,11,8,8010214,Glasower Stra�e,2019,10,13,6,3,5,3,0,0,1,0,1,0,0,0,801344,4738,5822036,931
200980,11,3,3030715,Heinersdorf,2019,10,10,2,3,6,4,0,1,0,1,0,0,0,0,800107,3341,5832746,795
200981,11,6,6010206,Stadtpark,2019,10,18,5,3,1,5,2,1,1,0,0,0,0,0,794470,7685,5820130,43
200982,11,4,4051551,Brabanter Platz,2019,11,5,7,3,0,1,2,0,1,0,0,0,0,1,792880,1241,5823287,539
200983,11,3,3020209,Niedersch�nhausen,2019,10,17,7,3,5,7,0,0,1,0,0,0,1,0,797545,409,5834854,877
200984,11,11,11040926,Weitlingstra�e,2019,10,8,4,3,2,6,0,1,1,0,0,0,0,0,804745,3357,5826516,906
200985,11,8,8010303,Donaustra�e,2019,10,22,3,3,5,7,2,0,1,0,0,0,0,0,800362,7307,5824342,815
200986,11,4,4030828,Savignyplatz,2019,11,16,6,3,5,3,1,0,1,0,0,0,0,0,792859,5145,5826107,347
200987,11,11,11010310,M�hlengrund,2019,10,17,6,3,2,6,0,0,1,0,0,0,0,0,805214,3543,5833155,121
200988,11,7,7020204,Sch�neberger Insel,2019,10,17,3,3,0,7,1,0,0,1,0,0,1,0,796314,4396,5823017,67
200989,11,1,1011303,Alexanderplatzviertel,2019,10,14,5,3,5,5,0,1,1,0,0,0,0,0,798498,8585,5828173,863
200990,11,8,8020625,Handwerker-Siedlung,2019,10,11,6,3,6,4,0,0,1,1,0,0,0,0,802184,2326,5818939,747
200991,11,4,4051654,Wilhelmsaue,2019,11,16,7,3,6,4,0,0,1,1,0,0,0,0,793374,2648,5823924,124
200992,11,8,8010214,Glasower Stra�e,2019,11,20,6,3,8,1,2,0,1,0,0,0,0,1,801811,4199,5821965,896
200993,11,6,6040807,Zehlendorf Eiche,2019,10,12,7,3,0,2,0,1,1,0,0,0,0,0,789609,727,5818715,281
200994,11,8,8010214,Glasower Stra�e,2019,11,22,7,3,5,3,2,0,1,0,0,0,0,1,801745,8974,5822047,767
200995,11,10,10020623,Rotes Viertel,2019,10,13,3,2,6,2,0,0,1,1,0,0,0,0,811293,9887,5829137,5
200996,11,4,4051551,Brabanter Platz,2019,11,22,7,3,5,2,2,0,1,0,0,0,0,1,793330,186,5823361,992
200997,11,11,11051330,Karlshorst West,2019,10,16,5,3,2,6,2,0,1,0,0,0,0,0,807186,5496,5825592,975
200998,11,3,3030406,Alt-Karow,2019,10,10,6,3,5,3,0,0,1,0,0,0,1,0,802352,8143,5838820,814
200999,11,8,8020622,Parchimer Allee,2019,11,12,7,3,3,6,0,0,1,0,0,0,1,1,801378,9291,5819320,996
201000,11,11,11041128,Sewanstra�e,2019,11,12,7,3,5,3,0,1,1,0,0,0,0,0,806908,905,5825961,361
201001,11,2,2050802,Boxhagener Platz,2019,10,8,2,3,5,3,0,0,1,0,1,0,0,0,802080,238,5827361,373
201002,11,7,7060603,Marienfelde Nordost,2019,10,16,5,2,5,3,0,1,1,0,0,0,0,0,798045,7981,5815806,829
201003,11,12,12103218,Teichstra�e,2019,11,11,7,2,5,7,0,0,1,0,1,0,0,1,794867,5928,5833751,858
201004,11,9,9051901,Dammvorstadt,2019,11,11,7,2,3,2,0,0,1,0,0,0,1,0,810605,9524,5821049,194
201005,11,12,12304313,Borsigwalde,2019,11,17,7,3,6,4,2,0,1,1,0,0,0,1,791922,7503,5834704,998
201006,11,4,4030930,George-Grosz-Platz,2019,10,16,7,3,1,5,0,1,1,0,0,0,0,0,792770,8762,5825497,129
201007,11,8,8041037,Alt-Rudow,2019,10,6,4,3,5,3,2,1,1,0,0,0,0,1,805585,5235,5818605,401
201008,11,7,7010104,Dennewitzplatz,2019,11,11,7,3,0,2,0,0,1,0,1,0,0,1,796024,5437,5824497,214
201009,11,12,12103117,Letteplatz,2019,10,17,3,3,0,3,2,0,1,0,1,0,1,0,796479,9708,5832475,367
201010,11,3,3061131,Falkplatz,2019,11,11,7,3,0,2,0,1,1,0,0,0,0,1,799177,295,5831110,598
201011,11,11,11030720,Herzbergstra�e,2019,10,17,5,3,6,4,0,0,1,1,0,0,0,0,804884,9044,5829950,511
201012,11,6,6030609,Augustaplatz,2019,11,14,6,3,1,5,0,1,1,0,0,0,0,0,793196,5173,5818274,11
201013,11,5,5010101,Hakenfelde Nord,2019,10,16,6,3,0,4,0,0,0,1,0,0,1,0,784409,3102,5831911,731
201014,11,10,10020414,Helle Mitte,2019,11,10,7,3,5,3,0,0,1,0,0,0,0,1,812073,1226,5830620,412
201015,11,3,3040508,Rosenthal,2019,10,19,2,3,5,3,2,1,1,0,0,0,0,0,795881,7358,5836453,646
201016,11,11,11030721,R�digerstra�e,2019,10,8,5,3,1,5,0,1,1,0,0,0,0,0,803442,4116,5828350,331
201017,11,2,2030302,Lausitzer Platz,2019,10,10,6,3,1,5,0,0,1,0,0,0,0,0,800854,7898,5826248,451
201018,11,12,12302109,Treuenbrietzener Stra�e,2019,11,10,7,3,5,3,0,0,1,0,0,0,0,1,795592,5047,5837236,446
201019,11,9,9020701,Adlershof West,2019,11,10,7,3,5,2,0,0,1,0,0,0,0,1,807225,3424,5818280,221
201020,11,6,6040702,D�ppel,2019,10,16,1,3,0,3,0,1,1,0,0,0,0,1,787184,9471,5816769,894
201021,11,6,6040804,Krumme Lanke,2019,10,18,4,3,5,2,2,0,1,0,0,0,0,1,788144,46,5818738,87
201022,11,6,6040810,Dahlem,2019,11,10,7,3,0,3,0,0,0,0,1,0,1,1,792393,1478,5821145,686
201023,11,1,1011301,Charit�viertel,2019,10,15,5,3,1,5,0,1,1,0,0,0,0,0,797575,9622,5828573,973
201024,11,1,1011201,Wilhelmstra�e,2019,11,15,6,3,5,2,1,1,0,0,0,0,1,0,796966,4692,5826853,531
201025,11,4,4041344,R�desheimer Platz,2019,10,20,7,3,0,7,1,0,1,0,0,0,0,0,792989,2383,5822294,731
201026,11,2,2010102,Mehringplatz,2019,11,7,3,3,6,4,0,1,0,1,0,0,0,0,798327,255,5825636,6
201027,11,7,7040405,Rathaus Tempelhof,2019,11,6,3,2,1,7,1,0,1,0,0,0,1,0,798037,5756,5821128,32
201028,11,6,6030504,Teltower Damm,2019,11,14,3,2,1,5,0,0,1,0,0,0,0,0,788994,3993,5816537,487
201029,11,12,12214528,Tegeler Forst,2019,11,13,3,3,3,6,0,1,1,0,0,0,0,0,787806,4052,5835684,933
201030,11,1,1011104,K�rnerstra�e,2019,11,13,3,3,0,2,0,1,1,0,0,0,0,0,796643,25,5825782,296
201031,11,1,1044102,Schillerpark,2019,11,11,3,3,5,7,0,0,1,0,0,0,0,0,794950,3856,5831346,616
201032,11,1,1011204,Leipziger Stra�e,2019,11,9,3,3,5,2,0,1,1,0,0,0,0,0,797837,5847,5826968,664
201033,11,12,12103218,Teichstra�e,2019,11,18,3,3,5,2,2,0,1,0,1,0,0,0,794815,854,5833276,859
201034,11,12,12214125,Waldidyll/Flughafensee,2019,11,18,3,3,2,6,2,0,1,0,0,0,1,0,791042,5408,5833865,552
201035,11,10,10040830,Kaulsdorf S�d,2019,11,18,3,3,5,2,2,1,1,0,0,0,0,0,810593,5743,5825392,901
201036,11,9,9041601,M�ggelheim,2019,11,17,3,3,6,2,2,0,1,1,0,0,0,0,816565,5398,5817456,5
201037,11,4,4010102,Pl�tzensee,2019,11,17,3,3,0,6,2,0,1,0,0,0,1,0,793345,7133,5829701,34
201038,11,7,7070703,John-Locke-Stra�e,2019,11,16,3,3,5,2,2,0,1,0,0,0,0,0,799786,7283,5813976,67
201039,11,1,1011204,Leipziger Stra�e,2019,11,16,3,3,5,3,2,1,1,0,0,0,0,0,797876,1868,5826766,351
201040,11,11,11020412,Hauptstra�e,2019,11,15,3,3,2,6,0,0,1,0,0,0,0,0,805644,738,5831643,292
201041,11,1,1011301,Charit�viertel,2019,11,15,2,3,2,6,0,1,1,0,0,0,0,0,796883,1648,5828165,613
201042,11,9,9020802,K�llnische Vorstadt,2019,11,15,2,3,0,6,0,1,0,1,0,0,0,0,810253,9479,5819676,942
201043,11,3,3040614,Pankow Zentrum,2019,11,7,2,2,5,2,2,1,1,0,0,0,0,0,799981,5696,5835109,49
201044,11,1,1011102,Gro�er Tiergarten,2019,11,6,2,2,6,2,1,0,1,1,0,0,0,0,796511,2343,5827621,949
201045,11,8,8020620,Tempelhofer Weg,2019,11,6,2,3,5,3,1,1,0,0,0,0,1,1,801235,4683,5819770,21
201046,11,1,1022104,Emdener Stra�e,2019,11,12,2,2,3,6,0,1,1,0,0,0,0,0,794370,1282,5828435,946
201047,11,7,7060604,Marienfelde S�d,2019,11,12,2,3,0,3,0,1,0,0,0,0,1,0,795865,6299,5815449,386
201048,11,1,1011303,Alexanderplatzviertel,2019,11,11,2,3,2,6,0,0,1,0,0,0,0,0,798922,5228,5827792,321
201049,11,12,12231102,Frohnau,2019,11,11,2,3,5,2,0,0,1,0,0,0,1,0,790288,7213,5840142,82
201050,11,12,12224230,Heiligensee,2019,11,10,2,3,5,7,0,1,1,0,0,0,0,0,786712,2516,5837146,258
201051,11,3,3071537,Kollwitzplatz,2019,11,10,2,3,5,2,0,1,0,0,0,1,0,0,799858,4097,5829810,586
201052,11,6,6040809,Thielallee,2019,11,9,2,2,5,2,0,1,0,0,0,1,0,0,792367,1162,5820767,916
201053,11,1,1011102,Gro�er Tiergarten,2019,11,19,2,3,2,6,2,0,1,0,1,0,0,0,795188,9669,5826854,7
201054,11,11,11030619,Fennpfuhl Ost,2019,11,9,2,3,5,2,0,0,1,0,0,1,0,0,803660,4039,5829508,678
201055,11,7,7020201,Bayerischer Platz,2019,11,18,2,3,2,3,2,0,1,0,0,0,0,0,794962,1976,5824321,135
201056,11,2,2040502,Friedenstra�e,2019,11,18,2,3,3,3,2,0,1,0,0,0,0,0,801248,424,5827823,23
201057,11,3,3030711,Blankenburg,2019,11,17,2,3,5,3,2,1,1,0,0,0,0,0,802510,776,5836828,166
201058,11,3,3050920,Wei�er See,2019,11,17,2,3,3,6,2,0,1,0,0,0,1,0,801888,2978,5831713,76
201059,11,3,3040818,Pankow S�d,2019,11,15,2,3,5,3,0,0,1,0,0,0,0,0,800030,7457,5832021,805
201060,11,6,6010207,Mittelstra�e,2019,11,15,2,3,0,6,1,0,1,0,0,0,1,0,794240,2511,5820273,491
201061,11,9,9010302,Sp�thsfelde,2019,11,15,2,3,5,3,0,0,1,0,0,0,0,0,804938,9082,5820712,547
201062,11,1,1022103,Westhafen,2019,11,15,2,3,5,2,0,1,1,0,0,0,0,0,794577,312,5829787,53
201063,11,10,10030725,Buckower Ring,2019,11,15,2,3,5,3,0,1,1,0,0,0,0,0,809643,505,5828927,521
201064,11,3,3061228,Erich-Weinert-Stra�e,2019,11,15,2,3,5,2,0,1,1,0,0,0,0,0,800193,9661,5830930,274
201065,11,10,10040932,Alt-Mahlsdorf,2019,11,13,2,3,2,2,0,0,1,0,1,0,0,0,813032,2089,5827682,596
201066,11,9,9020802,K�llnische Vorstadt,2019,11,13,2,3,2,6,0,0,1,0,0,0,0,0,810465,7068,5820310,748
201067,11,5,5030833,Motardstra�e,2019,11,12,2,3,5,3,0,0,1,0,0,0,0,0,789753,507,5828852,28
201068,11,6,6010205,S�dende,2019,11,21,1,3,5,3,2,0,1,0,0,0,0,1,795342,816,5819978,977
201069,11,1,1033102,Gesundbrunnen,2019,11,20,1,3,2,6,2,0,1,0,0,0,0,0,797124,2183,5831418,597
201070,11,7,7020201,Bayerischer Platz,2019,11,19,1,2,0,7,2,0,0,1,0,0,1,0,794970,1046,5823982,719
201071,11,6,6020411,Sch�tte-Lanz-Stra�e,2019,11,17,1,3,5,2,2,0,1,0,1,0,0,0,793603,1797,5815904,78
201072,11,8,8020625,Handwerker-Siedlung,2019,11,17,1,3,6,2,2,0,1,1,0,0,0,1,801372,6263,5819251,571
201073,11,5,5010206,G�tersloher Weg,2019,11,14,1,3,5,2,0,1,1,0,0,0,0,0,782195,1399,5830532,432
201074,11,12,12301203,Wittenau S�d,2019,11,13,1,3,3,6,0,1,0,0,0,0,0,0,793107,6229,5835845,84
201075,11,1,1011105,N�rdlicher Landwehrkanal,2019,11,14,1,3,2,6,0,0,1,0,1,0,0,0,795832,9006,5826686,249
201076,11,3,3040513,Sch�nholz,2019,11,13,1,3,2,6,0,0,1,0,0,0,1,0,796824,5646,5833932,685
201077,11,5,5010103,Amorbacher Weg,2019,11,13,1,2,0,2,0,0,1,0,0,0,1,0,784592,584,5831084,26
201078,11,2,2040703,Wriezener Bahnhof/Entwicklungsgebiet,2019,11,11,1,2,6,4,0,0,1,1,0,0,0,0,801185,7891,5827290,77
201079,11,3,3050925,Komponistenviertel Wei�ensee,2019,11,11,1,3,5,3,0,0,1,0,0,0,0,0,802315,242,5831336,445
201080,11,11,11010309,Zingster Stra�e West,2019,11,10,1,2,0,1,0,0,0,0,1,0,0,1,804637,4801,5833418,418
201081,11,1,1022104,Emdener Stra�e,2019,11,7,1,3,2,6,0,0,1,0,0,0,0,0,794222,56,5828443,14
201082,11,7,7060601,Marienfelder Allee Nordwest,2019,11,5,1,3,6,7,2,0,1,1,1,0,0,1,795961,4677,5816391,104
201083,11,3,3061131,Falkplatz,2019,11,0,1,3,0,5,2,0,0,0,1,0,1,1,798944,631,5830383,827
201084,11,11,11030721,R�digerstra�e,2019,11,18,7,2,5,3,2,0,1,0,1,0,0,1,804999,475,5828429,571
201085,11,4,4051549,Rathaus Wilmersdorf,2019,11,15,7,3,5,3,0,0,1,1,0,0,0,0,793302,8653,5823637,435
201086,11,1,1011103,L�tzowstra�e,2019,11,17,7,3,1,5,2,1,1,0,0,0,0,1,796060,8033,5825727,852
201087,11,5,5030730,Zitadellenweg,2019,11,17,7,3,2,7,2,0,1,0,0,0,0,1,786669,3446,5829266,372
201088,11,1,1033101,Soldiner Stra�e,2019,11,17,7,3,2,2,2,0,1,0,0,0,0,1,797564,8748,5832745,714
201089,11,8,8010404,Rixdorf,2019,11,16,7,3,5,2,2,1,1,0,0,0,0,1,801820,7531,5823620,622
201090,11,4,4010101,Jungfernheide,2019,11,15,7,2,5,2,0,0,1,0,0,0,0,1,791284,958,5830676,183
201091,11,11,11020412,Hauptstra�e,2019,11,20,7,3,9,1,2,0,1,0,0,0,0,1,805623,9967,5831593,653
201092,11,9,9020501,Obersch�neweide West,2019,11,14,7,3,5,2,0,0,1,0,0,0,0,1,806583,5704,5822763,856
201093,11,8,8010214,Glasower Stra�e,2019,11,14,7,3,5,2,0,0,1,0,0,0,0,1,802065,7254,5821982,647
201094,11,1,1011402,Arkonaplatz,2019,11,14,7,3,6,2,0,0,1,1,0,0,0,1,798241,1396,5829625,78
201095,11,6,6030610,Lichterfelde West,2019,11,14,7,3,5,3,0,0,1,0,0,0,0,1,792698,8979,5818055,682
201096,11,5,5010310,Eckschanze,2019,11,19,7,2,0,1,2,0,0,0,1,0,0,1,784303,6978,5830577,844
201097,11,1,1011101,St�lerstra�e,2019,11,14,7,3,0,1,0,0,0,0,1,0,0,1,794604,2655,5826142,62
201098,11,8,8010211,Flughafenstra�e,2019,11,14,7,3,6,2,0,0,1,1,0,0,0,1,800451,6321,5823644,417
201099,11,1,1044201,Reinickendorfer Stra�e,2019,11,14,7,3,2,6,0,0,1,0,0,0,1,1,796869,7945,5831905,156
201100,11,1,1011303,Alexanderplatzviertel,2019,11,18,7,2,1,5,2,0,1,0,0,0,0,0,798498,856,5828173,913
201101,11,12,12214424,Scharnweberstra�e,2019,11,18,7,3,5,7,2,0,1,0,0,0,0,1,792769,3133,5832752,83
201102,11,1,1011302,Oranienburger Stra�e,2019,11,13,7,3,5,3,0,1,1,0,0,0,0,1,798353,8433,5828355,121
201103,11,7,7030302,Cecilieng�rten,2019,11,18,7,3,0,6,2,0,0,0,1,0,1,1,794953,1629,5822485,36
201104,11,7,7040404,Marienh�he,2019,11,13,7,3,4,7,0,0,1,0,0,0,0,1,796367,5545,5819725,284
201105,11,8,8010301,Reuterkiez,2019,11,12,7,3,3,6,0,0,1,0,1,0,0,1,801076,7022,5824169,468
201106,11,9,9020502,Obersch�neweide Ost,2019,11,12,7,3,5,2,0,0,1,0,0,0,0,1,808323,873,5821628,949
201107,11,8,8020622,Parchimer Allee,2019,11,11,7,3,2,6,0,0,1,0,0,0,0,1,802484,4367,5820682,83
201108,11,8,8010118,Silbersteinstra�e,2019,11,11,7,3,2,6,0,0,1,0,0,0,0,1,801013,6127,5822138,14
201109,11,5,5030731,Gartenfelder Stra�e,2019,11,0,7,3,1,1,2,0,1,0,0,0,1,1,786889,3553,5830105,81
201110,11,2,2040703,Wriezener Bahnhof/Entwicklungsgebiet,2019,11,0,7,3,0,1,2,1,0,0,0,0,0,1,801953,5809,5826797,987
201111,11,6,6030610,Lichterfelde West,2019,11,23,7,3,5,2,2,0,1,0,0,0,0,1,792934,5674,5817747,22
201112,11,1,1011306,Heine-Viertel Ost,2019,11,23,7,3,1,5,2,1,1,0,0,0,1,0,799793,6513,5826996,673
201113,11,2,2050803,Stralauer Kiez,2019,11,22,7,3,5,2,2,1,1,0,0,0,0,1,803118,7159,5826178,995
201114,11,12,12214125,Waldidyll/Flughafensee,2019,11,22,7,3,2,6,2,0,1,0,0,0,0,0,790331,74,5833693,1
201115,11,1,1033201,Brunnenstra�e,2019,11,21,7,2,6,2,2,0,1,1,0,0,0,0,797899,164,5830307,316
201116,11,5,5020626,Adamstra�e,2019,11,21,7,2,2,6,2,0,1,0,0,0,0,1,784730,143,5827537,938
201117,11,2,2020206,Graefekiez,2019,11,21,7,3,2,6,2,0,1,0,0,0,0,1,799505,538,5824517,584
201118,11,1,1022206,L�neburger Stra�e,2019,11,18,7,3,0,1,2,1,0,0,0,0,0,1,796097,8628,5828420,433
201119,11,1,1033203,Humboldthain Nordwest,2019,11,11,6,3,5,2,0,1,1,0,0,0,0,0,796300,4186,5830596,309
201120,11,10,10020517,Adele-Sandrock-Stra�e,2019,11,23,6,3,1,5,2,0,1,0,0,1,0,1,812348,2805,5830464,7
201121,11,4,4030930,George-Grosz-Platz,2019,11,23,6,3,5,3,2,0,1,0,0,0,0,1,793139,2814,5825759,835
201122,11,2,2010104,Wassertorplatz,2019,11,22,6,3,2,6,2,0,1,0,0,0,0,1,799702,9609,5825677,672
201123,11,10,10040933,Mahlsdorf S�d,2019,11,22,6,2,4,6,2,0,1,0,0,0,0,1,812906,506,5826024,812
201124,11,5,5020521,D�beritzer Weg,2019,11,21,6,3,5,2,2,0,1,0,0,0,0,1,779594,451,5827829,955
201125,11,9,9010202,K�penicker Landstra�e,2019,11,20,6,3,5,2,2,0,1,0,0,0,0,1,804100,3721,5823589,305
201126,11,2,2020206,Graefekiez,2019,11,20,6,3,6,2,2,0,1,1,0,0,0,1,800273,474,5824361,163
201127,11,1,1033203,Humboldthain Nordwest,2019,11,19,6,2,6,4,2,0,1,1,0,0,0,1,796486,67,5830109,171
201128,11,5,5020625,Borkumer Stra�e,2019,11,19,6,3,5,2,2,0,1,0,1,0,0,1,783787,4466,5828687,167
201129,11,6,6010205,S�dende,2019,11,18,6,3,5,3,2,0,1,0,0,0,0,1,796293,827,5819677,495
201130,11,12,12301203,Wittenau S�d,2019,11,18,6,3,5,3,2,0,1,0,1,0,0,0,793021,4875,5835689,67
201131,11,12,12214424,Scharnweberstra�e,2019,11,18,6,2,6,7,1,0,1,1,0,0,0,0,793211,172,5832607,18
201132,11,3,3040818,Pankow S�d,2019,11,10,6,3,5,2,0,0,1,0,1,0,0,0,798883,545,5832696,67
201133,11,2,2020204,Urbanstra�e,2019,11,9,6,3,3,6,0,0,1,0,0,0,0,0,798878,849,5825085,692
201134,11,11,11020515,Landsberger Allee,2019,11,14,6,2,6,4,0,0,0,1,0,1,0,0,803356,6263,5830041,198
201135,11,5,5020523,Maulbeerallee,2019,11,9,6,3,5,5,0,0,1,0,0,0,0,0,782716,6464,5827148,665
201136,11,3,3040512,Wilhelmsruh,2019,11,14,6,3,5,3,0,0,1,0,0,0,0,0,796299,4538,5835140,527
201137,11,8,8010117,Schillerpromenade,2019,11,13,6,3,5,2,0,1,1,0,0,0,0,0,800620,1589,5823111,122
201138,11,12,12214422,Klixstra�e,2019,11,8,6,3,1,5,0,0,1,0,0,0,0,0,791553,3695,5833009,621
201139,11,8,8010212,Rollberg,2019,11,11,6,3,1,7,0,0,1,0,0,0,0,0,801135,4287,5823069,103
201140,11,4,4030519,Kaiserin-Augusta-Allee,2019,11,11,6,3,5,3,0,0,1,0,1,0,0,0,792084,9635,5828429,938
201141,11,2,2020206,Graefekiez,2019,11,11,6,3,2,6,0,0,1,0,0,0,0,0,800161,2545,5824413,26
201142,11,2,2040502,Friedenstra�e,2019,11,8,6,3,5,3,0,1,0,0,1,0,0,0,800454,1585,5828240,336
201143,11,7,7070702,Alt-Lichtenrade/T�pchiner Weg,2019,11,7,6,3,5,3,0,1,1,0,0,0,0,0,799994,8396,5814594,18
201144,11,7,7060604,Marienfelde S�d,2019,11,6,6,3,0,2,1,1,1,0,0,0,0,0,795882,6223,5816014,105
201145,11,5,5010314,Carl-Schurz-Stra�e,2019,11,6,6,3,9,1,2,0,1,0,0,0,0,0,784801,8195,5828811,554
201146,11,11,11030618,Fennpfuhl West,2019,11,17,6,2,6,4,2,0,1,1,0,0,0,0,803852,3769,5828731,485
201147,11,4,4030725,Amtsgerichtsplatz,2019,11,17,6,3,1,5,2,1,1,0,0,0,0,1,791795,4684,5826260,313
201148,11,4,4020314,Messegel�nde,2019,11,17,6,3,3,2,2,0,1,0,0,1,0,1,790429,1544,5825932,918
201149,11,8,8010303,Donaustra�e,2019,11,17,6,3,6,4,2,0,0,1,0,0,1,0,801041,992,5823879,374
201150,11,12,12304314,Ziekowstra�e/Freie Scholle,2019,11,16,6,3,5,2,1,1,1,0,0,0,0,1,790240,5826,5835862,825
201151,11,8,8010118,Silbersteinstra�e,2019,11,16,6,3,1,5,2,1,1,0,0,0,0,0,801061,3401,5822020,669
201152,11,8,8041036,Zittauer Stra�e,2019,11,13,6,3,6,4,0,0,1,1,0,0,0,0,805181,6783,5817175,726
201153,11,1,1033101,Soldiner Stra�e,2019,11,16,6,3,6,4,1,0,1,1,0,0,0,1,796661,9049,5832021,6
201154,11,5,5010314,Carl-Schurz-Stra�e,2019,11,15,6,3,2,7,1,1,1,0,0,0,0,1,783601,6574,5829157,638
201155,11,5,5020524,Weinmeisterhornweg,2019,11,16,6,3,6,2,1,0,1,1,0,0,0,1,782890,2733,5826890,297
201156,11,2,2030302,Lausitzer Platz,2019,11,9,6,3,3,5,0,1,1,0,0,0,0,0,800897,51,5825927,218
201157,11,3,3020209,Niedersch�nhausen,2019,11,15,6,3,1,5,0,1,1,0,0,0,0,0,797873,8708,5835264,958
201158,11,4,4031032,Halensee,2019,11,15,6,3,5,2,1,0,1,0,0,0,0,0,791451,4327,5825070,209
201159,11,3,3061131,Falkplatz,2019,11,15,6,3,5,3,0,1,1,0,0,0,0,0,798892,7114,5830385,953
201160,11,9,9051801,Rahnsdorf/Hessenwinkel,2019,11,15,6,3,5,3,0,1,1,0,0,0,0,0,818580,3739,5820448,514
201161,11,1,1022106,Elberfelder Stra�e,2019,11,15,6,3,2,6,0,1,1,0,0,0,0,2,794263,7875,5828140,431
201162,11,4,4030930,George-Grosz-Platz,2019,11,15,6,3,5,2,0,1,0,0,1,0,0,0,793278,1215,5825411,644
201163,11,2,2040701,Andreasviertel,2019,11,16,5,3,6,4,1,0,1,1,0,0,0,1,801066,2167,5827134,985
201164,11,1,1011105,N�rdlicher Landwehrkanal,2019,11,8,5,3,0,5,1,1,1,0,0,0,0,0,796831,3186,5826603,606
201165,11,2,2010104,Wassertorplatz,2019,11,20,5,3,2,2,2,0,1,0,0,0,0,0,799859,4353,5825691,176
201166,11,10,10010311,Landsberger Tor,2019,11,20,5,3,9,1,2,0,1,0,0,0,0,0,810682,357,5832013,312
201167,11,12,12302107,Schorfheidestra�e,2019,11,19,5,3,6,2,2,0,1,1,0,0,0,0,794398,811,5836235,235
201168,11,8,8010212,Rollberg,2019,11,17,5,3,0,6,2,0,1,0,0,0,1,0,800755,7089,5823437,488
201169,11,11,10010203,Gewerbegebiet Bitterfelder Stra�e,2019,11,17,5,3,2,6,2,0,1,0,0,0,0,0,806923,6162,5832608,8
201170,11,1,1033203,Humboldthain Nordwest,2019,11,17,5,3,6,2,2,0,1,1,0,0,0,0,796818,285,5831272,817
201171,11,6,6010102,Schlo�stra�e,2019,11,17,5,3,3,2,1,1,1,0,0,0,0,0,793359,9901,5821256,913
201172,11,11,11051332,Karlshorst S�d,2019,11,16,5,3,0,2,2,0,1,0,0,0,1,0,807234,95,5824085,2
201173,11,2,2030301,Oranienplatz,2019,11,18,5,3,3,5,2,1,1,0,0,0,0,0,799875,2963,5825885,681
201174,11,1,1011203,Unter den Linden S�d,2019,11,15,5,3,2,2,0,1,1,0,0,0,0,0,798212,6297,5827423,525
201175,11,1,1044202,Sparrplatz,2019,11,15,5,3,2,2,0,0,1,0,0,0,0,0,795999,9434,5830329,622
201176,11,9,9020501,Obersch�neweide West,2019,11,14,5,3,2,6,0,0,1,0,0,0,0,0,806255,3782,5822165,696
201177,11,7,7010102,Nollendorfplatz,2019,11,17,5,3,5,2,2,0,1,0,1,0,0,0,794958,352,5825655,239
201178,11,9,9031101,Gr�nau,2019,11,17,5,3,5,2,2,0,1,0,0,0,1,0,812120,7606,5816649,88
201179,11,3,3020209,Niedersch�nhausen,2019,11,13,5,2,5,3,0,0,1,0,0,0,0,2,797871,133,5836026,165
201180,11,6,6040804,Krumme Lanke,2019,11,17,5,2,1,5,2,1,1,0,0,0,0,1,787504,94,5817841,906
201181,11,12,12304314,Ziekowstra�e/Freie Scholle,2019,11,12,5,3,2,6,0,0,1,0,0,0,0,0,790580,3798,5835965,4
201182,11,2,2040502,Friedenstra�e,2019,11,12,5,3,4,6,0,1,0,0,0,0,1,0,800502,4139,5828451,689
201183,11,4,4030519,Kaiserin-Augusta-Allee,2019,11,8,5,3,6,7,0,0,0,1,0,0,1,0,792429,2703,5828256,74
201184,11,11,11030720,Herzbergstra�e,2019,11,8,5,3,0,2,0,1,1,0,0,0,0,0,805112,9423,5829102,196
201185,11,1,1011102,Gro�er Tiergarten,2019,11,8,5,3,1,5,0,1,1,0,0,0,1,1,796675,3947,5827892,445
201186,11,4,4041344,R�desheimer Platz,2019,11,7,5,3,5,3,0,1,1,0,0,0,0,0,793067,1138,5822164,334
201187,11,3,3040513,Sch�nholz,2019,11,7,5,3,2,1,0,0,1,0,0,0,0,1,796746,904,5834025,182
201188,11,7,7040403,Manteuffelstra�e,2019,11,7,5,3,5,2,0,1,1,0,0,0,0,0,797261,1767,5820737,602
201189,11,5,5010206,G�tersloher Weg,2019,11,5,5,3,6,4,2,0,0,1,0,0,1,1,781244,714,5830772,178
201190,11,6,6030501,Berlepschstra�e,2019,11,14,4,3,6,4,0,0,1,1,0,0,0,0,787679,8252,5816448,706