OBJECTID,LAND,BEZ,LOR,STRASSE,UJAHR,UMONAT,USTUNDE,UWOCHENTAG,UKATEGORIE,UART,UTYP1,ULICHTVERH,IstRad,IstPKW,IstFuss,IstKrad,IstGkfz,IstSonstige,USTRZUSTAND,LINREFX,LINREFY,XGCSWGS84,YGCSWGS84
201191,11,1,1011204,Leipziger Stra�e,2019,11,8,4,3,5,3,0,1,1,0,0,0,0,1,798030,202,5826600,304
201192,11,7,7050501,Rathausstra�e,2019,11,8,4,2,0,5,0,0,1,0,0,0,1,1,796828,3353,5819571,926
201193,11,1,1022207,Hansaviertel,2019,11,9,4,3,5,2,0,1,1,0,0,0,0,1,794264,5656,5827283,128
201194,11,11,11020513,Orankesee,2019,11,8,4,3,6,4,0,0,1,1,0,0,0,1,802856,8305,5831360,804
201195,11,8,8010117,Schillerpromenade,2019,11,8,4,3,3,6,0,0,1,0,0,1,0,1,800519,7025,5823425,441
201197,11,10,10030724,Oberfeldstra�e,2019,11,7,4,3,6,2,1,0,1,1,0,0,0,1,809641,6151,5829674,516
201198,11,3,3050920,Wei�er See,2019,11,6,4,3,0,3,0,0,1,0,1,0,0,1,801941,4468,5832570,497
201199,11,11,11020412,Hauptstra�e,2019,11,6,4,3,5,2,2,1,1,0,0,0,0,1,805764,6651,5831835,64
201200,11,4,4051551,Brabanter Platz,2019,11,1,4,3,5,2,2,0,1,0,0,0,1,1,792824,1521,5823228,332
201201,11,6,6020409,K�nigsberger Stra�e,2019,11,23,4,3,8,1,2,0,1,0,0,0,0,0,793302,8212,5816962,259
201202,11,7,7050505,Hundsteinweg,2019,11,18,4,3,0,2,2,0,1,0,1,0,0,1,799272,4137,5819056,58
201203,11,4,4030725,Amtsgerichtsplatz,2019,11,20,4,3,0,5,2,0,1,0,1,0,0,1,791851,9266,5826101,299
201204,11,1,1033202,Humboldthain S�d,2019,11,6,4,3,0,5,2,0,1,0,0,0,1,1,797686,343,5829637,847
201205,11,9,9020802,K�llnische Vorstadt,2019,11,17,4,3,5,2,2,1,1,0,0,0,0,1,809796,3605,5820483,126
201206,11,2,2030301,Oranienplatz,2019,11,16,4,3,0,5,1,1,1,0,0,0,0,1,800029,2933,5825521,607
201207,11,1,1022201,Stephankiez,2019,11,18,4,3,6,7,2,0,0,1,0,0,1,1,795912,3403,5828853,251
201208,11,3,3051017,Rennbahnstra�e,2019,11,16,4,2,6,2,2,0,1,1,0,0,0,1,802909,9391,5833159,466
201209,11,3,3040818,Pankow S�d,2019,11,16,4,2,5,3,2,0,1,0,0,0,0,1,800023,4298,5832024,315
201210,11,1,1033202,Humboldthain S�d,2019,11,15,4,2,5,3,1,1,1,0,0,0,0,1,797759,2682,5829747,607
201211,11,11,11041128,Sewanstra�e,2019,11,15,4,3,5,3,0,1,1,0,0,0,0,1,806507,973,5825546,49
201212,11,1,1011305,Heine-Viertel West,2019,11,19,4,3,5,2,2,0,1,0,0,0,1,1,799650,5687,5827044,16
201213,11,1,1044203,Leopoldplatz,2019,11,15,4,3,2,6,0,0,1,0,0,0,0,1,795195,424,5831365,204
201214,11,12,12214424,Scharnweberstra�e,2019,11,15,4,3,5,3,0,0,1,0,0,0,0,1,793389,51,5832514,299
201215,11,11,11040925,Victoriastadt,2019,11,14,4,3,5,3,0,1,1,0,0,0,0,1,803456,2488,5826558,441
201216,11,2,2050802,Boxhagener Platz,2019,11,14,4,2,6,4,0,0,1,1,0,0,0,1,802046,3098,5826911,441
201217,11,9,9020702,Adlershof Ost,2019,11,13,4,3,3,6,0,1,0,0,0,0,1,1,808959,2229,5819389,59
201218,11,7,7040401,Neu-Tempelhof,2019,11,13,4,3,1,5,0,1,1,0,0,0,0,1,796932,8313,5823518,938
201219,11,3,3040512,Wilhelmsruh,2019,11,13,4,3,5,3,0,0,1,0,0,0,0,1,796970,2816,5835826,704
201220,11,11,11051330,Karlshorst West,2019,11,11,4,3,5,3,0,0,1,0,1,0,0,1,807312,3469,5825365,486
201221,11,8,8010405,Hertzbergplatz,2019,11,11,4,3,5,3,0,1,1,0,0,0,0,1,802114,9938,5823638,89
201222,11,6,6030605,Botanischer Garten,2019,11,10,4,3,2,6,0,0,1,0,1,0,0,1,792139,57,5819531,487
201223,11,10,10040830,Kaulsdorf S�d,2019,11,9,4,2,5,3,0,0,1,0,0,0,0,1,810562,2767,5825072,59
201224,11,1,1011304,Karl-Marx-Allee,2019,11,8,4,3,5,2,0,1,1,0,0,0,0,1,799727,2583,5827762,843
201225,11,1,1011301,Charit�viertel,2019,11,16,4,3,0,1,2,0,0,0,1,0,0,1,797630,2891,5828236,28
201226,11,6,6010210,Bismarckstra�e,2019,11,9,3,3,6,7,0,0,1,1,0,0,0,0,795224,3218,5821146,867
201227,11,2,2050801,Traveplatz,2019,11,17,3,3,0,7,2,0,0,0,1,0,0,1,802383,87,5827444,913
201228,11,1,1022104,Emdener Stra�e,2019,11,21,3,3,1,5,2,1,1,0,0,0,0,0,794135,1221,5828462,447
201229,11,7,7030303,Grazer Platz,2019,11,20,3,3,1,6,2,0,1,0,0,0,0,0,795117,4749,5821327,907
201230,11,1,1011105,N�rdlicher Landwehrkanal,2019,11,18,3,3,5,2,2,0,1,0,1,0,0,1,795583,4645,5826668,569
201231,11,2,2030301,Oranienplatz,2019,11,19,3,2,6,4,2,0,1,1,0,0,0,1,800097,788,5825908,514
201232,11,11,11030619,Fennpfuhl Ost,2019,11,19,3,3,2,6,2,0,1,0,0,0,0,1,803606,1567,5829765,502
201233,11,7,7040403,Manteuffelstra�e,2019,11,22,3,3,5,2,2,0,1,0,1,0,0,0,797851,3891,5822205,669
201234,11,12,12103117,Letteplatz,2019,11,21,3,3,6,2,2,0,1,1,0,0,0,1,796337,151,5832502,892
201235,11,8,8010404,Rixdorf,2019,11,0,3,3,6,2,2,0,1,1,0,0,0,0,802163,9395,5823374,922
201236,11,1,1011204,Leipziger Stra�e,2019,11,11,3,3,6,7,0,0,1,1,0,0,0,1,798081,4189,5826800,689
201237,11,6,6020302,Komponistenviertel Lankwitz,2019,11,10,3,3,2,2,0,0,1,0,0,0,1,0,795052,127,5819045,92
201238,11,3,3010101,Bucher Forst,2019,11,10,3,3,0,3,0,0,1,0,1,0,0,1,804240,8336,5841815,87
201239,11,8,8010301,Reuterkiez,2019,11,10,3,3,1,5,0,1,1,0,0,0,0,0,801480,4253,5823921,508
201240,11,1,1011102,Gro�er Tiergarten,2019,11,9,3,3,6,4,0,1,0,1,0,0,0,1,796537,7383,5827813,357
201241,11,3,3030406,Alt-Karow,2019,11,9,3,2,0,2,0,0,1,0,0,0,1,0,803225,1865,5838044,899
201242,11,3,3050923,Wei�enseer Spitze,2019,11,9,3,3,0,1,0,0,0,0,1,0,0,0,800881,3613,5831615,146
201243,11,8,8030831,Gropiusstadt Ost,2019,11,8,3,3,5,3,0,0,1,0,0,0,0,1,803357,677,5817393,21
201244,11,3,3050923,Wei�enseer Spitze,2019,11,8,3,2,0,3,0,1,1,0,0,0,0,1,800680,7677,5831567,299
201245,11,6,6010206,Stadtpark,2019,11,8,3,2,6,4,0,0,1,1,0,0,0,1,795010,1833,5819657,662
201246,11,7,7020203,Kaiser-Wilhelm-Platz,2019,11,7,3,3,6,4,0,0,1,1,0,0,0,0,795665,1163,5824476,74
201247,11,1,1044201,Reinickendorfer Stra�e,2019,11,8,3,3,0,4,0,0,0,1,1,0,0,1,796222,5112,5830762,874
201248,11,2,2020203,Viktoriapark,2019,11,7,3,3,1,5,0,0,1,0,0,0,0,0,796995,1244,5824255,63
201249,11,11,11010310,M�hlengrund,2019,11,7,3,3,5,2,0,1,0,0,0,0,1,0,805538,7203,5833408,496
201250,11,11,11030618,Fennpfuhl West,2019,11,7,3,3,0,1,0,1,0,0,0,0,0,1,802899,8843,5829212,583
201251,11,11,11030618,Fennpfuhl West,2019,11,6,3,3,5,2,1,1,0,0,0,0,0,0,803850,7161,5828776,416
201252,11,3,3040614,Pankow Zentrum,2019,11,2,3,3,8,1,2,0,1,0,0,0,0,1,799521,3837,5833955,3
201253,11,4,4010102,Pl�tzensee,2019,11,18,3,3,0,1,2,1,0,0,0,0,0,0,792229,19,5830696,37
201254,11,3,3040614,Pankow Zentrum,2019,11,17,3,3,0,1,1,0,0,0,1,0,0,1,799133,6344,5833866,376
201255,11,7,7020204,Sch�neberger Insel,2019,11,17,3,3,0,1,2,0,0,0,1,0,0,1,796561,9071,5823810,98
201256,11,12,12214125,Waldidyll/Flughafensee,2019,11,16,3,3,5,3,2,1,1,0,0,0,0,1,790737,3324,5833706,288
201257,11,7,7020204,Sch�neberger Insel,2019,11,16,3,3,3,6,0,0,1,0,1,0,0,1,796572,1307,5823846,104
201258,11,11,11030721,R�digerstra�e,2019,11,17,3,3,5,7,2,0,1,0,1,0,0,1,804271,377,5827844,587
201259,11,1,1011302,Oranienburger Stra�e,2019,11,15,3,3,0,4,1,1,0,1,0,0,0,1,798755,6279,5828975,714
201260,11,2,2040502,Friedenstra�e,2019,11,15,3,3,5,2,1,1,1,0,0,0,0,1,801126,644,5828575,599
201261,11,4,4041238,Kissinger Stra�e,2019,11,15,3,3,5,2,0,1,1,0,0,0,0,1,791668,236,5823133,54
201262,11,7,7050501,Rathausstra�e,2019,11,15,3,3,1,5,0,0,1,0,0,0,0,0,797505,9035,5820130,965
201263,11,2,2030301,Oranienplatz,2019,11,14,3,3,5,3,0,1,1,0,0,0,0,1,799912,76,5825985,1
201264,11,2,2020203,Viktoriapark,2019,11,14,3,2,5,2,0,1,1,0,0,0,0,1,797749,362,5824034,295
201265,11,9,9010401,Johannisthal West,2019,11,16,3,3,2,6,2,0,1,0,0,0,0,0,806204,2505,5820292,678
201266,11,1,1011203,Unter den Linden S�d,2019,11,13,3,3,5,2,0,1,1,0,0,0,0,1,797775,827,5827350,948
201267,11,1,1033201,Brunnenstra�e,2019,11,12,3,3,5,3,0,0,1,0,1,0,0,0,797893,5844,5831001,197
201268,11,6,6040810,Dahlem,2019,11,12,3,3,5,3,0,1,1,0,0,0,0,0,790574,1855,5819763,491
201269,11,7,7010102,Nollendorfplatz,2019,11,12,3,3,0,1,0,0,0,0,1,0,0,1,795572,4943,5825157,458
201270,11,3,3040614,Pankow Zentrum,2019,11,12,3,3,5,3,0,1,0,0,0,0,0,0,798695,6333,5833450,53
201271,11,1,1022104,Emdener Stra�e,2019,11,11,3,3,3,6,0,1,1,0,0,0,0,1,794513,3693,5828437,812
201272,11,4,4041238,Kissinger Stra�e,2019,11,5,3,3,1,5,2,1,1,0,0,0,0,0,791857,7281,5823626,719
201273,11,1,1022201,Stephankiez,2019,11,22,2,3,0,1,2,0,0,0,1,0,0,1,795450,132,5829550,365
201274,11,1,1011305,Heine-Viertel West,2019,11,21,2,3,2,2,2,0,1,0,1,0,0,1,799457,329,5827067,3
201275,11,1,1022207,Hansaviertel,2019,11,20,2,3,2,6,2,0,1,0,0,0,1,1,794201,4962,5827151,79
201276,11,1,1044103,Westliche M�llerstra�e,2019,11,18,2,3,7,7,1,1,0,0,0,0,0,1,794721,819,5830905,5
201277,11,4,4030828,Savignyplatz,2019,11,19,2,3,6,4,2,0,1,1,0,0,0,1,792971,8323,5826025,483
201278,11,1,1044202,Sparrplatz,2019,11,17,2,3,1,5,2,0,1,0,0,0,1,1,794793,1354,5829957,234
201279,11,7,7050503,Eisenacher Stra�e,2019,11,13,2,3,2,6,0,0,1,0,0,0,0,1,799196,2462,5820017,884
201280,11,7,7010102,Nollendorfplatz,2019,11,14,2,3,6,4,0,0,1,1,0,0,0,0,794950,9521,5825382,271
201281,11,12,12301205,Waidmannslust,2019,11,14,2,3,5,7,0,0,1,0,0,0,0,1,791450,8649,5836601,384
201282,11,12,12103218,Teichstra�e,2019,11,18,2,3,5,2,1,1,1,0,0,0,0,1,794845,7381,5833049,455
201283,11,9,9051901,Dammvorstadt,2019,11,14,2,3,5,7,0,0,1,0,0,0,1,0,811202,1542,5821189,197
201284,11,3,3050920,Wei�er See,2019,11,14,2,3,6,4,0,0,1,1,0,0,0,1,802089,595,5832462,103
201285,11,12,12302107,Schorfheidestra�e,2019,11,18,2,3,5,3,1,0,1,0,0,0,0,1,794374,32,5836231,585
201286,11,4,4051448,Schaperstra�e,2019,11,18,2,3,5,2,2,0,1,0,1,0,0,1,794203,5095,5824944,777
201287,11,7,7050503,Eisenacher Stra�e,2019,11,14,2,3,6,4,0,0,1,1,0,0,0,0,798112,3726,5819919,369
201288,11,6,6030609,Augustaplatz,2019,11,18,2,3,5,2,2,1,1,0,0,0,0,1,793276,9057,5819084,813
201289,11,5,5030730,Zitadellenweg,2019,11,18,2,3,2,6,2,0,1,0,0,0,0,1,786149,9491,5829143,192
201290,11,2,2020203,Viktoriapark,2019,11,13,2,3,2,6,1,0,1,0,0,0,0,1,797117,7876,5824091,295
201291,11,9,9010201,Am Treptower Park S�d,2019,11,17,2,3,6,2,2,0,1,1,0,0,0,1,802657,269,5824415,366
201292,11,1,1044203,Leopoldplatz,2019,11,13,2,3,0,3,0,0,1,0,1,0,0,1,795944,3268,5831560,657
201293,11,7,7060603,Marienfelde Nordost,2019,11,13,2,3,1,5,0,0,1,0,0,0,0,0,797917,6226,5817153,796
201294,11,3,3030406,Alt-Karow,2019,11,13,2,3,5,3,0,0,1,0,0,0,1,1,802868,9139,5838271,411
201295,11,4,4051445,Eisenzahnstra�e,2019,11,13,2,3,5,3,0,0,1,0,0,0,0,1,792194,327,5824059,709
201296,11,6,6020305,Gemeindepark Lankwitz,2019,11,12,2,2,5,3,0,1,1,0,0,0,0,1,796263,294,5817908,6
201297,11,10,10040931,Mahlsdorf Nord,2019,11,12,2,3,0,3,0,0,1,0,0,0,0,1,813289,4941,5829072,118
201298,11,1,1044203,Leopoldplatz,2019,11,16,2,3,6,4,2,0,1,1,0,0,0,1,795896,329,5831964,51
201299,11,4,4020311,Reichsstra�e,2019,11,15,4,2,6,7,0,0,1,1,0,0,0,0,789447,81,5826676,132
201300,11,1,1022106,Elberfelder Stra�e,2019,11,15,4,2,5,2,0,1,1,0,0,0,0,0,793680,171,5828001,177
201301,11,12,12103218,Teichstra�e,2019,11,16,2,3,1,5,1,1,0,0,0,0,1,0,794222,6294,5833326,462
201302,11,8,8010508,Wei�e Siedlung,2019,11,10,2,2,5,2,0,1,0,0,0,1,0,1,802753,7184,5822970,341
201303,11,6,6030605,Botanischer Garten,2019,11,15,2,3,5,2,0,0,0,0,1,1,0,0,791751,3599,5819295,888
201304,11,8,8010213,K�rnerpark,2019,11,15,4,3,6,4,0,0,1,1,0,0,0,0,800993,9406,5822642,419
201305,11,5,5030833,Motardstra�e,2019,11,10,2,3,4,6,0,0,1,0,0,0,0,1,788076,7564,5829040,783
201306,11,4,4030724,Lietzensee,2019,11,10,4,3,2,6,0,1,1,0,0,0,0,0,790600,6267,5825985,259
201307,11,9,9020801,Spindlersfeld,2019,11,9,2,3,3,6,0,0,1,0,0,0,0,1,809743,8708,5820764,23
201308,11,1,1022104,Emdener Stra�e,2019,11,6,2,3,6,2,1,0,1,1,0,0,0,0,794554,5777,5829071,775
201309,11,8,8010510,Gewerbegebiet K�llnische Heide,2019,11,8,4,3,0,3,0,0,1,0,0,0,1,0,802549,3359,5822124,636
201310,11,8,8041036,Zittauer Stra�e,2019,11,8,2,3,5,3,0,1,1,0,0,0,0,1,805278,6227,5817252,71
201311,11,6,6040810,Dahlem,2019,11,7,2,3,5,2,0,1,1,0,0,0,0,1,792369,4341,5820812,5
201312,11,9,9010302,Sp�thsfelde,2019,11,7,2,3,2,6,0,0,1,0,0,0,0,1,803492,184,5820687,938
201313,11,12,12103117,Letteplatz,2019,11,8,4,3,5,2,0,0,1,0,0,0,0,0,795786,906,5832580,132
201314,11,11,11041128,Sewanstra�e,2019,11,6,2,3,5,2,1,0,1,0,1,0,0,1,806067,5933,5825805,775
201315,11,1,1033203,Humboldthain Nordwest,2019,11,7,2,3,0,6,1,1,1,0,0,0,0,1,797298,573,5831152,484
201316,11,11,11051330,Karlshorst West,2019,11,7,4,3,5,3,0,1,1,0,0,0,0,0,807228,229,5824304,402
201317,11,5,5020627,Tiefwerder,2019,11,7,2,3,5,2,0,0,1,0,0,0,1,1,785632,9421,5828030,249
201318,11,10,10020622,Kaulsdorf Nord I,2019,11,6,4,2,5,2,2,0,1,0,1,0,0,0,811165,8587,5828366,984
201319,11,7,7040402,Lindenhofsiedlung,2019,11,6,2,3,6,2,1,0,1,1,0,0,0,1,796809,666,5821977,858
201320,11,11,11040925,Victoriastadt,2019,11,6,2,3,6,4,2,0,0,1,1,0,0,1,803811,5301,5826269,52
201321,11,1,1011102,Gro�er Tiergarten,2019,11,8,4,3,2,3,0,1,0,0,0,0,0,0,795155,563,5827075,522
201322,11,3,3061430,Volkspark Prenzlauer Berg,2019,11,16,4,3,5,2,2,1,0,0,0,0,1,0,801884,7892,5829850,555
201323,11,12,12304314,Ziekowstra�e/Freie Scholle,2019,11,13,1,3,0,7,0,0,0,0,1,0,0,1,790697,6335,5835383,492
201324,11,12,12302109,Treuenbrietzener Stra�e,2019,11,5,1,2,1,5,2,0,1,0,0,0,0,1,795866,4958,5836893,976
201325,11,9,9010402,Johannisthal Ost,2019,11,11,3,3,5,7,0,0,0,0,0,0,1,0,806011,1572,5819743,788
201326,11,1,1022106,Elberfelder Stra�e,2019,11,10,3,3,2,2,0,0,1,0,0,0,0,0,793673,1709,5828112,642
201327,11,2,2050802,Boxhagener Platz,2019,11,3,1,3,0,1,2,1,0,1,0,0,0,1,802658,9711,5826992,62
201328,11,3,3020210,Herthaplatz,2019,11,1,1,3,2,6,2,0,1,0,1,0,0,1,800072,4531,5835852,374
201329,11,8,8020622,Parchimer Allee,2019,11,17,1,3,2,7,2,0,1,0,0,0,0,1,802187,6865,5819292,75
201330,11,2,2050801,Traveplatz,2019,11,10,3,3,5,2,0,1,0,0,0,0,1,0,803466,787,5827006,257
201331,11,9,9041501,Altstadt Kietz,2019,11,17,1,3,0,1,2,1,0,0,0,0,0,1,810807,183,5820377,396
201332,11,1,1033202,Humboldthain S�d,2019,11,8,3,3,5,2,0,1,1,0,0,0,0,0,797530,2797,5829429,61
201333,11,1,1033102,Gesundbrunnen,2019,11,15,1,3,5,3,0,1,1,0,0,0,0,1,797698,973,5831738,172
201334,11,1,1044201,Reinickendorfer Stra�e,2019,11,15,1,3,2,6,0,0,1,0,0,0,0,0,796440,3565,5831973,494
201335,11,11,11051331,Karlshorst Nord,2019,11,8,3,3,5,3,0,0,1,0,0,0,1,0,807999,728,5825553,25
201336,11,3,3040513,Sch�nholz,2019,11,15,1,3,5,3,0,1,1,0,0,0,0,1,797412,3571,5833971,488
201337,11,5,5030833,Motardstra�e,2019,11,14,1,3,0,7,0,0,0,0,1,0,0,1,789192,9262,5829306,21
201338,11,1,1033101,Soldiner Stra�e,2019,11,15,1,3,5,3,0,0,1,0,0,0,0,0,796410,11,5832009,174
201339,11,5,5010339,Freiheit,2019,11,8,3,3,5,7,0,0,1,0,0,0,0,0,786810,6871,5828194,821
201340,11,2,2040502,Friedenstra�e,2019,11,8,3,3,2,6,0,0,1,0,0,0,0,0,800408,264,5828006,175
201341,11,3,3051017,Rennbahnstra�e,2019,11,14,1,3,0,1,0,1,0,0,0,0,0,1,802252,3381,5833053,74
201342,11,2,2050802,Boxhagener Platz,2019,11,6,1,3,1,5,2,0,1,0,0,0,0,1,802440,908,5826786,87
201343,11,1,1011301,Charit�viertel,2019,11,8,3,2,5,2,0,1,1,0,0,0,0,0,796898,817,5828889,314
201344,11,6,6040807,Zehlendorf Eiche,2019,11,21,1,3,2,7,2,0,1,0,0,0,0,1,789829,8996,5818697,995
201345,11,4,4030726,Droysenstra�e,2019,11,19,5,3,6,2,2,0,1,1,0,0,0,1,792321,4281,5825370,776
201346,11,5,5020523,Maulbeerallee,2019,11,18,5,3,5,3,2,0,0,0,1,0,0,1,782762,9652,5827471,63
201347,11,12,12214424,Scharnweberstra�e,2019,11,18,5,3,6,4,2,0,1,1,0,0,0,1,793204,9502,5832390,59
201348,11,9,9010302,Sp�thsfelde,2019,11,7,5,3,2,6,0,0,1,0,0,1,0,0,804015,5772,5821191,457
201349,11,8,8020727,Buckow Mitte,2019,11,6,5,3,6,4,1,0,1,1,0,0,0,0,800686,5408,5816195,272
201350,11,3,3061126,Arnimplatz,2019,11,5,5,3,6,4,2,0,1,1,0,0,0,1,798435,6999,5831740,81
201351,11,5,5010314,Carl-Schurz-Stra�e,2019,11,7,5,3,5,2,0,0,1,0,0,0,1,0,784819,226,5829147,346
201352,11,3,3020307,Buchholz,2019,11,8,4,3,0,2,0,1,1,0,0,0,0,1,800154,6978,5836464,77
201353,11,2,2040701,Andreasviertel,2019,11,21,4,3,5,3,2,0,1,0,0,0,0,1,800458,1783,5827591,768
201354,11,11,11010310,M�hlengrund,2019,11,19,4,3,6,4,2,0,1,1,0,0,0,0,805340,102,5833267,724
201355,11,3,3030406,Alt-Karow,2019,11,19,4,3,5,3,2,0,1,0,0,0,0,1,803468,251,5838537,195
201356,11,2,2020206,Graefekiez,2019,11,17,4,3,4,7,2,1,0,0,0,0,0,1,799690,4506,5825221,335
201357,11,1,1033202,Humboldthain S�d,2019,11,17,4,3,5,3,2,1,1,0,0,0,0,1,796971,3284,5830138,937
201358,11,10,10040828,Kaulsdorf Nord,2019,11,17,4,3,5,3,2,0,1,0,0,1,0,1,812129,434,5828311,568
201359,11,10,10010309,Springpfuhl,2019,11,17,4,3,5,2,2,1,1,0,0,0,0,1,808531,2864,5829984,174
201360,11,5,5030731,Gartenfelder Stra�e,2019,11,16,4,3,5,3,2,0,1,0,0,0,0,0,787940,2308,5830042,34
201361,11,9,9010301,Baumschulenstra�e,2019,11,22,4,3,0,1,2,0,0,0,0,0,1,0,804293,7782,5822764,649
201362,11,8,8010118,Silbersteinstra�e,2019,11,22,4,3,0,7,2,0,1,0,1,0,0,0,801044,9064,5822061,404
201363,11,2,2020203,Viktoriapark,2019,11,19,4,3,0,2,2,0,1,0,1,0,0,1,797471,968,5824553,361
201364,11,4,4051445,Eisenzahnstra�e,2019,11,21,4,3,5,3,2,0,1,0,0,0,0,0,792435,4243,5824093,489
201365,11,9,9020701,Adlershof West,2019,11,12,4,3,5,3,0,0,1,0,0,0,0,1,807818,2944,5818416,66
201366,11,7,7060604,Marienfelde S�d,2019,11,11,4,3,9,1,0,0,1,0,0,0,0,1,797581,119,5815565,231
201367,11,8,8010404,Rixdorf,2019,11,10,4,3,2,6,0,1,1,0,0,0,0,1,802439,736,5823196,956
201368,11,1,1011202,Unter den Linden Nord,2019,11,10,4,2,2,6,0,1,1,0,0,0,0,1,797529,2153,5827586,68
201369,11,2,2050802,Boxhagener Platz,2019,11,10,4,3,5,7,0,1,1,0,0,0,0,1,802887,7992,5826678,811
201370,11,8,8010301,Reuterkiez,2019,11,10,4,3,0,6,0,0,1,0,1,0,0,1,801628,99,5824130,121
201371,11,7,7050505,Hundsteinweg,2019,11,9,4,3,4,7,0,1,0,0,0,0,0,0,799073,3551,5818818,691
201372,11,11,11020514,Gro�e-Leege-Stra�e,2019,11,9,4,3,6,4,0,0,1,1,0,0,0,1,804188,8522,5830668,246
201373,11,5,5010101,Hakenfelde Nord,2019,11,8,4,3,0,1,0,0,0,0,1,0,0,1,785185,9736,5831351,745
201374,11,4,4020313,K�nigin-Elisabeth-Stra�e,2019,11,8,4,2,6,4,0,0,0,1,1,0,0,1,790335,9028,5826677,885
201375,11,4,4051446,Preu�enpark,2019,11,8,4,2,6,2,0,0,0,1,0,1,0,1,792830,7101,5824334,191
201376,11,4,4030827,Karl-August-Platz,2019,11,8,4,3,2,6,0,0,1,0,0,0,0,1,792015,3363,5825978,74
201377,11,4,4030621,Spreestadt,2019,11,6,4,3,6,4,1,0,1,1,0,0,0,1,794162,1609,5827016,237
201378,11,6,6030610,Lichterfelde West,2019,11,7,4,2,5,2,0,1,1,0,0,0,0,1,792761,353,5817958,289
201379,11,7,7060604,Marienfelde S�d,2019,11,7,4,3,3,6,2,0,1,0,0,1,0,1,797357,2763,5815535,572
201380,11,4,4030518,Tegeler Weg,2019,11,7,4,3,5,2,0,0,1,0,0,0,1,1,791475,4752,5828279,733
201381,11,9,9010302,Sp�thsfelde,2019,11,16,4,2,5,3,2,1,1,0,0,0,0,0,805033,9719,5820664,822
201382,11,4,4030931,Breitscheidplatz,2019,11,15,4,3,6,4,1,1,0,1,0,0,0,0,793942,3317,5825896,636
201383,11,12,12214527,Alt-Tegel,2019,11,14,4,3,0,1,0,0,1,0,1,0,0,1,790554,811,5834541,909
201384,11,11,11020514,Gro�e-Leege-Stra�e,2019,11,14,4,3,6,4,0,0,0,1,0,0,1,1,804591,754,5831059,6
201385,11,8,8020727,Buckow Mitte,2019,11,13,4,3,4,6,0,0,1,0,0,0,0,1,801297,415,5817483,584
201386,11,5,5020523,Maulbeerallee,2019,11,7,4,3,5,2,0,0,1,0,1,0,0,1,782233,6755,5827613,418
201387,11,4,4030931,Breitscheidplatz,2019,11,7,4,3,0,3,1,1,1,0,0,0,0,1,794552,6692,5826005,746
201388,11,4,4030415,Schlo�garten,2019,11,6,4,3,6,2,2,0,1,1,0,0,0,1,790787,13,5827381,817
201389,11,1,1011302,Oranienburger Stra�e,2019,11,9,4,3,3,6,0,1,1,0,0,0,0,1,798270,6094,5828838,563
201390,11,5,5030731,Gartenfelder Stra�e,2019,11,6,4,3,7,7,2,1,0,0,0,0,0,1,787852,6913,5829367,507
201391,11,1,1033203,Humboldthain Nordwest,2019,11,5,4,2,5,2,2,1,1,0,0,0,0,1,796624,888,5829798,597
201392,11,1,1011402,Arkonaplatz,2019,11,4,4,3,0,1,2,0,0,0,0,0,1,1,798667,9164,5829439,915
201393,11,3,3071537,Kollwitzplatz,2019,11,13,3,3,6,4,0,0,1,1,0,0,0,1,799478,3364,5829106,72
201394,11,1,1033102,Gesundbrunnen,2019,11,22,3,3,5,2,2,0,1,0,0,0,1,1,796989,1207,5831491,733
201395,11,1,1011302,Oranienburger Stra�e,2019,11,22,3,2,6,4,2,0,0,1,1,0,0,1,798027,7951,5828916,918
201396,11,4,4030518,Tegeler Weg,2019,11,23,3,3,2,6,2,0,1,0,0,0,0,1,791525,4013,5828059,33
201397,11,11,11010103,Dorf Falkenberg,2019,11,21,3,3,5,3,2,1,1,0,0,0,0,1,807997,922,5833894,418
201398,11,7,7040406,Germaniagarten,2019,11,19,3,3,1,5,2,0,1,0,0,0,1,0,800203,122,5821228,524
201399,11,1,1011202,Unter den Linden Nord,2019,11,19,3,3,6,7,2,0,1,1,0,0,0,1,797677,2795,5827911,846
201400,11,5,5010206,G�tersloher Weg,2019,11,19,3,3,6,2,2,0,1,1,0,0,0,1,781830,8224,5830216,768
201401,11,7,7020203,Kaiser-Wilhelm-Platz,2019,11,20,3,2,6,2,2,0,1,1,0,0,0,1,795383,5339,5824017,92
201402,11,3,3061126,Arnimplatz,2019,11,18,3,3,6,4,2,0,1,1,0,0,0,1,798431,721,5831801,412
201403,11,10,10010204,Wuhletalstra�e,2019,11,17,3,3,2,6,2,0,1,0,0,0,0,0,809333,434,5832727,959
201404,11,7,7040403,Manteuffelstra�e,2019,11,17,3,3,6,2,2,0,1,1,0,0,0,0,797290,3461,5821379,545
201405,11,8,8020622,Parchimer Allee,2019,11,17,3,2,6,4,1,0,1,1,0,0,0,0,802381,5316,5819176,281
201406,11,8,8020620,Tempelhofer Weg,2019,11,16,3,3,2,6,2,0,1,0,0,1,0,0,800566,819,5820560,307