OBJECTID,LAND,BEZ,LOR,STRASSE,UJAHR,UMONAT,USTUNDE,UWOCHENTAG,UKATEGORIE,UART,UTYP1,ULICHTVERH,IstRad,IstPKW,IstFuss,IstKrad,IstGkfz,IstSonstige,USTRZUSTAND,LINREFX,LINREFY,XGCSWGS84,YGCSWGS84
201407,11,11,11041022,Rosenfelder Ring,2019,11,16,3,3,5,2,2,1,1,0,0,0,0,0,806577,5673,5827759,133
201408,11,4,4020310,Park Ruhwald,2019,11,15,3,3,5,2,0,0,1,0,0,0,1,0,790068,3567,5827332,837
201409,11,4,4030623,Ernst-Reuter-Platz,2019,11,14,3,3,5,3,0,1,1,0,0,0,0,0,793687,2508,5826349,208
201410,11,5,5010314,Carl-Schurz-Stra�e,2019,11,15,3,2,0,4,1,0,0,1,1,0,0,0,785050,8371,5829397,24
201411,11,7,7070704,Nahariyastra�e,2019,11,19,3,2,1,7,2,0,1,0,0,0,0,0,800596,2101,5814147,322
201412,11,7,7020203,Kaiser-Wilhelm-Platz,2019,11,14,3,3,5,7,0,0,1,0,0,0,0,0,795878,778,5824525,617
201413,11,9,9041401,Allende I,2019,11,14,3,3,2,6,0,0,1,0,0,0,0,0,812035,6125,5820032,99
201414,11,4,4010102,Pl�tzensee,2019,11,14,3,3,5,2,0,0,1,0,0,0,0,0,793341,4269,5829716,178
201415,11,4,4010101,Jungfernheide,2019,11,15,3,3,2,6,0,0,1,0,0,0,0,0,791251,6529,5829731,114
201416,11,1,1033203,Humboldthain Nordwest,2019,11,11,3,3,1,5,0,0,1,0,0,0,0,0,796436,2411,5830101,442
201417,11,11,11030720,Herzbergstra�e,2019,11,11,3,3,2,6,0,0,1,0,0,0,0,0,804934,7984,5829954,273
201418,11,7,7040403,Manteuffelstra�e,2019,11,9,3,3,1,5,0,1,1,0,0,0,0,0,796976,501,5820982,142
201419,11,9,9020802,K�llnische Vorstadt,2019,11,10,3,2,6,7,0,0,1,1,0,0,0,0,810378,267,5820333,648
201420,11,2,2050601,Hausburgviertel,2019,11,6,3,3,5,2,2,1,1,0,0,0,0,0,801950,5779,5829055,516
201421,11,8,8010510,Gewerbegebiet K�llnische Heide,2019,11,9,3,3,5,3,0,0,1,0,0,0,1,0,802234,4112,5822478,782
201422,11,8,8010404,Rixdorf,2019,11,9,3,3,0,7,0,0,1,0,0,0,0,0,801749,313,5822595,309
201423,11,4,4051446,Preu�enpark,2019,11,8,3,3,5,2,0,1,1,0,0,0,0,0,792948,3233,5825292,443
201424,11,1,1011402,Arkonaplatz,2019,11,8,3,3,5,3,0,1,1,0,0,0,0,0,798815,7773,5829376,955
201425,11,7,7040405,Rathaus Tempelhof,2019,11,8,3,3,5,3,0,0,1,0,0,0,0,0,798284,7479,5820981,802
201426,11,9,9010401,Johannisthal West,2019,11,7,3,3,2,2,0,1,1,0,0,0,0,1,806152,595,5820168,516
201427,11,2,2030402,Wrangelkiez,2019,11,7,3,3,8,1,1,1,0,0,0,0,0,1,801435,8948,5825665,59
201428,11,3,3030715,Heinersdorf,2019,11,7,3,2,6,2,0,0,0,1,0,1,0,0,800840,2585,5833477,497
201429,11,5,5010314,Carl-Schurz-Stra�e,2019,11,8,2,3,5,2,0,1,1,0,0,0,0,0,785043,8548,5829397,788
201430,11,8,8020625,Handwerker-Siedlung,2019,11,17,2,3,6,2,2,0,1,1,0,0,0,1,801392,3592,5819274,678
201431,11,9,9031001,Bohnsdorf,2019,11,18,2,3,5,2,2,1,0,0,0,1,0,1,808820,4374,5814861,534
201432,11,4,4051655,Babelsberger Stra�e,2019,11,18,2,3,2,7,2,0,1,0,0,0,0,1,793897,6156,5823106,64
201433,11,1,1022206,L�neburger Stra�e,2019,11,17,2,3,0,1,2,1,0,0,0,0,0,1,795485,3498,5827928,11
201434,11,6,6040810,Dahlem,2019,11,16,2,3,5,3,2,0,1,0,0,0,0,1,790544,6683,5820806,461
201435,11,3,3061126,Arnimplatz,2019,11,17,2,3,5,2,2,1,1,0,0,0,0,1,798652,4323,5831486,952
201436,11,2,2050802,Boxhagener Platz,2019,11,18,2,3,0,7,2,1,0,0,0,0,0,0,802333,6273,5827096,643
201437,11,1,1011301,Charit�viertel,2019,11,16,2,3,6,2,1,0,1,1,0,0,0,1,796671,5017,5828256,215
201438,11,12,12103117,Letteplatz,2019,11,16,2,3,6,6,2,0,1,1,0,0,0,1,796680,2267,5832831,898
201439,11,11,11030618,Fennpfuhl West,2019,11,16,2,3,0,3,2,0,1,0,0,0,1,1,802949,8521,5829190,496
201440,11,4,4051448,Schaperstra�e,2019,11,17,2,3,5,3,2,0,1,0,0,0,0,1,794157,6106,5825333,357
201441,11,9,9030901,Dorf Altglienicke,2019,11,17,2,2,6,4,2,0,1,1,0,0,0,1,807558,5802,5815389,46
201442,11,10,10010309,Springpfuhl,2019,11,15,2,3,5,2,0,1,1,0,0,0,0,1,807911,9759,5830177,709
201443,11,1,1011202,Unter den Linden Nord,2019,11,17,2,3,6,4,2,1,0,1,0,0,0,1,797133,6846,5827775,28
201444,11,2,2040701,Andreasviertel,2019,11,15,2,3,5,3,0,1,0,0,0,0,1,1,800580,2547,5827008,28
201445,11,3,3020209,Niedersch�nhausen,2019,11,13,2,2,5,3,1,1,1,0,0,0,0,1,798342,175,5834830,75
201446,11,7,7040401,Neu-Tempelhof,2019,11,17,2,2,6,2,2,0,1,1,0,0,0,1,798342,1013,5823947,405
201447,11,12,12304314,Ziekowstra�e/Freie Scholle,2019,11,13,2,3,5,3,0,0,1,0,0,0,0,1,791240,3,5836664,237
201448,11,4,4051551,Brabanter Platz,2019,11,13,2,3,2,3,0,1,1,0,0,0,0,1,793093,227,5822997,539
201449,11,5,5020627,Tiefwerder,2019,11,17,2,3,2,6,2,0,1,0,0,0,1,1,785139,2184,5828332,419
201450,11,12,12302211,L�barser Stra�e,2019,11,17,2,3,6,2,2,0,0,1,0,0,1,1,792920,4925,5837069,227
201451,11,12,12214422,Klixstra�e,2019,11,12,2,2,5,2,0,1,0,0,0,1,0,0,792185,4295,5832956,495
201452,11,10,10040931,Mahlsdorf Nord,2019,11,19,2,3,1,5,2,0,1,0,1,0,0,1,813204,3675,5828907,529
201453,11,1,1022106,Elberfelder Stra�e,2019,11,12,2,2,5,2,0,0,1,0,1,0,0,1,794556,4402,5828348,398
201454,11,1,1011302,Oranienburger Stra�e,2019,11,19,2,3,2,6,2,0,1,0,1,0,0,1,798603,1404,5829069,96
201455,11,4,4010101,Jungfernheide,2019,11,10,2,3,5,2,0,0,1,0,0,0,1,1,791287,883,5830670,435
201456,11,5,5020521,D�beritzer Weg,2019,11,9,2,2,5,2,0,0,1,0,0,0,0,0,780070,8961,5827690,35
201457,11,6,6010207,Mittelstra�e,2019,11,9,2,3,2,2,0,0,1,0,0,0,0,1,794267,9047,5820262,18
201458,11,3,3040614,Pankow Zentrum,2019,11,9,2,3,6,4,0,0,1,1,0,0,0,0,797873,8896,5833063,372
201459,11,9,9020601,Schnellerstra�e,2019,11,8,2,2,6,4,0,0,1,1,0,0,0,1,806506,16,5821467,725
201460,11,9,9051901,Dammvorstadt,2019,11,8,2,3,5,2,0,1,1,0,0,0,0,1,810475,9952,5821194,308
201461,11,1,1022104,Emdener Stra�e,2019,11,8,2,3,5,2,0,1,0,0,0,0,1,0,794542,7963,5829072,984
201462,11,1,1011301,Charit�viertel,2019,11,8,2,3,0,1,0,1,0,0,0,0,0,1,797303,9626,5829025,118
201463,11,7,7050501,Rathausstra�e,2019,11,7,2,3,2,6,0,0,1,0,1,0,0,1,797121,2908,5819459,109
201464,11,8,8010301,Reuterkiez,2019,11,7,2,3,1,5,0,1,1,0,0,0,1,1,800997,5171,5824808,742
201465,11,6,6020409,K�nigsberger Stra�e,2019,11,7,2,3,6,4,0,0,1,1,0,0,0,1,793806,638,5818010,137
201466,11,12,12214125,Waldidyll/Flughafensee,2019,11,6,2,2,5,2,2,0,1,0,0,0,1,1,792614,3976,5832068,916
201467,11,2,2040703,Wriezener Bahnhof/Entwicklungsgebiet,2019,11,16,1,2,6,4,2,0,1,1,0,0,0,1,801413,899,5826411,347
201468,11,12,12103219,Sch�fersee,2019,11,15,1,3,0,3,0,0,1,0,1,0,0,1,795225,1057,5832472,284
201469,11,3,3050925,Komponistenviertel Wei�ensee,2019,11,15,1,3,5,3,0,1,1,0,0,0,0,1,802703,2938,5831775,814
201470,11,9,9020802,K�llnische Vorstadt,2019,11,14,1,3,1,7,0,1,0,0,0,0,1,1,810692,847,5819595,206
201471,11,9,9051801,Rahnsdorf/Hessenwinkel,2019,11,13,1,3,0,7,0,0,0,0,1,0,0,1,821418,6346,5819147,139
201472,11,2,2010101,Askanischer Platz,2019,11,10,1,3,5,3,0,0,1,0,0,0,0,1,797592,1078,5825950,103
201473,11,6,6030504,Teltower Damm,2019,11,9,1,3,5,3,0,0,1,0,0,0,0,1,789600,3742,5817095,781
201474,11,12,12231101,Hermsdorf,2019,11,8,1,3,5,3,0,0,1,0,1,0,0,1,792121,396,5838486,812
201475,11,8,8010118,Silbersteinstra�e,2019,11,17,1,2,6,4,2,0,1,1,0,0,0,1,800517,2792,5822031,778
201476,11,2,2020203,Viktoriapark,2019,11,2,1,3,1,5,2,1,1,0,0,0,0,0,797105,5454,5824371,178
201477,11,1,1033102,Gesundbrunnen,2019,11,23,1,3,5,3,2,0,1,0,0,0,0,1,797168,9172,5831918,629
201478,11,12,12301203,Wittenau S�d,2019,11,6,1,3,8,1,2,0,1,0,0,0,0,1,793155,2306,5835888,465
201479,11,11,11040925,Victoriastadt,2019,11,21,1,3,4,1,2,0,1,0,0,0,0,1,803447,7862,5826640,274
201480,11,3,3061228,Erich-Weinert-Stra�e,2019,11,20,1,3,5,2,2,1,1,0,0,0,0,1,800291,9274,5831596,393
201481,11,8,8020726,Buckow West,2019,11,20,1,2,6,3,2,0,1,1,0,0,0,1,799592,9784,5816418,451
201482,11,8,8010117,Schillerpromenade,2019,11,17,1,3,6,4,2,0,1,1,0,0,0,1,800470,4354,5823610,849
201483,11,9,9010301,Baumschulenstra�e,2019,11,17,1,2,5,2,2,0,1,0,0,0,0,1,805016,7916,5822703,753
201484,11,7,7020203,Kaiser-Wilhelm-Platz,2019,11,15,1,3,1,7,1,0,1,0,0,0,1,1,795507,301,5823842,732
201485,11,12,12301206,L�bars,2019,11,7,1,3,9,1,2,0,1,0,0,0,0,1,794727,227,5838578,838
201486,11,2,2010102,Mehringplatz,2019,11,5,7,3,5,3,2,0,1,0,0,0,0,1,798213,2961,5826240,774
201487,11,10,10020412,Alte Hellersdorfer Stra�e,2019,11,14,7,3,5,2,0,0,1,0,0,0,0,0,811351,1369,5831956,271
201488,11,8,8010117,Schillerpromenade,2019,11,22,7,3,2,6,2,0,1,0,0,0,0,0,800596,702,5823190,784
201489,11,6,6030608,Schweizer Viertel,2019,11,19,7,3,6,2,2,0,1,1,0,0,0,0,792760,9856,5817474,72
201490,11,2,2010103,Moritzplatz,2019,11,18,7,3,2,6,2,0,1,0,0,0,0,0,799704,3009,5825792,791
201491,11,1,1033203,Humboldthain Nordwest,2019,11,18,7,3,2,6,2,0,1,0,0,0,0,0,796900,6599,5831389,635
201492,11,1,1044103,Westliche M�llerstra�e,2019,11,14,7,3,5,2,0,0,1,0,0,0,0,1,794506,9306,5830649,916
201493,11,1,1011301,Charit�viertel,2019,11,0,7,2,1,5,2,0,1,0,0,0,1,0,797534,4732,5828459,259
201494,11,5,5020419,Magistratsweg,2019,11,9,7,3,5,2,0,0,1,0,0,0,0,1,781304,426,5828384,764
201495,11,10,10010308,Marzahner Chaussee,2019,11,7,7,3,0,1,2,0,0,0,1,0,0,1,806477,2319,5830220,46
201496,11,6,6020409,K�nigsberger Stra�e,2019,11,6,7,3,5,3,2,1,1,0,0,0,0,1,793658,7237,5817265,71
201497,11,7,7030303,Grazer Platz,2019,11,20,7,3,2,6,2,0,1,0,0,0,0,0,794662,995,5821785,936
201498,11,6,6040809,Thielallee,2019,11,5,7,2,9,1,2,0,1,1,0,0,0,0,791275,564,5819857,489
201499,11,2,2020203,Viktoriapark,2019,11,20,7,3,5,2,2,0,1,0,0,0,0,0,797824,2355,5824931,6
201500,11,3,3040614,Pankow Zentrum,2019,11,19,7,3,0,3,2,0,1,0,1,0,0,0,797781,8,5832958,85
201501,11,2,2040703,Wriezener Bahnhof/Entwicklungsgebiet,2019,11,18,7,3,2,6,2,0,1,0,0,0,0,0,801708,1062,5826161,843
201502,11,9,9010202,K�penicker Landstra�e,2019,11,13,7,3,5,2,0,0,1,0,0,0,0,0,803992,4256,5823070,491
201503,11,4,4051655,Babelsberger Stra�e,2019,11,13,7,3,5,7,0,0,1,0,0,0,0,0,794159,114,5824046,89
201504,11,4,4041238,Kissinger Stra�e,2019,11,12,7,3,6,7,0,0,1,1,0,0,0,0,791058,23,5823011,514
201505,11,1,1011303,Alexanderplatzviertel,2019,11,2,7,3,0,2,2,0,1,0,0,0,0,0,799479,819,5828830,293
201506,11,11,11030619,Fennpfuhl Ost,2019,11,12,7,3,2,6,0,0,1,0,0,0,0,1,804099,477,5829827,462
201507,11,1,1044103,Westliche M�llerstra�e,2019,11,10,7,2,0,5,0,0,1,0,1,0,0,1,795027,6977,5830902,193
201508,11,1,1022104,Emdener Stra�e,2019,11,11,6,3,6,4,0,0,1,1,0,0,0,0,794275,1147,5829266,55
201509,11,2,2020206,Graefekiez,2019,11,22,6,3,0,3,2,1,1,0,0,0,0,0,799611,2535,5824523,314
201510,11,11,11020515,Landsberger Allee,2019,11,7,6,3,6,4,2,0,1,1,0,0,0,1,804725,5632,5830609,271
201511,11,7,7030301,Friedenau,2019,11,19,6,3,5,2,2,1,1,0,0,0,0,0,793990,631,5821564,91
201512,11,4,4051448,Schaperstra�e,2019,11,17,6,3,0,5,2,1,1,0,0,0,0,0,794003,2069,5825127,668
201513,11,12,12214424,Scharnweberstra�e,2019,11,17,6,3,2,6,2,0,1,0,0,0,0,0,793510,5798,5832412,683
201514,11,1,1011201,Wilhelmstra�e,2019,11,13,1,3,5,3,0,0,1,0,1,0,0,0,796970,231,5826857,932
201515,11,11,11041027,Tierpark,2019,11,12,1,3,5,3,0,1,1,0,0,0,0,0,807403,6923,5827435,602
201516,11,7,7040401,Neu-Tempelhof,2019,11,17,6,3,3,6,2,0,1,0,0,1,0,0,797283,2637,5822715,262
201517,11,4,4020313,K�nigin-Elisabeth-Stra�e,2019,11,12,1,3,3,6,0,0,1,0,0,0,1,0,790466,7463,5826727,737
201518,11,4,4020310,Park Ruhwald,2019,11,16,6,3,2,6,0,0,1,0,0,0,1,0,789728,3592,5827431,812
201519,11,7,7020203,Kaiser-Wilhelm-Platz,2019,11,11,1,3,0,5,0,1,1,0,0,0,0,0,795998,9348,5824088,127
201520,11,3,3030406,Alt-Karow,2019,11,10,1,3,5,3,0,0,1,0,0,0,0,0,802876,5307,5838280,708
201521,11,1,1033202,Humboldthain S�d,2019,11,16,6,3,0,1,0,1,0,0,0,0,0,1,796973,2246,5830136,228
201522,11,4,4010101,Jungfernheide,2019,11,1,1,3,1,1,2,0,1,0,0,0,0,0,790964,5082,5829482,828
201523,11,4,4041241,Breite Stra�e,2019,11,16,1,3,6,2,2,0,1,1,0,0,0,0,791918,8202,5822381,672
201524,11,9,9020802,K�llnische Vorstadt,2019,11,2,1,3,0,1,2,1,0,0,0,0,0,1,809832,395,5820239,525
201525,11,2,2040701,Andreasviertel,2019,11,14,6,3,5,3,0,1,1,0,0,0,0,0,801242,6851,5827686,68
201526,11,3,3050919,Gustav-Adolf-Stra�e,2019,11,14,6,3,5,3,0,1,1,0,0,0,0,0,801007,2546,5832192,395
201527,11,7,7050501,Rathausstra�e,2019,11,19,1,2,6,4,2,0,1,1,0,0,0,0,797232,4115,5818631,57
201528,11,1,1022204,Thomasiusstra�e,2019,11,17,1,3,0,1,2,0,0,0,0,0,1,0,795321,1725,5828215,851
201529,11,10,10030724,Oberfeldstra�e,2019,11,15,6,2,5,3,0,1,1,0,0,0,0,0,808914,2209,5828162,46
201530,11,11,11030720,Herzbergstra�e,2019,11,17,7,3,2,6,2,0,1,0,0,0,0,0,805990,8302,5830120,47
201531,11,1,1011301,Charit�viertel,2019,11,17,7,2,0,1,2,1,0,0,0,0,0,0,796989,6182,5828921,424
201532,11,7,7060604,Marienfelde S�d,2019,11,15,6,3,5,3,1,0,1,0,0,0,0,0,797652,3845,5815482,483
201533,11,4,4030724,Lietzensee,2019,11,14,6,3,5,3,0,0,1,0,0,0,0,0,790793,499,5826011,639
201534,11,1,1044103,Westliche M�llerstra�e,2019,11,15,7,3,6,4,0,0,1,1,0,0,0,0,794839,343,5830601,188
201535,11,11,11030619,Fennpfuhl Ost,2019,11,13,7,3,2,6,0,0,1,0,0,0,0,0,804246,8065,5828708,479
201536,11,3,3061227,Humannplatz,2019,11,14,6,3,2,6,0,0,1,0,0,0,0,0,799375,6633,5831789,829
201537,11,2,2040703,Wriezener Bahnhof/Entwicklungsgebiet,2019,11,14,6,3,2,2,0,0,0,0,1,0,1,0,800925,8289,5826867,148
201538,11,3,3050925,Komponistenviertel Wei�ensee,2019,11,12,7,3,0,5,0,0,1,0,0,0,0,0,802659,8456,5831603,916
201539,11,7,7060604,Marienfelde S�d,2019,11,12,7,3,3,6,0,1,1,0,0,0,0,0,796038,54,5815367,612
201540,11,11,11030721,R�digerstra�e,2019,11,22,7,3,0,2,2,1,1,0,0,0,0,0,805170,5463,5827714,537
201541,11,7,7040401,Neu-Tempelhof,2019,11,12,6,3,6,7,0,0,1,1,0,0,0,0,798742,2845,5823946,892
201542,11,10,10010311,Landsberger Tor,2019,11,20,7,2,6,4,2,0,1,1,0,0,0,0,810330,6144,5831826,811
201543,11,4,4030620,Alt-Lietzow,2019,11,14,6,3,0,7,0,1,1,0,0,0,0,0,792682,231,5827414,733
201544,11,1,1033101,Soldiner Stra�e,2019,11,19,7,3,0,5,2,0,1,0,0,0,0,0,796202,671,5832318,254
201545,11,6,6020409,K�nigsberger Stra�e,2019,11,20,7,2,4,6,2,0,1,0,0,0,0,0,793509,1143,5817397,784
201546,11,1,1022102,Beusselkiez,2019,11,13,6,2,0,6,0,0,1,0,1,0,0,0,793531,5441,5828191,942
201547,11,10,10020413,Gut Hellersdorf,2019,11,19,7,3,0,1,2,0,0,0,1,0,0,0,811302,6608,5831243,532
201548,11,12,12301203,Wittenau S�d,2019,11,10,7,3,2,6,0,0,1,0,0,0,0,0,793455,5948,5836101,883
201549,11,4,4030415,Schlo�garten,2019,11,10,7,3,5,2,0,0,1,0,0,0,0,0,791659,4716,5827534,24
201550,11,11,11020411,Malchower Weg,2019,11,13,6,3,6,7,0,0,1,1,0,0,0,0,805660,7136,5831946,92
201551,11,1,1011303,Alexanderplatzviertel,2019,11,13,6,2,0,2,0,1,1,0,0,0,0,0,799108,7869,5828466,4
201552,11,8,8010211,Flughafenstra�e,2019,11,7,7,3,0,1,2,1,0,0,0,0,0,0,800472,7873,5823727,852
201553,11,11,11020412,Hauptstra�e,2019,11,2,7,3,9,1,2,0,1,0,0,0,0,1,805643,3827,5831768,539
201554,11,1,1033101,Soldiner Stra�e,2019,11,12,6,3,0,2,0,1,1,0,0,0,0,0,797709,7892,5832893,588
201555,11,4,4041241,Breite Stra�e,2019,11,12,6,3,1,5,0,1,1,0,0,0,0,0,792099,5669,5822057,274
201556,11,12,12302110,Dannenwalder Weg,2019,11,9,6,3,5,3,0,1,1,0,0,0,0,1,794872,664,5835831,688
201557,11,8,8020622,Parchimer Allee,2019,11,17,6,3,6,2,2,0,1,1,0,0,0,0,801265,3413,5819668,16
201558,11,1,1033203,Humboldthain Nordwest,2019,11,12,6,3,3,6,0,0,1,0,1,0,0,0,796522,5638,5829892,22
201559,11,12,12214527,Alt-Tegel,2019,11,21,6,3,5,3,2,0,1,0,0,0,0,0,790303,9039,5834952,338
201560,11,1,1033102,Gesundbrunnen,2019,11,20,6,3,6,7,2,0,1,1,0,0,0,0,797722,9681,5831842,192
201561,11,1,1011305,Heine-Viertel West,2019,11,10,6,3,5,5,0,1,0,0,0,0,1,0,799496,9021,5827092,59
201562,11,5,5010339,Freiheit,2019,11,10,6,3,5,7,0,0,1,0,1,0,0,0,787955,479,5828206,125
201563,11,8,8020619,Buschkrugallee Nord,2019,11,19,6,3,5,2,2,0,1,0,0,0,0,0,801551,8005,5820650,691
201564,11,2,2020205,Chamissokiez,2019,11,23,6,3,0,7,2,1,0,0,0,0,0,0,798827,6493,5824523,636
201565,11,6,6040809,Thielallee,2019,11,19,6,2,1,7,2,0,1,0,0,0,0,1,791994,4925,5820117,758
201566,11,3,3071536,Teutoburger Platz,2019,11,9,6,3,1,5,0,1,1,0,0,0,0,0,799005,5426,5829155,12
201567,11,4,4041137,Flinsberger Platz,2019,11,19,6,3,3,5,2,0,1,0,1,0,0,1,791369,2041,5823439,941
201568,11,5,5020417,Staakener Stra�e,2019,11,10,6,2,0,7,0,0,1,0,0,0,1,0,782743,611,5828424,266
201569,11,1,1011202,Unter den Linden Nord,2019,11,18,6,3,5,2,2,1,1,0,0,0,0,0,797203,928,5827496,81
201570,11,2,2040701,Andreasviertel,2019,11,18,6,3,1,5,2,1,1,0,0,0,1,1,800862,6063,5826860,884
201571,11,9,9010301,Baumschulenstra�e,2019,11,8,6,3,2,6,0,0,1,0,0,0,0,0,804361,8156,5821762,935
201572,11,1,1022206,L�neburger Stra�e,2019,11,8,6,3,5,2,0,0,1,0,0,0,0,0,795953,2321,5828336,411
201573,11,3,3050925,Komponistenviertel Wei�ensee,2019,11,18,6,3,0,5,2,0,1,0,0,0,0,0,801854,6571,5831260,591
201574,11,11,11030618,Fennpfuhl West,2019,11,6,6,3,0,6,1,0,1,0,1,0,0,0,802728,9727,5829377,741
201575,11,3,3061131,Falkplatz,2019,11,17,6,3,2,6,2,0,1,0,0,0,0,0,799178,28,5830843,983
201576,11,3,3061126,Arnimplatz,2019,11,17,6,3,1,5,2,1,1,0,0,0,0,0,799031,2762,5831444,712
201577,11,3,3050924,Behaimstra�e,2019,11,8,6,3,6,7,0,1,0,1,0,0,0,0,801473,6855,5831873,453
201578,11,5,5010339,Freiheit,2019,11,6,6,2,6,4,2,0,1,1,0,0,0,0,786377,3654,5828222,617
201579,11,8,8041035,Blumenviertel,2019,11,17,6,3,2,6,2,0,1,0,0,0,0,1,804804,119,5817830,847
201580,11,5,5020625,Borkumer Stra�e,2019,11,17,6,2,0,1,2,1,0,0,0,0,0,0,784774,5123,5828598,279
201581,11,1,1022103,Westhafen,2019,11,8,6,3,3,6,0,0,1,0,0,1,0,0,793636,5507,5829857,457
201582,11,5,5020522,Pillnitzer Weg,2019,11,5,6,2,6,4,2,0,0,1,0,0,1,0,781903,2119,5827174,917
201583,11,9,9010402,Johannisthal Ost,2019,11,17,6,3,0,7,2,1,0,0,0,0,0,0,806255,9312,5819251,812
201584,11,9,9020702,Adlershof Ost,2019,11,17,6,3,6,7,2,0,1,1,0,0,0,0,808265,1386,5819689,981
201585,11,10,10020413,Gut Hellersdorf,2019,11,7,6,2,5,3,1,1,1,0,0,0,0,0,811312,7601,5831178,176
201586,11,10,10030724,Oberfeldstra�e,2019,11,17,6,3,0,5,2,0,1,0,0,0,0,0,809576,8259,5828347,857
201587,11,7,7060604,Marienfelde S�d,2019,11,16,5,3,6,2,1,0,0,1,0,0,1,0,795802,4421,5816035,174
201588,11,6,6020411,Sch�tte-Lanz-Stra�e,2019,11,11,6,3,5,3,0,0,1,0,0,0,0,1,794564,577,5816321,257
201589,11,9,9030901,Dorf Altglienicke,2019,11,10,6,3,8,7,0,0,1,0,0,0,0,1,809849,657,5816529,373
201590,11,4,4030931,Breitscheidplatz,2019,11,19,5,3,6,7,2,0,0,1,0,0,1,0,794525,9974,5825937,102
201591,11,12,12103117,Letteplatz,2019,11,7,5,3,3,6,2,0,1,0,0,0,0,0,796673,673,5832743,9
201592,11,2,2030401,Reichenberger Stra�e,2019,11,16,6,3,1,5,1,1,1,0,0,0,0,0,801092,7663,5824994,766
201593,11,10,10040932,Alt-Mahlsdorf,2019,11,15,6,3,1,5,1,0,1,0,0,0,0,0,813017,5716,5827641,409
201594,11,12,12231102,Frohnau,2019,11,7,5,3,5,3,0,1,1,0,0,0,0,0,789628,1232,5840182,931
201595,11,6,6020410,Oberhofer Platz,2019,11,9,5,3,6,2,0,0,1,1,0,0,0,0,794979,141,5816232,575
201596,11,4,4030620,Alt-Lietzow,2019,11,15,6,3,5,2,0,0,1,0,0,0,1,0,791859,7009,5827450,362
201597,11,7,7040401,Neu-Tempelhof,2019,11,13,6,3,0,6,0,1,1,0,0,0,0,0,797475,6634,5822858,988
201598,11,4,4030518,Tegeler Weg,2019,11,1,5,3,5,2,2,0,1,0,0,1,0,0,791743,5902,5828604,73
201599,11,9,9020802,K�llnische Vorstadt,2019,11,19,5,3,4,6,2,0,1,0,0,0,0,0,810694,7062,5819544,714
201600,11,11,11010310,M�hlengrund,2019,11,13,6,3,6,4,0,0,1,1,0,0,0,0,805280,5882,5833199,238
201601,11,2,2050602,Samariterviertel,2019,11,9,6,3,5,2,0,1,1,0,0,0,0,1,802769,5184,5827688,3
201602,11,11,11020412,Hauptstra�e,2019,11,9,6,3,5,2,0,0,1,0,0,0,0,0,805836,434,5831865,77
201603,11,10,10020517,Adele-Sandrock-Stra�e,2019,11,19,5,2,1,5,2,0,1,0,0,0,1,0,813072,8657,5830185,282
201604,11,11,11010310,M�hlengrund,2019,11,18,5,2,6,4,2,0,0,1,0,0,1,0,805175,1643,5833129,17
201605,11,3,3061227,Humannplatz,2019,11,9,6,3,5,3,0,0,1,0,0,0,0,0,800111,9357,5831694,933
201606,11,10,10040931,Mahlsdorf Nord,2019,11,13,6,3,5,3,0,0,1,0,0,0,0,0,812925,8633,5828342,647
201607,11,1,1044201,Reinickendorfer Stra�e,2019,11,17,5,3,2,6,2,0,1,0,0,0,0,0,796654,216,5831920,5
201608,11,10,10020413,Gut Hellersdorf,2019,11,15,5,3,5,3,0,1,1,0,0,0,0,0,811310,182,5831194,54
201609,11,1,1033203,Humboldthain Nordwest,2019,11,8,6,3,2,6,0,0,1,0,1,0,0,1,796370,2572,5830089,899
201610,11,2,2050804,Stralauer Halbinsel,2019,11,7,6,3,0,6,1,0,1,0,1,0,0,1,803168,183,5825761,513
201611,11,7,7040403,Manteuffelstra�e,2019,11,15,5,3,5,2,0,1,1,0,0,0,0,0,796845,7709,5821250,566
201612,11,3,3061227,Humannplatz,2019,11,12,6,3,5,3,0,0,1,0,0,0,0,0,800113,2222,5831694,275
201613,11,8,8041037,Alt-Rudow,2019,11,12,5,2,5,2,0,1,1,0,0,0,0,0,805554,7792,5818554,717
201614,11,1,1044201,Reinickendorfer Stra�e,2019,11,6,6,3,2,6,2,0,1,0,0,0,0,1,796460,4982,5831933,819
201615,11,10,10020414,Helle Mitte,2019,11,7,6,2,6,2,2,0,1,1,0,0,0,1,812171,1007,5830977,673
201616,11,7,7070701,Kettinger Stra�e/Schillerstra�e,2019,11,12,5,2,1,7,0,0,1,0,0,0,0,0,799233,6779,5815020,499
201617,11,4,4030929,Hindemithplatz,2019,11,12,5,3,2,6,0,0,1,0,0,0,0,0,792712,1887,5825663,112
201618,11,1,1022103,Westhafen,2019,11,5,6,3,5,2,2,1,0,0,0,1,0,1,793505,2684,5829397,196
201619,11,8,8010404,Rixdorf,2019,11,5,6,3,6,2,2,0,1,1,0,0,0,1,802579,3238,5823086,674