OBJECTID,LAND,BEZ,LOR,STRASSE,UJAHR,UMONAT,USTUNDE,UWOCHENTAG,UKATEGORIE,UART,UTYP1,ULICHTVERH,IstRad,IstPKW,IstFuss,IstKrad,IstGkfz,IstSonstige,USTRZUSTAND,LINREFX,LINREFY,XGCSWGS84,YGCSWGS84
201620,11,10,10010207,Marzahner Promenade,2019,11,11,5,3,3,6,0,0,1,0,0,0,1,0,808426,8021,5831221,625
201621,11,1,1011304,Karl-Marx-Allee,2019,11,10,5,3,5,7,0,1,1,0,0,0,0,0,799725,6269,5827770,201
201622,11,9,9041301,Kietzer Feld/Nachtheide,2019,11,12,6,2,4,6,0,0,1,0,0,0,0,1,812864,9104,5819328,327
201623,11,9,9041501,Altstadt Kietz,2019,11,11,6,3,2,6,0,0,1,0,0,0,0,1,810813,4393,5820307,475
201624,11,6,6030609,Augustaplatz,2019,11,15,5,3,2,6,0,0,1,0,1,0,0,0,792948,5757,5817786,691
201625,11,5,5020417,Staakener Stra�e,2019,11,11,6,3,1,5,0,1,0,0,0,0,1,1,782925,3291,5827993,773
201626,11,1,1022201,Stephankiez,2019,11,14,5,3,5,2,0,1,1,0,0,0,0,0,795426,218,5829544,372
201627,11,11,11030721,R�digerstra�e,2019,11,13,5,3,5,2,0,1,1,0,0,0,0,0,805181,6083,5827914,589
201628,11,1,1011305,Heine-Viertel West,2019,11,11,6,3,3,5,0,1,1,0,0,0,0,0,799385,8653,5826385,577
201629,11,11,11010308,Zingster Stra�e Ost,2019,11,13,5,3,6,4,0,0,1,1,0,0,0,0,805199,9087,5833671,479
201630,11,7,7030303,Grazer Platz,2019,11,19,6,3,0,7,2,0,0,0,0,0,1,1,795095,3579,5821498,5
201631,11,1,1033203,Humboldthain Nordwest,2019,11,22,5,3,5,2,2,0,1,0,1,0,0,0,796343,9426,5830061,341
201632,11,11,11030720,Herzbergstra�e,2019,11,19,5,3,3,6,2,1,0,0,0,0,1,0,804254,1378,5829079,332
201633,11,8,8010404,Rixdorf,2019,11,14,5,3,5,2,0,1,1,0,0,0,0,0,802165,856,5823373,547
201634,11,5,5030833,Motardstra�e,2019,11,17,5,3,2,6,2,0,1,0,0,0,0,1,789249,7959,5829176,139
201635,11,12,12224230,Heiligensee,2019,11,10,5,3,5,3,0,0,1,0,0,0,0,0,787078,1967,5838222,644
201636,11,12,12304314,Ziekowstra�e/Freie Scholle,2019,11,17,5,2,6,2,2,0,1,1,0,0,0,1,790612,2107,5835984,775
201637,11,4,4010102,Pl�tzensee,2019,11,17,5,2,5,2,2,0,1,0,1,0,0,1,791662,481,5830679,232
201638,11,10,10010308,Marzahner Chaussee,2019,11,17,5,3,2,6,2,0,1,0,0,0,0,1,806444,1501,5830199,483
201639,11,10,10010310,Alt-Marzahn,2019,11,17,5,3,6,2,2,0,1,1,0,0,0,1,808469,905,5831153,94
201640,11,7,7020201,Bayerischer Platz,2019,11,16,5,3,2,6,2,0,1,0,0,0,0,1,794964,5943,5824287,136
201641,11,11,11041027,Tierpark,2019,11,19,5,3,6,3,2,0,1,1,0,0,0,0,807388,767,5827384,945
201642,11,8,8010301,Reuterkiez,2019,11,9,5,3,5,3,0,0,1,0,1,0,0,0,801317,476,5823998,48
201643,11,3,3030406,Alt-Karow,2019,11,16,5,3,1,5,2,1,1,0,0,0,1,1,803421,8046,5838399,315
201644,11,1,1011303,Alexanderplatzviertel,2019,11,17,5,3,6,4,2,0,1,1,0,0,0,1,799462,9722,5828803,719
201645,11,4,4030827,Karl-August-Platz,2019,11,16,5,3,6,2,2,0,1,1,0,0,0,1,792738,1554,5826094,49
201646,11,9,9031101,Gr�nau,2019,11,8,5,3,5,3,0,0,1,0,1,0,0,0,811065,8492,5818034,549
201647,11,7,7010101,Wittenbergplatz/Viktoria-Luise-Platz,2019,11,16,5,2,6,4,2,0,1,1,0,0,0,1,794674,3519,5825724,457
201648,11,7,7050505,Hundsteinweg,2019,11,9,5,2,1,7,0,0,1,0,0,0,1,0,799267,6393,5818637,897
201649,11,1,1033202,Humboldthain S�d,2019,11,16,5,3,5,2,2,1,1,0,0,0,0,1,797894,6426,5829897,107
201650,11,1,1011203,Unter den Linden S�d,2019,11,16,5,3,5,2,1,0,1,0,0,0,1,1,797622,5356,5827025,787
201651,11,2,2010103,Moritzplatz,2019,11,6,5,3,5,5,2,1,0,0,0,0,1,0,799538,7278,5826248,422
201652,11,12,12103116,Hausotterplatz,2019,11,15,5,3,6,4,1,0,1,1,0,0,0,1,796206,7482,5833349,934
201653,11,12,12301205,Waidmannslust,2019,11,15,5,3,6,4,0,0,1,1,0,0,0,1,792438,4757,5837311,965
201654,11,3,3061434,Anton-Saefkow-Park,2019,11,15,5,3,5,2,1,1,0,0,0,0,1,0,801188,1698,5829489,973
201655,11,9,9010402,Johannisthal Ost,2019,11,9,5,3,6,2,0,0,1,1,0,0,0,0,806169,9694,5819203,404
201656,11,6,6040810,Dahlem,2019,11,15,5,3,6,4,1,0,0,1,0,0,1,1,790965,4624,5820697,249
201657,11,9,9051702,B�lschestra�e,2019,11,14,5,3,0,1,0,1,0,0,0,0,0,1,815171,7596,5820955,888
201658,11,12,12231101,Hermsdorf,2019,11,9,5,3,5,3,0,1,1,0,0,0,0,0,792528,5647,5839293,144
201659,11,6,6010206,Stadtpark,2019,11,14,5,2,0,7,0,0,1,0,0,0,0,1,795040,7517,5819635,69
201660,11,1,1011302,Oranienburger Stra�e,2019,11,1,5,3,0,1,2,0,0,0,0,0,1,0,798883,3176,5828579,227
201661,11,1,1022201,Stephankiez,2019,11,12,5,3,6,4,0,0,1,1,0,0,0,1,795965,1709,5828764,359
201662,11,6,6030609,Augustaplatz,2019,11,12,5,2,6,2,0,0,1,1,0,0,0,0,793262,607,5819095,773
201663,11,1,2030302,Lausitzer Platz,2019,11,0,5,3,0,1,2,1,0,0,0,0,0,1,800490,627,5826679,437
201664,11,2,2010102,Mehringplatz,2019,11,20,4,3,6,4,2,0,1,1,0,0,0,0,798051,1792,5826470,194
201665,11,1,1011303,Alexanderplatzviertel,2019,11,12,5,2,3,6,0,1,0,0,0,0,1,0,799164,2779,5827801,867
201666,11,3,3020210,Herthaplatz,2019,11,12,5,3,5,3,0,0,1,0,0,0,1,0,798490,9078,5835386,584
201667,11,9,9051901,Dammvorstadt,2019,11,17,4,3,0,5,2,0,1,1,0,0,1,1,811107,432,5821513,787
201668,11,8,8010115,Hasenheide,2019,11,7,4,3,5,3,1,1,0,0,0,0,1,0,799813,3193,5823665,434
201669,11,4,4030827,Karl-August-Platz,2019,11,10,5,3,6,4,0,0,1,1,0,0,0,0,792391,5405,5826050,668
201670,11,12,12302212,Rollbergesiedlung,2019,11,11,5,3,1,5,0,0,1,0,0,0,0,1,793108,1013,5837388,382
201671,11,4,4030623,Ernst-Reuter-Platz,2019,11,9,5,3,5,2,0,1,1,0,0,0,0,0,793683,7431,5826255,475
201672,11,2,2030302,Lausitzer Platz,2019,11,20,4,3,6,4,2,0,1,1,0,0,0,0,800802,311,5825807,32
201673,11,2,2030301,Oranienplatz,2019,11,9,5,3,5,3,0,1,1,0,0,0,0,0,800278,8154,5826092,373
201674,11,9,9020701,Adlershof West,2019,11,19,4,3,5,3,2,1,1,0,0,0,0,0,807405,5729,5818327,239
201675,11,6,6010207,Mittelstra�e,2019,11,8,5,3,2,2,0,1,1,0,0,0,0,0,794055,3111,5820385,66
201676,11,2,2010102,Mehringplatz,2019,11,22,5,3,5,3,2,1,1,0,0,0,0,1,798248,1191,5826087,731
201677,11,4,4051656,Hildegardstra�e,2019,11,18,4,3,5,2,2,1,1,0,0,0,0,0,793676,495,5823424,209
201678,11,10,10040931,Mahlsdorf Nord,2019,11,20,5,3,5,2,2,0,1,0,0,0,0,1,813734,901,5829976,203
201679,11,2,2050804,Stralauer Halbinsel,2019,11,18,5,3,2,6,2,0,1,0,0,0,0,1,803239,8055,5825943,985
201680,11,1,1033201,Brunnenstra�e,2019,11,20,5,3,6,2,2,0,1,1,0,0,0,1,797708,1289,5830690,61
201681,11,2,2010103,Moritzplatz,2019,11,18,4,3,5,2,2,1,1,0,0,0,0,0,799118,3786,5826276,424
201682,11,12,12103115,Breitkopfbecken,2019,11,18,4,2,6,4,2,0,1,1,0,0,0,0,796075,937,5833931,266
201683,11,1,1044203,Leopoldplatz,2019,11,19,5,2,1,1,2,0,1,0,0,1,0,1,795759,2074,5831905,561
201684,11,12,12231102,Frohnau,2019,11,19,5,2,1,5,2,1,1,0,0,0,0,1,790020,3979,5840742,453
201685,11,2,2030401,Reichenberger Stra�e,2019,11,14,4,3,5,3,0,0,1,0,0,0,0,0,800293,4963,5825546,972
201686,11,4,4020310,Park Ruhwald,2019,12,22,4,3,4,1,2,0,1,0,0,1,0,0,790553,5573,5827351,815
201687,11,2,2030301,Oranienplatz,2019,12,22,4,3,5,2,2,0,1,0,1,0,0,0,800166,3415,5825881,189
201688,11,8,8041035,Blumenviertel,2019,12,21,4,3,1,1,2,0,1,0,0,0,0,0,803791,3825,5818796,3
201689,11,2,2050801,Traveplatz,2019,12,12,4,2,1,1,0,1,1,0,0,0,0,1,803246,967,5827429,657
201690,11,1,1022104,Emdener Stra�e,2019,12,11,4,3,2,6,0,0,1,0,0,0,0,0,794574,3626,5828483,41
201691,11,8,8010405,Hertzbergplatz,2019,12,9,4,3,1,5,0,1,1,0,0,0,1,0,802234,6276,5823821,476
201692,11,4,4051448,Schaperstra�e,2019,12,9,4,3,2,2,0,1,1,0,0,0,0,1,794246,1599,5825423,57
201693,11,11,10010203,Gewerbegebiet Bitterfelder Stra�e,2019,12,9,4,3,5,2,0,1,1,0,0,0,0,0,806911,9213,5832618,356
201694,11,4,4041240,Messelpark,2019,12,9,4,3,5,3,0,1,1,0,0,0,0,1,790958,4373,5822396,911
201695,11,2,2040703,Wriezener Bahnhof/Entwicklungsgebiet,2019,12,9,4,2,6,4,0,0,1,1,0,0,0,0,800932,5393,5826836,47
201696,11,1,1011203,Unter den Linden S�d,2019,12,9,4,3,1,5,0,1,1,0,0,0,1,0,798315,3498,5827285,54
201697,11,9,9020502,Obersch�neweide Ost,2019,12,8,4,3,5,3,0,0,1,0,0,0,0,1,806841,583,5822481,778
201698,11,5,5010311,Eiswerder,2019,12,8,4,3,3,6,0,0,1,0,1,0,0,1,785412,4518,5830433,432
201699,11,3,3040614,Pankow Zentrum,2019,12,5,4,3,0,3,2,0,0,0,1,0,0,1,797972,8989,5833202,693
201700,11,6,6040805,Fischerh�ttenstra�e,2019,12,16,4,3,0,2,2,0,1,1,0,0,0,0,789168,7644,5818564,892
201701,11,1,1044102,Schillerpark,2019,12,16,4,3,1,5,2,1,1,0,0,0,1,1,794651,7923,5831827,951
201702,11,6,6030609,Augustaplatz,2019,12,14,4,3,5,2,0,0,1,0,0,0,0,0,793201,6897,5819801,89
201703,11,9,9010302,Sp�thsfelde,2019,12,14,4,3,5,3,0,1,1,0,0,0,0,0,804937,9973,5820711,101
201704,11,10,10010309,Springpfuhl,2019,12,15,3,3,4,6,1,1,1,0,0,0,0,1,808277,1321,5828835,513
201705,11,5,5010314,Carl-Schurz-Stra�e,2019,12,11,3,2,6,4,0,0,1,1,0,0,0,1,784739,7927,5828820,736
201706,11,6,6030503,Zehlendorf Mitte,2019,12,9,3,3,0,2,0,1,1,0,0,0,0,1,789568,7598,5817313,778
201707,11,11,11020411,Malchower Weg,2019,12,9,3,2,6,4,0,0,1,1,0,0,0,1,805683,173,5831896,464
201708,11,2,2040503,Richard-Sorge-Viertel,2019,12,10,3,3,2,6,0,0,1,0,0,0,1,1,801408,7892,5828752,465
201709,11,4,4020311,Reichsstra�e,2019,12,9,3,3,5,3,0,0,1,0,0,0,0,1,789360,5175,5826200,571
201710,11,7,7040403,Manteuffelstra�e,2019,12,9,3,2,5,3,0,0,1,0,0,0,0,2,797707,2965,5821054,158
201711,11,8,8010303,Donaustra�e,2019,12,8,3,3,3,6,0,1,1,0,0,0,0,0,801243,2645,5823811,382
201712,11,8,8020621,Mohriner Allee Nord,2019,12,8,3,3,2,6,0,0,1,0,0,0,0,0,800188,4425,5820494,443
201713,11,11,11030824,Frankfurter Allee S�d,2019,12,7,3,3,0,1,0,1,0,0,0,0,0,2,803692,7441,5827471,119
201714,11,6,6030503,Zehlendorf Mitte,2019,12,8,3,3,6,2,0,0,1,1,0,0,0,0,790649,8461,5817851,95
201715,11,2,2020203,Viktoriapark,2019,12,7,3,3,0,2,0,1,0,0,0,0,1,2,797531,4061,5824961,48
201716,11,9,9020701,Adlershof West,2019,12,7,3,3,5,2,1,0,1,0,1,0,0,1,809403,3106,5818447,311
201717,11,5,5030730,Zitadellenweg,2019,12,5,3,3,1,5,2,0,1,0,0,0,0,2,786430,2162,5830842,156
201718,11,12,12304314,Ziekowstra�e/Freie Scholle,2019,12,5,3,3,5,2,2,0,1,0,0,0,0,2,790689,5424,5835381,467
201719,11,1,1011401,Invalidenstra�e,2019,12,21,3,3,6,2,2,0,1,1,0,0,0,1,798302,8717,5829372,301
201720,11,12,12304313,Borsigwalde,2019,12,20,3,3,5,2,2,0,1,0,0,0,0,0,791488,8413,5834332,164
201721,11,3,3050925,Komponistenviertel Wei�ensee,2019,12,20,3,3,0,1,2,0,0,0,1,0,0,2,802710,52,5831810,309
201722,11,9,9010402,Johannisthal Ost,2019,12,20,3,3,5,2,2,1,1,0,0,0,0,1,806734,1903,5820275,783
201723,11,9,9041501,Altstadt Kietz,2019,12,17,3,3,1,1,2,0,1,0,1,0,0,1,811363,1173,5820109,72
201724,11,3,3061429,Greifswalder Stra�e,2019,12,17,3,3,5,2,2,1,1,0,0,0,0,1,801135,391,5830741,216
201725,11,3,3051017,Rennbahnstra�e,2019,12,17,3,3,2,6,2,0,1,0,0,0,0,1,802217,1832,5832999,726
201726,11,10,10040931,Mahlsdorf Nord,2019,12,18,3,3,2,2,2,0,1,0,0,0,0,1,813340,995,5829180,959
201727,11,1,1011302,Oranienburger Stra�e,2019,12,18,3,3,1,5,2,1,1,0,0,0,0,1,798384,2376,5828507,565
201728,11,1,1011304,Karl-Marx-Allee,2019,12,16,3,3,2,2,2,0,1,0,0,0,0,1,799594,42,5828009,8
201729,11,11,11051331,Karlshorst Nord,2019,12,7,3,3,0,6,1,1,1,0,0,0,0,2,807529,27,5825486,428
201730,11,7,7040404,Marienh�he,2019,12,17,3,3,6,2,2,0,1,1,0,0,0,1,796142,5559,5820762,982
201731,11,12,12103117,Letteplatz,2019,12,17,3,3,1,5,2,0,1,0,1,0,0,1,796028,1914,5832736,851
201732,11,3,3050925,Komponistenviertel Wei�ensee,2019,12,16,3,2,6,4,2,0,1,1,0,0,0,1,802223,95,5831555,852
201733,11,3,3061228,Erich-Weinert-Stra�e,2019,12,17,3,3,2,6,2,0,1,0,0,0,0,1,800767,1351,5830597,635
201734,11,3,3061227,Humannplatz,2019,12,16,3,3,5,3,2,0,1,0,0,0,0,1,800086,6489,5831670,999
201735,11,1,1022101,Huttenkiez,2019,12,16,3,3,5,2,2,0,1,0,0,0,0,1,792736,6597,5828278,835
201736,11,3,3061126,Arnimplatz,2019,12,15,3,3,5,3,0,1,1,0,0,0,0,1,799243,394,5831804,61
201737,11,7,7060603,Marienfelde Nordost,2019,12,15,3,2,1,5,0,0,1,0,0,0,0,1,797634,8192,5817302,655
201738,11,1,1011203,Unter den Linden S�d,2019,12,15,3,3,5,3,0,1,1,0,0,0,0,1,798296,6319,5827336,243
201739,11,4,4051445,Eisenzahnstra�e,2019,12,15,3,3,2,6,0,0,1,0,0,0,0,0,792501,911,5824453,776
201740,11,4,4031032,Halensee,2019,12,14,3,3,5,2,0,1,1,0,0,0,0,0,791581,4276,5824876,138
201741,11,11,11020515,Landsberger Allee,2019,12,7,3,3,6,2,2,0,1,1,0,0,0,1,804635,3764,5830506,75
201742,11,2,2020204,Urbanstra�e,2019,12,13,3,3,1,5,0,1,1,0,0,0,0,1,797900,4509,5825059,328
201743,11,9,9051901,Dammvorstadt,2019,12,12,3,3,6,6,0,0,1,1,0,0,0,1,810780,2246,5821272,68
201744,11,9,9051901,Dammvorstadt,2019,12,11,3,2,5,2,0,1,1,0,0,0,0,0,809946,5136,5821592,918
201745,11,2,2020203,Viktoriapark,2019,12,20,2,2,5,2,2,0,1,0,0,0,0,1,797126,7259,5823996,387
201746,11,1,1022206,L�neburger Stra�e,2019,12,21,2,2,3,6,2,1,0,0,0,0,0,1,796258,7349,5828528,94
201747,11,12,12231101,Hermsdorf,2019,12,16,2,3,1,5,2,1,0,0,0,0,1,0,790545,8243,5837006,397
201748,11,4,4031032,Halensee,2019,12,17,2,3,6,2,2,0,1,1,0,0,0,1,791572,9051,5825112,686
201749,11,4,4010101,Jungfernheide,2019,12,17,2,3,2,6,2,0,1,0,0,0,0,1,791269,7091,5830705,135
201750,11,7,7040402,Lindenhofsiedlung,2019,12,17,2,3,6,2,2,0,1,1,0,0,0,1,796816,4224,5821985,236
201751,11,2,2040502,Friedenstra�e,2019,12,17,2,3,5,3,2,0,1,0,0,0,1,1,801250,8799,5827844,736
201752,11,7,7060604,Marienfelde S�d,2019,12,17,2,2,6,4,2,0,1,1,0,0,0,1,795799,8326,5816024,846
201753,11,1,1011301,Charit�viertel,2019,12,16,2,3,2,6,2,1,1,0,0,0,0,1,797052,9126,5829317,609
201754,11,8,8010509,Schulenburgpark,2019,12,16,2,3,1,5,2,1,1,0,0,0,0,1,803402,1132,5822522,547
201755,11,12,12214423,Mellerbogen,2019,12,16,2,3,5,3,2,0,1,0,0,0,0,1,792569,71,5833290,412
201756,11,2,2040502,Friedenstra�e,2019,12,16,2,3,5,2,2,0,1,0,0,0,1,1,800481,6695,5828454,925
201757,11,6,6020409,K�nigsberger Stra�e,2019,12,16,2,3,5,2,2,1,1,0,0,0,0,1,793123,1977,5817653,75
201758,11,4,4030519,Kaiserin-Augusta-Allee,2019,12,16,2,3,2,6,2,0,1,0,0,0,0,1,792367,4164,5828251,877
201759,11,2,2050802,Boxhagener Platz,2019,12,15,2,3,0,7,1,1,0,0,0,0,0,1,802412,6155,5827071,589
201760,11,2,2010102,Mehringplatz,2019,12,16,2,2,6,4,2,0,1,1,0,0,0,1,798346,1787,5825564,3
201761,11,2,2050602,Samariterviertel,2019,12,22,2,3,8,1,2,0,1,0,0,0,0,0,802719,9892,5828222,652
201762,11,8,8010301,Reuterkiez,2019,12,14,2,3,5,3,0,1,1,0,0,0,0,1,801061,7087,5824921,98
201763,11,6,6020303,Lankwitz Kirche,2019,12,14,2,3,2,6,0,0,1,0,0,1,0,0,795506,6153,5818614,509
201764,11,2,2010104,Wassertorplatz,2019,12,21,2,2,3,6,2,1,1,0,0,0,0,1,799951,1074,5825475,336
201765,11,3,3061430,Volkspark Prenzlauer Berg,2019,12,19,2,3,5,7,2,0,1,0,0,0,1,1,802533,6222,5829303,103
201766,11,7,7040405,Rathaus Tempelhof,2019,12,13,2,3,2,6,0,0,1,0,0,1,0,0,799415,1315,5821781,445
201767,11,6,6040810,Dahlem,2019,12,19,2,3,6,2,2,0,1,1,0,0,0,1,792634,147,5821755,27
201768,11,1,1033102,Gesundbrunnen,2019,12,13,2,3,2,6,0,0,1,0,0,1,0,1,797335,3,5831873,267
201769,11,12,12301203,Wittenau S�d,2019,12,12,2,3,0,5,0,0,1,0,0,0,1,1,792372,7267,5834073,244
201770,11,3,3061228,Erich-Weinert-Stra�e,2019,12,18,2,2,6,2,2,0,1,1,0,0,0,1,800957,3686,5831228,115
201771,11,3,3040512,Wilhelmsruh,2019,12,16,2,3,6,4,2,0,1,1,0,0,0,1,796056,2504,5835790,922
201772,11,9,9010202,K�penicker Landstra�e,2019,12,11,2,3,5,2,0,0,1,0,0,0,0,0,804105,7701,5823594,677
201773,11,7,7060604,Marienfelde S�d,2019,12,17,2,3,1,5,2,0,1,0,0,0,0,1,796023,255,5815973,188
201774,11,6,6020411,Sch�tte-Lanz-Stra�e,2019,12,11,2,3,0,3,0,0,0,0,0,0,1,0,794139,5049,5815988,1
201775,11,4,4030621,Spreestadt,2019,12,9,2,3,5,2,0,0,1,0,1,0,0,1,793564,3737,5827768,619
201776,11,4,4031032,Halensee,2019,12,5,2,3,5,7,2,0,1,0,0,1,0,0,791452,4,5825068,603
201777,11,3,3010101,Bucher Forst,2019,12,5,2,3,5,3,2,1,1,0,0,0,0,0,803850,8027,5841447,337
201778,11,8,8010508,Wei�e Siedlung,2019,12,4,2,3,4,6,2,0,1,0,0,0,0,1,803534,327,5823039,263
201779,11,2,2050802,Boxhagener Platz,2019,12,2,2,3,6,4,2,0,1,1,0,0,0,0,802382,6637,5827300,558
201780,11,3,3040614,Pankow Zentrum,2019,12,17,2,3,5,7,2,1,1,0,0,0,0,1,797760,2694,5832938,574
201781,11,11,11051332,Karlshorst S�d,2019,12,7,2,3,5,2,0,1,1,0,0,0,0,0,807202,691,5823904,841
201782,11,7,7040403,Manteuffelstra�e,2019,12,22,1,3,5,3,2,0,1,0,0,0,0,0,797870,3308,5821928,962
201783,11,1,1044101,Rehberge,2019,12,21,1,3,1,6,2,0,1,0,0,0,1,0,794355,6596,5830502,768
201784,11,3,3061126,Arnimplatz,2019,12,19,1,2,6,4,2,0,0,1,0,0,1,0,799113,9645,5831778,11
201785,11,5,5020626,Adamstra�e,2019,12,18,1,3,5,2,2,0,1,0,1,0,0,0,784590,4669,5827965,905
201786,11,11,11030721,R�digerstra�e,2019,12,14,1,3,0,4,0,1,0,1,0,0,0,0,803896,7869,5827894,7
201787,11,8,8010213,K�rnerpark,2019,12,13,1,3,5,3,0,0,1,0,0,0,0,0,801256,8032,5822874,906
201788,11,3,3051017,Rennbahnstra�e,2019,12,10,1,3,2,6,0,0,1,0,0,0,0,0,802079,698,5832793,818
201789,11,8,8040933,Vogelviertel S�d,2019,12,4,1,2,5,3,2,0,1,0,0,0,0,0,803300,4102,5818517,654
201790,11,2,2040502,Friedenstra�e,2019,12,1,1,2,6,7,2,0,1,1,0,0,0,0,800711,1855,5828470,544
201791,11,1,1011303,Alexanderplatzviertel,2019,12,1,1,3,5,3,2,0,1,0,0,0,1,0,799499,8609,5828347,157
201792,11,2,2020204,Urbanstra�e,2019,11,15,7,3,0,6,0,0,1,0,1,0,0,0,798671,5546,5825128,383
201793,11,1,1022206,L�neburger Stra�e,2019,11,12,7,3,5,3,0,1,1,0,0,0,0,0,795924,4933,5828125,712
201794,11,12,12304314,Ziekowstra�e/Freie Scholle,2019,11,0,7,3,2,6,2,0,1,0,0,0,0,0,790083,5001,5836067,402
201795,11,5,5010314,Carl-Schurz-Stra�e,2019,11,9,7,3,6,2,0,0,1,1,0,0,0,0,784832,202,5829236,823
201796,11,1,1011303,Alexanderplatzviertel,2019,11,3,7,3,2,6,2,0,1,0,0,0,0,0,799115,3802,5828989,94
201797,11,1,1011301,Charit�viertel,2019,11,23,7,3,1,5,2,1,0,0,0,0,1,0,797286,191,5829045,714
201798,11,2,2050602,Samariterviertel,2019,11,19,7,3,5,3,2,0,1,0,1,0,0,0,802923,4313,5828260,635
201799,11,3,3020307,Buchholz,2019,11,18,7,3,5,2,2,1,1,0,0,0,0,0,800465,6378,5836192,223
201800,11,8,8010211,Flughafenstra�e,2019,11,18,7,3,5,2,2,0,1,0,0,0,0,0,800861,3459,5823837,568
201801,11,5,5030731,Gartenfelder Stra�e,2019,11,16,7,3,5,2,1,0,1,0,0,0,0,0,788032,234,5829372,841
201802,11,12,12214527,Alt-Tegel,2019,11,16,7,3,2,6,1,0,1,0,0,0,0,0,790155,2313,5835807,309
201803,11,3,3061228,Erich-Weinert-Stra�e,2019,11,18,7,3,2,6,2,0,1,0,0,0,0,0,800303,629,5831589,72
201804,11,5,5010314,Carl-Schurz-Stra�e,2019,11,14,7,2,6,4,0,0,1,1,0,0,0,0,784801,2428,5828808,648
201805,11,11,11030617,Hohensch�nhausener Stra�e,2019,11,12,7,2,5,2,0,0,1,0,0,0,1,0,803195,2991,5829991,558
201806,11,7,7050501,Rathausstra�e,2019,11,14,7,3,2,6,0,0,1,0,0,0,0,0,797354,2755,5819351,155
201807,11,2,2030302,Lausitzer Platz,2019,11,7,7,3,0,7,0,1,0,0,0,0,0,0,800360,3496,5825763,326
201808,11,2,2050803,Stralauer Kiez,2019,11,4,7,3,0,1,2,0,0,0,0,0,1,0,803225,9444,5826324,115
201809,11,2,2050803,Stralauer Kiez,2019,11,19,7,3,6,2,2,0,1,1,0,0,0,1,802607,7307,5826135,813
201810,11,2,2010104,Wassertorplatz,2019,11,17,6,3,5,2,2,0,1,0,0,0,0,0,798583,5001,5825563,686
201811,11,8,8030829,Gropiusstadt Nord,2019,11,19,6,3,5,7,2,0,1,0,0,0,0,1,803160,177,5818438,588
201812,11,5,5010314,Carl-Schurz-Stra�e,2019,11,18,6,3,5,2,2,1,1,0,0,0,0,0,784837,7366,5829252,838
201813,11,5,5010314,Carl-Schurz-Stra�e,2019,11,18,6,3,6,4,2,0,1,1,0,0,0,0,784651,9776,5829295,435
201814,11,8,8010118,Silbersteinstra�e,2019,11,18,6,3,0,6,2,0,0,0,1,0,1,0,800927,4615,5822339,734
201815,11,2,2010104,Wassertorplatz,2019,11,17,6,3,3,2,1,1,1,0,0,0,0,0,799443,6293,5825642,334
201816,11,2,2020206,Graefekiez,2019,11,16,6,3,5,2,2,1,1,0,0,0,0,0,799071,5097,5824566,771
201817,11,1,1033102,Gesundbrunnen,2019,11,15,6,3,1,5,0,0,1,0,0,1,0,0,797179,4115,5831370,965
201818,11,8,8010302,Bouch�stra�e,2019,11,14,6,3,5,3,0,0,1,0,0,0,0,1,801549,5268,5824662,18
201819,11,9,9031202,Schm�ckwitz/Rauchfangswerder,2019,11,12,6,3,0,6,0,0,1,0,1,0,0,1,818796,225,5812577,851
201820,11,6,6030503,Zehlendorf Mitte,2019,11,12,6,3,5,7,0,0,1,0,0,0,1,0,789509,3785,5817714,236
201821,11,1,1033202,Humboldthain S�d,2019,11,12,6,3,5,2,0,0,1,0,0,0,0,0,797766,9202,5829737,431
201822,11,6,6010210,Bismarckstra�e,2019,11,11,6,3,6,4,0,0,1,1,0,0,0,0,795132,59,5821236,242
201823,11,12,12304314,Ziekowstra�e/Freie Scholle,2019,11,11,6,3,5,2,0,0,1,0,0,0,0,0,790683,8561,5835383,681
201824,11,7,7060601,Marienfelder Allee Nordwest,2019,11,11,6,2,1,5,0,0,1,0,0,0,0,0,796412,4206,5816601,71
201825,11,2,2010102,Mehringplatz,2019,11,9,6,3,6,4,0,0,0,1,0,0,1,0,798057,2035,5826485,516
201826,11,5,5030731,Gartenfelder Stra�e,2019,11,9,6,3,2,6,0,0,1,0,0,1,0,0,787968,431,5830419,775
201827,11,7,7030302,Cecilieng�rten,2019,11,9,6,3,5,3,0,1,1,0,0,0,0,0,794512,8068,5821899,596
201828,11,2,2010102,Mehringplatz,2019,11,16,6,2,0,7,2,1,0,0,0,0,0,0,798277,3548,5825704,866
201829,11,1,1033101,Soldiner Stra�e,2019,11,9,6,3,2,6,0,0,1,0,0,0,0,0,796136,4159,5832246,407
201830,11,7,7010102,Nollendorfplatz,2019,11,9,6,3,6,4,0,1,0,1,0,0,0,1,795872,152,5825386,683
201831,11,2,2040502,Friedenstra�e,2019,11,8,6,3,5,2,0,1,0,0,0,0,1,0,801221,3527,5828648,384
201832,11,2,2020205,Chamissokiez,2019,11,8,6,3,6,4,0,1,0,1,0,0,0,1,798493,4234,5824509,757
201833,11,10,10010102,Havemannstra�e,2019,11,7,6,3,6,4,2,0,1,1,0,0,0,1,809981,9774,5834056,458