OBJECTID,LAND,BEZ,LOR,STRASSE,UJAHR,UMONAT,USTUNDE,UWOCHENTAG,UKATEGORIE,UART,UTYP1,ULICHTVERH,IstRad,IstPKW,IstFuss,IstKrad,IstGkfz,IstSonstige,USTRZUSTAND,LINREFX,LINREFY,XGCSWGS84,YGCSWGS84
201834,11,5,5030730,Zitadellenweg,2019,11,19,5,3,2,6,2,0,1,0,0,0,0,1,786626,9872,5829236,496
201835,11,9,9052001,K�penick Nord,2019,11,19,5,2,1,5,2,0,1,0,0,0,1,1,811592,596,5823159,58
201836,11,4,4030929,Hindemithplatz,2019,11,19,5,3,2,6,2,0,1,0,0,0,0,1,792711,9199,5825653,58
201837,11,4,4030620,Alt-Lietzow,2019,11,18,5,3,3,6,2,0,1,0,1,0,0,1,791756,8226,5827499,326
201838,11,8,8010301,Reuterkiez,2019,11,18,5,3,2,3,2,0,1,0,0,0,0,1,801164,7891,5824106,964
201839,11,1,1044202,Sparrplatz,2019,11,18,5,2,6,2,2,0,1,1,0,0,0,1,795607,4112,5830515,309
201840,11,3,3061126,Arnimplatz,2019,11,19,5,2,6,2,2,0,0,1,0,0,1,0,798413,1331,5831839,868
201841,11,7,7050502,Fritz-Werner-Stra�e,2019,11,18,5,3,5,2,2,0,1,0,0,0,0,1,798376,5102,5818418,3
201842,11,11,11040925,Victoriastadt,2019,11,17,5,3,0,6,2,0,1,0,1,0,0,1,803713,19,5826313,135
201843,11,1,1044202,Sparrplatz,2019,11,17,5,3,2,6,2,0,1,0,0,0,0,1,795046,5246,5830331,652
201844,11,11,11020513,Orankesee,2019,11,17,5,3,5,2,2,0,1,0,0,0,0,1,802884,1494,5831200,461
201845,11,6,6030608,Schweizer Viertel,2019,11,17,5,3,6,2,2,0,1,1,0,0,0,1,792520,7,5817218,802
201846,11,11,11030720,Herzbergstra�e,2019,11,17,5,2,6,4,2,1,0,1,0,0,0,1,805834,7277,5830108,255
201847,11,12,12231101,Hermsdorf,2019,11,17,5,3,1,5,2,0,1,0,0,0,0,0,791626,606,5837854,732
201848,11,1,1011401,Invalidenstra�e,2019,11,17,5,3,5,3,2,1,1,0,0,0,0,1,798049,7537,5829152,3
201849,11,5,5010314,Carl-Schurz-Stra�e,2019,11,17,5,3,6,4,2,0,1,1,0,0,0,1,784493,9327,5828880,303
201850,11,10,10040933,Mahlsdorf S�d,2019,11,16,5,3,5,3,2,1,1,0,0,0,0,1,812363,794,5823794,55
201851,11,10,10020622,Kaulsdorf Nord I,2019,11,16,5,3,6,7,2,0,0,1,0,0,1,0,811167,851,5828452,218
201852,11,9,9041501,Altstadt Kietz,2019,11,16,5,3,6,4,2,0,1,1,0,0,0,1,811431,1448,5820226,984
201853,11,1,1011303,Alexanderplatzviertel,2019,11,15,5,3,5,2,0,1,1,0,0,0,0,0,799108,7869,5828466,4
201854,11,10,10010204,Wuhletalstra�e,2019,11,14,5,3,6,4,0,0,1,1,0,0,0,0,810001,8318,5833209,455
201855,11,4,4051549,Rathaus Wilmersdorf,2019,11,21,5,3,5,2,2,1,1,0,0,0,0,1,793308,3703,5823915,97
201856,11,9,9020701,Adlershof West,2019,11,12,5,3,1,5,0,0,1,0,0,0,0,0,807404,1085,5819022,965
201857,11,12,12103218,Teichstra�e,2019,11,13,5,3,2,6,0,0,1,0,0,0,0,1,794333,6248,5835477,921
201858,11,3,3071537,Kollwitzplatz,2019,11,13,5,3,7,7,0,1,0,0,0,0,0,0,799388,183,5830035,769
201859,11,11,11040926,Weitlingstra�e,2019,11,12,5,3,5,2,0,0,1,0,0,0,0,0,805561,154,5827267,36
201860,11,5,5010207,Darbystra�e,2019,11,12,5,3,2,3,0,0,1,0,1,0,0,0,782969,5624,5830876,682
201861,11,4,4051445,Eisenzahnstra�e,2019,11,20,5,3,5,7,2,0,1,0,1,0,0,1,792209,5688,5824076,467
201862,11,9,9020501,Obersch�neweide West,2019,11,12,5,3,5,7,0,0,1,0,0,1,0,0,806764,5003,5823073,932
201863,11,9,9010202,K�penicker Landstra�e,2019,11,20,5,3,5,3,2,1,1,0,0,0,0,1,804463,6843,5823218,44
201864,11,2,2030302,Lausitzer Platz,2019,11,11,5,3,5,7,0,1,1,0,0,0,0,0,800868,9969,5825858,356
201865,11,12,12214424,Scharnweberstra�e,2019,11,10,5,3,5,2,0,1,1,0,0,0,0,0,793550,331,5832378,687
201866,11,11,11010310,M�hlengrund,2019,11,10,5,3,6,2,0,0,0,1,0,1,0,0,805541,15,5833383,135
201867,11,3,3020307,Buchholz,2019,11,10,5,3,1,5,0,1,0,0,0,0,1,0,800200,3648,5836790,939
201868,11,10,10020415,Hellersdorfer Promenade,2019,11,8,5,3,5,3,0,1,1,0,0,0,0,0,812686,6434,5831086,145
201869,11,5,5040934,Alt-Gatow,2019,11,8,5,3,2,6,0,0,1,0,0,0,0,0,783930,4335,5823390,151
201870,11,2,2030302,Lausitzer Platz,2019,11,7,5,3,6,4,0,1,1,1,0,0,0,1,800526,879,5826324,828
201871,11,5,5030731,Gartenfelder Stra�e,2019,11,5,5,3,5,2,2,1,1,0,0,0,0,1,787712,704,5829413,393
201872,11,7,7010102,Nollendorfplatz,2019,11,18,4,3,2,7,2,1,1,0,0,0,0,1,795392,8165,5825166,826
201873,11,7,7040405,Rathaus Tempelhof,2019,11,17,4,3,6,6,2,1,0,1,0,0,0,0,798269,3576,5821298,21
201874,11,3,3061228,Erich-Weinert-Stra�e,2019,11,19,4,3,5,3,2,0,1,0,0,0,0,1,801152,6118,5831119,916
201875,11,8,8010214,Glasower Stra�e,2019,11,20,4,3,1,5,2,1,1,0,0,0,0,0,801205,5016,5822209,869
201876,11,8,8020727,Buckow Mitte,2019,11,16,4,3,6,2,1,0,1,1,0,0,0,1,800320,787,5816737,208
201877,11,1,1033101,Soldiner Stra�e,2019,11,19,4,2,1,5,2,0,1,0,0,0,1,1,797373,7404,5832441,4
201878,11,8,8010404,Rixdorf,2019,11,19,4,3,6,4,2,0,1,1,0,0,0,1,802530,5777,5822956,54
201879,11,9,9010302,Sp�thsfelde,2019,11,19,4,3,2,6,2,0,1,0,0,0,0,1,803657,29,5820714,47
201880,11,6,6020302,Komponistenviertel Lankwitz,2019,11,18,4,3,6,2,2,0,1,1,0,0,0,1,794588,2938,5818541,439
201881,11,3,3061228,Erich-Weinert-Stra�e,2019,12,8,6,3,5,3,0,1,1,0,0,0,0,1,800769,3757,5831333,89
201882,11,4,4010102,Pl�tzensee,2019,11,18,4,3,5,2,2,0,1,0,0,0,0,1,793353,1881,5829678,56
201883,11,8,8020620,Tempelhofer Weg,2019,11,18,4,3,8,1,2,0,1,0,0,0,0,1,800990,1625,5820824,7
201884,11,6,6030501,Berlepschstra�e,2019,12,8,6,3,5,7,0,0,0,0,1,0,1,0,788699,1291,5816806,625
201885,11,3,3061228,Erich-Weinert-Stra�e,2019,11,17,4,3,2,6,2,0,1,0,0,0,0,1,801190,1252,5831052,351
201886,11,7,7070702,Alt-Lichtenrade/T�pchiner Weg,2019,12,5,6,3,5,3,2,0,1,0,0,0,0,0,799944,9001,5815827,782
201887,11,4,4051445,Eisenzahnstra�e,2019,11,17,4,3,5,2,2,1,1,0,0,0,0,1,792146,9613,5824075,564
201888,11,12,12301203,Wittenau S�d,2019,11,17,4,3,6,4,2,0,1,1,0,0,0,1,793926,9748,5835287,212
201889,11,4,4031032,Halensee,2019,12,6,6,3,2,6,0,0,1,0,0,0,0,1,791187,1954,5824718,827
201890,11,7,7050503,Eisenacher Stra�e,2019,11,17,4,3,5,7,2,0,1,0,1,0,0,1,798430,5222,5820499,58
201891,11,7,7030303,Grazer Platz,2019,11,17,4,3,5,3,2,0,1,0,0,0,0,1,796063,4862,5822856,738
201892,11,6,6010207,Mittelstra�e,2019,11,17,4,3,5,3,2,1,1,0,0,0,0,1,793950,5983,5820445,77
201893,11,12,12214527,Alt-Tegel,2019,12,6,6,3,5,2,2,0,1,0,0,0,1,2,789903,3995,5835694,405
201894,11,3,3040614,Pankow Zentrum,2019,12,6,6,2,5,3,2,1,1,0,0,0,0,0,798730,6526,5833696,375
201895,11,2,2030302,Lausitzer Platz,2019,11,17,4,3,5,2,2,1,1,0,0,0,0,1,800402,402,5825786,386
201896,11,1,1011102,Gro�er Tiergarten,2019,11,17,4,3,5,2,2,0,1,0,1,0,0,1,795079,733,5827225,231
201897,11,7,7020203,Kaiser-Wilhelm-Platz,2019,12,7,6,3,5,3,1,1,1,0,0,0,0,0,795522,8782,5824356,518
201898,11,1,1044202,Sparrplatz,2019,11,17,4,3,6,2,2,0,1,1,0,0,0,1,795015,2244,5830113,23
201899,11,1,1022106,Elberfelder Stra�e,2019,11,20,4,3,5,2,2,1,1,0,0,0,0,0,793697,8285,5828111,581
201900,11,5,5010101,Hakenfelde Nord,2019,12,7,6,3,5,3,1,1,1,0,0,0,0,1,785095,1964,5832236,483
201901,11,8,8010404,Rixdorf,2019,12,0,6,2,6,2,2,0,1,1,0,0,0,0,802573,8508,5823087,175
201902,11,1,1011401,Invalidenstra�e,2019,11,22,4,3,0,7,2,0,0,0,0,0,1,1,797396,4651,5829158,371
201903,11,3,3010104,Lietzengraben,2019,11,13,4,3,3,6,0,1,1,0,0,0,0,0,800804,6897,5838719,426
201904,11,11,11020515,Landsberger Allee,2019,12,13,6,2,6,4,0,0,1,1,0,0,0,1,803873,107,5830122,303
201905,11,6,6040810,Dahlem,2019,12,13,6,3,2,6,0,0,1,0,0,0,0,1,790370,8551,5820824,48
201906,11,10,10030727,Biesdorf S�d,2019,11,13,4,3,2,6,0,0,1,0,0,0,1,0,809582,621,5824834,434
201907,11,2,2040702,Weberwiese,2019,11,12,4,3,0,1,0,0,0,0,0,0,1,0,801879,7172,5827402,602
201908,11,9,9010301,Baumschulenstra�e,2019,11,12,4,3,2,6,0,0,1,0,0,0,0,1,804659,4944,5822150,111
201909,11,11,11030619,Fennpfuhl Ost,2019,12,12,6,3,5,7,0,0,1,0,0,0,1,1,803671,387,5829503,91
201910,11,7,7040401,Neu-Tempelhof,2019,11,12,4,3,3,6,0,1,0,0,0,1,0,0,797761,442,5823954,551
201911,11,4,4030519,Kaiserin-Augusta-Allee,2019,12,12,6,3,0,1,0,0,0,0,1,0,0,1,792159,2017,5828115,39
201912,11,8,2020206,Graefekiez,2019,11,11,4,3,2,6,0,0,1,0,0,0,1,0,800293,9117,5824361,144
201913,11,3,3051022,Hansastra�e,2019,11,11,4,3,5,3,0,0,1,0,0,0,0,0,803000,4744,5832007,164
201914,11,2,2010101,Askanischer Platz,2019,12,12,6,3,0,1,0,0,0,0,1,0,0,1,797741,9065,5826099,604
201915,11,6,6010205,S�dende,2019,11,10,4,3,2,7,0,0,1,0,0,0,0,0,795914,6142,5819900,8
201916,11,10,10020414,Helle Mitte,2019,11,16,4,3,6,4,2,0,0,1,0,0,1,1,812247,438,5830698,221
201917,11,1,1011301,Charit�viertel,2019,11,9,4,2,5,3,0,1,1,0,0,0,0,0,797023,803,5829351,975
201918,11,1,1044103,Westliche M�llerstra�e,2019,12,11,6,3,6,2,0,0,0,1,0,0,1,0,795044,2933,5830921,596
201919,11,12,12214421,Reinickes Hof,2019,12,11,6,3,0,3,0,0,1,0,1,0,0,1,793121,341,5833869,7
201920,11,12,12302211,L�barser Stra�e,2019,11,7,4,3,5,3,0,0,1,0,0,0,0,0,793660,268,5837139,285
201921,11,1,1011306,Heine-Viertel Ost,2019,11,16,4,3,6,2,2,0,1,1,0,0,0,1,799981,6828,5826939,982
201922,11,11,11041022,Rosenfelder Ring,2019,12,10,6,3,3,6,0,0,1,0,0,0,0,1,806619,736,5827397,824
201923,11,6,6020303,Lankwitz Kirche,2019,12,18,6,1,6,2,2,0,1,1,0,0,0,1,795662,463,5818244,638
201924,11,5,5010314,Carl-Schurz-Stra�e,2019,11,7,4,2,5,2,0,0,0,0,0,0,1,0,784819,209,5829150,518
201925,11,11,11040926,Weitlingstra�e,2019,11,16,4,3,6,2,1,0,1,1,0,0,0,1,806132,4241,5826844,337
201926,11,6,6040806,Fischtal,2019,12,17,6,1,6,2,2,0,1,1,0,0,0,1,788846,2584,5819589,929
201927,11,2,2010103,Moritzplatz,2019,11,16,4,3,5,3,2,1,1,0,0,0,0,1,799281,7464,5826219,656
201928,11,10,10010309,Springpfuhl,2019,11,5,4,3,5,3,2,0,1,0,1,0,0,0,807869,9505,5830165,763
201929,11,1,1022203,L�becker Stra�e,2019,12,17,5,3,1,5,2,1,1,0,0,0,0,1,794799,6017,5828940,681
201930,11,10,10020517,Adele-Sandrock-Stra�e,2019,12,13,5,3,0,4,0,0,0,1,0,0,1,0,812609,3944,5830320,194
201931,11,4,4030827,Karl-August-Platz,2019,11,15,4,3,2,6,0,0,1,0,0,0,0,1,792724,7095,5826067,655
201932,11,3,3030715,Heinersdorf,2019,11,15,4,3,6,4,1,0,1,1,0,0,0,1,801319,2741,5833555,224
201933,11,2,2050803,Stralauer Kiez,2019,11,15,4,3,6,4,0,0,1,1,0,0,0,1,802535,7483,5826193,456
201934,11,3,3030406,Alt-Karow,2019,12,12,5,3,5,3,0,0,1,0,0,0,0,0,802862,6769,5838282,386
201935,11,1,1022206,L�neburger Stra�e,2019,11,15,4,3,2,1,0,1,0,0,0,0,1,1,796234,1754,5828127,866
201936,11,10,10010102,Havemannstra�e,2019,12,12,5,3,0,3,0,0,0,0,0,0,1,0,809618,7072,5834146,63
201937,11,11,11030721,R�digerstra�e,2019,11,7,4,3,0,1,1,1,0,0,0,0,0,0,804002,7415,5828219,504
201938,11,8,8010116,Wissmannstra�e,2019,11,17,4,3,4,5,2,0,1,0,1,0,0,0,800283,657,5824187,261
201939,11,12,12214126,Tegel S�d,2019,12,9,5,3,6,4,0,0,1,1,0,0,0,0,790600,1828,5834049,912
201940,11,4,4030930,George-Grosz-Platz,2019,12,9,5,2,2,6,0,0,1,0,1,0,0,1,793036,1945,5825373,772
201941,11,3,3020209,Niedersch�nhausen,2019,11,7,3,3,6,4,1,0,1,1,0,0,0,0,797219,151,5835545,3
201942,11,3,3050923,Wei�enseer Spitze,2019,12,9,5,3,2,6,0,1,1,0,0,0,0,0,800771,8014,5831764,848
201943,11,8,8010211,Flughafenstra�e,2019,11,19,3,2,0,1,2,1,0,0,0,0,0,0,800466,6946,5823725,655
201944,11,10,10010310,Alt-Marzahn,2019,11,18,3,2,6,4,2,0,0,1,0,0,1,0,808644,9321,5830145,72
201945,11,8,8010404,Rixdorf,2019,12,23,5,2,6,4,2,0,1,1,0,0,0,0,801804,3632,5823632,333
201946,11,8,8010301,Reuterkiez,2019,12,8,5,3,2,6,0,0,1,0,0,0,0,0,800589,4341,5824492,765
201947,11,12,12214125,Waldidyll/Flughafensee,2019,11,17,3,3,5,3,2,0,1,0,1,0,0,0,791111,6939,5834239,793
201948,11,8,8010214,Glasower Stra�e,2019,11,16,3,3,5,3,2,0,1,0,0,0,0,0,801297,7646,5822263,427
201949,11,6,6030608,Schweizer Viertel,2019,12,7,5,3,1,5,0,1,1,0,0,0,0,0,792148,5867,5816784,35
201950,11,4,4051653,Prager Platz,2019,12,21,5,3,5,2,2,1,1,0,0,0,0,0,793952,3444,5824716,492
201951,11,4,4020208,Kranzallee,2019,11,16,3,3,2,6,2,0,1,0,0,0,0,0,786252,44,5826003,284
201952,11,1,1033203,Humboldthain Nordwest,2019,11,16,3,3,2,6,1,0,1,0,0,0,0,0,795827,8343,5829879,289
201953,11,11,11041128,Sewanstra�e,2019,12,7,5,3,5,3,2,1,1,0,0,0,0,1,805860,1174,5825310,8
201954,11,6,6010101,Fichtenberg,2019,11,16,3,2,6,4,2,0,1,1,0,0,0,0,793153,8895,5820820,486
201955,11,11,11020515,Landsberger Allee,2019,12,7,5,3,5,3,2,1,1,0,0,0,0,1,805124,2257,5830056,397
201956,11,12,12103117,Letteplatz,2019,11,16,3,3,2,6,2,0,1,0,0,0,0,0,796673,9549,5832754,29
201957,11,9,9051701,Hirschgarten,2019,11,16,3,3,0,5,1,0,1,0,0,0,0,0,812951,693,5821064,458
201958,11,4,4030931,Breitscheidplatz,2019,12,21,5,3,1,5,2,0,1,0,0,0,0,0,794380,4186,5825692,111
201959,11,4,4030725,Amtsgerichtsplatz,2019,12,0,5,2,0,7,2,0,0,0,0,0,1,0,791758,7107,5826455,689
201960,11,8,8010301,Reuterkiez,2019,11,15,3,3,3,6,1,1,0,0,0,0,1,0,801583,4323,5824067,406
201961,11,6,6010101,Fichtenberg,2019,11,20,3,3,5,3,2,1,1,0,0,0,0,1,792516,9041,5821409,601
201962,11,7,7040402,Lindenhofsiedlung,2019,12,10,5,2,5,3,0,1,0,0,0,1,0,0,796597,7349,5821140,413
201963,11,6,6030501,Berlepschstra�e,2019,12,19,5,3,1,1,2,0,1,0,1,0,0,1,788819,4,5816481,24
201964,11,2,2010103,Moritzplatz,2019,11,19,3,3,5,2,2,1,1,0,0,0,0,0,799117,3243,5826273,946
201965,11,4,4030519,Kaiserin-Augusta-Allee,2019,11,19,3,3,5,3,1,0,1,0,0,0,0,0,792528,2745,5828727,363
201966,11,12,12301204,Wittenau Nord,2019,12,17,5,3,6,4,2,0,1,1,0,0,0,0,792611,6863,5835738,134
201967,11,2,2020204,Urbanstra�e,2019,12,18,5,3,0,1,2,0,0,0,1,0,0,0,798477,9505,5824730,654
201968,11,12,12214125,Waldidyll/Flughafensee,2019,11,19,3,3,2,6,2,0,1,0,1,0,0,0,789784,217,5833673,873
201969,11,7,7030301,Friedenau,2019,11,19,3,3,1,5,2,1,1,0,0,0,0,0,793733,7956,5821688,171
201970,11,5,5020625,Borkumer Stra�e,2019,11,19,3,3,5,2,2,0,1,0,0,0,0,0,784719,4108,5828608,242
201971,11,2,2030302,Lausitzer Platz,2019,12,17,5,3,6,4,2,0,1,1,0,0,0,0,801139,4667,5826282,666
201972,11,3,3061227,Humannplatz,2019,12,17,5,3,3,6,2,0,1,0,0,0,1,0,799906,8218,5831665,56
201973,11,6,6020409,K�nigsberger Stra�e,2019,11,18,3,3,2,6,2,0,1,0,0,0,0,0,793224,828,5816823,293
201974,11,12,12304314,Ziekowstra�e/Freie Scholle,2019,11,15,3,3,5,3,1,0,1,0,0,0,0,0,790424,482,5835943,395
201975,11,4,4030417,Schlo�stra�e,2019,12,18,5,3,1,5,2,1,0,0,0,0,1,0,791554,5473,5826675,706
201976,11,2,2050801,Traveplatz,2019,12,17,5,3,6,6,1,0,1,1,0,0,0,0,803188,6873,5827123,416
201977,11,2,2010104,Wassertorplatz,2019,11,14,3,3,5,2,0,0,1,0,0,1,0,0,799071,4734,5825609,753
201978,11,1,1022201,Stephankiez,2019,11,15,3,3,0,1,0,0,0,0,1,0,0,0,795177,8772,5829505,75
201979,11,6,6040702,D�ppel,2019,12,18,5,3,5,3,2,1,1,0,0,0,0,0,787500,7562,5816884,524
201980,11,4,4020310,Park Ruhwald,2019,11,14,3,3,1,5,0,0,1,0,0,0,0,0,790361,4812,5827394,714
201981,11,4,4030930,George-Grosz-Platz,2019,12,16,5,3,0,3,2,1,0,0,1,0,0,1,792840,3672,5825522,405
201982,11,7,7040403,Manteuffelstra�e,2019,11,14,3,3,5,3,0,1,1,0,0,0,0,0,797356,1552,5822015,789
201983,11,2,2010103,Moritzplatz,2019,11,13,3,3,5,2,0,1,0,0,0,0,1,0,799292,6846,5826222,44
201984,11,7,7020203,Kaiser-Wilhelm-Platz,2019,12,16,5,3,5,2,2,0,1,0,1,0,0,1,795664,3759,5823778,773
201985,11,3,3071639,B�tzowstra�e,2019,12,16,5,3,1,5,2,1,1,0,0,0,0,0,800824,9156,5829173,767
201986,11,9,9020701,Adlershof West,2019,11,13,3,3,5,2,0,0,1,0,0,0,0,0,807223,4783,5818287,25
201987,11,11,11040926,Weitlingstra�e,2019,11,10,3,3,5,3,0,0,1,0,0,0,0,0,806363,8531,5826858,418
201988,11,11,11010207,Wartenberg Nord,2019,12,16,5,3,6,4,2,0,1,1,0,0,0,1,805119,2046,5834459,98
201989,11,3,3010102,Buch,2019,12,14,5,3,5,3,0,1,1,0,0,0,0,0,804356,7982,5840432,64
201990,11,7,7070703,John-Locke-Stra�e,2019,11,10,3,3,0,7,0,0,1,0,0,0,1,0,799778,132,5813975,84
201991,11,1,1022106,Elberfelder Stra�e,2019,11,12,3,3,0,7,0,0,0,0,1,0,1,0,793699,5272,5828016,464
201992,11,1,1011201,Wilhelmstra�e,2019,12,15,5,3,2,2,0,1,1,0,0,0,0,0,797296,7749,5827242,859
201993,11,4,4030724,Lietzensee,2019,11,9,3,3,3,6,0,0,1,0,1,0,0,0,790816,2494,5826017,856
201994,11,5,5030730,Zitadellenweg,2019,12,14,5,3,2,6,0,0,1,0,0,0,0,0,785961,6833,5829207,103
201995,11,9,9020501,Obersch�neweide West,2019,12,14,5,2,6,4,0,0,1,1,0,0,0,0,806510,4037,5822282,574
201996,11,1,1033101,Soldiner Stra�e,2019,11,9,3,3,5,2,0,0,1,0,0,0,1,0,796159,7445,5832269,931
201997,11,12,12304313,Borsigwalde,2019,12,14,5,3,0,6,0,0,1,0,1,0,0,0,791346,8308,5834499,855
201998,11,2,2020205,Chamissokiez,2019,11,7,3,3,0,3,0,1,0,0,1,0,0,0,798023,4733,5824680,213
201999,11,6,6030608,Schweizer Viertel,2019,12,14,5,2,5,3,0,1,1,0,0,0,0,0,792504,6721,5817218,724
202000,11,12,12301203,Wittenau S�d,2019,12,13,5,3,2,7,0,0,1,0,0,0,0,0,792671,829,5834738,129
202001,11,5,5030832,Rohrdamm,2019,11,7,3,3,2,6,1,0,1,0,0,0,0,0,789365,2818,5829284,605
202002,11,4,4031032,Halensee,2019,11,7,3,3,5,3,0,1,1,0,0,0,0,0,791590,6966,5825066,629
202003,11,8,8020620,Tempelhofer Weg,2019,12,13,5,3,5,7,0,1,1,0,0,0,0,0,801243,97,5820641,384
202004,11,6,6040810,Dahlem,2019,11,7,3,3,1,5,1,0,0,0,0,0,1,0,791329,3207,5821857,784
202005,11,8,8020728,Buckow Ost,2019,11,12,3,3,6,4,0,0,1,1,0,0,1,0,801840,936,5816753,164
202006,11,8,8010404,Rixdorf,2019,11,10,3,3,3,6,0,1,1,0,0,0,0,0,801549,7862,5823813,108
202007,11,1,1011103,L�tzowstra�e,2019,11,11,3,3,1,5,0,1,1,0,0,0,0,0,795596,8063,5826117,301
202008,11,11,11010310,M�hlengrund,2019,11,10,3,3,6,4,0,0,0,1,0,0,1,0,805274,7225,5833221,787
202009,11,2,2010101,Askanischer Platz,2019,12,13,5,3,1,5,0,0,1,0,0,0,0,0,797492,6932,5826228,328
202010,11,5,5020628,Graetschelsteig,2019,12,18,4,3,5,2,1,0,1,0,0,0,1,0,783919,324,5826605,166
202011,11,3,3020307,Buchholz,2019,11,10,3,3,5,2,0,0,1,0,0,0,1,0,800079,7791,5837502,585
202012,11,11,11051332,Karlshorst S�d,2019,11,13,2,3,5,2,0,1,0,0,0,0,1,0,807099,2893,5823655,349
202013,11,1,1044101,Rehberge,2019,11,8,2,3,5,3,0,0,1,0,0,0,0,0,793833,6939,5831855,623
202014,11,4,4041137,Flinsberger Platz,2019,12,7,4,3,6,2,1,0,1,1,0,0,0,0,790950,8171,5823018,675
202015,11,1,1011202,Unter den Linden Nord,2019,11,8,2,3,6,4,0,1,0,1,0,0,0,0,797160,435,5827685,961
202016,11,1,1044202,Sparrplatz,2019,12,14,4,3,6,4,0,0,1,1,0,0,0,0,795389,558,5830607,329
202017,11,11,11020411,Malchower Weg,2019,11,15,2,2,6,7,0,0,1,1,0,0,0,0,805238,2261,5832168,557
202018,11,8,8010404,Rixdorf,2019,11,21,2,3,6,4,2,0,1,1,0,0,0,0,802568,866,5823090,579
202019,11,6,6020408,Lichterfelde S�d,2019,12,19,4,2,5,2,2,0,1,0,1,0,0,0,792587,5683,5815927,382
202020,11,10,10010310,Alt-Marzahn,2019,11,20,2,2,5,2,2,1,1,0,0,0,0,0,809940,281,5831602,802
202021,11,2,2030402,Wrangelkiez,2019,11,19,2,3,0,1,2,1,1,0,0,0,0,0,801751,8948,5825816,553
202022,11,5,5040936,J�gerallee,2019,11,17,2,3,5,3,2,1,1,0,0,0,0,0,782291,1249,5820464,19
202023,11,7,7050501,Rathausstra�e,2019,12,18,4,3,5,2,2,0,1,0,1,0,0,0,797584,7519,5819588,247
202024,11,8,8010510,Gewerbegebiet K�llnische Heide,2019,11,16,2,3,2,6,2,0,1,0,0,0,0,0,802955,5444,5822492,127
202025,11,8,8020619,Buschkrugallee Nord,2019,11,16,2,3,5,3,2,0,1,0,1,0,0,0,801545,4905,5820647,124
202026,11,12,12214528,Tegeler Forst,2019,12,18,4,3,9,1,2,0,1,0,0,0,0,0,789496,4323,5836129,502
202027,11,4,4030725,Amtsgerichtsplatz,2019,11,16,2,3,2,3,2,1,1,0,0,0,0,0,791283,9233,5826071,246
202028,11,7,7040403,Manteuffelstra�e,2019,12,18,4,2,6,4,2,0,0,1,1,0,0,1,797328,146,5821868,27
202029,11,2,2020204,Urbanstra�e,2019,11,15,2,3,1,1,0,0,1,0,0,0,0,0,798319,717,5825079,991
202030,11,8,8010211,Flughafenstra�e,2019,11,18,2,3,0,1,2,1,0,0,0,0,0,0,800471,4775,5823727,38
202031,11,4,4030930,George-Grosz-Platz,2019,12,17,4,3,1,5,2,1,1,0,0,0,1,0,792786,8061,5825502,331
202032,11,8,8010303,Donaustra�e,2019,12,17,4,3,6,4,2,1,0,1,0,0,0,0,800488,9326,5824245,834
202033,11,2,2020203,Viktoriapark,2019,11,11,2,3,5,3,0,1,1,0,0,0,0,0,797016,7495,5824467,615
202034,11,7,7030301,Friedenau,2019,11,14,2,3,0,4,0,1,0,1,0,0,0,0,793489,2937,5821987,882
202035,11,4,4030725,Amtsgerichtsplatz,2019,12,17,4,3,0,7,2,0,0,0,1,0,0,0,791507,1284,5826224,61
202036,11,2,2040502,Friedenstra�e,2019,12,16,4,3,5,3,2,1,1,0,0,0,0,0,801132,3003,5828599,963
202037,11,9,9030901,Dorf Altglienicke,2019,11,15,2,3,7,7,0,0,1,0,0,0,1,0,807665,5728,5815710,938
202038,11,12,12214125,Waldidyll/Flughafensee,2019,11,15,2,3,4,6,0,0,1,0,0,0,0,0,788178,1493,5831485,532
202039,11,9,9051901,Dammvorstadt,2019,11,15,2,3,2,6,0,0,1,0,0,0,0,0,809687,1859,5821241,843
202040,11,1,1011105,N�rdlicher Landwehrkanal,2019,12,18,4,3,5,2,2,1,1,0,0,0,0,0,796415,3719,5826326,504
202041,11,10,10010207,Marzahner Promenade,2019,11,15,2,3,2,6,0,0,1,0,0,0,0,0,808181,876,5831319,514
202042,11,1,1011303,Alexanderplatzviertel,2019,12,15,4,3,5,3,1,0,1,0,0,0,0,0,799770,2616,5828632,561
202043,11,3,3030406,Alt-Karow,2019,11,13,2,3,6,2,0,0,1,1,0,0,0,0,803457,3521,5838505,31
202044,11,2,2020205,Chamissokiez,2019,11,11,2,3,5,3,0,1,1,0,0,0,0,0,798791,2823,5824111,69
202045,11,9,9020802,K�llnische Vorstadt,2019,12,23,4,3,6,2,2,0,1,1,0,0,0,0,810528,6111,5820028,802
202046,11,11,11010310,M�hlengrund,2019,11,9,2,3,0,6,0,0,1,0,1,0,0,0,805387,421,5833300,381
202047,11,1,1044202,Sparrplatz,2019,11,8,2,3,6,4,0,1,0,1,0,0,0,0,794855,72,5829889,107
202048,11,4,4010103,Paul-Hertz-Siedlung,2019,11,8,2,3,9,1,0,0,0,0,0,0,1,0,791265,9936,5829188,626