OBJECTID,LAND,BEZ,LOR,STRASSE,UJAHR,UMONAT,USTUNDE,UWOCHENTAG,UKATEGORIE,UART,UTYP1,ULICHTVERH,IstRad,IstPKW,IstFuss,IstKrad,IstGkfz,IstSonstige,USTRZUSTAND,LINREFX,LINREFY,XGCSWGS84,YGCSWGS84
202049,11,2,2030302,Lausitzer Platz,2019,12,23,4,3,2,6,2,0,1,0,0,0,0,1,801289,7111,5826168,232
202050,11,2,2050602,Samariterviertel,2019,12,22,4,3,2,6,2,0,1,0,0,0,0,0,802659,386,5828003,42
202051,11,12,12214126,Tegel S�d,2019,11,6,2,2,5,3,2,1,1,0,0,0,0,0,789759,7469,5833884,88
202052,11,8,8010301,Reuterkiez,2019,11,0,2,3,1,5,2,1,1,0,0,0,0,0,801481,6415,5823923,267
202053,11,3,3061227,Humannplatz,2019,12,14,7,3,2,1,0,1,1,0,0,0,0,1,800087,375,5831664,177
202054,11,4,4051448,Schaperstra�e,2019,12,14,7,3,0,1,0,1,0,0,0,0,0,1,793972,88,5824964,429
202055,11,8,8010301,Reuterkiez,2019,12,13,7,3,4,2,0,1,1,0,0,0,0,1,801100,9916,5824355,675
202056,11,10,10020413,Gut Hellersdorf,2019,12,13,7,3,5,2,0,0,1,0,0,0,0,1,811281,1738,5831543,416
202057,11,5,5020417,Staakener Stra�e,2019,12,13,7,3,0,1,0,1,0,0,0,0,0,1,783579,979,5828907,484
202058,11,6,6020408,Lichterfelde S�d,2019,12,12,7,3,5,3,0,0,1,0,0,0,0,1,792832,6441,5816434,399
202059,11,6,6020408,Lichterfelde S�d,2019,12,12,7,3,5,7,0,0,1,0,0,0,0,1,793038,4088,5816601,65
202060,11,6,6010209,Feuerbachstra�e,2019,12,11,7,3,5,2,0,1,1,0,0,0,0,1,794648,8117,5820986,841
202061,11,1,1033202,Humboldthain S�d,2019,12,11,7,3,2,6,0,0,1,0,1,0,0,1,797909,6647,5829898,523
202062,11,3,3061131,Falkplatz,2019,12,10,7,3,5,3,0,1,1,0,0,0,0,1,798880,506,5830395,914
202063,11,2,2050803,Stralauer Kiez,2019,12,5,7,3,6,2,2,0,1,1,0,0,0,1,802002,4516,5826394,442
202064,11,2,2050801,Traveplatz,2019,12,3,7,3,0,1,2,0,0,0,0,0,1,1,802309,4726,5827480,718
202065,11,8,8010301,Reuterkiez,2019,12,23,7,3,5,2,2,0,1,0,0,0,0,1,801459,4402,5823891,11
202066,11,2,2030301,Oranienplatz,2019,12,23,7,3,2,6,2,0,1,0,0,0,0,1,799946,217,5826078,88
202067,11,11,11030720,Herzbergstra�e,2019,12,21,7,2,6,4,2,0,1,1,0,0,0,1,805771,5977,5830082,507
202068,11,7,7070701,Kettinger Stra�e/Schillerstra�e,2019,12,20,7,2,5,2,2,0,1,0,0,0,0,1,799740,3027,5814500,787
202069,11,4,4051550,Leon-Jessel-Platz,2019,12,19,7,3,6,6,2,1,0,1,0,0,0,1,793174,309,5824511,159
202070,11,8,8040933,Vogelviertel S�d,2019,12,16,7,3,2,6,2,0,1,0,0,0,0,1,803279,1236,5818514,904
202071,11,11,11020513,Orankesee,2019,12,17,7,3,0,7,2,0,1,0,0,0,1,0,803314,1333,5830107,359
202072,11,10,10020414,Helle Mitte,2019,12,17,7,3,6,2,2,0,1,1,0,0,0,1,812065,4365,5830622,575
202073,11,1,1033101,Soldiner Stra�e,2019,12,15,7,3,0,1,1,0,0,0,1,0,0,1,797712,3178,5832057,384
202074,11,2,2010101,Askanischer Platz,2019,12,15,7,3,5,3,0,0,1,0,0,0,0,1,797469,1253,5826071,94
202075,11,5,5010312,Kurstra�e,2019,12,22,6,3,6,2,2,0,1,1,0,0,0,0,785292,4672,5830004,157
202076,11,9,9041501,Altstadt Kietz,2019,12,21,6,3,1,5,2,1,0,0,0,0,1,1,811502,9849,5820070,904
202077,11,9,9041301,Kietzer Feld/Nachtheide,2019,12,13,6,3,6,4,0,0,1,1,0,0,0,0,811477,2654,5819235,28
202078,11,1,1011402,Arkonaplatz,2019,12,13,6,3,5,3,0,0,1,0,0,0,0,0,798815,4539,5829375,306
202079,11,9,9051901,Dammvorstadt,2019,12,13,6,3,0,6,0,0,1,0,0,0,1,0,811998,6938,5821165,234
202080,11,12,12214424,Scharnweberstra�e,2019,12,12,6,3,6,4,0,0,1,1,0,0,0,0,793316,217,5832703,943
202081,11,7,7030303,Grazer Platz,2019,12,11,6,3,5,3,0,0,1,0,0,0,1,0,795223,1032,5822274,488
202082,11,6,6030609,Augustaplatz,2019,12,7,6,3,6,2,1,0,1,1,0,0,0,1,793211,5665,5819813,373
202083,11,7,7010102,Nollendorfplatz,2019,12,10,6,3,5,3,0,1,1,0,0,0,0,0,794992,9962,5825090,207
202084,11,4,4030930,George-Grosz-Platz,2019,12,10,6,3,5,2,0,0,1,0,1,0,0,0,792839,8287,5825503,207
202085,11,7,7070703,John-Locke-Stra�e,2019,12,10,6,3,0,1,0,1,0,0,0,0,0,2,799238,9891,5813123,851
202086,11,10,10010310,Alt-Marzahn,2019,12,10,6,3,0,1,0,0,0,0,1,0,0,2,809150,309,5831069,745
202087,11,4,4051446,Preu�enpark,2019,12,9,6,2,6,2,0,0,1,1,0,0,0,0,792689,8439,5825324,897
202088,11,9,9020701,Adlershof West,2019,12,9,6,3,4,1,0,0,1,0,0,0,0,2,807876,7188,5818167,844
202089,11,6,6020410,Oberhofer Platz,2019,12,8,6,3,5,3,0,0,0,0,1,1,0,1,794322,9437,5816920,213
202090,11,4,4051653,Prager Platz,2019,12,8,6,3,5,2,0,1,1,0,0,0,0,0,793979,405,5824651,59
202091,11,1,1022207,Hansaviertel,2019,12,8,6,2,0,1,1,0,0,0,1,0,0,2,794544,9781,5827511,64
202092,11,12,12302211,L�barser Stra�e,2019,12,8,6,3,3,6,0,1,1,0,0,0,0,0,793524,6761,5836870,284
202093,11,4,4041239,Stadion Wilmersdorf,2019,12,7,6,3,5,2,1,1,0,0,0,0,1,0,792231,5646,5823140,285
202094,11,7,7040406,Germaniagarten,2019,12,7,6,3,5,2,0,1,1,0,0,0,0,1,800159,6576,5821496,277
202095,11,11,11051330,Karlshorst West,2019,12,7,6,3,5,7,2,1,1,0,0,0,0,1,807206,462,5825569,211
202096,11,4,4030931,Breitscheidplatz,2019,12,14,6,2,6,4,0,0,1,1,0,0,0,0,794013,9175,5825926,128
202097,11,1,1011202,Unter den Linden Nord,2019,12,19,6,3,5,3,2,0,1,0,0,0,0,0,797893,8568,5828168,499
202098,11,3,3061131,Falkplatz,2019,12,19,6,2,0,1,2,1,0,0,0,0,0,0,798796,6317,5830351,47
202099,11,5,5010207,Darbystra�e,2019,12,19,6,3,2,6,2,0,1,0,0,0,0,0,783610,4808,5830663,863
202100,11,9,9010101,Elsenstra�e,2019,12,18,6,3,1,5,2,1,1,0,0,0,0,0,802309,1286,5825528,612
202101,11,1,1044101,Rehberge,2019,12,18,6,2,5,3,2,1,1,0,0,0,0,0,794649,798,5831458,698
202102,11,7,7050505,Hundsteinweg,2019,12,17,6,3,2,6,2,0,1,0,0,0,0,0,798755,5467,5819084,381
202103,11,11,11010310,M�hlengrund,2019,12,17,6,3,2,6,2,0,1,0,0,0,0,1,805758,4303,5833536,47
202104,11,5,5010314,Carl-Schurz-Stra�e,2019,12,16,6,3,0,6,2,0,1,0,0,0,1,0,784819,469,5829040,112
202105,11,6,6010205,S�dende,2019,12,16,6,3,2,2,1,0,1,0,0,0,0,0,795330,6323,5819980,797
202106,11,1,1022204,Thomasiusstra�e,2019,12,16,6,3,0,1,0,1,0,0,0,0,0,0,795321,435,5827750,864
202107,11,3,3040512,Wilhelmsruh,2019,12,16,6,3,8,1,2,0,1,0,0,0,0,0,796253,9461,5835298,93
202108,11,5,5010314,Carl-Schurz-Stra�e,2019,12,15,6,3,5,3,0,0,1,0,0,0,1,0,784404,5968,5829512,201
202109,11,1,1011202,Unter den Linden Nord,2019,12,15,6,3,2,2,2,0,0,0,0,0,1,1,797160,435,5827685,961
202110,11,2,2040503,Richard-Sorge-Viertel,2019,12,15,6,3,2,7,0,1,1,0,0,0,0,0,801811,7887,5827957,622
202111,11,3,3020209,Niedersch�nhausen,2019,12,14,6,3,6,4,0,0,1,1,0,0,0,0,798130,3474,5835469,21
202112,11,3,3040614,Pankow Zentrum,2019,12,6,5,3,6,7,2,1,0,1,0,0,0,0,799922,295,5834443,365
202113,11,4,4031032,Halensee,2019,12,13,5,2,6,4,0,0,1,1,0,0,0,0,791869,5193,5824789,61
202114,11,2,2030402,Wrangelkiez,2019,12,11,5,3,5,2,0,1,1,0,0,0,0,0,801837,2142,5825745,456
202115,11,1,1011301,Charit�viertel,2019,12,16,5,3,3,6,2,1,0,0,0,0,1,0,796789,3874,5828824,375
202116,11,8,8010303,Donaustra�e,2019,12,16,5,3,5,3,2,1,1,0,0,0,0,0,801218,2685,5823891,147
202117,11,12,12302108,M�rkisches Zentrum,2019,12,16,5,3,6,4,1,0,1,1,0,0,0,1,793984,3339,5836609,779
202118,11,6,6040809,Thielallee,2019,12,15,5,3,3,6,2,0,1,0,0,0,0,1,791694,818,5819361,861
202119,11,7,7050506,Birnhornweg,2019,12,15,5,3,5,3,1,0,1,0,0,0,0,1,798794,2461,5817120,118
202120,11,9,9010401,Johannisthal West,2019,12,15,5,3,5,3,2,0,1,0,0,0,0,1,806287,1719,5820685,277
202121,11,1,1011201,Wilhelmstra�e,2019,12,14,5,3,1,5,0,0,1,0,0,0,0,0,796959,2071,5826717,16
202122,11,8,8010404,Rixdorf,2019,12,20,5,3,6,7,2,0,0,1,0,0,1,1,802162,545,5822786,82
202123,11,1,1033201,Brunnenstra�e,2019,12,13,5,3,0,5,0,0,1,0,1,0,0,1,798133,5315,5830932,121
202124,11,6,6030607,Goerzwerke,2019,12,13,5,3,2,2,0,0,1,0,0,0,0,1,790734,305,5815384,22
202125,11,1,1044201,Reinickendorfer Stra�e,2019,12,12,5,3,5,3,0,1,1,0,0,0,0,1,796981,2124,5831508,988
202126,11,10,10040931,Mahlsdorf Nord,2019,12,12,5,3,5,3,0,1,1,0,0,0,0,1,812883,4335,5828217,38
202127,11,11,11040925,Victoriastadt,2019,12,12,5,3,0,1,0,0,0,0,1,0,0,1,803347,4837,5826400,71
202128,11,9,9010401,Johannisthal West,2019,12,12,5,2,5,2,1,1,0,0,0,1,0,0,805510,4034,5821508,895
202129,11,9,9010401,Johannisthal West,2019,12,11,5,3,8,1,0,0,1,0,0,0,0,1,805160,6007,5821478,466
202130,11,1,1011302,Oranienburger Stra�e,2019,12,11,5,3,5,3,0,0,1,0,1,0,0,1,798422,5354,5828389,824
202131,11,2,2010102,Mehringplatz,2019,12,10,5,3,0,5,0,0,1,0,0,0,0,0,798020,674,5825846,159
202132,11,8,8020727,Buckow Mitte,2019,12,10,5,2,2,6,0,0,1,0,0,1,0,0,800323,692,5816754,785
202133,11,9,9051901,Dammvorstadt,2019,12,9,5,3,3,6,0,0,1,0,0,0,1,1,809662,1644,5821475,945
202134,11,2,2020203,Viktoriapark,2019,12,21,5,2,5,3,2,1,0,0,0,0,0,1,797270,4236,5824744,308
202135,11,1,1011401,Invalidenstra�e,2019,12,20,5,3,1,5,0,1,1,0,0,0,0,0,798411,2953,5829204,446
202136,11,8,8020619,Buschkrugallee Nord,2019,12,19,5,2,6,1,2,0,1,1,0,0,0,0,801386,2248,5821165,914
202137,11,5,5030730,Zitadellenweg,2019,12,19,5,3,2,6,2,0,1,0,0,0,0,0,786933,485,5829325,556
202138,11,6,6030503,Zehlendorf Mitte,2019,12,18,5,3,5,3,2,1,1,0,0,0,0,1,790633,8206,5817849,788
202139,11,2,2030301,Oranienplatz,2019,12,18,5,3,2,2,2,1,1,0,0,0,0,0,799585,3322,5826345,256
202140,11,3,3030715,Heinersdorf,2019,12,17,5,2,5,3,2,0,1,0,0,0,0,1,800942,4565,5833548,97
202141,11,3,3051017,Rennbahnstra�e,2019,12,17,5,2,6,4,2,0,1,1,0,0,0,1,802768,8286,5832700,167
202142,11,4,4010102,Pl�tzensee,2019,12,16,5,3,5,2,2,0,1,0,0,0,0,0,791662,481,5830679,232
202143,11,1,1011203,Unter den Linden S�d,2019,12,8,5,3,5,3,0,0,1,0,0,0,1,1,798035,5457,5827401,85
202144,11,9,9010202,K�penicker Landstra�e,2019,12,7,5,3,3,5,0,0,0,0,1,0,1,1,803926,8566,5823420,803
202145,11,3,3040818,Pankow S�d,2019,12,7,5,3,5,2,0,0,1,0,0,0,0,1,799829,707,5831977,581
202146,11,3,3061430,Volkspark Prenzlauer Berg,2019,12,7,5,3,2,6,1,0,1,0,0,0,0,1,801743,1089,5830056,555
202147,11,6,6030504,Teltower Damm,2019,12,7,5,2,6,4,0,0,1,1,0,0,0,1,789635,1494,5817024,759
202148,11,1,1033201,Brunnenstra�e,2019,12,7,5,3,5,2,2,0,1,0,0,0,0,1,798079,604,5829993,131
202149,11,9,9051901,Dammvorstadt,2019,12,6,5,3,4,6,2,1,0,0,0,0,0,1,810842,7494,5821379,93
202150,11,8,8041037,Alt-Rudow,2019,12,6,5,3,6,2,1,0,0,1,0,0,1,1,805554,9697,5818554,595
202151,11,12,12231101,Hermsdorf,2019,12,6,5,3,2,6,2,0,1,0,0,0,0,1,790796,4762,5837635,442
202152,11,5,5020419,Magistratsweg,2019,12,5,5,3,6,2,2,0,0,1,0,0,1,1,781965,726,5828466,338
202153,11,9,9010301,Baumschulenstra�e,2019,12,7,4,3,4,5,0,1,1,0,0,0,0,0,805009,2227,5822035,321
202154,11,3,3061332,Helmholtzplatz,2019,12,16,4,3,0,6,1,1,1,0,0,0,0,0,799838,7745,5830337,211
202155,11,8,8010303,Donaustra�e,2019,12,20,4,3,0,2,2,1,0,0,0,0,1,0,801016,2015,5823909,127
202156,11,12,12301204,Wittenau Nord,2019,12,20,4,3,1,1,2,0,1,0,0,0,0,2,792799,7067,5836645,112
202157,11,3,3051017,Rennbahnstra�e,2019,12,17,4,3,4,6,1,0,1,0,1,0,0,0,803002,7901,5832693,683
202158,11,1,1022104,Emdener Stra�e,2019,12,17,4,3,5,2,2,1,1,0,0,0,0,0,794557,1467,5828963,718
202159,11,6,6020410,Oberhofer Platz,2019,12,16,4,3,5,3,0,0,1,0,0,0,0,0,794572,3198,5817030,661
202160,11,9,9020702,Adlershof Ost,2019,12,16,4,3,6,4,2,0,1,1,0,0,0,0,809147,7501,5819247,428
202161,11,11,11010205,Falkenberg West,2019,12,16,4,3,5,2,2,0,1,0,0,0,0,0,806311,6164,5833876,903
202162,11,1,1033203,Humboldthain Nordwest,2019,12,15,4,3,5,3,0,0,1,0,0,0,0,1,796704,7573,5829874,17
202163,11,10,10010310,Alt-Marzahn,2019,12,15,4,3,2,2,1,0,1,0,0,0,0,0,809926,702,5831594,73
202164,11,4,4030930,George-Grosz-Platz,2019,12,15,4,3,0,6,0,0,1,0,0,0,1,0,793113,9467,5825588,312
202165,11,5,5030730,Zitadellenweg,2019,12,15,4,2,9,1,0,0,1,0,0,0,0,0,786354,6241,5829174,468
202166,11,5,5020523,Maulbeerallee,2019,12,14,4,2,5,2,0,0,1,0,0,0,0,0,782380,651,5827031,903
202167,11,7,7040404,Marienh�he,2019,12,13,4,3,6,4,0,0,1,1,0,0,0,0,796246,7188,5820460,356
202168,11,4,4030417,Schlo�stra�e,2019,12,13,4,3,0,4,0,1,0,1,0,0,0,0,790963,2384,5826754,292
202169,11,1,1011305,Heine-Viertel West,2019,12,12,4,3,5,2,0,1,1,0,0,0,0,0,799652,4733,5827049,726
202170,11,8,8020622,Parchimer Allee,2019,12,12,4,3,0,2,0,0,1,0,0,0,1,0,801301,8421,5819612,392
202171,11,3,3030715,Heinersdorf,2019,12,7,4,3,0,6,1,0,1,0,0,0,1,0,801257,2119,5833176,71
202172,11,9,9020701,Adlershof West,2019,12,7,4,3,2,2,1,0,1,0,0,0,0,0,808256,1505,5818783,447
202173,11,4,4051655,Babelsberger Stra�e,2019,12,6,4,3,6,2,2,0,1,1,0,0,0,0,794037,9551,5823920,699
202174,11,12,12302107,Schorfheidestra�e,2019,12,22,4,2,6,4,2,0,0,1,1,0,0,0,793876,3257,5836161,332
202175,11,1,1044201,Reinickendorfer Stra�e,2019,12,19,4,3,2,6,2,0,1,0,0,0,0,0,797027,7083,5831894,73
202176,11,1,1011204,Leipziger Stra�e,2019,12,17,4,3,6,2,2,1,0,1,0,0,0,0,798933,7885,5827028,491
202177,11,4,4030415,Schlo�garten,2019,12,15,4,1,5,3,0,1,1,0,0,0,0,0,791668,6984,5827715,837
202178,11,9,9031001,Bohnsdorf,2019,12,17,3,3,6,6,2,0,1,1,0,0,0,0,811098,4004,5814752,763
202179,11,12,12214125,Waldidyll/Flughafensee,2019,12,7,3,3,2,6,0,0,1,0,0,0,0,0,791157,6689,5830953,359
202180,11,1,1011203,Unter den Linden S�d,2019,12,14,3,3,3,2,0,1,0,0,0,0,1,0,797624,154,5827015,504
202181,11,12,12214125,Waldidyll/Flughafensee,2019,12,11,3,2,6,7,0,0,1,1,0,1,1,0,790948,9186,5831297,816
202182,11,7,7060601,Marienfelder Allee Nordwest,2019,12,16,3,3,6,7,2,0,0,1,0,0,1,0,796969,6893,5817198,859
202183,11,4,4041134,Bismarckallee,2019,12,15,3,3,2,6,1,0,1,0,0,0,1,0,790857,3676,5824367,407
202184,11,12,12231101,Hermsdorf,2019,12,15,3,3,2,2,1,0,1,0,0,0,0,0,791416,601,5838760,567
202185,11,1,1022201,Stephankiez,2019,12,23,3,3,5,2,2,0,1,0,1,0,0,0,795136,5291,5829256,66
202186,11,7,7070705,Franziusweg/Rohrbachstra�e,2019,12,14,3,3,5,3,0,1,1,0,0,0,0,0,798504,5128,5814424,923
202187,11,4,4041137,Flinsberger Platz,2019,12,13,3,3,5,3,0,0,1,0,0,0,0,0,791500,2995,5823584,673
202188,11,7,7040403,Manteuffelstra�e,2019,12,13,3,3,6,2,0,0,1,1,0,0,0,0,796909,9744,5822270,471
202189,11,11,11030720,Herzbergstra�e,2019,12,13,3,3,2,6,0,0,1,0,0,0,0,0,805466,1852,5830046,333
202190,11,11,11020412,Hauptstra�e,2019,12,12,3,3,1,5,0,1,1,0,0,0,0,1,805065,5499,5831264,545
202191,11,9,9020701,Adlershof West,2019,12,12,3,3,5,2,0,1,1,0,0,0,0,1,808195,1017,5819624,28
202192,11,1,1022104,Emdener Stra�e,2019,12,12,3,3,5,2,0,1,1,0,0,0,0,2,794560,926,5828649,15
202193,11,5,5020626,Adamstra�e,2019,12,11,3,3,1,5,0,0,1,0,1,0,0,0,784731,7563,5827528,153
202194,11,2,2020205,Chamissokiez,2019,12,10,3,3,1,5,0,0,1,0,0,0,0,1,798404,3908,5824235,123
202195,11,2,2030402,Wrangelkiez,2019,12,10,3,3,6,7,0,0,1,1,0,0,0,0,801446,3196,5825783,902
202196,11,4,4051446,Preu�enpark,2019,12,9,3,2,5,2,0,1,1,0,0,0,0,0,792856,9563,5824324,29
202197,11,5,5010314,Carl-Schurz-Stra�e,2019,12,10,3,3,2,6,0,0,1,0,0,0,0,1,785279,3079,5829297,45
202198,11,3,3040513,Sch�nholz,2019,12,9,3,3,1,5,0,0,1,0,0,0,1,0,796533,8556,5834281,79
202199,11,10,10040932,Alt-Mahlsdorf,2019,12,8,3,3,7,7,0,1,0,0,0,0,0,0,813514,2539,5827712,331
202200,11,2,2020203,Viktoriapark,2019,12,22,3,3,5,3,2,1,1,0,0,0,0,1,797274,707,5824525,628
202201,11,1,1022101,Huttenkiez,2019,12,20,3,3,5,2,2,0,1,0,0,0,0,0,793531,2317,5829122,974
202202,11,9,9020702,Adlershof Ost,2019,12,20,3,3,5,2,2,0,1,0,0,0,0,1,809591,4453,5818925,247
202203,11,2,2020204,Urbanstra�e,2019,12,19,3,3,6,4,2,0,1,1,0,0,0,0,798579,6693,5825333,125
202204,11,5,5010312,Kurstra�e,2019,12,19,3,3,1,5,2,0,1,0,0,0,0,0,785419,7596,5829254,915
202205,11,7,7040401,Neu-Tempelhof,2019,12,19,3,3,1,5,2,0,1,0,0,0,0,0,797258,8816,5823155,629
202206,11,1,1011105,N�rdlicher Landwehrkanal,2019,12,19,3,3,5,3,2,0,1,0,1,0,0,0,796638,8341,5826891,645
202207,11,3,3040818,Pankow S�d,2019,12,18,3,3,2,6,2,0,1,0,0,0,0,0,799078,8515,5833211,976
202208,11,4,4030931,Breitscheidplatz,2019,12,17,3,3,1,5,2,1,1,0,0,0,0,1,793651,9682,5825790,761
202209,11,6,6030502,Zehlendorf S�d,2019,12,17,3,3,6,2,2,0,1,1,0,0,0,0,790225,7656,5815099,419
202210,11,1,1022104,Emdener Stra�e,2019,12,17,3,3,1,5,2,1,1,0,0,0,1,0,794555,5099,5828999,789
202211,11,8,8030829,Gropiusstadt Nord,2019,12,16,3,2,5,3,2,0,1,0,0,0,0,0,803517,2571,5818209,165
202212,11,6,6020301,Alt-Lankwitz,2019,12,16,3,3,5,3,1,1,1,0,0,0,0,0,796782,6489,5818442,923
202213,11,4,4020208,Kranzallee,2019,12,7,3,2,0,1,2,1,0,0,0,0,0,2,786899,8174,5825765,393
202214,11,7,7030301,Friedenau,2019,12,6,3,3,5,2,2,0,1,0,0,0,0,1,794244,893,5822030,269
202215,11,11,11020412,Hauptstra�e,2019,12,4,3,3,0,2,2,1,0,0,0,0,1,1,806402,5552,5831228,444
202216,11,2,2040503,Richard-Sorge-Viertel,2019,12,16,3,3,6,4,2,0,1,1,0,0,0,0,801789,4375,5828403,545
202217,11,11,11030618,Fennpfuhl West,2019,12,0,3,2,9,1,2,0,1,0,0,0,0,1,802421,806,5828884,684
202218,11,1,1022104,Emdener Stra�e,2019,12,8,3,3,0,2,0,0,0,1,0,0,1,0,794587,3054,5828457,314
202219,11,6,6040810,Dahlem,2019,12,8,3,3,0,1,0,1,0,0,0,0,0,2,791835,7099,5821375,656
202220,11,4,4041137,Flinsberger Platz,2019,12,7,3,3,5,2,0,0,1,0,0,0,0,1,791263,8555,5823331,682
202221,11,3,3030406,Alt-Karow,2019,12,7,3,3,6,7,0,1,0,1,0,0,0,0,802771,2616,5837403,236
202222,11,4,4030415,Schlo�garten,2019,12,7,3,3,5,2,1,0,1,0,0,0,0,0,791662,2627,5827531,511
202223,11,12,12214125,Waldidyll/Flughafensee,2019,12,7,3,2,5,3,2,0,1,0,0,1,0,1,791934,356,5831490,409
202224,11,12,12301203,Wittenau S�d,2019,12,20,2,3,2,6,2,0,1,0,0,0,0,1,792879,4304,5835203,895
202225,11,9,9041402,Siedlung K�mmereiheide,2019,12,17,2,3,6,6,0,1,0,1,0,0,0,0,812169,7256,5820407,454
202226,11,1,1011201,Wilhelmstra�e,2019,12,9,2,3,5,3,0,1,1,0,0,0,0,1,797156,7426,5826452,326
202227,11,8,8020622,Parchimer Allee,2019,12,12,2,3,5,3,0,1,1,0,0,0,0,0,801498,8549,5820182,99
202228,11,5,5040936,J�gerallee,2019,12,15,2,3,2,6,1,0,1,0,0,0,0,1,780537,6697,5820677,81
202229,11,12,12214527,Alt-Tegel,2019,12,21,2,3,6,4,2,0,1,1,0,0,0,1,789937,3655,5834933,351
202230,11,6,6010204,Munsterdamm,2019,12,20,2,3,0,7,2,1,1,0,0,0,0,1,795771,3135,5820232,715
202231,11,11,11030720,Herzbergstra�e,2019,12,19,2,3,3,6,2,0,1,0,0,0,0,1,805489,7928,5830034,126
202232,11,2,2020203,Viktoriapark,2019,12,19,2,3,6,2,2,0,1,1,0,0,0,1,797524,6395,5824016,367
202233,11,7,7040403,Manteuffelstra�e,2019,12,19,2,3,6,2,2,0,1,1,0,0,0,1,797856,102,5821887,806
202234,11,5,5030730,Zitadellenweg,2019,12,20,2,3,2,6,0,0,1,0,0,0,0,1,785753,5601,5829284,845
202235,11,9,9020502,Obersch�neweide Ost,2019,12,19,2,3,5,2,2,0,1,0,1,0,0,1,807093,507,5821912,882
202236,11,2,2050602,Samariterviertel,2019,12,5,2,3,0,6,2,0,1,0,1,0,0,1,802215,6652,5827742,66
202237,11,3,3071537,Kollwitzplatz,2019,12,18,4,3,5,3,2,1,1,0,0,0,0,0,799723,33,5830079,385
202238,11,7,7060601,Marienfelder Allee Nordwest,2019,12,18,2,3,6,2,2,0,1,1,0,0,0,1,797292,8614,5817293,395
202239,11,12,12214421,Reinickes Hof,2019,12,18,2,2,6,2,2,0,0,1,0,0,1,1,793384,2665,5833150,17
202240,11,6,6010205,S�dende,2019,12,17,4,3,5,2,2,0,1,0,0,0,0,0,795329,8552,5819980,902
202241,11,8,8010301,Reuterkiez,2019,12,17,4,3,5,2,2,1,1,0,0,0,0,0,800912,8102,5824454,712
202242,11,12,12302108,M�rkisches Zentrum,2019,12,18,2,2,6,2,2,0,1,1,0,0,0,1,793947,428,5836638,71
202243,11,8,8010301,Reuterkiez,2019,12,18,2,3,6,4,2,0,1,1,0,0,0,1,800788,5364,5824329,815
202244,11,3,3071536,Teutoburger Platz,2019,12,17,4,2,9,1,2,0,1,0,0,0,0,0,799221,843,5829275,631
202245,11,7,7030303,Grazer Platz,2019,12,17,4,3,5,2,2,1,1,0,0,0,0,0,794664,6966,5821802,186
202246,11,6,6020409,K�nigsberger Stra�e,2019,12,17,2,3,5,2,2,0,1,0,0,0,0,1,793834,7012,5817555,716
202247,11,4,4030931,Breitscheidplatz,2019,12,13,4,3,2,6,0,1,1,0,0,0,1,0,794393,8737,5825715,429
202248,11,8,8030830,Gropiusstadt S�d,2019,12,17,2,3,5,2,2,0,1,0,0,0,1,1,802367,667,5817759,78
202249,11,4,4020311,Reichsstra�e,2019,12,11,4,3,2,6,0,0,1,0,0,0,0,0,789033,737,5827002,942
202250,11,9,9030902,Wohngebiet II,2019,12,10,4,3,5,3,0,0,1,0,0,0,0,0,808171,4997,5815764,214
202251,11,7,7060603,Marienfelde Nordost,2019,12,17,2,2,2,2,2,0,1,0,0,1,0,1,798664,895,5816173,758
202252,11,7,7010102,Nollendorfplatz,2019,12,17,2,3,5,3,2,0,1,0,0,0,1,1,794975,77,5825092,64
202253,11,9,9051901,Dammvorstadt,2019,12,10,4,3,6,7,0,0,1,1,0,0,0,1,811007,6184,5821782,102
202254,11,5,5020419,Magistratsweg,2019,12,9,4,3,0,1,0,0,0,0,1,0,0,0,781822,2934,5828434,944
202255,11,6,6020409,K�nigsberger Stra�e,2019,12,17,2,3,2,6,2,0,1,0,0,0,0,1,794058,7438,5818770,204
202256,11,1,1011101,St�lerstra�e,2019,12,23,3,3,2,6,2,0,1,0,0,0,0,0,795255,9593,5826623,408
202257,11,8,8010301,Reuterkiez,2019,12,23,3,2,6,4,2,0,1,1,0,0,0,0,800972,5976,5824759,314
202258,11,3,3051022,Hansastra�e,2019,12,16,2,2,5,2,2,0,1,0,1,0,0,1,803000,61,5832007,154
202259,11,3,3020307,Buchholz,2019,12,16,2,3,5,3,2,0,1,0,0,0,1,1,799473,9816,5837476,866
202260,11,9,9010401,Johannisthal West,2019,12,20,3,3,5,2,2,1,1,0,0,0,0,0,806271,103,5820979,265
202261,11,6,6040808,H�ttenweg,2019,12,19,3,3,2,2,2,0,1,0,0,0,0,0,790146,4542,5819658,216
202262,11,5,5020523,Maulbeerallee,2019,12,19,3,3,5,2,2,1,1,0,0,0,0,0,782383,2309,5827031,24
202263,11,10,10020622,Kaulsdorf Nord I,2019,12,17,3,3,2,6,2,1,1,0,0,0,0,0,811181,1966,5829153,71