OBJECTID,LAND,BEZ,LOR,STRASSE,UJAHR,UMONAT,USTUNDE,UWOCHENTAG,UKATEGORIE,UART,UTYP1,ULICHTVERH,IstRad,IstPKW,IstFuss,IstKrad,IstGkfz,IstSonstige,USTRZUSTAND,LINREFX,LINREFY,XGCSWGS84,YGCSWGS84
202264,11,4,4041137,Flinsberger Platz,2019,12,16,3,3,2,6,2,0,1,0,0,0,0,0,791660,1125,5823712,92
202265,11,4,4030622,Richard-Wagner-Stra�e,2019,12,15,2,3,1,5,1,1,1,0,0,0,0,1,791927,2357,5827194,875
202266,11,8,8041036,Zittauer Stra�e,2019,12,16,2,3,6,2,2,0,1,1,0,0,0,1,804868,9026,5817569,233
202267,11,1,1011305,Heine-Viertel West,2019,12,16,3,3,5,3,2,1,1,0,0,0,0,0,799131,1392,5827129,4
202268,11,10,10020622,Kaulsdorf Nord I,2019,12,16,2,3,2,6,2,0,1,0,0,0,0,1,811203,6465,5828909,677
202269,11,6,6020306,Lankwitz S�d,2019,12,16,3,3,5,3,2,0,1,0,0,0,0,1,796880,8037,5817491,449
202270,11,4,4030725,Amtsgerichtsplatz,2019,12,15,2,3,5,3,1,1,1,0,0,0,0,1,791761,8948,5826439,524
202271,11,4,4051447,Ludwigkirchplatz,2019,12,15,2,3,5,3,0,0,1,0,0,0,0,0,793289,235,5824602,429
202272,11,5,5010208,Germersheimer Platz,2019,12,16,3,2,6,4,2,0,1,1,0,0,0,0,784009,3788,5830505,634
202273,11,2,2050801,Traveplatz,2019,12,13,2,3,5,2,0,0,1,0,1,0,0,0,803426,9667,5826923,135
202274,11,1,1011302,Oranienburger Stra�e,2019,12,13,2,3,1,5,0,1,0,0,0,1,0,0,798951,1119,5828949,217
202275,11,1,1022103,Westhafen,2019,12,12,2,3,2,6,0,0,1,0,0,0,1,0,793505,6406,5829361,697
202276,11,10,10010308,Marzahner Chaussee,2019,12,10,3,2,0,7,1,1,0,0,0,0,0,0,806554,6955,5830221,92
202277,11,12,12103218,Teichstra�e,2019,12,5,3,3,6,2,2,0,1,1,0,0,0,0,794947,1876,5833094,492
202278,11,8,8030831,Gropiusstadt Ost,2019,12,11,2,3,0,3,0,0,1,0,1,0,0,1,803350,5371,5817401,44
202279,11,4,4051551,Brabanter Platz,2019,12,11,2,3,2,6,0,0,1,0,1,0,0,0,793349,4737,5823003,373
202280,11,7,7020201,Bayerischer Platz,2019,12,15,3,3,5,2,0,1,1,0,0,0,0,0,794934,4837,5824320,312
202281,11,10,10040932,Alt-Mahlsdorf,2019,12,11,2,2,5,3,0,0,1,0,0,0,0,0,812270,629,5827748,525
202282,11,3,3040508,Rosenthal,2019,12,9,2,2,4,6,0,0,1,0,0,0,0,0,795926,107,5836461,342
202283,11,7,7070704,Nahariyastra�e,2019,12,15,3,3,5,2,0,1,1,0,0,0,0,0,799931,2509,5814007,693
202284,11,7,7070705,Franziusweg/Rohrbachstra�e,2019,12,13,3,3,5,3,0,1,1,0,0,0,0,1,799251,7202,5812641,973
202285,11,2,2010102,Mehringplatz,2019,12,9,2,3,5,2,0,1,1,0,0,0,0,0,798401,5808,5826418,732
202286,11,9,9041302,Wendenschlo�,2019,12,9,2,3,1,5,0,0,1,0,0,0,0,0,812153,7452,5817822,522
202287,11,6,6040703,Nikolassee,2019,12,13,3,3,0,1,0,1,0,0,0,0,0,1,786768,943,5817058,25
202288,11,10,10020413,Gut Hellersdorf,2019,12,13,3,3,5,3,0,1,1,0,0,0,0,0,811113,234,5831265,985
202289,11,3,3030715,Heinersdorf,2019,12,7,2,2,5,3,1,1,0,0,0,0,1,1,800812,6694,5833502,985
202290,11,4,4041344,R�desheimer Platz,2019,12,7,2,3,5,3,2,1,1,0,0,0,0,0,793378,2099,5821960,191
202291,11,8,8010302,Bouch�stra�e,2019,12,6,2,3,5,3,1,1,0,0,0,0,1,0,801396,7215,5824766,876
202292,11,4,4051550,Leon-Jessel-Platz,2019,12,13,3,3,5,3,0,1,0,0,0,0,0,0,793018,4882,5824224,464
202293,11,8,8010405,Hertzbergplatz,2019,12,6,2,3,5,3,2,1,1,0,0,0,0,0,802116,7599,5823637,627
202294,11,4,4031032,Halensee,2019,12,12,3,3,5,2,0,0,1,0,0,0,0,0,790960,3925,5824830,286
202295,11,9,9051901,Dammvorstadt,2019,12,6,2,3,5,2,2,1,0,0,0,0,1,1,809660,8491,5821507,81
202296,11,11,11020412,Hauptstra�e,2019,12,6,2,3,5,3,2,0,1,0,0,0,0,0,805619,8521,5831775,87
202297,11,2,2010101,Askanischer Platz,2019,12,12,3,3,0,2,0,1,1,0,0,0,0,0,797766,186,5826038,61
202298,11,3,3030711,Blankenburg,2019,12,15,2,3,5,3,1,0,1,0,0,0,1,1,801612,6072,5836130,641
202299,11,1,1044203,Leopoldplatz,2019,12,20,1,3,2,6,2,0,1,0,0,0,1,1,795356,2155,5831471,996
202300,11,1,1044201,Reinickendorfer Stra�e,2019,12,18,1,3,3,6,2,0,1,0,0,0,0,1,795685,2011,5830919,635
202301,11,5,5030832,Rohrdamm,2019,12,11,3,2,6,7,0,0,1,1,0,0,0,0,789557,4838,5829274,423
202302,11,11,11040926,Weitlingstra�e,2019,12,11,3,3,5,3,0,1,1,0,0,0,0,0,806133,5019,5826708,193
202303,11,7,7010102,Nollendorfplatz,2019,12,18,1,3,2,6,2,0,1,0,0,0,0,1,794982,5379,5825666,213
202304,11,8,8010211,Flughafenstra�e,2019,12,18,1,3,5,7,2,0,1,0,0,0,1,0,800427,9307,5823790,276
202305,11,4,4020312,Branitzer Platz,2019,12,9,3,3,5,3,0,0,1,0,0,0,0,1,789790,5298,5827130,704
202306,11,8,8020727,Buckow Mitte,2019,12,9,3,3,5,2,0,0,1,0,0,0,0,1,801025,6085,5817070,168
202307,11,3,3040614,Pankow Zentrum,2019,12,17,1,3,6,4,2,0,1,1,0,0,0,1,798075,79,5833617,85
202308,11,1,1011104,K�rnerstra�e,2019,12,16,1,3,5,3,2,0,1,0,0,0,0,1,796361,2234,5826128,432
202309,11,9,9030901,Dorf Altglienicke,2019,12,9,3,3,5,3,0,1,1,0,0,0,0,1,807475,517,5817763,674
202310,11,5,5010314,Carl-Schurz-Stra�e,2019,12,16,1,3,3,6,2,0,1,0,0,0,0,1,784965,468,5829420,677
202311,11,6,6040804,Krumme Lanke,2019,12,16,1,3,1,5,2,0,1,0,0,0,0,1,787545,1608,5817948,633
202312,11,4,4030929,Hindemithplatz,2019,12,8,3,3,0,2,0,0,1,0,1,0,0,1,792628,7063,5825452,597
202313,11,8,8010404,Rixdorf,2019,12,7,3,3,6,2,2,0,1,1,0,0,0,1,802575,2636,5823075,119
202314,11,3,3030406,Alt-Karow,2019,12,15,1,3,5,3,1,0,1,0,0,0,0,1,802746,143,5839064,296
202315,11,6,6040703,Nikolassee,2019,12,15,1,3,3,6,0,0,1,0,0,0,0,1,787136,364,5817205,235
202316,11,4,4030415,Schlo�garten,2019,12,13,1,3,5,5,0,0,1,0,0,0,0,1,790894,4118,5827398,827
202317,11,8,8020727,Buckow Mitte,2019,12,8,3,3,6,4,0,0,1,1,0,0,0,1,801399,6034,5816472,148
202318,11,7,7040406,Germaniagarten,2019,12,14,1,3,3,6,0,0,1,0,0,0,0,1,799941,1212,5821288,483
202319,11,12,12302109,Treuenbrietzener Stra�e,2019,12,7,3,3,2,2,0,0,1,0,1,0,0,1,795748,4464,5837039,458
202320,11,5,5020626,Adamstra�e,2019,12,3,1,2,9,1,2,0,1,0,0,0,0,1,783343,6931,5827676,568
202321,11,8,8010118,Silbersteinstra�e,2019,12,3,1,3,9,1,2,0,1,0,0,0,0,0,800986,1042,5822152,949
202322,11,10,10040933,Mahlsdorf S�d,2019,12,7,3,3,5,2,0,0,1,0,0,0,1,1,812367,8,5823889,438
202323,11,9,9010402,Johannisthal Ost,2019,12,7,3,3,6,4,2,0,1,1,0,0,0,1,806310,3664,5819359,833
202324,11,3,3071638,Winsstra�e,2019,12,7,1,3,0,7,0,0,0,0,1,0,1,1,799927,4026,5829773,176
202325,11,10,10040828,Kaulsdorf Nord,2019,12,6,3,3,4,6,2,1,1,0,0,0,0,1,810803,1,5827999,807
202326,11,12,12231101,Hermsdorf,2019,12,0,1,2,6,4,2,0,1,1,0,0,0,1,791323,9478,5838650,71
202327,11,7,7060604,Marienfelde S�d,2019,12,17,7,2,5,2,2,0,1,0,0,0,0,0,796580,896,5815865,638
202328,11,7,7040401,Neu-Tempelhof,2019,12,9,3,2,6,3,0,0,0,1,0,0,1,0,797669,2802,5823706,617
202329,11,11,11030619,Fennpfuhl Ost,2019,12,16,3,1,6,4,2,0,1,1,0,0,0,0,803670,861,5829760,393
202330,11,5,5030730,Zitadellenweg,2019,12,17,7,2,1,5,2,0,1,0,0,0,0,1,786573,5141,5829238,387
202331,11,7,7070703,John-Locke-Stra�e,2019,12,17,7,3,6,4,2,0,1,1,0,0,0,1,799785,6457,5813184,283
202332,11,12,12224230,Heiligensee,2019,12,11,3,1,9,1,0,0,1,0,0,0,0,0,785293,5202,5837213,182
202333,11,3,3040614,Pankow Zentrum,2019,12,17,2,3,4,5,0,0,1,0,0,0,1,0,798159,104,5833059,991
202334,11,10,10010203,Gewerbegebiet Bitterfelder Stra�e,2019,12,17,7,3,6,4,2,0,0,1,0,0,1,1,807573,7186,5830747,262
202335,11,12,12231101,Hermsdorf,2019,12,17,7,2,5,2,2,0,1,0,1,0,0,1,791746,104,5839573,717
202336,11,3,3030711,Blankenburg,2019,12,6,2,3,2,6,2,0,1,0,0,0,0,0,801679,1148,5835903,412
202337,11,5,5030730,Zitadellenweg,2019,12,16,7,3,2,6,2,0,1,0,0,0,0,0,785679,5196,5829271,477
202338,11,1,1022102,Beusselkiez,2019,12,23,2,3,2,6,2,0,1,0,0,0,0,1,793556,3558,5828903,393
202339,11,7,7070701,Kettinger Stra�e/Schillerstra�e,2019,12,15,7,3,5,3,0,0,1,0,0,0,0,0,799283,2933,5814284,552
202340,11,10,10030727,Biesdorf S�d,2019,12,21,7,3,2,6,2,0,1,0,0,0,0,1,809546,6322,5826922,748
202341,11,4,4020311,Reichsstra�e,2019,12,21,2,2,0,1,2,1,0,0,0,0,0,1,788237,1276,5827767,504
202342,11,1,1044202,Sparrplatz,2019,12,21,2,3,5,3,2,0,1,0,0,0,0,1,795610,5665,5830517,203
202343,11,4,4051655,Babelsberger Stra�e,2019,12,20,7,2,6,4,2,0,1,1,0,0,0,1,794032,5483,5823103,229
202344,11,3,3020210,Herthaplatz,2019,12,12,7,3,0,5,0,0,1,0,0,0,1,1,798611,5759,5835825,711
202345,11,12,12304313,Borsigwalde,2019,12,21,2,3,6,2,2,0,1,1,0,0,0,1,791659,69,5834473,814
202346,11,2,2020205,Chamissokiez,2019,12,20,2,3,0,1,2,1,0,0,0,0,0,1,798763,1928,5824008,528
202347,11,4,4030931,Breitscheidplatz,2019,12,11,7,3,6,4,0,0,1,1,0,0,0,1,794317,8454,5825929,701
202348,11,12,12214527,Alt-Tegel,2019,12,11,7,3,5,2,0,0,1,0,0,0,0,0,790132,7849,5835779,824
202349,11,4,4030931,Breitscheidplatz,2019,12,19,2,3,5,7,2,1,1,0,0,0,0,1,794367,2447,5825669,281
202350,11,1,1033201,Brunnenstra�e,2019,12,19,2,3,6,2,2,0,1,1,0,0,0,1,797906,4966,5830317,153
202351,11,4,4030931,Breitscheidplatz,2019,12,11,7,3,2,6,0,0,1,0,0,0,0,1,793923,3475,5825761,264
202352,11,8,8010404,Rixdorf,2019,12,6,7,3,6,2,2,0,1,1,0,0,0,1,802023,5427,5823481,873
202353,11,5,5020524,Weinmeisterhornweg,2019,12,4,7,3,5,3,2,0,1,0,0,0,0,1,783046,96,5826061,55
202354,11,4,4030623,Ernst-Reuter-Platz,2019,12,16,2,3,3,6,2,1,1,0,0,0,0,0,793650,796,5826067,466
202355,11,6,6030610,Lichterfelde West,2019,12,7,2,3,5,2,1,0,1,0,0,0,1,0,792007,6047,5818957,345
202356,11,4,4041343,Binger Stra�e,2019,12,9,7,3,5,2,0,1,1,0,0,0,0,1,792667,5784,5823054,809
202357,11,1,1011201,Wilhelmstra�e,2019,12,1,7,3,8,1,2,0,1,0,0,0,0,1,796974,6614,5826705,424
202358,11,1,1044201,Reinickendorfer Stra�e,2019,12,9,2,3,0,3,0,0,1,0,1,0,0,0,796336,7568,5831650,34
202359,11,2,2010102,Mehringplatz,2019,12,6,2,3,5,3,2,0,1,0,0,0,1,0,798346,9798,5825549,214
202360,11,11,11041023,Gensinger Stra�e,2019,12,19,7,2,6,4,2,0,1,1,0,0,0,1,806840,3518,5827740,414
202361,11,8,8010118,Silbersteinstra�e,2019,12,19,7,3,5,3,2,0,1,0,0,0,1,1,801090,3293,5821972,964
202362,11,9,9020701,Adlershof West,2019,12,5,2,3,5,3,2,1,1,0,0,0,0,1,807641,3515,5819358,644
202363,11,1,1044201,Reinickendorfer Stra�e,2019,12,19,7,3,5,2,2,0,1,0,0,0,0,1,796693,4257,5831634,478
202364,11,1,1044101,Rehberge,2019,12,18,2,3,3,6,2,1,1,0,0,0,0,1,794889,2155,5831280,14
202365,11,2,2010102,Mehringplatz,2019,12,18,7,3,2,6,2,0,1,0,1,0,0,1,798201,1233,5826382,696
202366,11,8,8010404,Rixdorf,2019,12,18,7,3,1,5,2,1,1,0,0,0,0,1,802070,3494,5823442,89
202367,11,6,6020305,Gemeindepark Lankwitz,2019,12,18,2,3,2,6,2,0,1,0,1,0,0,0,795411,998,5817614,535
202368,11,12,12214424,Scharnweberstra�e,2019,12,17,2,3,5,3,2,1,1,0,0,0,0,1,792559,8661,5832822,93
202369,11,11,11040926,Weitlingstra�e,2019,12,18,7,3,2,6,2,0,1,0,0,0,0,1,806340,8124,5826853,462
202370,11,8,8010211,Flughafenstra�e,2019,12,18,7,3,2,6,2,0,1,0,0,0,0,0,800897,2038,5823846,951
202371,11,1,1044102,Schillerpark,2019,12,17,2,3,5,7,2,0,1,0,1,0,0,1,795310,281,5832243,637
202372,11,11,11010310,M�hlengrund,2019,12,17,2,3,2,6,2,0,1,0,0,0,0,1,805745,3024,5833555,975
202373,11,5,5010339,Freiheit,2019,12,18,7,3,5,2,2,1,1,0,0,0,0,1,787938,6055,5827887,629
202374,11,2,2020203,Viktoriapark,2019,12,20,6,3,6,4,2,0,0,1,0,0,1,0,797505,209,5824003,44
202375,11,10,10010311,Landsberger Tor,2019,12,16,2,3,2,6,2,0,1,0,0,0,0,2,810356,8533,5831816,3
202376,11,9,9030901,Dorf Altglienicke,2019,12,20,6,3,6,4,2,0,0,1,0,0,1,1,807701,3701,5817727,85
202377,11,8,8041037,Alt-Rudow,2019,12,14,2,2,0,3,0,0,0,0,1,0,1,1,805256,4531,5817385,557
202378,11,2,2020204,Urbanstra�e,2019,12,13,2,3,2,6,0,0,1,0,0,0,0,0,798322,6994,5825114,179
202379,11,12,12224230,Heiligensee,2019,12,20,6,2,4,6,2,1,0,0,0,0,0,0,787228,2787,5836084,627
202380,11,3,3071639,B�tzowstra�e,2019,12,12,2,3,9,1,0,0,1,0,0,0,1,1,800914,6622,5829196,318
202381,11,7,7010102,Nollendorfplatz,2019,12,16,6,3,6,4,2,1,0,1,0,0,0,1,795079,1756,5825806,797
202382,11,4,4051549,Rathaus Wilmersdorf,2019,12,9,2,3,2,6,0,0,1,0,0,0,0,0,793311,5968,5823898,701
202383,11,10,10010308,Marzahner Chaussee,2019,12,18,1,3,5,3,2,0,1,0,0,0,1,1,806330,9182,5830178,569
202384,11,6,6030609,Augustaplatz,2019,12,17,6,3,6,2,2,0,1,1,0,0,0,1,793263,586,5819084,45
202385,11,12,12302212,Rollbergesiedlung,2019,12,17,6,3,6,4,2,0,1,1,0,0,0,1,793386,13,5837768,309
202386,11,4,4051446,Preu�enpark,2019,12,2,1,3,5,3,2,0,1,0,0,0,0,1,793075,724,5825004,254
202387,11,9,9052001,K�penick Nord,2019,12,17,6,3,6,4,2,0,1,1,0,0,0,1,811039,3435,5821968,707
202388,11,1,1011402,Arkonaplatz,2019,12,17,6,3,0,2,2,0,1,1,0,0,0,1,798310,1139,5829387,754
202389,11,12,12103219,Sch�fersee,2019,12,17,6,3,6,2,2,0,1,1,0,0,0,1,795612,3387,5833076,894
202390,11,3,3050924,Behaimstra�e,2019,12,17,6,3,6,4,2,0,1,1,0,0,0,1,801392,584,5831509,618
202391,11,4,4051551,Brabanter Platz,2019,12,15,6,3,5,2,1,1,1,0,0,0,0,1,793334,31,5823067,532
202392,11,8,8041040,Waltersdorfer Chaussee Ost,2019,12,17,1,2,1,5,2,0,1,0,0,1,0,1,805892,7135,5816925,332
202393,11,4,4041344,R�desheimer Platz,2019,12,19,1,3,5,3,2,1,1,0,0,0,0,1,792819,727,5821879,15
202394,11,10,10010310,Alt-Marzahn,2019,12,16,6,3,5,3,2,1,1,0,0,0,0,1,809874,8432,5831436,647
202395,11,8,8020727,Buckow Mitte,2019,12,16,6,3,2,6,2,0,1,0,0,0,0,1,801212,7906,5817164,724
202396,11,6,6030609,Augustaplatz,2019,12,16,6,3,8,1,2,0,1,0,0,0,0,1,793030,9625,5818150,574
202397,11,12,12214125,Waldidyll/Flughafensee,2019,12,19,1,3,2,6,2,0,1,0,0,0,0,0,791176,3407,5830884,699
202398,11,1,1044201,Reinickendorfer Stra�e,2019,12,16,6,3,2,6,2,0,1,0,0,0,1,1,796461,561,5831649,509
202399,11,6,6040807,Zehlendorf Eiche,2019,12,17,1,3,5,3,2,0,1,0,0,0,0,1,789719,2386,5818444,227
202400,11,6,6030503,Zehlendorf Mitte,2019,12,12,6,2,2,7,0,0,1,0,0,0,0,1,791014,188,5818627,909
202401,11,9,9051901,Dammvorstadt,2019,12,22,6,3,6,2,2,0,1,1,0,0,0,1,812066,9852,5821206,835
202402,11,6,6040804,Krumme Lanke,2019,12,17,1,3,6,7,2,1,0,1,0,0,0,1,787629,3641,5818129,555
202403,11,2,2010103,Moritzplatz,2019,12,21,6,3,6,2,2,0,1,1,0,0,0,1,799032,7271,5826075,67
202404,11,4,4030519,Kaiserin-Augusta-Allee,2019,12,20,6,3,5,7,2,0,1,0,0,0,1,1,792357,4517,5828664,444
202405,11,10,10010310,Alt-Marzahn,2019,12,19,6,3,2,6,2,0,1,0,0,0,0,1,809496,3944,5831430,625
202406,11,4,4010101,Jungfernheide,2019,12,16,1,3,5,3,2,0,1,0,0,0,0,0,791209,4445,5829731,7
202407,11,9,9020701,Adlershof West,2019,12,19,6,3,5,3,2,0,1,0,0,0,0,1,807709,5473,5818115,241
202408,11,6,6010207,Mittelstra�e,2019,12,19,6,3,5,3,2,0,1,0,0,0,0,1,793470,5239,5820167,247
202409,11,8,8010301,Reuterkiez,2019,12,14,1,3,5,3,0,1,1,0,0,0,0,1,800548,8694,5824778,16
202410,11,8,8010214,Glasower Stra�e,2019,12,19,6,3,2,6,2,0,1,0,0,0,0,1,801757,9517,5822043,234
202411,11,8,8041038,Wa�mannsdorfer Chaussee,2019,12,14,1,2,5,2,0,0,1,0,0,0,0,1,806239,8661,5816367,322
202412,11,7,7020203,Kaiser-Wilhelm-Platz,2019,12,19,6,3,0,4,2,1,0,1,0,0,0,1,795024,2116,5823837,194
202413,11,4,4020310,Park Ruhwald,2019,12,18,6,3,2,6,2,0,1,0,0,0,0,1,790570,5711,5827354,22
202414,11,4,5030833,Motardstra�e,2019,12,13,1,3,2,6,0,0,1,0,0,0,0,1,790385,3998,5829032,4
202415,11,12,12214125,Waldidyll/Flughafensee,2019,12,11,1,3,5,2,0,0,1,0,0,0,0,1,791167,2519,5834028,102
202416,11,12,12304314,Ziekowstra�e/Freie Scholle,2019,12,18,6,3,6,4,2,0,1,1,0,0,0,1,791262,756,5836437,614
202417,11,4,4031032,Halensee,2019,12,18,6,3,0,7,2,0,1,0,0,0,0,1,791588,2801,5825300,547
202418,11,9,9010401,Johannisthal West,2019,12,6,1,3,8,1,2,0,1,0,0,0,0,2,805509,3872,5821509,585
202419,11,4,4030623,Ernst-Reuter-Platz,2019,12,5,1,3,9,1,2,0,1,0,0,0,0,1,793516,7098,5826486,229
202420,11,4,4041241,Breite Stra�e,2019,12,18,6,2,6,4,2,1,0,1,0,0,0,1,791528,3914,5822489,752
202421,11,5,5030833,Motardstra�e,2019,12,16,6,2,6,2,2,0,1,1,0,0,0,1,789210,131,5829267,959
202422,11,4,4030929,Hindemithplatz,2019,12,16,6,2,0,7,2,1,0,0,0,0,0,1,792660,2197,5825767,23
202423,11,9,9041301,Kietzer Feld/Nachtheide,2019,12,5,1,3,9,1,2,0,1,0,0,0,0,1,813786,8915,5818810,987
202424,11,2,2050801,Traveplatz,2019,12,14,6,3,5,3,0,0,1,0,0,0,0,1,802556,1195,5827390,821
202425,11,1,1011304,Karl-Marx-Allee,2019,12,1,1,2,5,3,2,1,1,0,0,0,0,1,799730,1518,5827539,762
202426,11,9,9030902,Wohngebiet II,2019,12,14,6,3,5,2,0,1,1,0,0,0,0,1,807990,7561,5815469,408
202427,11,4,4041134,Bismarckallee,2019,12,10,6,3,5,3,0,1,1,0,0,0,0,1,790282,5033,5824205,667
202428,11,3,3030715,Heinersdorf,2019,12,12,1,3,2,6,0,0,1,0,0,0,0,0,801100,5334,5834663,613
202429,11,11,11040926,Weitlingstra�e,2019,12,9,6,3,5,3,0,0,1,0,0,0,0,1,804690,2383,5826668,96
202430,11,4,4041136,Hagenplatz,2019,12,9,6,3,6,4,0,0,1,1,0,0,0,1,790695,9009,5822714,865
202431,11,8,8010213,K�rnerpark,2019,12,8,6,3,5,7,0,1,1,0,0,0,0,0,801172,7026,5822731,32
202432,11,11,11030720,Herzbergstra�e,2019,12,0,1,1,6,4,2,0,1,1,0,0,0,1,806129,6254,5830144,447
202433,11,8,8010302,Bouch�stra�e,2019,12,14,7,2,5,7,0,0,1,0,1,0,0,1,801545,281,5824656,689
202434,11,2,2020206,Graefekiez,2019,12,8,6,3,0,1,0,1,0,0,0,0,0,0,800154,1611,5824656,594
202435,11,8,8041036,Zittauer Stra�e,2019,12,14,2,3,5,3,0,0,1,0,0,0,0,0,805259,2708,5817236,945
202436,11,8,8010211,Flughafenstra�e,2019,12,13,2,3,1,5,0,1,1,0,0,0,0,0,800712,8859,5823798,449
202437,11,12,12103117,Letteplatz,2019,12,11,2,3,5,3,0,0,1,0,0,0,0,0,796698,9583,5833013,311
202438,11,8,8010303,Donaustra�e,2019,12,10,2,3,5,2,0,0,1,0,1,0,0,0,801020,6419,5823900,756
202439,11,4,4010102,Pl�tzensee,2019,12,8,2,3,6,4,0,0,0,1,1,0,0,0,792767,3422,5830589,59
202440,11,6,6020410,Oberhofer Platz,2019,12,21,2,2,5,3,2,0,1,0,0,1,0,0,794482,9597,5816586,98
202441,11,9,9020501,Obersch�neweide West,2019,12,6,2,2,0,1,2,1,0,0,0,0,0,0,806522,6645,5822605,728
202442,11,8,8030831,Gropiusstadt Ost,2019,12,16,1,3,6,7,2,0,1,1,0,0,0,0,803392,594,5817533,829
202443,11,11,11040925,Victoriastadt,2019,12,15,1,3,5,3,0,0,1,0,0,0,0,0,803410,3577,5826620,938
202444,11,4,4041238,Kissinger Stra�e,2019,12,14,1,3,2,6,0,0,1,0,0,0,0,0,791685,308,5823702,264
202445,11,6,6020303,Lankwitz Kirche,2019,12,4,1,3,5,3,2,0,1,0,0,0,0,0,795662,8328,5818244,407
202446,11,4,4030827,Karl-August-Platz,2019,12,2,1,3,1,5,2,0,1,0,0,0,0,0,792139,7349,5826114,513
202447,11,11,11010205,Falkenberg West,2019,12,21,7,2,6,4,2,0,1,1,0,0,0,0,806882,673,5832599,53
202448,11,1,1011302,Oranienburger Stra�e,2019,12,21,7,3,1,5,2,0,1,0,0,0,1,0,798641,4761,5828885,229
202449,11,8,8010510,Gewerbegebiet K�llnische Heide,2019,12,20,7,3,2,2,2,0,1,0,0,0,0,1,803172,2454,5821961,847
202450,11,1,1044201,Reinickendorfer Stra�e,2019,12,17,7,3,6,7,2,0,1,1,0,0,0,0,796836,9495,5831562,889
202451,11,1,1022205,Zillesiedlung,2019,12,16,7,3,0,1,2,1,0,0,0,0,0,0,795998,1443,5828687,65
202452,11,7,7040405,Rathaus Tempelhof,2019,12,17,7,3,6,4,2,0,1,1,0,0,0,0,798020,347,5821181,453
202453,11,2,2040502,Friedenstra�e,2019,12,15,7,3,6,3,0,1,0,1,0,0,0,0,800734,159,5828488,312
202454,11,6,6010205,S�dende,2019,12,14,7,3,6,4,0,0,1,1,0,0,0,0,795879,6559,5819859,13
202455,11,8,8020623,Ortolanweg,2019,12,13,7,3,5,3,0,0,1,0,0,0,1,0,803003,7524,5819891,92
202456,11,1,1011303,Alexanderplatzviertel,2019,12,12,7,3,5,3,0,0,0,0,0,0,1,0,798668,3023,5828150,346
202457,11,4,4030417,Schlo�stra�e,2019,12,12,7,3,5,7,0,0,1,0,1,0,0,0,791745,9242,5827246,31
202458,11,8,8010301,Reuterkiez,2019,12,12,7,3,6,4,0,0,1,1,0,0,0,0,800887,1957,5824280,219
202459,11,2,2030302,Lausitzer Platz,2019,12,7,7,3,5,3,2,1,1,0,0,0,0,0,801155,9098,5825955,241
202460,11,8,8010301,Reuterkiez,2019,12,23,7,2,0,1,2,1,0,0,0,0,0,0,800848,2109,5824514,695
202461,11,1,1011305,Heine-Viertel West,2019,12,0,7,2,5,3,2,0,1,0,0,0,1,0,799648,7025,5827039,634
202462,11,4,4030620,Alt-Lietzow,2019,12,0,6,2,8,1,2,0,1,0,0,0,0,1,792747,344,5827036,616
202463,11,1,1022103,Westhafen,2019,12,16,6,3,5,3,2,1,1,0,0,0,0,0,795130,1952,5829614,96
202464,11,2,2020206,Graefekiez,2019,12,13,6,3,0,7,0,0,1,0,0,0,0,0,799506,9887,5824517,295
202465,11,9,9052001,K�penick Nord,2019,12,10,6,3,3,6,0,1,1,0,0,0,0,1,810798,3568,5822472,423
202466,11,7,7030303,Grazer Platz,2019,12,10,6,3,0,3,0,0,0,0,1,0,1,1,795069,6735,5821620,117
202467,11,2,2020204,Urbanstra�e,2019,12,9,6,3,8,1,0,0,1,0,0,0,0,1,798706,7547,5824670,25
202468,11,4,4041134,Bismarckallee,2019,12,7,6,3,5,3,1,1,0,0,0,0,1,0,790853,404,5823648,413
202469,11,1,1011103,L�tzowstra�e,2019,12,21,6,3,2,6,2,0,1,0,0,0,0,1,795841,8159,5826022,823
202470,11,5,5010311,Eiswerder,2019,12,20,6,3,6,2,2,0,1,1,0,0,0,1,785200,787,5830989,67
202471,11,4,4041344,R�desheimer Platz,2019,12,19,6,3,1,5,2,1,1,0,0,0,0,0,792983,1748,5822335,656
202472,11,8,8020622,Parchimer Allee,2019,12,17,6,3,2,6,2,0,1,0,0,0,0,1,801367,4298,5819295,65
202473,11,7,7020204,Sch�neberger Insel,2019,12,17,6,3,5,3,2,1,1,0,0,0,0,1,796273,1528,5823229,24
202474,11,11,11030720,Herzbergstra�e,2019,12,16,6,3,5,3,2,0,1,0,0,0,0,1,805141,3927,5829994,533
202475,11,9,9051702,B�lschestra�e,2019,12,19,6,2,6,4,2,0,1,1,0,0,0,1,814202,1797,5821282,295
202476,11,3,3040513,Sch�nholz,2019,12,14,6,2,0,1,0,1,0,0,0,0,0,1,798043,3684,5833591,8
202477,11,6,6040807,Zehlendorf Eiche,2019,12,9,6,2,5,3,0,1,1,0,0,0,0,1,789992,8808,5819150,955
202478,11,12,12103116,Hausotterplatz,2019,12,17,5,3,2,2,2,1,1,0,0,0,0,1,795892,684,5833185,194