OBJECTID,LAND,BEZ,LOR,STRASSE,UJAHR,UMONAT,USTUNDE,UWOCHENTAG,UKATEGORIE,UART,UTYP1,ULICHTVERH,IstRad,IstPKW,IstFuss,IstKrad,IstGkfz,IstSonstige,USTRZUSTAND,LINREFX,LINREFY,XGCSWGS84,YGCSWGS84
202479,11,8,8010404,Rixdorf,2019,12,20,5,3,5,3,2,0,1,0,0,0,0,1,802483,9387,5823139,997
202480,11,10,10020622,Kaulsdorf Nord I,2019,12,17,5,3,5,2,2,0,1,0,0,0,0,1,811142,72,5829166,158
202481,11,11,11020514,Gro�e-Leege-Stra�e,2019,12,17,5,3,5,3,2,0,1,0,0,0,0,1,804684,909,5830729,188
202482,11,11,11051229,Rummelsburg,2019,12,17,5,3,2,6,2,0,1,0,1,0,0,1,803731,8712,5826229,116
202483,11,8,8010303,Donaustra�e,2019,12,16,5,3,5,3,2,0,1,0,0,0,0,1,800670,1395,5824245,421
202484,11,1,1033201,Brunnenstra�e,2019,12,11,5,3,0,1,0,0,1,0,1,0,0,1,798304,308,5830113,415
202485,11,9,9051702,B�lschestra�e,2019,12,9,5,3,0,1,0,1,0,0,0,0,0,1,814202,7415,5821334,285
202486,11,5,5020625,Borkumer Stra�e,2019,12,2,5,3,8,1,2,0,1,0,0,0,0,1,784570,7211,5828185,6
202487,11,4,4030518,Tegeler Weg,2019,12,0,5,3,0,1,2,0,0,0,0,0,1,1,791718,4076,5828239,882
202488,11,11,11030720,Herzbergstra�e,2019,12,15,5,2,5,1,0,0,1,0,0,0,0,1,806107,755,5830140,718
202489,11,9,9010301,Baumschulenstra�e,2019,12,14,5,2,5,2,0,0,1,0,0,0,0,1,805016,5854,5822703,432
202490,11,1,1033203,Humboldthain Nordwest,2019,12,6,5,2,3,6,2,1,1,0,0,0,0,1,796971,2726,5831449,963
202491,11,4,4051655,Babelsberger Stra�e,2019,12,12,4,3,5,2,0,0,1,0,0,0,0,1,793891,2195,5823091,498
202492,11,1,1033201,Brunnenstra�e,2019,12,23,4,3,5,7,2,0,1,0,1,0,0,1,798024,2269,5830081,595
202493,11,4,4030929,Hindemithplatz,2019,12,19,4,3,2,7,2,0,1,0,0,0,0,1,792340,1211,5825392,822
202494,11,7,7030303,Grazer Platz,2019,12,16,4,3,1,1,2,0,1,0,0,0,1,1,795440,3527,5820986,3
202495,11,8,8020728,Buckow Ost,2019,12,13,4,3,5,3,0,0,1,0,0,0,1,1,801895,1904,5816959,605
202496,11,4,4020208,Kranzallee,2019,12,23,3,3,6,2,2,0,1,1,0,0,0,1,788803,6302,5825929,404
202497,11,9,9010301,Baumschulenstra�e,2019,12,21,3,3,5,2,2,0,1,0,0,0,0,1,805015,8246,5822702,247
202498,11,5,5010101,Hakenfelde Nord,2019,12,20,3,3,6,2,2,0,1,1,0,0,0,1,785231,4041,5831827,239
202499,11,10,10040931,Mahlsdorf Nord,2019,12,19,3,3,5,3,2,0,1,0,0,0,0,1,813483,5662,5829447,401
202500,11,11,11010308,Zingster Stra�e Ost,2019,12,18,3,3,1,5,2,0,1,0,0,0,0,1,805221,9394,5833906,13
202501,11,6,6020304,Kaiser-Wilhelm-Stra�e,2019,12,18,3,3,8,1,2,0,1,0,0,0,0,1,794540,3614,5817690,445
202502,11,1,1022201,Stephankiez,2019,12,14,3,3,0,1,0,0,1,0,1,0,0,0,795150,2521,5829394,983
202503,11,5,5010339,Freiheit,2019,12,13,3,3,0,6,0,0,1,0,0,0,1,1,787566,1842,5828029,729
202504,11,8,8010404,Rixdorf,2019,12,13,3,3,6,4,0,0,1,1,0,0,0,0,801395,2479,5823748,119
202505,11,3,3040818,Pankow S�d,2019,12,11,3,3,5,2,0,1,1,0,0,0,0,0,799011,1789,5833158,611
202506,11,2,2040502,Friedenstra�e,2019,12,10,3,3,5,3,0,1,0,0,0,0,0,0,801001,8472,5828043,538
202507,11,10,10010204,Wuhletalstra�e,2019,12,9,3,3,2,2,0,0,1,0,0,0,0,0,810050,6804,5832619,397
202508,11,3,3050923,Wei�enseer Spitze,2019,12,20,2,3,6,4,2,0,1,1,0,0,0,0,801224,9799,5831966,173
202509,11,2,2010104,Wassertorplatz,2019,12,17,2,3,2,2,1,0,1,0,1,0,0,0,799878,64,5825706,142
202510,11,10,10010206,Ringkolonnaden,2019,12,7,2,3,6,7,2,1,0,1,0,0,0,0,809823,105,5831966,78
202511,11,10,10030724,Oberfeldstra�e,2019,12,13,2,3,2,6,0,0,1,0,0,0,1,1,809598,9592,5828501,584
202512,11,4,4020311,Reichsstra�e,2019,12,12,2,3,6,7,0,0,1,1,0,0,0,1,788511,841,5827506,54
202513,11,9,9052001,K�penick Nord,2019,12,12,2,3,1,5,0,0,1,0,0,0,0,0,811341,7761,5822688,556
202514,11,2,2030302,Lausitzer Platz,2019,12,19,2,3,1,5,2,1,1,0,0,0,0,0,801337,2438,5826132,526
202515,11,4,4030931,Breitscheidplatz,2019,12,20,2,3,6,4,2,0,1,1,0,0,0,0,793929,439,5826192,219
202516,11,2,2050803,Stralauer Kiez,2019,12,18,2,3,5,7,2,0,1,0,0,0,0,0,803046,3058,5825837,441
202517,11,11,11020514,Gro�e-Leege-Stra�e,2019,12,12,2,2,6,4,0,0,1,1,0,0,0,1,804577,4705,5831044,969
202518,11,9,9010302,Sp�thsfelde,2019,12,17,2,3,2,6,2,0,1,0,0,0,0,0,804359,5413,5819755,693
202519,11,6,6020306,Lankwitz S�d,2019,12,16,2,2,9,1,2,0,1,0,0,0,0,0,795695,3719,5816868,965
202520,11,12,12214527,Alt-Tegel,2019,12,16,2,3,2,6,1,0,1,0,0,0,0,0,790284,504,5835028,245
202521,11,6,6020301,Alt-Lankwitz,2019,12,16,2,3,5,3,2,0,1,0,0,0,0,1,796232,1508,5818607,697
202522,11,8,8030831,Gropiusstadt Ost,2019,12,16,2,3,0,5,1,1,1,0,0,0,0,1,804713,2176,5817702,841
202523,11,12,12214125,Waldidyll/Flughafensee,2019,12,15,2,2,5,2,0,1,1,0,0,0,0,0,791159,7564,5833450,469
202524,11,4,4041136,Hagenplatz,2019,12,11,2,2,9,7,0,0,1,0,0,0,0,1,790669,5364,5822718,619
202525,11,8,8020620,Tempelhofer Weg,2019,12,11,2,3,5,3,0,1,1,0,0,0,0,1,801398,334,5820277,6
202526,11,6,6010210,Bismarckstra�e,2019,12,9,2,3,6,4,0,1,0,1,0,0,0,1,795146,1467,5821243,49
202527,11,4,4030931,Breitscheidplatz,2019,12,9,2,2,6,2,0,0,1,1,0,0,0,1,793991,4962,5826149,26
202528,11,2,2030402,Wrangelkiez,2019,12,8,2,3,1,5,0,1,0,0,0,0,1,1,801242,7675,5825903,778
202529,11,1,1044101,Rehberge,2019,12,7,2,3,5,3,1,0,1,0,0,0,0,1,793761,8788,5831852,412
202530,11,8,8010404,Rixdorf,2019,12,7,2,3,6,2,2,0,1,1,0,0,0,1,802031,1427,5823470,226
202531,11,5,5020625,Borkumer Stra�e,2019,12,18,2,3,5,3,2,0,1,0,0,0,1,0,784712,728,5828600,636
202532,11,2,2020205,Chamissokiez,2019,12,14,1,3,0,1,0,1,0,0,0,0,0,1,798297,5239,5824513,238
202533,11,3,3071639,B�tzowstra�e,2019,12,14,1,3,0,5,0,0,1,0,0,0,0,0,800646,7225,5829381,82
202534,11,12,12103218,Teichstra�e,2019,12,12,1,2,5,2,0,1,1,0,0,0,0,0,794852,9766,5833077,829
202535,11,8,8020619,Buschkrugallee Nord,2019,12,12,1,3,5,2,0,0,1,0,0,0,0,1,801546,2909,5820647,214
202536,11,12,12214422,Klixstra�e,2019,12,9,1,3,2,2,0,0,1,0,1,0,0,1,791876,4015,5833393,416
202537,11,4,4030931,Breitscheidplatz,2019,12,8,1,3,5,3,0,0,1,0,0,0,0,1,793518,3704,5825716,438
202538,11,2,2020206,Graefekiez,2019,12,7,1,3,5,3,2,0,1,0,0,0,0,1,799206,6449,5824557,178
202539,11,11,11041128,Sewanstra�e,2019,12,18,1,3,1,5,2,0,1,0,0,0,0,1,806964,104,5825765,942
202540,11,12,12214424,Scharnweberstra�e,2019,12,21,1,3,2,6,2,0,1,0,0,0,0,0,792879,1337,5832146,888
202541,11,4,4030930,George-Grosz-Platz,2019,12,18,1,3,5,3,2,0,1,0,1,0,0,0,793133,7691,5825598,992
202542,11,1,1011402,Arkonaplatz,2019,12,16,1,3,3,6,2,1,0,0,0,0,0,1,798798,6482,5829226,53
202543,11,8,8030831,Gropiusstadt Ost,2019,12,14,1,3,1,5,0,0,1,0,0,0,0,0,804644,1134,5817817,277
202544,11,6,6040703,Nikolassee,2019,12,13,1,3,5,3,0,0,1,0,0,0,0,0,785895,658,5816551,608
202545,11,7,7040403,Manteuffelstra�e,2019,12,21,7,3,2,2,2,0,1,0,0,0,0,0,796892,9932,5822307,718
202546,11,2,2030401,Reichenberger Stra�e,2019,12,20,7,2,0,3,2,0,1,0,0,0,0,1,800637,657,5825688,154
202547,11,5,5020419,Magistratsweg,2019,12,19,7,3,2,6,2,0,1,0,0,0,1,1,781059,6923,5828357,43
202548,11,12,12103117,Letteplatz,2019,12,17,7,2,0,4,2,0,0,1,0,0,1,0,796689,1357,5832921,149
202549,11,8,8010404,Rixdorf,2019,12,16,7,3,0,1,2,0,0,0,1,0,0,1,801380,9501,5823760,684
202550,11,6,6040807,Zehlendorf Eiche,2019,12,14,7,3,2,2,0,0,1,0,0,0,0,1,790008,4255,5819157,343
202551,11,5,5020625,Borkumer Stra�e,2019,12,13,7,3,2,7,0,0,1,0,0,0,0,0,784679,6554,5828253,279
202552,11,9,9051702,B�lschestra�e,2019,12,13,7,3,6,4,0,0,1,1,0,0,0,0,814202,3817,5821303,64
202553,11,8,8041036,Zittauer Stra�e,2019,12,13,7,2,5,2,0,0,1,0,0,0,0,0,805266,59,5817242,529
202554,11,6,6030607,Goerzwerke,2019,12,12,7,3,1,1,0,0,1,0,0,0,1,1,791698,5181,5816269,301
202555,11,7,7060601,Marienfelder Allee Nordwest,2019,12,12,7,3,0,3,0,1,1,0,0,0,0,1,796513,9714,5816378,545
202556,11,7,7060604,Marienfelde S�d,2019,12,11,7,2,8,1,0,0,1,0,0,0,0,1,797597,6635,5815556,259
202557,11,12,12214422,Klixstra�e,2019,12,11,7,3,5,7,0,0,1,0,0,0,0,1,791744,3498,5832948,39
202558,11,12,12304314,Ziekowstra�e/Freie Scholle,2019,12,10,7,3,2,6,0,0,1,0,0,0,0,1,790131,67,5835996,25
202559,11,1,1011301,Charit�viertel,2019,12,10,7,3,2,6,0,0,1,0,0,0,0,0,797469,77,5828832,257
202560,11,2,2050801,Traveplatz,2019,12,9,7,3,2,6,0,0,1,0,0,0,1,1,803653,2134,5827411,32
202561,11,8,8010301,Reuterkiez,2019,12,8,7,3,0,3,0,0,1,0,0,0,1,1,801459,2692,5823878,319
202562,11,2,2010104,Wassertorplatz,2019,12,3,7,3,5,2,2,0,1,0,0,0,0,1,798586,5209,5825563,989
202563,11,10,10010204,Wuhletalstra�e,2019,12,16,6,3,2,6,1,0,1,0,0,0,0,1,809183,9225,5833279,12
202564,11,1,1033102,Gesundbrunnen,2019,12,15,6,3,0,3,0,1,1,0,0,0,0,1,797415,29,5831909,822
202565,11,6,6010103,Markelstra�e,2019,12,17,6,3,0,7,2,0,1,1,0,0,0,1,793422,8659,5821329,349
202566,11,4,4030415,Schlo�garten,2019,12,16,6,3,5,3,2,0,1,0,0,0,0,0,791182,2225,5827451,83
202567,11,8,8010301,Reuterkiez,2019,12,16,6,3,1,5,2,1,1,0,0,0,0,1,801496,5233,5823944,778
202568,11,7,7040403,Manteuffelstra�e,2019,12,20,6,3,5,2,2,0,1,0,0,0,0,1,797234,7,5820691,627
202569,11,3,3030406,Alt-Karow,2019,12,19,6,2,5,2,2,0,1,0,1,0,0,1,802803,8578,5838577,183
202570,11,4,4030929,Hindemithplatz,2019,12,19,6,3,2,6,2,0,1,0,0,0,0,0,792721,2796,5825952,552
202571,11,11,11040926,Weitlingstra�e,2019,12,19,6,3,6,2,2,0,1,1,0,0,0,0,804494,162,5826390,566
202572,11,12,12231102,Frohnau,2019,12,18,6,3,5,3,2,0,1,0,0,0,0,1,789631,4625,5839732,353
202573,11,1,1011102,Gro�er Tiergarten,2019,12,18,6,3,5,3,2,0,1,0,0,0,0,0,795163,6964,5827238,424
202574,11,7,7040401,Neu-Tempelhof,2019,12,17,6,2,6,4,2,0,1,1,0,0,0,1,796543,958,5822753,464
202575,11,10,10030725,Buckower Ring,2019,12,10,6,2,6,4,0,0,1,1,0,0,0,1,809709,2047,5829684,884
202576,11,1,1022206,L�neburger Stra�e,2019,12,16,6,3,6,2,2,0,1,1,0,0,0,1,795523,6547,5828187,929
202577,11,5,5010206,G�tersloher Weg,2019,12,17,6,3,6,4,2,0,1,1,0,0,0,0,781316,8346,5830754,249
202578,11,12,12214125,Waldidyll/Flughafensee,2019,12,10,6,3,0,5,0,1,1,0,0,0,0,1,790265,5247,5833690,775
202579,11,4,4030929,Hindemithplatz,2019,12,9,6,3,5,3,0,1,1,0,0,0,0,1,792707,3579,5825893,924
202580,11,4,4030519,Kaiserin-Augusta-Allee,2019,12,9,6,3,5,3,0,0,1,0,0,0,0,0,792078,3737,5828571,927
202581,11,10,10020412,Alte Hellersdorfer Stra�e,2019,12,8,6,2,6,4,0,0,1,1,0,0,0,1,811315,4022,5831727,134
202582,11,1,1011204,Leipziger Stra�e,2019,12,7,6,3,2,2,1,1,1,0,0,0,0,0,798562,174,5826812,285
202583,11,11,11041023,Gensinger Stra�e,2019,12,7,6,3,6,4,2,0,1,1,0,0,0,1,807525,8117,5827573,555
202586,11,2,2010102,Mehringplatz,2019,12,6,6,3,1,5,2,1,1,0,0,0,0,1,797727,5887,5826432,594
202587,11,11,11030721,R�digerstra�e,2019,12,6,6,3,6,2,2,0,1,1,0,0,0,0,804850,8573,5827939,154
202590,11,12,12103218,Teichstra�e,2019,12,16,6,3,5,2,1,1,1,0,0,0,0,0,794864,7235,5833056,278
202591,11,2,2030302,Lausitzer Platz,2019,12,15,6,3,0,3,1,1,1,0,0,0,0,1,801323,7911,5826142,315
202593,11,6,6040804,Krumme Lanke,2019,12,15,6,3,6,4,1,0,1,1,0,0,0,1,788737,633,5820190,241
202595,11,8,8041036,Zittauer Stra�e,2019,12,14,6,2,6,4,0,0,1,1,0,0,0,1,805264,64,5817256,129
202596,11,7,7050501,Rathausstra�e,2019,12,14,6,3,5,3,0,1,0,0,0,1,0,0,797737,4511,5819125,384
202599,11,4,4030931,Breitscheidplatz,2019,12,14,6,3,0,6,0,0,1,0,0,0,1,0,793514,6942,5825734,58
202600,11,2,2050802,Boxhagener Platz,2019,12,23,6,3,5,3,2,0,1,0,0,0,0,1,802542,7287,5826734,524
202602,11,10,10010311,Landsberger Tor,2019,12,22,6,2,0,1,2,1,0,0,0,0,0,1,810571,4618,5831924,11
202603,11,3,3061227,Humannplatz,2019,12,22,6,3,0,5,2,0,1,1,0,0,0,0,799528,5415,5831576,537
202606,11,4,4030417,Schlo�stra�e,2019,12,21,6,3,5,3,2,0,1,0,0,0,1,0,791443,2581,5827203,24
202607,11,10,10030727,Biesdorf S�d,2019,12,14,6,3,5,2,0,1,0,0,0,0,1,0,809937,9325,5827049,218
202608,11,7,7010101,Wittenbergplatz/Viktoria-Luise-Platz,2019,12,14,6,3,3,6,0,1,0,0,0,0,0,0,794681,6155,5825212,528
202609,11,10,10020414,Helle Mitte,2019,12,17,6,2,5,2,2,1,1,0,0,0,0,1,812466,383,5830966,552
202610,11,10,10010310,Alt-Marzahn,2019,12,16,6,3,5,2,2,1,1,0,0,0,0,0,809778,769,5830711,3
202613,11,6,6040804,Krumme Lanke,2019,12,14,6,3,3,6,0,0,1,0,0,0,0,0,787683,527,5818215,425
202615,11,6,6020301,Alt-Lankwitz,2019,12,16,6,2,6,2,2,0,1,1,0,0,0,0,796475,5125,5818331,595
202618,11,8,8010211,Flughafenstra�e,2019,12,13,6,3,5,7,0,0,1,0,0,0,0,0,800359,6322,5824203,507
202622,11,6,6030609,Augustaplatz,2019,12,7,6,3,5,2,0,1,1,0,0,0,0,0,793169,8212,5818223,831
202623,11,1,1033201,Brunnenstra�e,2019,12,21,6,3,5,2,2,1,1,0,0,0,0,1,798080,9829,5830001,892
202626,11,5,5030833,Motardstra�e,2019,12,20,6,3,6,2,2,0,1,1,0,0,0,1,789209,6786,5829269,7
202629,11,1,1022201,Stephankiez,2019,12,13,6,3,5,3,0,1,1,0,0,0,0,1,795617,6085,5829351,107
202630,11,3,3020307,Buchholz,2019,12,20,6,3,6,2,2,0,1,1,0,0,0,0,799700,1862,5837335,777
202633,11,5,5010311,Eiswerder,2019,12,13,6,3,5,7,0,0,1,0,1,0,0,1,785405,5361,5830528,228
202634,11,6,6010102,Schlo�stra�e,2019,12,13,6,3,3,6,0,1,1,0,0,0,0,0,793726,7381,5821058,62
202638,11,5,5010102,Goltzstra�e,2019,12,12,6,3,6,4,0,0,1,1,0,0,0,0,785254,7249,5832225,929
202640,11,7,7040401,Neu-Tempelhof,2019,12,12,6,3,6,7,0,0,1,1,0,0,0,0,799124,5191,5823861,678
202643,11,1,1011101,St�lerstra�e,2019,12,12,6,3,0,7,0,1,1,0,0,0,0,1,794906,6495,5826168,799
202647,11,11,11041128,Sewanstra�e,2019,12,10,6,3,6,4,0,0,1,1,0,0,0,0,806412,4054,5825656,288
202648,11,1,1044203,Leopoldplatz,2019,12,12,5,3,0,2,0,1,1,0,0,0,0,0,795446,5216,5831606,442
202651,11,7,7070701,Kettinger Stra�e/Schillerstra�e,2019,12,18,5,3,6,2,2,0,1,1,0,0,0,0,799752,6487,5814503,761
202652,11,8,8010301,Reuterkiez,2019,12,17,5,3,0,7,2,0,0,1,0,0,1,0,800679,2286,5824383,816
202655,11,7,7050503,Eisenacher Stra�e,2019,12,17,5,2,6,4,2,0,1,1,0,0,0,0,798008,9772,5820465,225
202658,11,7,7070703,John-Locke-Stra�e,2019,12,17,5,2,6,4,2,0,1,1,0,0,0,1,799805,2749,5813185,601
202659,11,4,4051655,Babelsberger Stra�e,2019,12,17,5,3,5,2,2,1,1,0,0,0,0,0,794019,3743,5823818,355
202663,11,3,3020307,Buchholz,2019,12,17,5,2,6,2,2,0,1,1,0,0,0,1,799228,1698,5837643,901
202665,11,5,5010314,Carl-Schurz-Stra�e,2019,12,16,5,3,3,6,2,0,1,0,0,0,0,0,785196,9627,5829358,546
202668,11,10,10040931,Mahlsdorf Nord,2019,12,16,5,3,0,3,2,0,1,0,1,0,0,1,813775,5459,5830050,202
202669,11,4,4030417,Schlo�stra�e,2019,12,22,5,3,5,2,2,0,1,0,0,0,0,0,791791,9324,5827049,89
202671,11,6,6030502,Zehlendorf S�d,2019,12,21,5,3,5,3,2,0,1,0,1,0,0,1,789359,2079,5815364,944
202674,11,7,7010102,Nollendorfplatz,2019,12,22,5,3,5,3,2,1,1,0,0,0,0,0,795698,2392,5825435,54
202675,11,2,2020203,Viktoriapark,2019,12,20,5,3,5,3,2,0,1,0,0,0,1,0,796877,9557,5823982,643
202678,11,2,2030301,Oranienplatz,2019,12,18,5,3,5,3,2,1,0,0,0,0,0,1,800385,6397,5826384,876
202679,11,7,7020202,Volkspark (Rudolf-Wilde-Park),2019,12,18,5,3,2,6,2,0,1,0,0,0,1,1,795226,4046,5823507,114
202682,11,6,6030504,Teltower Damm,2019,12,17,5,3,0,2,2,1,1,0,0,0,0,1,789088,9412,5816841,247
202684,11,4,4030931,Breitscheidplatz,2019,12,15,5,3,6,4,0,0,1,1,0,0,0,0,794480,2203,5825879,665
202687,11,8,8041037,Alt-Rudow,2019,12,13,5,3,5,3,0,0,1,0,0,0,0,0,806729,1754,5817710,246
202688,11,11,11040926,Weitlingstra�e,2019,12,12,5,3,5,3,0,1,0,0,0,0,0,0,806201,2823,5827036,765
202691,11,4,4030417,Schlo�stra�e,2019,12,12,5,3,5,2,0,1,1,0,0,0,0,0,791508,965,5826852,59
202692,11,11,11020411,Malchower Weg,2019,12,9,5,3,2,7,0,0,1,0,0,0,1,0,805812,8724,5832288,34
202695,11,7,7050502,Fritz-Werner-Stra�e,2019,12,8,5,3,2,6,0,0,1,0,0,0,1,1,798470,6582,5818152,322
202696,11,1,1011305,Heine-Viertel West,2019,12,8,5,3,5,7,0,1,1,0,0,0,0,0,799403,3193,5826428,732
202700,11,12,12304314,Ziekowstra�e/Freie Scholle,2019,12,8,5,3,0,2,0,0,1,0,0,0,1,0,790508,5159,5835338,454
202701,11,6,6030503,Zehlendorf Mitte,2019,12,8,5,3,2,6,0,0,1,0,0,0,0,0,789533,7319,5817451,424
202704,11,12,12214125,Waldidyll/Flughafensee,2019,12,16,5,3,5,3,2,1,1,0,0,0,0,0,788036,1204,5831023,949
202705,11,11,11020412,Hauptstra�e,2019,12,6,5,3,5,3,2,0,1,0,0,0,0,0,805179,1149,5831384,162
202708,11,2,2010103,Moritzplatz,2019,12,14,5,3,2,6,0,0,1,0,0,0,0,0,799337,2537,5826210,177
202710,11,8,8010510,Gewerbegebiet K�llnische Heide,2019,12,14,5,3,1,5,0,1,1,0,0,0,0,0,802726,605,5822557,634
202713,11,9,9010402,Johannisthal Ost,2019,12,15,5,3,2,6,0,0,1,0,0,0,0,0,805719,7929,5818813,548
202714,11,1,1011303,Alexanderplatzviertel,2019,12,15,5,3,6,2,0,0,1,1,0,0,0,0,799494,9735,5828789,439
202717,11,11,11020515,Landsberger Allee,2019,12,15,5,3,5,3,0,1,1,0,0,0,0,1,804587,2354,5829994,485
202718,11,7,7070701,Kettinger Stra�e/Schillerstra�e,2019,12,13,5,3,2,2,0,0,1,0,0,0,1,0,799141,2534,5816519,639
202721,11,5,5010314,Carl-Schurz-Stra�e,2019,12,12,4,3,2,6,0,0,1,0,0,0,0,0,784788,5711,5828836,941
202723,11,10,10020415,Hellersdorfer Promenade,2019,12,18,4,3,1,6,2,1,1,0,0,0,0,0,812159,8255,5831065,612
202724,11,10,10010310,Alt-Marzahn,2019,12,4,4,3,0,6,2,0,1,0,1,0,0,1,809601,7489,5831209,999
202726,11,7,7010102,Nollendorfplatz,2019,12,18,4,3,1,7,2,0,1,0,0,0,0,0,795566,8185,5825474,4
202728,11,4,4010102,Pl�tzensee,2019,12,6,4,3,5,7,2,0,1,0,0,1,0,0,792252,3099,5830683,95
202729,11,12,12214422,Klixstra�e,2019,12,9,4,3,5,3,0,0,1,0,0,0,0,0,792211,8279,5833720,763
202732,11,6,6030608,Schweizer Viertel,2019,12,8,4,2,5,2,0,1,1,0,0,0,0,0,792236,7665,5816667,465
202738,11,3,3050923,Wei�enseer Spitze,2019,12,8,4,3,5,3,0,1,1,0,0,0,0,0,800906,2398,5832083,89
202739,11,8,8041037,Alt-Rudow,2019,12,7,4,3,6,4,2,0,1,1,0,0,0,0,805535,56,5818566,533
202743,11,3,3010101,Bucher Forst,2019,12,23,4,3,8,1,2,0,1,0,0,0,0,0,802339,397,5840967,591
202744,11,2,2050802,Boxhagener Platz,2019,12,21,3,3,6,4,2,0,1,1,0,0,0,0,802613,923,5826990,27
202745,11,12,12302212,Rollbergesiedlung,2019,12,21,4,3,1,5,2,1,1,0,0,0,0,0,793100,8011,5837640,864
202746,11,4,4030725,Amtsgerichtsplatz,2019,12,15,3,3,5,5,0,0,1,0,0,0,0,0,791330,2241,5826067,202
202747,11,12,12301204,Wittenau Nord,2019,12,15,3,3,1,7,1,0,1,0,0,0,0,0,792685,3585,5835983,58
202748,11,9,9010101,Elsenstra�e,2019,12,17,4,3,5,3,2,1,1,0,0,0,0,0,801690,4766,5824865,363
202749,11,1,1044101,Rehberge,2019,12,13,3,3,5,3,0,1,1,0,0,0,0,0,793850,568,5830086,21
202750,11,6,6010207,Mittelstra�e,2019,12,12,3,3,0,6,0,0,1,0,0,0,1,0,793889,28,5820480,458
202751,11,4,4030931,Breitscheidplatz,2019,12,12,3,3,1,5,0,1,1,0,0,0,0,0,794383,7469,5825697,879
202752,11,8,8020620,Tempelhofer Weg,2019,12,21,4,3,3,6,2,1,1,0,0,0,0,0,801007,621,5819751,59
202753,11,1,1011306,Heine-Viertel Ost,2019,12,2,3,3,2,7,2,1,1,0,0,0,0,1,799673,3953,5827039,882
202754,11,8,8010406,Treptower Stra�e Nord,2019,12,18,3,2,5,2,2,0,1,0,0,0,0,0,802025,9825,5824301,472
202755,11,1,1033101,Soldiner Stra�e,2019,12,21,4,3,5,2,2,0,1,0,0,0,0,0,796164,1226,5832274,726
202756,11,3,3050923,Wei�enseer Spitze,2019,12,15,3,2,5,2,0,0,1,0,0,0,0,0,800201,7114,5832140,317
202757,11,7,7010102,Nollendorfplatz,2019,12,14,4,3,3,6,0,0,1,0,0,0,0,0,794951,6046,5825651,56
202758,11,11,11010103,Dorf Falkenberg,2019,12,11,3,2,6,4,0,0,1,1,0,0,0,0,809013,4431,5834371,29
202759,11,2,2020203,Viktoriapark,2019,12,19,2,3,6,7,2,1,0,1,0,0,0,0,797271,938,5824653,506
202760,11,4,4030725,Amtsgerichtsplatz,2019,12,8,4,3,2,6,0,1,1,0,0,0,0,0,791908,7878,5826103,953
202761,11,10,10040828,Kaulsdorf Nord,2019,12,16,4,3,5,3,2,0,1,0,0,0,0,0,811967,2765,5829297,116
202762,11,6,6020411,Sch�tte-Lanz-Stra�e,2019,12,22,2,3,0,3,2,0,0,0,0,0,1,0,793994,109,5815486,816
202763,11,4,4030931,Breitscheidplatz,2019,12,19,2,3,2,2,2,0,1,0,0,0,0,0,794097,2636,5826438,565
202764,11,6,6020304,Kaiser-Wilhelm-Stra�e,2019,12,18,4,3,0,7,2,0,1,0,0,0,0,0,794784,898,5818004,459
202765,11,11,11030721,R�digerstra�e,2019,12,15,4,3,2,6,1,0,1,0,0,0,0,0,804847,4075,5827901,212
202766,11,1,1044203,Leopoldplatz,2019,12,18,2,3,5,2,2,0,1,0,0,0,0,0,795898,1436,5831931,162
202767,11,1,1011304,Karl-Marx-Allee,2019,12,18,2,3,6,7,2,1,1,1,0,0,0,0,799730,6024,5827747,763
202768,11,1,1022206,L�neburger Stra�e,2019,12,17,2,3,5,3,2,0,1,0,1,0,0,0,795718,4454,5828196,983
202769,11,1,1044202,Sparrplatz,2019,12,15,4,3,5,2,0,0,1,0,0,0,0,0,794907,6025,5830231,589
202770,11,3,3061430,Volkspark Prenzlauer Berg,2019,12,17,2,3,2,6,2,0,1,0,0,0,0,0,802278,935,5829275,946
202771,11,7,7040405,Rathaus Tempelhof,2019,12,18,4,3,0,7,2,1,0,0,0,0,0,1,798433,8284,5821074,703
202772,11,11,11030720,Herzbergstra�e,2019,12,16,2,3,5,3,2,1,1,0,0,0,0,0,805846,8473,5830095,538
202773,11,10,10030727,Biesdorf S�d,2019,12,16,2,3,2,6,1,0,1,0,1,0,0,0,809642,6371,5825781,83
202774,11,2,2020204,Urbanstra�e,2019,12,18,4,3,1,5,2,1,1,0,0,0,0,1,798351,9431,5825293,431
202775,11,1,1011303,Alexanderplatzviertel,2019,12,15,2,3,3,6,0,0,1,1,0,0,0,0,799498,19,5828344,449
202776,11,1,1011201,Wilhelmstra�e,2019,12,14,2,3,1,5,0,1,1,0,0,0,0,0,797455,1835,5827060,276
202777,11,1,1011304,Karl-Marx-Allee,2019,12,14,2,3,2,2,0,0,1,0,0,0,1,0,799730,882,5827547,138
202778,11,11,11030721,R�digerstra�e,2019,12,18,4,2,5,2,2,0,1,0,1,0,0,0,805189,971,5827912,648
202779,11,1,1011202,Unter den Linden Nord,2019,12,14,4,3,2,2,0,1,1,0,0,0,0,0,797197,6797,5827499,898